<?xml version="1.0" encoding="utf-8"?>
<COLLADA xmlns="http://www.collada.org/2005/11/COLLADASchema" version="1.4.1" xmlns:xsi="http://www.w3.org/2001/XMLSchema-instance">
  <asset>
    <contributor>
      <author>Blender User</author>
      <authoring_tool>Blender 2.80.75 commit date:2019-07-29, commit time:14:47, hash:f6cb5f54494e</authoring_tool>
    </contributor>
    <created>2024-07-22T11:51:27</created>
    <modified>2024-07-22T11:51:27</modified>
    <unit name="meter" meter="1"/>
    <up_axis>Z_UP</up_axis>
  </asset>
  <library_effects>
    <effect id="Loader_car_Material-effect">
      <profile_COMMON>
        <newparam sid="Image_0-surface">
          <surface type="2D">
            <init_from>Image_0</init_from>
          </surface>
        </newparam>
        <newparam sid="Image_0-sampler">
          <sampler2D>
            <source>Image_0-surface</source>
          </sampler2D>
        </newparam>
        <technique sid="common">
          <lambert>
            <emission>
              <color sid="emission">0 0 0 1</color>
            </emission>
            <diffuse>
              <texture texture="Image_0-sampler" texcoord="TEXCOORD_0"/>
            </diffuse>
            <index_of_refraction>
              <float sid="ior">1.45</float>
            </index_of_refraction>
          </lambert>
        </technique>
      </profile_COMMON>
    </effect>
  </library_effects>
  <library_images>
    <image id="Image_0" name="Image_0">
      <init_from>Image_0.png</init_from>
    </image>
  </library_images>
  <library_materials>
    <material id="Loader_car_Material-material" name="Loader_car_Material">
      <instance_effect url="#Loader_car_Material-effect"/>
    </material>
  </library_materials>
  <library_geometries>
    <geometry id="Loader_car_Loader_car_Material_0-mesh" name="Loader_car_Loader_car_Material_0">
      <mesh>
        <source id="Loader_car_Loader_car_Material_0-mesh-positions">
          <float_array id="Loader_car_Loader_car_Material_0-mesh-positions-array" count="16548">-53.62609 90.60833 -9.872757 -53.64976 87.08808 -7.955608 -54.16539 87.08808 -7.570805 12.46863 99.46244 -11.545 20.80501 107.1007 -9.937195 21.00829 108.7254 -11.80529 6.667768 112.5042 -16.17674 -7.232252 112.5042 -16.17674 -0.2822439 100.7714 -16.05892 21.00829 108.7254 -11.80529 20.80501 107.1007 -9.937195 22.13503 109.1823 -12.31008 50.1029 96.34827 -12.34632 44.23994 99.99976 -17.62211 44.50287 99.86574 -12.30111 26.83313 108.2594 -41.8385 35.17479 104.6024 -32.06301 33.23795 105.4654 -41.82396 -35.73927 104.6024 -32.06301 -27.39761 108.2594 -41.8385 -33.80244 105.4654 -41.82396 -43.90353 94.72133 -9.629586 -50.66739 96.34828 -12.34632 -52.10393 92.5113 -9.660836 -21.57278 108.7254 -11.80529 -22.69951 109.7309 -12.31008 -21.36949 107.1007 -9.937195 -50.66739 96.34828 -12.34632 -45.06735 99.86576 -12.30111 -44.80443 99.99977 -17.62211 -56.45333 33.26551 25.22757 -53.50588 36.62949 28.05069 -56.32823 36.62949 28.05069 -52.51897 60.61719 37.7585 -45.81747 60.61719 37.7585 -45.81747 59.1382 27.47479 -49.96162 42.76438 37.7585 -49.97758 45.3055 37.7585 -49.97758 35.94335 27.47479 -52.53758 36.62949 28.05069 -49.97758 35.94335 27.47479 -45.70833 34.64897 31.88098 -45.75657 27.58061 31.64828 -41.9236 36.01337 35.5506 45.52645 35.25983 27.88778 44.78033 39.57598 32.0586 45.14382 34.64895 31.88098 45.16555 36.34902 27.96347 31.88952 36.17007 37.91313 30.1556 35.37476 34.41554 30.59738 27.6596 34.38244 30.1556 35.37476 34.41554 26.41018 28.60743 34.38092 30.59738 27.6596 34.38244 -34.83454 36.80261 38.17282 -32.45403 36.17008 37.91313 -26.9747 40.91749 40.27361 45.72925 6.633163 5.841213 45.75357 8.249722 6.356014 46.08329 7.466339 6.595364 -46.49863 27.77249 21.89541 -46.64781 7.466354 6.595364 -46.6414 12.19757 21.65099 26.37106 39.13484 34.42032 45.14382 34.64895 31.88098 41.35908 36.01335 35.5506 45.19206 27.5806 31.64828 -46.09097 35.25984 27.88778 -45.70833 34.64897 31.88098 -45.34484 39.576 32.0586 -30.72012 35.37477 34.41554 -31.16189 27.65961 34.38244 -26.9747 28.60743 34.38092 -45.73006 36.34903 27.96347 -31.16189 27.65961 34.38244 -30.72012 35.37477 34.41554 -32.45403 36.17008 37.91313 -46.31809 8.249737 6.356014 -46.29377 6.633179 5.841213 -26.93558 39.13484 34.42032 43.693 40.45766 140.9712 43.77935 40.51346 139.0315 43.88427 43.42494 139.0817 40.70481 40.51931 138.4781 41.26575 51.78689 138.8024 43.7242 45.15198 138.6114 40.70481 40.51931 138.4781 39.76777 51.49843 148.7983 41.26575 51.78689 138.8024 57.29447 -24.94625 -17.4864 56.97156 37.10445 -36.04275 57.68179 15.87046 -19.56488 57.78284 -4.840678 -4.751701 52.40682 -53.43677 -45.23521 52.22773 -52.78581 -45.88888 53.4009 -52.78588 -45.24489 57.09381 -32.89539 -19.77536 56.59613 -52.78588 -19.8139 55.95836 -52.78588 -36.04265 53.4009 -52.78588 -45.24489 54.35892 41.76031 -45.24487 53.3454 42.45953 -45.23522 54.35892 41.76031 -45.24487 53.16129 41.79589 -45.88888 57.28754 42.68833 -27.55271 56.575 58.48779 -5.049496 56.56189 59.0368 -3.923504 57.58924 58.34456 -4.508835 56.04469 -5.422998 -4.156757 55.55016 -25.25855 -16.66818 57.29447 -24.94625 -17.4864 57.78284 -4.840678 -4.751701 55.35021 -33.23542 -18.9692 54.8581 -52.78583 -18.96921 56.59613 -52.78588 -19.8139 57.09381 -32.89539 -19.77536 55.57574 -53.43677 -20.26422 44.42634 -5.422997 -4.156757 50.86567 -25.25855 -16.66818 26.39263 97.59943 -18.30223 26.39263 76.48854 -4.360241 26.39262 59.10751 -4.321499 26.39263 93.44292 -12.36679 26.39263 89.1342 -8.72728 32.45693 102.7857 -44.76928 35.29496 101.502 -32.32267 26.39262 101.5052 -32.32796 26.39262 102.7467 -44.88623 26.39262 49.49769 -13.02383 26.39261 42.83727 -27.6991 43.98724 97.09031 -18.22431 50.8464 93.44292 -12.3668 26.39263 93.44292 -12.36679 26.39263 97.59943 -18.30223 53.38364 89.1342 -8.727292 26.39263 89.1342 -8.72728 52.97605 -53.21554 -45.49581 36.95516 -53.21554 -45.4958 26.39261 42.0861 -45.4958 26.39261 42.0861 -45.4958 53.56013 42.08609 -45.49581 52.97605 -53.21554 -45.49581 -7.30835 110.8353 -44.7895 6.743865 110.8353 -44.7895 26.39262 102.7467 -44.88623 55.11808 -53.21554 -37.7151 36.95517 -53.21554 -37.71509 36.95516 -53.21554 -45.4958 52.97605 -53.21554 -45.49581 36.95516 -53.21554 -45.4958 36.95517 -53.21554 -37.71509 36.95516 -101.045 -45.4958 36.95517 -53.9244 -20.27735 36.95517 -57.25017 -7.028759 36.95517 -66.20993 3.336323 36.95518 -79.28212 9.458928 -37.51975 -101.0449 -45.49577 -37.5197 -66.2099 3.336353 -37.5197 -57.25014 -7.028728 36.95518 -94.06113 9.803242 -26.95708 101.5304 -32.3886 -26.95709 102.7468 -44.88621 -26.95711 42.08611 -45.49578 -26.95709 101.011 -27.85155 -26.95709 49.49771 -13.02381 -26.95709 59.10754 -4.321476 -26.95708 93.44293 -12.36677 -26.95708 97.59944 -18.30221 -26.95708 76.48856 -4.360218 -26.95708 89.13422 -8.727253 -33.02142 102.7858 -44.76928 -26.95709 102.7468 -44.88621 -26.95708 101.5304 -32.3886 -35.85944 101.5021 -32.32267 -26.95709 101.011 -27.85155 -44.55173 97.09033 -18.22431 -26.95708 97.59944 -18.30221 -26.95708 93.44293 -12.36677 -51.157 92.70165 -12.55442 -54.92514 76.48857 -4.360207 -26.95708 76.48856 -4.360218 -26.95709 59.10754 -4.321476 -57.49489 59.10754 -4.321461 -26.95708 89.13422 -8.727253 -53.64976 87.08808 -7.955608 -26.95711 42.08611 -45.49578 -26.95709 102.7468 -44.88621 -53.54061 -53.21551 -45.49576 -54.12463 42.08613 -45.49577 -37.51972 -53.21551 -45.49577 26.83313 105.2352 -44.78357 32.45693 102.7857 -44.76928 -33.02142 102.7858 -44.76928 -27.39761 105.2353 -44.78357 -55.68263 -53.21551 -37.71506 -53.54061 -53.21551 -45.49576 -37.51972 -53.21551 -45.49577 -37.51971 -53.21551 -37.71506 -37.51975 -101.0449 -45.49577 36.95516 -101.045 -45.4958 -37.51971 -53.21551 -37.71506 -37.51972 -53.21551 -45.49577 -37.51971 -53.92437 -20.27733 -37.51971 -79.28209 9.458958 36.95516 -104.9984 -41.06605 -37.51972 -94.0611 9.803273 -37.51975 -104.9984 -41.06602 -18.29687 -98.71887 125.6677 -18.29687 -98.8158 114.792 -21.20055 -98.8158 114.792 -21.20055 -98.8158 114.792 -21.20054 -98.71887 125.6677 -18.29687 -98.71887 125.6677 -18.29688 -110.9818 126.2651 -21.20055 -110.9818 126.2652 -21.2006 -111.7223 -29.79724 -18.29693 -111.7224 -29.79724 -21.20055 -99.21578 114.7956 -18.29688 -99.21578 114.7956 -18.29687 -99.11923 125.6301 -21.20054 -99.11922 125.6301 -18.29693 -111.3223 -29.75916 -21.2006 -111.3223 -29.75916 -21.20055 -110.5818 125.3789 -18.29687 -110.5818 125.3789 -18.29687 -98.8158 114.792 -18.29687 -98.71887 125.6677 -18.29687 -99.11923 125.6301 -18.29687 -99.11923 125.6301 -18.29688 -99.21578 114.7956 -18.29687 -98.8158 114.792 -21.20054 -98.71887 125.6677 -21.20055 -98.8158 114.792 -21.20055 -99.21578 114.7956 -21.20055 -99.21578 114.7956 -21.20054 -99.11922 125.6301 -21.20054 -98.71887 125.6677 -21.2006 -111.3223 -29.75916 -21.2006 -111.7223 -29.79724 -21.20055 -110.9818 126.2652 -21.20055 -110.5818 125.3789 -18.29687 -110.5818 125.3789 -18.29688 -110.9818 126.2651 -18.29693 -111.7224 -29.79724 -18.29693 -111.3223 -29.75916 -13.40615 -98.71887 125.6677 -13.40616 -98.8158 114.792 -16.30983 -98.8158 114.792 -16.30983 -98.8158 114.792 -16.30982 -98.71887 125.6677 -13.40615 -98.71887 125.6677 -13.40616 -110.9818 126.2898 -16.30983 -110.9818 126.2898 -16.30989 -111.7223 -29.79724 -13.40621 -111.7223 -29.79724 -16.30983 -99.21578 114.7956 -13.40616 -99.21578 114.7956 -13.40615 -99.11922 125.6301 -16.30982 -99.11922 125.6301 -13.40621 -111.3223 -29.75916 -16.30988 -111.3223 -29.75916 -16.30983 -110.5818 125.5445 -13.40616 -110.5818 125.5445 -13.40616 -98.8158 114.792 -13.40615 -98.71887 125.6677 -13.40615 -99.11922 125.6301 -13.40615 -99.11922 125.6301 -13.40616 -99.21578 114.7956 -13.40616 -98.8158 114.792 -16.30982 -98.71887 125.6677 -16.30983 -98.8158 114.792 -16.30983 -99.21578 114.7956 -16.30983 -99.21578 114.7956 -16.30982 -99.11922 125.6301 -16.30982 -98.71887 125.6677 -16.30988 -111.3223 -29.75916 -16.30989 -111.7223 -29.79724 -16.30983 -110.9818 126.2898 -16.30983 -110.5818 125.5445 -13.40616 -110.5818 125.5445 -13.40616 -110.9818 126.2898 -13.40621 -111.7223 -29.79724 -13.40621 -111.3223 -29.75916 26.73155 92.57488 12.27822 26.73155 88.43072 12.27822 26.73156 88.43073 34.2901 26.73156 92.57488 34.2901 28.01434 93.83505 12.27822 28.01435 93.83505 34.2901 40.27798 93.83505 34.29009 40.27797 93.83505 12.27822 -28.5788 93.83506 34.29012 -28.57881 93.83506 12.27825 -40.84243 93.83506 12.27825 -40.84243 93.83506 34.29012 -27.29603 92.57489 12.27825 -27.29602 92.57489 34.29012 -27.29602 88.43074 34.29012 -27.29603 88.43074 12.27825 -21.86465 -103.9394 126.1629 -21.86465 -103.8334 125.6301 -22.74712 -103.8334 125.6301 -22.74712 -103.9394 126.1629 -21.86465 -104.2412 126.6145 -22.74712 -104.2412 126.6145 -21.86465 -104.6929 126.9163 -21.86465 -104.2412 126.6145 -22.74712 -104.2412 126.6145 -22.74712 -104.6929 126.9163 -21.86465 -105.2257 127.0223 -22.74712 -105.2257 127.0223 -21.86465 -105.7585 126.9163 -22.74712 -105.7585 126.9163 -21.86465 -106.2101 126.6145 -22.74712 -106.2101 126.6145 -21.86465 -106.5119 126.1629 -21.86465 -106.2101 126.6145 -22.74712 -106.2101 126.6145 -22.74712 -106.5119 126.1629 -21.86465 -106.6179 125.6301 -22.74712 -106.6179 125.6301 -21.86465 -106.5119 125.0973 -22.74712 -106.5119 125.0973 -21.86465 -106.2101 124.6456 -22.74712 -106.2101 124.6456 -21.86465 -105.7585 124.3438 -21.86465 -106.2101 124.6456 -22.74712 -106.2101 124.6456 -22.74712 -105.7585 124.3438 -21.86465 -105.2257 124.2378 -22.74712 -105.2257 124.2378 -21.86465 -104.6929 124.3438 -22.74712 -104.6929 124.3438 -21.86465 -104.2412 124.6456 -22.74712 -104.2412 124.6456 -21.86465 -103.9394 125.0973 -21.86465 -104.2412 124.6456 -22.74712 -104.2412 124.6456 -22.74712 -103.9394 125.0973 -16.97256 -103.9394 126.1629 -16.97256 -103.8334 125.6301 -17.62764 -103.8334 125.6301 -17.62764 -103.9394 126.1629 -16.97256 -104.2412 126.6145 -17.62764 -104.2412 126.6145 -16.97256 -104.6929 126.9163 -16.97256 -104.2412 126.6145 -17.62764 -104.2412 126.6145 -17.62764 -104.6929 126.9163 -16.97256 -105.2257 127.0223 -17.62764 -105.2257 127.0223 -16.97256 -105.7585 126.9163 -17.62764 -105.7585 126.9163 -16.97256 -106.2101 126.6145 -17.62764 -106.2101 126.6145 -16.97256 -106.5119 126.1629 -16.97256 -106.2101 126.6145 -17.62764 -106.2101 126.6145 -17.62764 -106.5119 126.1629 -16.97256 -106.6179 125.6301 -17.62764 -106.6179 125.6301 -16.97256 -106.5119 125.0973 -17.62764 -106.5119 125.0973 -16.97256 -106.2101 124.6456 -17.62764 -106.2101 124.6456 -16.97256 -105.7585 124.3438 -16.97256 -106.2101 124.6456 -17.62764 -106.2101 124.6456 -17.62764 -105.7585 124.3438 -16.97256 -105.2257 124.2378 -17.62764 -105.2257 124.2378 -16.97256 -104.6929 124.3438 -17.62764 -104.6929 124.3438 -16.97256 -104.2412 124.6456 -17.62764 -104.2412 124.6456 -16.97256 -103.9394 125.0973 -16.97256 -104.2412 124.6456 -17.62764 -104.2412 124.6456 -17.62764 -103.9394 125.0973 38.92249 -106.0388 17.73188 38.92249 -105.9465 16.97932 38.42249 -105.9465 16.97932 38.42249 -106.0388 17.73188 38.92248 -106.495 18.33747 38.42248 -106.495 18.33747 38.92248 -107.1929 18.63381 38.92248 -106.495 18.33747 38.42248 -106.495 18.33747 38.42248 -107.1929 18.63381 38.92248 -107.9455 18.54151 38.42248 -107.9455 18.54151 38.92248 -108.551 18.0853 38.42248 -108.551 18.0853 38.92248 -108.8474 17.38742 38.92248 -108.551 18.0853 38.42248 -108.551 18.0853 38.42248 -108.8474 17.38742 38.92248 -108.7551 16.63486 38.42248 -108.7551 16.63486 38.92248 -108.2989 16.02927 38.42248 -108.2989 16.02927 38.92248 -107.601 15.73293 38.92248 -108.2989 16.02927 38.42248 -108.2989 16.02927 38.42248 -107.601 15.73293 38.92248 -106.8484 15.82523 38.42248 -106.8484 15.82522 38.92249 -106.2429 16.28144 38.42249 -106.2429 16.28144 38.92249 -106.2429 16.28144 38.42249 -106.2429 16.28144 -39.48705 -106.0388 17.73188 -38.98705 -106.0388 17.73188 -38.98705 -105.9465 16.97933 -39.48705 -105.9465 16.97933 -39.48705 -106.495 18.33747 -38.98705 -106.495 18.33747 -39.48705 -107.1929 18.63382 -38.98705 -107.1929 18.63382 -38.98705 -106.495 18.33747 -39.48705 -106.495 18.33747 -39.48705 -107.9454 18.54152 -38.98705 -107.9454 18.54152 -39.48705 -108.551 18.0853 -38.98705 -108.551 18.0853 -39.48705 -108.8474 17.38743 -38.98705 -108.8474 17.38743 -38.98705 -108.551 18.0853 -39.48705 -108.551 18.0853 -39.48705 -108.7551 16.63486 -38.98705 -108.7551 16.63486 -39.48705 -108.2989 16.02928 -38.98705 -108.2989 16.02928 -39.48705 -107.601 15.73293 -38.98705 -107.601 15.73293 -38.98705 -108.2989 16.02928 -39.48705 -108.2989 16.02928 -39.48705 -106.8484 15.82523 -38.98705 -106.8484 15.82523 -39.48705 -106.2428 16.28144 -38.98705 -106.2428 16.28144 -38.98705 -106.2428 16.28144 -39.48705 -106.2428 16.28144 46.07688 12.19756 21.65099 45.93412 27.77247 21.89541 39.53822 99.57986 29.52494 38.09858 103.4058 31.08299 39.95037 100.1483 30.38656 39.53822 99.57986 29.52494 39.95037 100.1483 30.38656 39.98949 99.22717 30.38657 43.69403 61.77881 45.42093 43.69403 61.77881 44.4599 44.8955 61.77885 42.75001 44.89565 61.77885 41.74683 44.8955 61.77885 42.75001 43.69403 61.77881 44.4599 -40.10272 99.57986 29.52494 -40.51486 100.1483 30.38656 -38.66308 103.4058 31.08299 -44.25853 61.77881 45.42093 -45.45999 61.77885 42.75001 -44.25853 61.77881 44.4599 -45.46015 61.77885 41.74683 -44.25853 61.77881 44.4599 -45.45999 61.77885 42.75001 49.39072 42.76438 37.7585 49.40667 35.94335 27.47479 49.40667 45.3055 37.7585 51.94807 60.61719 37.7585 45.24656 59.1382 27.47479 45.24656 60.61719 37.7585 49.40667 35.94335 27.47479 55.88242 33.26551 25.22757 51.96667 36.62949 28.05069 52.93497 36.62949 28.05069 55.75733 36.62949 28.05069 46.86016 61.75651 42.89405 51.89761 61.51672 41.77173 51.30842 90.30042 41.79015 44.89614 94.90575 42.98603 44.97741 99.32991 18.16005 38.88833 102.3176 21.95296 42.12641 99.83579 34.44698 42.14321 98.25623 39.79362 37.81204 101.9831 21.77074 43.79035 98.03473 40.84213 36.24921 103.8442 15.34338 54.14972 91.09555 27.3499 55.02795 89.11995 26.69831 53.90229 92.35683 26.97454 45.22474 59.43011 27.41901 54.14832 59.42517 27.5164 53.49057 61.23549 39.94625 45.47929 61.68211 41.75098 46.86016 61.75651 42.89405 45.30075 61.86861 42.53963 54.75787 59.56111 27.84032 37.81204 101.9831 21.77074 40.74174 98.70709 34.48805 42.14321 98.25623 39.79362 42.33872 96.87923 40.00802 42.95904 96.3143 42.37319 51.89761 61.51672 41.77173 -42.69091 99.8358 34.44698 -39.45284 102.3176 21.95302 -45.54188 99.32994 18.16008 -42.7077 98.25624 39.79362 -38.37654 101.9832 21.77076 -44.35484 98.03475 40.84212 -36.81368 103.8443 15.34336 -36.02399 103.282 15.89466 -45.46064 94.90578 42.98603 -43.52354 96.31432 42.37319 52.77671 91.27059 39.97036 51.50298 93.2807 39.35404 51.30842 90.30042 41.79015 -45.5417 99.48023 -4.490345 -53.62601 94.44957 -4.492958 -55.59245 89.11995 26.69832 -54.71422 91.09558 27.3499 -54.46678 92.35683 26.97455 -45.78925 59.43013 27.41901 -46.0438 61.68213 41.75098 -54.05508 61.2355 39.94625 -54.71283 59.42518 27.5164 -45.86525 61.86862 42.53964 -47.42467 61.75653 42.89405 -55.32238 59.56113 27.84032 -42.7077 98.25624 39.79362 -41.30623 98.70709 34.48806 -38.37654 101.9832 21.77076 -42.90321 96.87924 40.00802 43.01814 94.27919 41.71163 -43.52354 96.31432 42.37319 -52.46212 61.51674 41.77173 53.06152 94.44954 -4.492958 44.97512 99.48017 -4.490349 -52.06747 93.28072 39.35404 29.59917 107.1475 10.77326 -43.58264 94.27921 41.71163 -52.06747 93.28072 39.35404 -53.34121 91.2706 39.97036 -51.87292 90.30045 41.79015 -13.03312 99.46244 -11.545 43.98724 97.09031 -18.22431 51.09826 93.24695 -12.60565 50.6449 92.75067 -12.73299 -44.55173 97.09033 -18.22431 -51.157 92.70165 -12.55442 -51.61214 93.288 -12.61393 46.35926 51.78085 139.3969 46.3412 51.79666 138.8019 41.26575 51.78689 138.8024 -44.2639 40.45766 140.9712 -44.45518 43.42494 139.0817 -44.35026 40.51346 139.0315 -41.27571 40.5193 138.4781 -44.2951 45.15198 138.6114 -41.83666 51.78689 138.8024 -41.27571 40.5193 138.4781 -41.83666 51.78689 138.8024 -40.33868 51.49843 148.7983 -46.93017 51.78085 139.3969 -41.83666 51.78689 138.8024 -46.91211 51.79666 138.8019 40.06957 -92.42839 19.30118 46.15481 -92.42815 19.30233 46.13796 -92.10715 20.77916 -46.71937 -92.42812 19.30233 -40.63414 -92.42836 19.30118 -46.70253 -92.10712 20.77916 42.90723 -77.87179 107.6313 42.90723 -79.61511 105.9152 42.90723 -79.58229 103.1862 56.30071 -79.61511 105.9152 56.30071 -79.58229 103.1862 56.30071 -77.87179 107.6313 55.75691 -77.87179 107.6313 55.75691 -79.58229 103.1862 55.75691 -79.61511 105.9152 42.36342 -77.87179 107.6313 42.36342 -79.58229 103.1862 42.36342 -79.61511 105.9152 -42.89791 -79.61511 105.9152 -42.89791 -79.58229 103.1862 -42.89791 -77.87179 107.6313 -56.8352 -77.87179 107.6313 -56.8352 -79.58229 103.1862 -56.8352 -79.61511 105.9152 56.95093 37.1232 26.66854 57.60192 49.29037 -12.99576 24.97543 -103.1829 115.9829 24.97543 -103.1829 123.0503 24.97543 -98.4232 115.9829 27.73903 -98.4232 115.9829 27.73903 -103.1829 123.0503 27.73903 -103.1829 115.9829 24.97543 -98.4232 134.3222 24.97543 -103.1829 125.6233 24.97543 -103.1829 128.1963 27.73903 -103.1829 128.1963 27.73903 -98.4232 134.3222 27.73903 -103.1829 134.3222 24.97543 -103.1829 134.3222 27.73903 -106.0921 128.1963 27.73903 -107.776 125.6233 45.08208 53.72985 148.8749 39.62167 51.52101 148.8634 45.08208 51.52101 148.8634 41.25168 51.65317 138.6031 46.71209 53.57227 138.8739 46.71209 51.65317 138.6031 39.88949 -34.4112 142.5934 31.77877 -44.38652 138.6061 40.78819 -44.38652 137.5068 -45.6466 53.72985 148.8749 -45.6466 51.52101 148.8634 -40.18619 51.52101 148.8634 -41.81621 51.65317 138.6031 -47.27661 51.65317 138.6031 -47.27661 53.57227 138.8739 41.62791 -47.32965 134.82 39.88949 -33.98261 140.9671 40.78819 -43.85182 137.0221 31.77877 -43.85182 137.0221 -32.34341 -44.38652 138.6061 -41.35283 -44.38652 137.5068 -42.19255 -47.32965 134.82 31.53658 -51.20773 137.0221 41.44577 -51.26069 131.2134 31.53658 -51.2078 138.6061 41.44577 -51.26077 132.7973 -40.45413 -34.4112 142.5934 -40.45413 -33.98261 140.9671 -32.34341 -43.85182 137.0221 -41.35283 -43.85182 137.0221 -32.10122 -51.20773 137.0221 -42.01041 -51.26069 131.2134 -32.10122 -51.2078 138.6061 -42.01041 -51.26077 132.7973 26.39262 101.5052 -32.32796 26.39262 102.7467 -44.88623 46.61242 -64.01668 87.28429 44.29416 -59.57278 81.52758 43.40336 -57.19402 81.6922 46.20177 -62.34698 91.77356 44.10979 -62.73346 91.55654 46.20177 -62.34698 91.77356 43.40336 -57.19402 81.6922 41.25066 -58.02119 81.90288 44.46088 -64.43579 87.22786 44.10979 -62.73346 91.55654 41.25066 -58.02119 81.90288 42.14562 -60.39081 81.73223 44.46088 -64.43579 87.22786 42.14562 -60.39081 81.73223 44.29416 -59.57278 81.52758 46.61242 -64.01668 87.28429 45.15487 -66.56475 62.83597 44.3314 -64.83661 61.16178 42.12205 -65.48148 61.44369 42.92337 -67.2451 63.08296 42.14562 -60.39081 81.73223 42.92337 -67.2451 63.08296 44.82012 -66.19698 63.60198 44.29416 -59.57278 81.52758 45.15487 -66.56475 62.83597 47.65325 -72.31681 62.26195 47.63941 -73.83507 57.65864 44.3314 -64.83661 61.16178 47.63941 -73.83507 57.65864 45.5363 -74.15429 57.8227 42.12205 -65.48148 61.44369 42.12205 -65.48148 61.44369 45.5363 -74.15429 57.8227 45.39252 -72.69657 62.30993 45.15487 -66.56475 62.83597 42.92337 -67.2451 63.08296 45.39252 -72.69657 62.30993 47.65325 -72.31681 62.26195 44.3314 -64.83661 61.16178 -57.85898 -24.94625 -17.4864 -58.24629 15.87046 -19.56488 -57.53607 37.10445 -36.04275 -58.34735 -4.840679 -4.751701 -52.97133 -53.43677 -45.23521 -53.96541 -52.78588 -45.24489 -52.79224 -52.78581 -45.88888 -57.65832 -32.89539 -19.77536 -56.52287 -52.78588 -36.04265 -57.16064 -52.78588 -19.8139 -53.96541 -52.78588 -45.24489 -54.92343 41.76031 -45.24487 -53.9099 42.45953 -45.23522 -53.7258 41.79589 -45.88888 -54.92343 41.76031 -45.24487 -57.85205 42.68833 -27.55271 -57.13951 58.48779 -5.049496 -58.15374 58.34456 -4.508835 -57.1264 59.0368 -3.923504 -56.6092 -5.423 -4.156757 -57.85898 -24.94625 -17.4864 -56.11466 -25.25856 -16.66818 -58.34735 -4.840679 -4.751701 -55.91472 -33.23542 -18.9692 -57.16064 -52.78588 -19.8139 -55.42261 -52.78583 -18.96921 -57.65832 -32.89539 -19.77536 -56.14025 -53.43677 -20.26422 -44.99085 -5.422996 -4.156757 -51.43017 -25.25855 -16.66818 -57.51544 37.1232 26.66854 -58.16643 49.29037 -12.99576 -26.9571 42.83729 -27.69908 44.50287 99.86574 -12.30111 42.41701 98.12556 -9.650998 43.62903 94.39038 -9.639229 34.27002 36.8026 38.17282 26.41019 40.91748 40.27361 31.88952 36.17007 37.91313 -40.51486 100.1483 30.38656 -40.10272 99.57986 29.52494 -40.55399 99.22717 30.38657 -56.17855 59.1382 28.04676 -53.48727 59.1382 28.04676 -56.17855 59.1382 27.15369 -26.96157 8.127223 34.38376 26.39705 8.127215 34.38376 55.60764 59.1382 28.04676 55.60764 59.1382 27.15369 52.91636 59.1382 28.04676 -34.88721 9.000906 34.38509 -34.77174 -10.78997 34.11278 34.20721 -10.78998 34.11278 34.32269 9.000895 34.38509 17.87195 -5.054726 50.47145 23.52152 -7.255586 50.70598 23.30278 4.239099 50.83453 23.55037 28.42141 45.90834 23.56435 26.80867 40.02661 -5.319319 26.86805 40.06941 23.37181 27.46409 47.436 31.70954 -6.399067 48.28214 31.69464 -5.255647 40.32821 31.63215 26.73097 40.05989 31.75775 19.15814 51.54769 23.49019 -13.5749 47.95115 -5.278532 -7.546717 50.6609 23.93829 28.45923 46.07801 31.50003 29.72929 51.20433 31.63215 26.73097 40.05989 29.19526 -3.936141 51.2509 23.90757 5.816456 50.62946 23.90969 -7.383785 50.64878 31.6769 23.81435 56.14365 31.66295 28.43655 54.74363 28.95455 29.58081 51.20456 29.19464 28.26129 55.0274 31.66295 28.43655 54.74363 29.19464 28.26129 55.0274 29.19652 23.49073 56.14691 31.6769 23.81435 56.14365 31.66295 28.43655 54.74363 29.19652 23.49073 56.14691 29.19464 28.26129 55.0274 28.95455 29.58081 51.20456 29.22566 18.3061 52.16239 24.05271 27.59179 47.61378 29.87212 -12.81396 45.68717 23.96102 -14.3511 45.21261 30.05632 -10.74413 40.00414 -5.272531 -14.41813 45.35157 23.48129 -14.43993 44.92397 23.49019 -13.5749 47.95115 28.37631 -10.0233 49.82505 23.90648 -13.47329 47.91228 9.115993 11.82337 48.32843 0.2835163 -5.010011 50.48471 -5.319815 28.419 45.90004 29.87212 -12.81396 45.68717 30.05632 -10.74413 40.00414 23.90701 -13.38119 40.02839 31.50003 29.72929 51.20433 -5.136905 27.4478 47.4486 23.37181 27.46409 47.436 29.22566 18.3061 52.16239 -5.284016 -13.53693 40.08422 23.54223 -13.42045 40.0083 23.89661 26.79247 40.04473 30.05632 -10.74413 40.00414 29.75123 -9.226918 39.82955 30.44195 -5.08066 39.81726 30.05632 -10.74413 40.00414 30.44195 -5.08066 39.81726 30.5426 25.69091 39.83521 30.5426 25.69091 39.83521 31.63215 26.73097 40.05989 30.05632 -10.74413 40.00414 23.89661 26.79247 40.04473 24.01695 25.66924 39.8828 23.90701 -13.38119 40.02839 23.86137 -12.22691 39.85295 26.91643 -11.70135 39.85423 28.90075 -10.73955 39.84484 23.48502 25.6682 39.86997 -5.319319 26.86805 40.06941 23.56435 26.80867 40.02661 23.54223 -13.42045 40.0083 18.01717 -12.46163 39.85408 23.36141 -12.26836 39.85524 31.69464 -5.255647 40.32821 23.83655 -11.7555 48.39075 23.49019 -13.5749 47.95115 23.75531 -13.28501 47.11742 23.73216 -13.75907 45.17533 23.48129 -14.43993 44.92397 23.62551 -12.9699 40.5192 23.54223 -13.42045 40.0083 23.69216 -12.39132 40.45523 23.36141 -12.26836 39.85524 23.74189 -12.95787 40.51166 23.59255 -12.40022 40.45523 23.86137 -12.22691 39.85295 23.90701 -13.38119 40.02839 23.64964 -13.76474 45.17667 23.96102 -14.3511 45.21261 23.65622 -13.29082 47.1169 23.90648 -13.47329 47.91228 23.67179 -11.74208 48.38092 23.68567 -8.680432 49.66097 23.90969 -7.383785 50.64878 23.70066 -4.802158 50.31861 23.73377 3.776669 50.26342 23.90757 5.816456 50.62946 23.81864 16.01905 48.59616 23.80377 27.22098 46.84664 23.93829 28.45923 46.07801 23.62423 27.84819 45.81264 23.78997 26.40152 40.52664 23.89661 26.79247 40.04473 23.68906 25.81828 40.46651 24.01695 25.66924 39.8828 23.69383 26.40003 40.5224 23.78906 25.81841 40.46651 23.48502 25.6682 39.86997 23.56435 26.80867 40.02661 23.84049 27.84676 45.88913 23.55037 28.42141 45.90834 24.10546 27.20133 46.99471 23.37181 27.46409 47.436 23.93866 3.970659 50.31226 24.10546 27.20133 46.99471 23.93866 3.970659 50.31226 23.52152 -7.255586 50.70598 23.80067 -4.802914 50.32329 23.78545 -8.686635 49.65973 23.83655 -11.7555 48.39075 24.05271 27.59179 47.61378 23.83655 -11.7555 48.39075 28.95455 29.58081 51.20456 24.05271 27.59179 47.61378 -5.348772 36.18615 85.92961 23.58087 36.18614 85.92961 -5.337688 38.10166 87.93468 23.12308 44.54813 88.03566 -4.894118 43.81698 88.30786 23.40289 39.78146 88.29978 33.27199 19.32828 69.61861 32.20945 21.17886 62.89436 32.56046 22.65383 69.29082 23.97344 38.02782 87.92821 28.52215 27.25208 86.42577 32.47928 28.93441 86.59647 27.68291 42.78877 88.2862 30.34078 21.89099 59.96446 32.20945 21.17886 62.89436 25.97983 21.02297 60.23645 28.72933 22.30259 51.62104 27.98538 29.36555 50.98717 29.69306 27.76542 53.76446 -5.348772 36.18615 85.92961 -4.984677 20.37331 49.28481 23.58087 36.18614 85.92961 25.35049 31.9771 82.06336 23.97815 21.16648 52.84039 25.37843 24.40575 66.28752 30.14217 33.56266 81.04438 30.13381 26.8515 66.58396 28.09922 30.99396 58.60482 29.07462 39.82129 83.91448 -4.834806 44.38327 84.27161 23.08594 44.35829 84.28412 22.99501 43.32787 83.99877 31.17955 25.57997 63.08116 29.71179 30.11242 59.11141 28.09922 30.99396 58.60482 30.19232 25.5171 63.19507 23.97815 21.16648 52.84039 28.00818 21.37859 52.44454 27.81343 42.05416 83.95928 23.39454 32.80897 57.12671 28.09922 30.99396 58.60482 28.02341 32.19796 57.38068 27.81343 42.05416 83.95928 23.54946 44.26992 84.25063 28.04134 43.53327 84.24062 23.69202 32.2911 57.84297 23.96844 43.30436 83.91802 27.81343 42.05416 83.95928 29.71179 30.11242 59.11141 29.07462 39.82129 83.91448 29.49263 23.75546 83.72025 33.46049 25.46523 84.09845 31.61792 18.58802 71.98337 28.64295 18.16779 67.70516 33.27199 19.32828 69.61861 32.48957 29.28856 82.97066 33.46049 25.46523 84.09845 33.46049 25.46523 84.09845 29.49263 23.75546 83.72025 31.24576 23.95281 66.5067 31.17955 25.57997 63.08116 30.19232 25.5171 63.19507 26.24854 31.45623 80.98258 27.22386 28.54361 83.47052 23.96844 43.30436 83.91802 29.95367 40.20415 84.38745 32.56046 22.65383 69.29082 32.1312 28.33852 81.78121 32.48957 29.28856 82.97066 31.98784 23.04578 69.60413 30.19232 25.5171 63.19507 26.24854 31.45623 80.98258 25.35049 31.9771 82.06336 25.37843 24.40575 66.28752 26.25061 24.95456 67.58126 27.54487 20.44739 68.35894 28.18158 21.75229 70.37581 27.61402 21.84082 67.8011 28.18158 21.75229 70.37581 27.54487 20.44739 68.35894 27.79538 26.59504 82.09241 27.54487 20.44739 68.35894 27.61402 21.84082 67.8011 25.37843 24.40575 66.28752 -11.96024 25.51711 63.19511 -13.01368 23.95283 66.50672 -11.90174 26.85151 66.58399 30.13381 26.8515 66.58396 30.14217 33.56266 81.04438 25.37843 24.40575 66.28752 27.61402 21.84082 67.8011 26.25061 24.95456 67.58126 27.22386 28.54361 83.47052 32.1312 28.33852 81.78121 27.79538 26.59504 82.09241 27.22386 28.54361 83.47052 27.61402 21.84082 67.8011 23.89381 38.44058 87.03069 -4.856939 45.14719 87.21652 32.47928 28.93441 86.59647 29.68232 41.33795 87.36879 27.68291 42.78877 88.2862 27.86796 44.41799 87.1042 29.33774 18.45979 72.04465 23.04353 45.16571 86.19591 -4.856939 45.14719 87.21652 23.12308 44.54813 88.03566 29.68232 41.33795 87.36879 28.64295 18.16779 67.70516 27.54487 20.44739 68.35894 25.97983 21.02297 60.23645 29.33774 18.45979 72.04465 27.79538 26.59504 82.09241 29.49263 23.75546 83.72025 28.52215 27.25208 86.42577 23.97344 38.02782 87.92821 23.08594 44.35829 84.28412 -4.834806 44.38327 84.27161 29.95367 40.20415 84.38745 28.04134 43.53327 84.24062 23.50452 21.02169 48.25363 23.32687 20.37269 49.36235 17.70728 20.8451 48.81208 30.34078 21.89099 59.96446 28.02341 32.19796 57.38068 29.71179 30.11242 59.11141 31.17955 25.57997 63.08116 28.72933 22.30259 51.62104 23.93808 20.58989 48.90667 23.77183 36.57946 85.64658 23.54882 44.49047 87.95722 23.0332 44.62369 86.2334 23.54882 44.49047 87.95722 27.86796 44.41799 87.1042 23.54946 44.26992 84.25063 28.04134 43.53327 84.24062 27.98538 29.36555 50.98717 23.91996 28.47273 47.5625 27.86796 44.41799 87.1042 27.98538 29.36555 50.98717 28.72933 22.30259 51.62104 23.93808 20.58989 48.90667 23.91996 28.47273 47.5625 23.7135 27.95569 48.08597 23.87307 21.10211 49.24361 23.50452 21.02169 48.25363 23.51968 27.65724 47.15728 23.46188 28.85742 47.85325 23.10144 32.03599 57.171 22.90512 32.89962 57.06965 22.66003 32.29627 57.86163 22.96136 31.69055 58.15734 22.99501 43.32787 83.99877 23.1945 38.55146 74.0197 23.19937 42.65991 84.15091 23.33356 44.02282 85.72135 23.08594 44.35829 84.28412 23.04353 45.16571 86.19591 23.12308 44.54813 88.03566 23.44499 43.58279 87.69853 23.89381 38.44058 87.03069 23.44499 43.58279 87.69853 23.12308 44.54813 88.03566 23.12308 44.54813 88.03566 23.40289 39.78146 88.29978 23.89381 38.44058 87.03069 23.91155 37.77457 87.0862 23.66077 39.64443 87.64441 23.34813 43.57292 87.70638 23.34813 43.57292 87.70638 23.27278 44.34288 87.22438 23.34813 43.57292 87.70638 23.54882 44.49047 87.95722 23.0332 44.62369 86.2334 23.0332 44.62369 86.2334 23.54946 44.26992 84.25063 23.28493 43.90788 84.75768 23.2026 43.3464 84.67597 23.08552 38.372 73.58046 23.1 42.6656 84.14752 23.2026 43.3464 84.67597 23.03784 31.87663 57.25308 22.86356 31.69705 58.14079 23.12157 32.20744 56.96979 23.03784 31.87663 57.25308 23.39454 32.80897 57.12671 23.62055 28.39455 48.36135 23.91996 28.47273 47.5625 23.54736 27.5141 47.79109 23.55555 21.28769 48.91281 23.54736 27.5141 47.79109 23.80099 21.11678 49.49989 23.55555 21.28769 48.91281 23.93808 20.58989 48.90667 24.00515 32.93359 76.96311 24.0312 24.61415 58.73944 23.69202 32.2911 57.84297 23.03784 31.87663 57.25308 23.2026 43.3464 84.67597 23.2026 43.3464 84.67597 23.87307 21.10211 49.24361 -5.070737 4.239077 50.83454 -5.136905 27.4478 47.4486 -13.47749 -6.399083 48.28217 -13.52568 19.15819 51.54772 -13.40009 26.731 40.05991 -13.4626 -5.255656 40.32823 -5.29241 -13.53206 47.95435 -13.40009 26.731 40.05991 -13.26796 29.72931 51.20435 -5.706231 28.45924 46.07803 -5.677641 -7.383784 50.64879 -5.675525 5.816395 50.62948 -10.9632 -3.936112 51.25091 -13.43088 28.43656 54.74366 -13.44483 23.81436 56.14366 -10.72248 29.58082 51.20458 -13.43088 28.43656 54.74366 -10.96257 28.2613 55.02743 -10.96257 28.2613 55.02743 -13.43088 28.43656 54.74366 -13.44483 23.81436 56.14366 -10.96446 23.49074 56.14694 -10.96446 23.49074 56.14694 -10.72248 29.58082 51.20458 -10.96257 28.2613 55.02743 -10.9936 18.30611 52.16241 -5.820638 27.5918 47.61378 -5.706231 28.45924 46.07803 -10.72248 29.58082 51.20458 -11.82429 -10.74413 40.00415 -5.728979 -14.3511 45.21262 -11.64008 -12.81396 45.68718 -5.29241 -13.53206 47.95435 -10.14426 -10.02334 49.82504 -5.674446 -13.47328 47.9123 -11.82429 -10.74413 40.00415 -11.64008 -12.81396 45.68718 -5.674983 -13.38118 40.02841 -13.26796 29.72931 51.20435 -10.9936 18.30611 52.16241 -5.664554 26.79247 40.04473 -5.284016 -13.53693 40.08422 0.2186703 -12.46177 39.85408 -12.20991 -5.080649 39.81723 -11.51919 -9.22691 39.82956 -11.82429 -10.74413 40.00415 -11.82429 -10.74413 40.00415 -13.40009 26.731 40.05991 -12.31054 25.69093 39.83523 -12.31054 25.69093 39.83523 -12.20991 -5.080649 39.81723 -11.82429 -10.74413 40.00415 -5.664554 26.79247 40.04473 -5.784887 25.66925 39.88281 -8.684392 -11.70134 39.85431 -5.629346 -12.2269 39.85295 -5.674983 -13.38118 40.02841 -10.66871 -10.73954 39.84487 -5.255471 25.66886 39.87222 -5.129373 -12.26836 39.85525 -13.4626 -5.255656 40.32823 -5.29241 -13.53206 47.95435 -5.538943 -11.74694 48.37589 -5.523269 -13.285 47.11743 -5.50011 -13.75906 45.17532 -5.272531 -14.41813 45.35157 -5.393499 -12.9699 40.51921 -5.284016 -13.53693 40.08422 -5.460124 -12.39131 40.45523 -5.129373 -12.26836 39.85525 -5.509846 -12.95787 40.51168 -5.674983 -13.38118 40.02841 -5.629346 -12.2269 39.85295 -5.36051 -12.40021 40.45523 -5.417609 -13.76473 45.17667 -5.728979 -14.3511 45.21262 -5.42418 -13.29081 47.1169 -5.674446 -13.47328 47.9123 -5.439751 -11.74207 48.38092 -5.453629 -8.680424 49.66098 -5.677641 -7.383784 50.64879 -5.674446 -13.47328 47.9123 -5.674446 -13.47328 47.9123 -5.439751 -11.74207 48.38092 -5.453629 -8.680424 49.66098 -5.468616 -4.802151 50.31861 -5.501717 3.776676 50.26342 -5.675525 5.816395 50.62948 -5.586582 16.01906 48.59616 -5.571709 27.22098 46.84664 -5.392176 27.8482 45.81266 -5.557933 26.40152 40.52664 -5.664554 26.79247 40.04473 -5.457004 25.81829 40.46652 -5.784887 25.66925 39.88281 -5.461767 26.40003 40.52239 -5.319319 26.86805 40.06941 -5.255471 25.66886 39.87222 -5.557003 25.81841 40.46652 -5.608424 27.84676 45.88915 -5.319815 28.419 45.90004 -5.87342 27.20134 46.99474 -5.87342 27.20134 46.99474 -5.87342 27.20134 46.99474 -5.706613 3.970652 50.31226 -5.568621 -4.802906 50.32331 -5.278532 -7.546717 50.6609 -5.706613 3.970652 50.31226 -5.553402 -8.686627 49.65973 -5.820638 27.5918 47.61378 -10.72248 29.58082 51.20458 22.99501 43.32787 83.99877 22.66003 32.29627 57.86163 -4.433846 32.28956 57.87258 -4.686282 43.30373 83.99265 -5.282665 20.95389 48.31222 -5.309299 28.48274 47.38101 23.51968 27.65724 47.15728 23.50452 21.02169 48.25363 -14.32838 22.65384 69.29084 -13.97738 21.17886 62.89438 -15.03992 19.32829 69.61864 -5.741349 38.02781 87.92821 -9.450826 42.78875 88.2862 -14.24719 28.93441 86.59648 -10.29008 27.25206 86.42577 -7.747761 21.02298 60.23645 -13.97738 21.17886 62.89438 -12.1087 21.89101 59.96448 -11.46099 27.76543 53.76448 -9.753295 29.36556 50.98715 -10.49726 22.30261 51.62105 -7.146348 24.40577 66.28754 -5.746086 21.1665 52.8404 -7.118397 31.97712 82.06337 -11.91008 33.56267 81.04441 -10.84251 39.82129 83.91448 -9.867135 30.99398 58.60484 22.90512 32.89962 57.06965 -4.695135 32.86436 57.08489 -4.686282 43.30373 83.99265 -12.94748 25.57998 63.08119 -11.96024 25.51711 63.19511 -9.867135 30.99398 58.60484 -11.4797 30.11244 59.11143 -5.746086 21.1665 52.8404 -9.77611 21.3786 52.44454 -9.581327 42.05417 83.95929 -9.791335 32.19797 57.38069 -9.867135 30.99398 58.60484 -5.162457 32.80898 57.12671 -9.80923 43.5333 84.24063 -5.317362 44.26995 84.25063 -9.581327 42.05417 83.95929 -9.581327 42.05417 83.95929 -5.736337 43.30437 83.91802 -5.459932 32.29111 57.84297 -11.4797 30.11244 59.11143 -10.84251 39.82129 83.91448 -15.2284 25.46524 84.09847 -11.26053 23.75547 83.72028 -15.03992 19.32829 69.61864 -10.41087 18.1678 67.70517 -13.38584 18.58804 71.98337 -14.25748 29.28856 82.97068 -15.2284 25.46524 84.09847 -11.26053 23.75547 83.72028 -15.2284 25.46524 84.09847 -11.96024 25.51711 63.19511 -12.94748 25.57998 63.08119 -13.01368 23.95283 66.50672 -12.58292 31.90823 83.30376 -14.25748 29.28856 82.97068 -11.72156 40.2042 84.38748 -5.736337 43.30437 83.91802 -11.72156 40.2042 84.38748 -14.32838 22.65384 69.29084 -13.89912 28.33855 81.78124 -13.75576 23.0458 69.60416 -14.32838 22.65384 69.29084 -14.25748 29.28856 82.97068 -13.89912 28.33855 81.78124 -8.016445 31.45625 80.98258 -8.018533 24.95457 67.58126 -7.146348 24.40577 66.28754 -7.118397 31.97712 82.06337 -9.381955 21.84083 67.80113 -9.949505 21.7523 70.37583 -9.312799 20.4474 68.35895 -9.56329 26.59506 82.09243 -9.312799 20.4474 68.35895 -9.949505 21.7523 70.37583 -8.018533 24.95457 67.58126 -9.381955 21.84083 67.80113 -7.146348 24.40577 66.28754 -11.91008 33.56267 81.04441 -11.90174 26.85151 66.58399 -7.146348 24.40577 66.28754 -9.381955 21.84083 67.80113 -9.312799 20.4474 68.35895 -8.991773 28.54363 83.47052 -8.016445 31.45625 80.98258 -8.991773 28.54363 83.47052 -9.56329 26.59506 82.09243 -13.89912 28.33855 81.78124 -13.89912 28.33855 81.78124 -14.25748 29.28856 82.97068 -8.991773 28.54363 83.47052 -9.381955 21.84083 67.80113 -8.991773 28.54363 83.47052 -11.45023 41.33793 87.36881 -14.24719 28.93441 86.59648 -9.635863 44.418 87.10422 -11.45023 41.33793 87.36881 -11.10566 18.4598 72.04467 -13.38584 18.58804 71.98337 23.46188 28.85742 47.85325 -10.41087 18.1678 67.70517 -7.747761 21.02298 60.23645 -9.312799 20.4474 68.35895 -11.10566 18.4598 72.04467 -9.56329 26.59506 82.09243 -11.26053 23.75547 83.72028 -10.29008 27.25206 86.42577 -5.741349 38.02781 87.92821 -9.635863 44.418 87.10422 -9.80923 43.5333 84.24063 -11.72156 40.2042 84.38748 -5.282665 20.95389 48.31222 -12.1087 21.89101 59.96448 -5.309299 28.48274 47.38101 23.46188 28.85742 47.85325 -11.4797 30.11244 59.11143 -9.791335 32.19797 57.38069 -12.94748 25.57998 63.08119 -9.77611 21.3786 52.44454 -5.706018 20.58989 48.90668 -5.539735 36.57946 85.64659 -7.118397 31.97712 82.06337 -5.539735 36.57946 85.64659 -5.741349 38.02781 87.92821 -5.316719 44.49048 87.95722 -9.635863 44.418 87.10422 -5.316719 44.49048 87.95722 -4.801094 44.62369 86.2334 -5.317362 44.26995 84.25063 -9.80923 43.5333 84.24063 -9.753295 29.36556 50.98715 -5.687889 28.47273 47.5625 -9.753295 29.36556 50.98715 -5.687889 28.47273 47.5625 -5.706018 20.58989 48.90668 -10.49726 22.30261 51.62105 -10.49726 22.30261 51.62105 -5.421821 27.51419 47.81377 -5.309299 28.48274 47.38101 -5.282665 20.95389 48.31222 -5.641005 21.10212 49.24362 -5.541031 28.39721 48.35818 -4.935951 32.20506 57.02139 -4.695135 32.86436 57.08489 -4.802785 31.86694 57.32064 -4.433846 32.28956 57.87258 -4.72929 31.69056 58.15734 -5.052033 38.4933 73.81029 -4.967267 42.65992 84.15091 -4.686282 43.30373 83.99265 -5.079505 44.0587 85.46942 -4.834806 44.38327 84.27161 -4.856939 45.14719 87.21652 -5.176431 43.96287 87.46134 -4.894118 43.81698 88.30786 -5.756162 37.63333 86.53269 -5.337688 38.10166 87.93468 -5.348772 36.18615 85.92961 -5.67945 37.77458 87.08621 -5.741349 38.02781 87.92821 -5.539735 36.57946 85.64659 -5.428666 39.64444 87.64443 -5.116026 43.57292 87.70638 -5.116026 43.57292 87.70638 -5.316719 44.49048 87.95722 -5.116026 43.57292 87.70638 -5.040677 44.34289 87.22438 -4.801094 44.62369 86.2334 -5.052829 43.90789 84.75771 -5.317362 44.26995 84.25063 -4.801094 44.62369 86.2334 -4.970499 43.34642 84.67598 -4.970499 43.34642 84.67598 -4.867901 42.66561 84.14752 -4.853439 38.37216 73.58084 -4.805767 31.87663 57.25308 -4.631488 31.69705 58.1408 -5.162457 32.80898 57.12671 -4.805767 31.87663 57.25308 -4.889498 32.20745 56.96981 -5.388487 28.39456 48.36135 -5.687889 28.47273 47.5625 -5.315299 27.5141 47.79111 -5.323485 21.28769 48.91283 -5.315299 27.5141 47.79111 -5.706018 20.58989 48.90668 -5.323485 21.28769 48.91283 -5.568912 21.11678 49.49988 -5.773062 32.9336 76.96311 -5.799128 24.61425 58.73967 -5.459932 32.29111 57.84297 -4.970499 43.34642 84.67598 -4.805767 31.87663 57.25308 -4.970499 43.34642 84.67598 -4.984677 20.37331 49.28481 31.1232 -8.076648 39.7214 31.30909 25.1179 39.70384 29.67389 24.7934 39.86814 30.44176 -5.081124 39.8641 29.22806 26.48297 39.76509 -10.91121 26.41714 35.22953 29.13992 26.4187 35.2295 28.81026 25.6774 34.37887 23.74837 -13.0902 35.2323 -5.560438 -13.08224 35.20891 -5.065353 -12.37087 34.3782 23.8313 -12.28437 34.37829 31.24374 25.06834 35.22698 31.05192 -8.067599 35.23212 30.28061 -7.76312 34.37436 30.46037 24.64034 34.3655 31.05192 -8.067599 35.23212 29.10774 -11.62442 35.22937 28.6462 -11.01071 34.36974 30.28061 -7.76312 34.37436 29.13992 26.4187 35.2295 31.24374 25.06834 35.22698 30.46037 24.64034 34.3655 28.81026 25.6774 34.37887 28.6462 -11.01071 34.36974 29.10774 -11.62442 35.22937 -10.58341 25.67478 34.37888 0.703453 -11.4043 34.37865 17.52513 -11.40444 34.37865 23.8313 -12.28437 34.37829 -5.065353 -12.37087 34.3782 28.619 -8.34706 34.37814 29.27169 -4.428661 34.37794 29.36323 22.96982 34.37792 26.31949 -10.53334 34.37863 27.81517 -9.776713 34.37846 28.87427 24.07901 34.37851 27.73366 24.64105 34.37877 23.81725 -11.10663 34.37866 -12.20976 -5.081077 39.8641 -13.06834 -5.25697 39.72252 -11.76647 -10.86001 39.72531 -9.086218 -11.54011 39.86991 -11.44458 24.79203 39.86827 -10.93216 26.48484 39.69519 -13.07707 25.11792 39.70384 -13.01173 25.06836 35.22698 -12.22835 24.64035 34.3655 -12.04862 -7.76311 34.37437 -12.81992 -8.067585 35.23212 -12.81992 -8.067585 35.23212 -12.04862 -7.76311 34.37437 -10.41421 -11.0107 34.36974 -10.41421 -11.0107 34.36974 -10.87575 -11.62441 35.22937 -10.91121 26.41714 35.22953 -10.58341 25.67478 34.37888 -12.22835 24.64035 34.3655 -12.22835 24.64035 34.3655 -13.01173 25.06836 35.22698 -5.560438 -13.08224 35.20891 -10.87575 -11.62441 35.22937 -10.41421 -11.0107 34.36974 -11.0397 -4.428653 34.37794 -10.387 -8.347048 34.37814 -11.13122 22.96982 34.37792 -9.58318 -9.776701 34.37846 -8.087494 -10.53332 34.37863 -10.64225 24.07902 34.37851 -9.496557 24.64367 34.37875 -5.585234 -11.10662 34.37866 -7.474777 -12.99867 39.71901 29.14558 -11.69359 39.72894 24.67072 -12.14669 39.86984 23.59219 -13.19529 39.73635 8.105554 -37.30231 74.47722 6.090211 -38.52167 74.57295 5.288465 -40.06491 76.71923 10.22304 -37.24505 74.70005 8.105554 -37.30231 74.47722 9.004416 -39.31945 70.90224 6.090211 -38.52167 74.57295 6.882395 -46.04921 75.40914 9.267855 -43.85342 79.28725 6.380142 -42.68865 78.54653 6.015508 -43.25145 71.46907 6.013442 -44.63713 72.43637 5.02166 -43.79223 73.75048 5.775215 -40.90433 71.5387 6.858808 -42.05879 70.61922 6.861988 -45.8262 73.27194 8.322862 -46.51502 73.75446 6.861988 -45.8262 73.27194 6.882395 -46.04921 75.40914 5.775215 -40.90433 71.5387 4.931445 -41.67099 76.74103 6.090211 -38.52167 74.57295 5.288465 -40.06491 76.71923 4.931445 -41.67099 76.74103 3.600509 -38.34891 74.08185 2.761504 -41.2194 76.03168 5.775215 -40.90433 71.5387 2.764176 -42.97801 73.89284 3.654489 -39.87681 72.07772 5.02166 -43.79223 73.75048 2.764176 -42.97801 73.89284 5.02166 -43.79223 73.75048 4.931445 -41.67099 76.74103 3.654489 -39.87681 72.07772 3.600509 -38.34891 74.08185 2.761504 -41.2194 76.03168 6.090211 -38.52167 74.57295 9.14169 -40.2858 77.32897 6.380142 -42.68865 78.54653 6.380142 -42.68865 78.54653 8.315024 -41.36286 70.14687 6.858808 -42.05879 70.61922 2.979209 -42.61051 74.01656 3.654489 -39.87681 72.07772 2.764176 -42.97801 73.89284 2.761504 -41.2194 76.03168 13.45462 -41.516 76.7538 11.60841 -38.40777 75.58234 12.03483 -42.67375 78.51221 11.60841 -38.40777 75.58234 13.45462 -41.516 76.7538 12.23419 -38.55089 74.562 11.60841 -38.40777 75.58234 12.23419 -38.55089 74.562 10.22304 -37.24505 74.70005 13.45462 -41.516 76.7538 15.58574 -41.21648 76.04149 12.23419 -38.55089 74.562 13.2721 -43.83749 73.79367 12.30972 -44.63714 72.43637 12.65415 -40.93167 71.57988 11.46119 -45.82619 73.27194 12.11481 -45.49814 74.81995 10.01028 -46.58909 73.6863 12.11481 -45.49814 74.81995 11.46119 -45.82619 73.27194 12.03483 -42.67375 78.51221 13.45462 -41.516 76.7538 14.68871 -39.85573 72.06938 15.51605 -42.58863 73.98857 12.65415 -40.93167 71.57988 13.2721 -43.83749 73.79367 15.51605 -42.58863 73.98857 15.58574 -41.21648 76.04149 13.2721 -43.83749 73.79367 14.68871 -39.85573 72.06938 12.65415 -40.93167 71.57988 13.45462 -41.516 76.7538 14.67038 -38.39715 74.08086 14.67038 -38.39715 74.08086 9.267855 -43.85342 79.28725 12.03483 -42.67375 78.51221 10.00446 -41.36835 70.13574 12.65415 -40.93167 71.57988 11.46434 -42.05878 70.61919 10.00446 -41.36835 70.13574 12.3018 -43.20286 71.54227 12.3018 -43.20286 71.54227 3.830081 -48.74687 75.42322 14.46426 -48.78104 75.44007 14.50501 -40.34721 69.53357 16.47631 -48.08162 76.05374 16.87732 -40.02798 70.43556 14.50501 -40.34721 69.53357 16.46398 -43.05527 65.70558 1.839998 -43.02521 65.7466 2.66108 -53.42177 48.98536 15.8321 -55.06851 52.80526 15.67042 -53.43829 49.01761 15.86765 -46.43541 65.17554 2.455184 -46.40982 65.18686 16.46398 -43.05527 65.70558 2.704061 -57.41939 35.95028 2.66108 -53.42177 48.98536 15.67042 -53.43829 49.01761 15.63206 -57.46387 35.93859 15.82161 -53.28911 69.88745 15.86765 -46.43541 65.17554 17.28035 -43.7884 66.24681 17.28035 -43.7884 66.24681 15.84798 -64.97864 52.75779 16.0004 -58.97694 48.83429 15.8321 -55.06851 52.80526 15.67042 -53.43829 49.01761 17.11021 -51.33521 71.47303 17.2748 -47.71888 75.4184 2.535384 -53.39886 69.89455 15.82161 -53.28911 69.88745 14.46426 -48.78104 75.44007 16.87732 -40.02798 70.43556 16.47631 -48.08162 76.05374 17.11021 -51.33521 71.47303 17.2748 -47.71888 75.4184 16.87732 -40.02798 70.43556 17.2748 -47.71888 75.4184 16.46398 -43.05527 65.70558 15.85576 -63.17127 39.95548 15.63206 -57.46387 35.93859 15.67123 -70.55677 29.37382 15.85601 -76.31343 33.37704 15.67123 -70.55677 29.37382 2.653258 -70.55129 29.37391 15.85576 -87.15969 17.96922 15.52538 -81.35915 13.90664 15.52538 -81.35915 13.90664 15.86765 -46.43541 65.17554 15.8321 -55.06851 52.80526 2.455184 -46.40982 65.18686 3.844971 -40.345 69.53716 2.379177 -48.17626 76.00156 1.413927 -40.0433 70.41721 3.844971 -40.345 69.53716 1.413927 -40.0433 70.41721 1.839998 -43.02521 65.7466 2.488742 -55.07926 52.7872 1.042807 -43.7884 66.24683 2.455184 -46.40982 65.18686 2.535384 -53.39886 69.89455 1.042807 -43.7884 66.24683 2.488742 -55.07926 52.7872 2.322738 -58.97694 48.83429 2.461183 -64.91133 52.71133 2.66108 -53.42177 48.98536 1.212944 -51.3352 71.47304 1.114802 -47.90159 75.70113 3.830081 -48.74687 75.42322 2.379177 -48.17626 76.00156 1.212944 -51.3352 71.47304 1.114802 -47.90159 75.70113 1.114802 -47.90159 75.70113 1.413927 -40.0433 70.41721 1.839998 -43.02521 65.7466 2.467365 -63.17127 39.95548 2.704061 -57.41939 35.95028 2.653258 -70.55129 29.37391 2.467107 -76.31342 33.37706 2.597634 -81.40938 13.94223 2.597634 -81.40938 13.94223 2.467351 -87.15969 17.96923 2.488742 -55.07926 52.7872 32.87479 -58.98551 52.14974 31.56347 -59.70532 52.41173 31.73993 -58.51059 55.64802 32.59859 -57.81583 55.39553 30.91589 -56.67588 65.70769 33.81016 -56.73294 65.64292 33.67558 -53.84533 64.61071 31.00896 -53.84553 64.70107 31.56347 -59.70532 52.41173 32.42213 -60.39996 52.66456 33.05125 -59.23042 55.90991 31.73993 -58.51059 55.64802 32.42213 -60.39996 52.66456 32.87479 -58.98551 52.14974 33.05125 -59.23042 55.90991 32.59859 -57.81583 55.39553 16.65324 -84.10111 19.83734 16.65904 -74.13433 27.78062 27.5549 -74.20333 27.62514 27.6986 -84.012 19.75027 16.49453 -53.575 48.99535 36.76527 -53.60248 49.02149 37.34527 -57.53437 36.07996 16.50031 -57.51846 36.08931 39.7787 -55.53873 49.77957 40.40345 -60.17214 34.78889 39.7787 -55.53873 49.77957 36.76527 -53.60248 49.02149 43.85949 -66.16636 53.97959 44.83551 -74.13069 27.77623 45.0312 -77.67363 15.72374 28.7902 -78.59431 16.20588 28.41731 -84.62667 20.0365 27.6986 -84.012 19.75027 47.68143 -83.62833 19.77774 45.0312 -77.67363 15.72374 44.83551 -74.13069 27.77623 46.99511 -76.09787 48.96316 43.85949 -66.16636 53.97959 27.69307 -77.74053 15.74134 27.6986 -84.012 19.75027 27.5549 -74.20333 27.62514 27.69307 -77.74053 15.74134 40.40345 -60.17214 34.78889 39.7787 -55.53873 49.77957 -40.9646 -60.18342 34.75773 -37.91864 -57.54043 36.07575 1.939836 -57.48784 36.11073 1.98933 -84.10041 19.82191 -28.26314 -84.01197 19.7503 -28.11738 -74.19072 27.6527 1.980037 -74.0969 27.80019 1.934404 -53.56217 49.003 -37.32915 -53.60213 49.02627 -40.34547 -55.5404 49.77062 46.99511 -76.09787 48.96316 43.85949 -66.16636 53.97959 -44.41578 -66.14012 53.97998 -47.56189 -76.0923 48.95655 -44.41578 -66.14012 53.97998 1.934404 -53.56217 49.003 -37.32915 -53.60213 49.02627 -40.34547 -55.5404 49.77062 -45.4006 -74.12538 27.79 -45.59573 -77.6736 15.72379 -45.4006 -74.12538 27.79 -45.59573 -77.6736 15.72379 -48.24596 -83.6283 19.77779 -47.56189 -76.0923 48.95655 -44.41578 -66.14012 53.97998 -28.2576 -77.7405 15.74137 -28.26314 -84.01197 19.7503 -28.2576 -77.7405 15.74137 -28.11738 -74.19072 27.6527 -40.9646 -60.18342 34.75773 -40.34547 -55.5404 49.77062 16.49453 -53.575 48.99535 2.367049 -64.74967 52.69332 16.06781 -64.71997 52.68386 33.93423 -54.44718 48.99272 33.93168 -57.82732 51.58097 35.12516 -54.20837 49.14614 35.16056 -59.36 53.45265 35.12516 -54.20837 49.14614 35.16056 -59.36 53.45265 35.1916 -54.88553 48.74823 35.1916 -65.37019 53.17531 35.09283 -65.54772 53.42576 35.19161 -62.98796 51.95624 33.88716 -63.04343 53.73889 35.09283 -65.54772 53.42576 30.74258 -57.65353 51.51275 30.80011 -54.56578 48.92449 29.55182 -54.13388 49.19871 29.52306 -60.12387 53.80475 30.74737 -62.9834 53.90933 29.42367 -65.4074 53.22446 29.55182 -54.13388 49.19871 29.48254 -62.98797 51.95625 29.52306 -60.12387 53.80475 29.48254 -54.88551 48.74822 29.42367 -65.4074 53.22446 21.6794 -44.81437 72.78553 21.65584 -45.92046 72.67183 16.61254 -45.32564 71.36592 16.61254 -45.32564 71.36592 16.44634 -44.94228 72.11234 21.6794 -44.81437 72.78553 21.47981 -45.3575 73.75852 21.6794 -44.81437 72.78553 16.44634 -44.94228 72.11234 16.42487 -45.81349 72.20876 21.65584 -45.92046 72.67183 21.47981 -45.3575 73.75852 16.42487 -45.81349 72.20876 16.42487 -45.81349 72.20876 25.48052 -44.9452 72.84584 25.33197 -44.81229 74.75605 25.57275 -46.09896 73.11344 25.39962 -44.34516 73.90998 25.25168 -46.41687 74.25128 25.48052 -44.9452 72.84584 21.6794 -44.81437 72.78553 25.39962 -44.34516 73.90998 25.48052 -44.9452 72.84584 25.33197 -44.81229 74.75605 25.39962 -44.34516 73.90998 25.25168 -46.41687 74.25128 25.57275 -46.09896 73.11344 25.57275 -46.09896 73.11344 25.25168 -46.41687 74.25128 1.934404 -53.56217 49.003 2.367049 -64.74967 52.69332 1.939836 -57.48784 36.11073 16.49453 -53.575 48.99535 16.50031 -57.51846 36.08931 16.06781 -64.71997 52.68386 16.65904 -74.13433 27.78062 16.06781 -64.71997 52.68386 16.50031 -57.51846 36.08931 16.65904 -74.13433 27.78062 16.65324 -84.10111 19.83734 16.06781 -64.71997 52.68386 1.939836 -57.48784 36.11073 2.367049 -64.74967 52.69332 1.980037 -74.0969 27.80019 1.98933 -84.10041 19.82191 1.980037 -74.0969 27.80019 2.367049 -64.74967 52.69332 2.45842 -68.40158 19.28243 1.958422 -73.90596 28.82303 2.458421 -75.64492 27.83511 1.458421 -75.64492 27.83511 1.958422 -73.90596 28.82303 1.458419 -68.45486 19.28407 1.458418 -69.83977 17.73285 1.784508 -62.27251 17.06199 1.458419 -68.45486 19.28407 2.45842 -68.40158 19.28243 -1.875912 -66.94695 19.74417 5.775443 -66.98721 19.75203 5.448789 -59.95206 16.39354 -1.515158 -59.89859 16.34087 5.775443 -66.98721 19.75203 -1.875912 -66.94695 19.74417 -1.782274 -67.4153 18.87662 5.780995 -67.28339 18.8272 -1.515158 -59.89859 16.34087 5.448789 -59.95206 16.39354 4.702088 -60.0811 15.08697 -0.8894134 -60.18503 15.15732 2.458418 -69.81401 17.62955 2.45842 -63.1649 15.54993 1.784508 -62.27251 17.06199 1.784508 -62.27251 17.06199 1.45842 -63.82061 15.50508 1.958422 -73.90596 28.82303 2.458418 -69.81401 17.62955 2.458421 -75.64492 27.83511 1.458421 -75.64492 27.83511 1.458418 -69.83977 17.73285 1.45842 -63.82061 15.50508 2.45842 -63.1649 15.54993 1.45842 -63.82061 15.50508 1.784508 -62.27251 17.06199 2.45842 -63.1649 15.54993 16.80335 -75.64493 27.8351 16.80335 -69.75217 17.61406 16.80335 -68.45781 19.30949 16.30335 -73.90596 28.82303 15.80335 -75.64491 27.8351 16.30335 -73.90596 28.82303 15.80335 -68.36156 19.23045 15.80334 -69.8469 17.69312 15.80334 -69.8469 17.69312 16.80335 -75.64493 27.8351 15.80335 -75.64491 27.8351 15.80335 -63.82062 15.50508 16.14818 -62.23227 16.94644 16.80336 -63.2746 15.40137 12.46902 -66.94695 19.74416 20.12037 -66.98722 19.75202 19.79373 -59.95206 16.39354 12.82977 -59.89858 16.34087 20.12037 -66.98722 19.75202 12.46902 -66.94695 19.74416 12.56266 -67.41529 18.87662 20.12591 -67.2834 18.8272 12.82977 -59.89858 16.34087 19.79373 -59.95206 16.39354 19.04703 -60.0811 15.08698 13.45552 -60.18502 15.15732 16.80336 -63.2746 15.40137 16.14818 -62.23227 16.94644 16.14818 -62.23227 16.94644 15.80335 -63.82062 15.50508 16.14818 -62.23227 16.94644 15.80335 -68.36156 19.23045 16.80335 -68.45781 19.30949 16.30335 -73.90596 28.82303 16.80335 -69.75217 17.61406 16.80336 -63.2746 15.40137 15.80335 -63.82062 15.50508 -8.569059 -66.11608 20.08813 -6.004145 -54.09717 7.495647 -12.20883 -54.05474 7.446934 -14.77375 -66.0694 20.04345 -12.20883 -54.05474 7.446934 -12.27133 -54.77488 6.818607 -14.83007 -66.82999 19.45328 -14.77375 -66.0694 20.04345 -8.569059 -66.11608 20.08813 -8.506568 -66.7775 19.39827 -5.947819 -54.72239 6.763592 -6.004145 -54.09717 7.495647 -8.569059 -66.11608 20.08813 -14.77375 -66.0694 20.04345 -14.83007 -66.82999 19.45328 -8.506568 -66.7775 19.39827 -12.20883 -54.05474 7.446934 -6.004145 -54.09717 7.495647 -5.947819 -54.72239 6.763592 -12.27133 -54.77488 6.818607 -10.89405 -79.71646 23.73812 -10.89406 -70.76042 16.15273 -10.89406 -70.02884 18.15883 -11.39405 -78.42026 25.26122 -11.89406 -79.71647 23.73812 -11.39405 -78.42026 25.26122 -11.89405 -69.99842 18.18235 -11.89406 -70.7098 16.1694 -10.89406 -70.02884 18.15883 -10.89405 -64.27944 18.08252 -11.89405 -63.67222 17.76275 -11.89405 -69.99842 18.18235 -11.89406 -70.7098 16.1694 -11.89405 -64.38813 16.19584 -10.89405 -63.61875 16.4529 -10.89406 -70.76042 16.15273 -10.89405 -63.61875 16.4529 -10.89405 -64.27944 18.08252 -11.89405 -63.67222 17.76275 -11.89405 -64.38813 16.19584 -11.39405 -78.42026 25.26122 -10.89405 -79.71646 23.73812 -11.89406 -79.71647 23.73812 1.760774 -45.85988 71.61772 -3.338589 -45.92046 72.67183 -3.362155 -44.81436 72.78553 1.787227 -44.90964 71.73653 1.787227 -44.90964 71.73653 -3.362155 -44.81436 72.78553 -3.162562 -45.3575 73.75852 1.92506 -45.23762 72.35556 1.92506 -45.23762 72.35556 -3.162562 -45.3575 73.75852 -3.338589 -45.92046 72.67183 1.760774 -45.85988 71.61772 -7.290482 -45.37493 72.71512 -6.934431 -46.41687 74.25128 -7.056166 -44.47144 74.49762 -7.290482 -45.37493 72.71512 -7.290482 -45.37493 72.71512 -7.056166 -44.47144 74.49762 -3.362155 -44.81436 72.78553 -7.056166 -44.47144 74.49762 -6.934431 -46.41687 74.25128 -6.934431 -46.41687 74.25128 -6.934431 -46.41687 74.25128 31.24576 23.95281 66.5067 46.99202 -24.57841 -14.99201 47.01247 -32.64949 -17.69492 47.00082 -29.48189 -17.2082 46.0068 -35.27894 0.6500626 46.99079 -32.75611 -1.87711 47.03325 -4.190663 -1.815678 46.03823 -0.2803974 0.86726 38.7625 -56.52257 -6.661602 38.62524 -55.58413 -9.103287 38.30498 -51.23833 -9.058777 26.98592 -56.27664 5.710842 39.63694 -43.7267 5.709713 46.01089 6.849623 5.711735 38.32877 -47.24112 5.709652 37.37081 -53.26852 -17.58598 37.66698 -53.92608 -13.62876 48.95585 -83.63285 18.85419 48.94493 -85.25678 11.17531 46.24145 -78.23406 10.16796 42.54932 -68.90898 9.174267 43.52315 -71.5503 7.722034 41.22317 -65.62152 4.022724 42.52519 -68.90462 9.458973 27.25889 -68.31235 9.405499 27.85291 -84.21036 19.85647 48.95527 -83.51648 19.42404 38.73318 -56.34235 5.709736 -27.54706 -73.62642 5.709652 26.98254 -73.62619 5.709957 27.16449 -78.4692 8.648564 -27.72885 -78.46282 8.644658 27.85291 -84.21036 19.85647 27.25889 -68.31235 9.405499 26.98254 -73.62619 5.709957 27.16449 -78.4692 8.648564 27.85291 -84.21036 19.85647 -47.55655 -24.5784 -14.99202 -47.56535 -29.48187 -17.2082 -47.57701 -32.64949 -17.69492 -46.57134 -35.27893 0.6500626 -46.60276 -0.2803803 0.86726 -47.59777 -4.190666 -1.815689 -47.55533 -32.75609 -1.87711 -38.86951 -51.2383 -9.058773 -39.18978 -55.58414 -9.10323 -39.32704 -56.52256 -6.661598 -40.20501 -43.70709 5.708141 -27.55041 -56.27339 5.710369 -38.88262 -47.2327 5.709652 -46.65572 6.849527 5.711071 -38.23152 -53.92607 -13.62877 -46.806 -78.23404 10.16796 -49.50948 -85.25676 11.17531 -49.5204 -83.63283 18.85419 -42.98626 -68.39347 9.458981 -49.558 -83.51645 19.42404 -28.42205 -84.1809 19.8629 -27.82349 -68.31245 9.405552 -27.55041 -56.27339 5.710369 -27.82349 -68.31245 9.405552 -27.54706 -73.62642 5.709652 -39.30191 -56.33061 5.709728 -28.36492 -84.46668 19.74572 -28.42205 -84.1809 19.8629 -27.72885 -78.46282 8.644658 -28.42205 -84.1809 19.8629 45.14962 -37.3687 -0.759121 -45.71416 -37.36868 -0.7591362 26.98592 -56.27664 5.710842 -37.93535 -53.26851 -17.58598 43.53466 61.37036 45.34484 43.52799 53.55667 45.36995 45.22022 53.5462 42.57057 12.05666 61.38396 46.84373 -12.59136 53.60652 46.85378 21.01826 53.58208 46.5455 45.25652 49.58526 30.05243 45.25652 53.54401 35.07956 45.23075 42.95456 37.61774 45.03803 36.55914 27.83464 45.03803 36.55914 27.83464 45.23075 42.95456 37.61774 26.37196 37.00587 27.48931 45.19296 61.35792 42.50571 43.85709 61.45708 42.2985 42.83038 61.48157 44.51541 43.53466 61.37036 45.34484 45.19851 60.35068 35.07822 43.95062 60.41904 35.07744 45.19851 60.35068 35.07822 45.19296 61.35792 42.50571 45.22022 53.5462 42.57057 -13.68914 44.46112 42.29176 43.39728 44.11051 41.31996 21.01826 53.58208 46.5455 -12.59136 53.60652 46.85378 45.22022 53.5462 42.57057 43.52799 53.55667 45.36995 43.39728 44.11051 41.31996 45.23075 42.95456 37.61774 43.52799 53.55667 45.36995 43.53466 61.37036 45.34484 26.37194 42.89955 37.86564 43.39728 44.11051 41.31996 43.52799 53.55667 45.36995 45.19296 61.35792 42.50571 -43.87812 61.38661 45.58403 -45.75705 61.35513 42.55397 -44.09896 53.56662 45.37079 -43.87812 61.38661 45.58403 -13.68914 44.46112 42.29176 -26.93645 42.89952 37.86566 -45.82103 49.58528 30.05243 -45.60255 36.55916 27.83464 -45.76657 40.5611 32.83464 -45.82103 53.54402 35.07956 -44.55831 60.64375 35.08631 -45.75705 61.35513 42.55397 -45.75705 61.35513 42.55397 -43.87812 61.38661 45.58403 -43.39488 61.48158 44.51541 -44.4216 61.45709 42.2985 -44.55831 60.64375 35.08631 -45.78566 53.5087 42.55419 -45.76232 42.99407 37.8971 -45.78566 53.5087 42.55419 -45.76232 42.99407 37.8971 -44.07027 44.10545 41.19258 -44.09896 53.56662 45.37079 -44.09896 53.56662 45.37079 -44.07027 44.10545 41.19258 -45.76232 42.99407 37.8971 -45.76657 40.5611 32.83464 -26.93647 36.83505 27.61711 -45.60255 36.55916 27.83464 -44.09896 53.56662 45.37079 -44.07027 44.10545 41.19258 -45.78566 53.5087 42.55419 -47.18333 -64.01668 87.28429 -43.97427 -57.19402 81.6922 -44.86507 -59.57278 81.52758 -46.77268 -62.34698 91.77356 -44.6807 -62.73346 91.55654 -43.97427 -57.19402 81.6922 -46.77268 -62.34698 91.77356 -41.82157 -58.02119 81.90288 -45.03179 -64.43579 87.22786 -41.82157 -58.02119 81.90288 -44.6807 -62.73346 91.55654 -42.71653 -60.39081 81.73223 -45.03179 -64.43579 87.22786 -44.86507 -59.57278 81.52758 -42.71653 -60.39081 81.73223 -47.18333 -64.01668 87.28429 -44.9023 -64.83661 61.16178 -45.72578 -66.56475 62.83597 -42.69296 -65.48148 61.44369 -43.49428 -67.2451 63.08296 -42.71653 -60.39081 81.73223 -45.39102 -66.19698 63.60198 -43.49428 -67.2451 63.08296 -44.86507 -59.57278 81.52758 -45.72578 -66.56475 62.83597 -48.22415 -72.31681 62.26195 -48.21032 -73.83507 57.65864 -44.9023 -64.83661 61.16178 -46.10721 -74.15429 57.8227 -48.21032 -73.83507 57.65864 -42.69296 -65.48148 61.44369 -42.69296 -65.48148 61.44369 -45.96343 -72.69657 62.30993 -46.10721 -74.15429 57.8227 -45.72578 -66.56475 62.83597 -45.96343 -72.69657 62.30993 -43.49428 -67.2451 63.08296 -48.22415 -72.31681 62.26195 -44.9023 -64.83661 61.16178 -25.54634 -103.1829 115.9829 -25.54634 -98.4232 115.9829 -25.54634 -103.1829 123.0503 -28.30994 -98.4232 115.9829 -28.30994 -103.1829 115.9829 -28.30994 -103.1829 123.0503 -25.54634 -98.4232 134.3222 -25.54634 -103.1829 128.1963 -25.54634 -103.1829 125.6233 -28.30994 -103.1829 128.1963 -28.30994 -103.1829 134.3222 -28.30994 -98.4232 134.3222 -25.54634 -98.4232 134.3222 -25.54634 -103.1829 134.3222 -25.54634 -103.1829 128.1963 -28.30994 -107.776 125.6233 -28.30994 -106.0921 128.1963 25.95845 105.9174 -4.39463 42.49499 98.08583 -4.331528 42.41701 98.12556 -9.650998 25.95845 105.9174 -9.615071 -7.30835 113.8595 -41.84443 6.743866 113.8595 -41.84443 6.743865 110.8353 -44.7895 -7.30835 110.8353 -44.7895 52.65324 90.18012 -10.00782 53.0616 90.60832 -9.872757 53.6009 87.08807 -7.570805 53.08527 87.08807 -7.955608 51.53944 92.51129 -4.327457 51.53944 92.51129 -9.660836 43.62903 94.39038 -9.639229 43.62903 94.39038 -4.327454 25.95845 105.9174 -9.615071 26.83313 108.2594 -12.34264 22.13503 109.1823 -12.31008 20.80501 107.1007 -9.937195 43.98724 97.09031 -18.22431 35.29496 101.502 -32.32267 35.17479 104.6024 -32.06301 44.23994 99.99976 -17.62211 26.83313 108.2594 -19.53861 42.41701 98.12556 -9.650998 44.50287 99.86574 -12.30111 53.08527 87.08807 -7.955608 53.6009 87.08807 -7.570805 54.35467 77.12709 -4.481167 53.83929 77.1238 -4.822681 -27.39761 108.2594 -41.8385 -27.39761 105.2353 -44.78357 32.45693 102.7857 -44.76928 33.23795 105.4654 -41.82396 26.83313 108.2594 -41.8385 33.23795 105.4654 -41.82396 32.45693 102.7857 -44.76928 26.83313 105.2352 -44.78357 9.78714 102.2681 -16.04845 16.94258 109.9653 -16.17478 -18.11627 110.6178 -16.89921 -17.50706 109.9653 -16.17478 9.78714 102.2681 -16.04845 12.46863 99.46244 -11.545 21.00829 108.7254 -11.80529 16.94258 109.9653 -16.17478 16.94258 109.9653 -16.17478 17.55178 110.6178 -16.89921 -0.2822446 95.11775 -4.360279 14.0669 97.65855 -4.357777 12.46863 99.46244 -11.545 -0.2822446 97.22814 -11.55453 -0.2822439 100.7714 -16.05892 -10.35163 102.2681 -16.04845 9.78714 102.2681 -16.04845 -23.59129 106.4298 -4.393669 -14.63139 97.65855 -4.357777 -10.35163 102.2681 -16.04845 -17.50706 109.9653 -16.17478 17.55178 110.6178 -16.89921 6.933295 113.1762 -16.91385 6.743866 113.8595 -41.84443 7.199307 113.2309 -19.451 17.55178 110.6178 -16.89921 22.13503 109.1823 -12.31008 26.83313 108.2594 -12.34264 6.933295 113.1762 -16.91385 23.02681 106.4298 -4.393669 53.0616 90.60832 -4.327469 53.6009 87.08807 -4.327476 53.6009 87.08807 -7.570805 53.0616 90.60832 -9.872757 51.53944 92.51129 -9.660836 53.0616 90.60832 -9.872757 51.09826 93.24695 -12.60565 50.1029 96.34827 -12.34632 42.49499 98.08583 -4.331528 43.62903 94.39038 -4.327454 43.62903 94.39038 -9.639229 42.41701 98.12556 -9.650998 54.35467 77.12709 -4.481167 54.35467 77.12709 -4.327476 53.0616 90.60832 -9.872757 52.65324 90.18012 -10.00782 -42.9815 98.12557 -9.650998 -45.06735 99.86576 -12.30111 -7.763791 113.2309 -19.451 -7.30835 113.8595 -41.84443 -27.39761 108.2594 -19.53861 -26.52293 105.9174 -9.615071 -42.9815 98.12557 -9.650998 -43.05947 98.08585 -4.331528 -26.52293 105.9175 -4.39463 -33.02142 102.7858 -44.76928 -35.85944 101.5021 -32.32267 -35.73927 104.6024 -32.06301 -33.80244 105.4654 -41.82396 -54.89944 77.38787 -4.538872 -54.38506 77.37124 -4.878849 -43.90353 94.72133 -4.327492 -43.05947 98.08585 -4.331528 -42.9815 98.12557 -9.650998 -43.90353 94.72133 -9.629586 -52.10393 92.5113 -4.327457 -52.10393 92.5113 -9.660836 -53.62609 90.60833 -9.872757 -53.62609 90.60833 -4.327469 -33.02142 102.7858 -44.76928 -33.80244 105.4654 -41.82396 -44.55173 97.09033 -18.22431 -44.80443 99.99977 -17.62211 -27.39761 107.7109 -12.34264 -54.89944 77.38787 -4.538872 -54.89787 77.40858 -4.327476 -54.16539 87.08808 -4.327476 -54.16539 87.08808 -7.570805 -10.35163 102.2681 -16.04845 -17.50706 109.9653 -16.17478 -21.57278 108.7254 -11.80529 -13.03312 99.46244 -11.545 -7.497779 113.1762 -16.91385 -7.232252 112.5042 -16.17674 6.667768 112.5042 -16.17674 6.933295 113.1762 -16.91385 -7.497779 113.1762 -16.91385 -18.11627 110.6178 -16.89921 -18.11627 110.6178 -16.89921 -22.69951 109.7309 -12.31008 -26.52293 105.9174 -9.615071 -27.39761 107.7109 -12.34264 -7.497779 113.1762 -16.91385 -21.36949 107.1007 -9.937195 -22.69951 109.7309 -12.31008 -52.10393 92.5113 -9.660836 -52.10393 92.5113 -4.327457 -43.90353 94.72133 -4.327492 -43.90353 94.72133 -9.629586 -51.61214 93.288 -12.61393 -50.66739 96.34828 -12.34632 -50.23451 58.59025 98.47277 -44.10913 58.59025 98.47277 -45.31619 62.36769 69.41973 -51.78231 62.36769 69.41973 -44.10913 58.59025 98.47277 -44.12625 45.75797 98.43675 -45.33425 47.81799 69.38172 -45.31619 62.36769 69.41973 -51.80027 50.17891 69.38767 -51.78231 62.36769 69.41973 -52.43354 62.09845 49.89119 -52.45215 48.69154 49.89119 -45.73203 62.09845 49.89119 -52.43354 62.09845 49.89119 -45.33425 47.81799 69.38172 -49.24587 47.77148 69.38159 -49.87619 46.15043 49.89119 -45.75075 46.20127 49.89119 -47.68608 48.23988 98.4424 -50.25153 48.2399 98.4424 -51.80027 50.17891 69.38767 -49.26127 50.17889 69.38767 -47.67149 45.71694 98.43665 -47.68608 48.23988 98.4424 -49.26127 50.17889 69.38767 -49.24587 47.77148 69.38159 -45.83618 42.81522 37.7585 -49.96162 42.76438 37.7585 -45.83618 35.96877 27.47479 -56.45333 33.26551 25.22757 -56.32823 36.62949 28.05069 -56.32823 36.62949 27.15763 -56.45333 33.26551 24.33451 -53.48727 59.1382 28.04676 -53.48727 60.61719 37.27808 -52.53758 45.30551 37.7585 -52.51897 60.61719 37.7585 -53.48727 60.61719 37.27808 -53.50588 45.30551 37.27808 -53.50588 36.62949 28.05069 -53.48727 59.1382 28.04676 -56.17855 59.1382 28.04676 -56.32823 36.62949 28.05069 -45.83618 33.29093 25.22757 -56.45333 33.26551 25.22757 -56.45333 33.26551 24.33451 -45.83618 33.29093 24.33451 -53.50588 45.30551 37.27808 -53.48727 60.61719 37.27808 -53.48727 59.1382 28.04676 -53.50588 36.62949 28.05069 -45.81747 60.61719 37.7585 -45.83618 42.81522 37.7585 -45.83618 35.96877 27.47479 -45.81747 59.1382 27.47479 -45.83618 33.29093 25.22757 -52.53758 45.30551 37.7585 -53.50588 45.30551 37.27808 -49.97758 45.3055 37.7585 -49.87619 46.15043 49.89119 -49.89215 48.69154 49.89119 -49.97758 45.3055 37.7585 -49.96162 42.76438 37.7585 -52.51897 60.61719 37.7585 -52.53758 45.30551 37.7585 -47.67149 45.71694 98.43665 -44.12625 45.75797 98.43675 -41.2867 41.10987 138.7188 -44.35974 41.07543 138.7177 -47.68608 48.23988 98.4424 -47.67149 45.71694 98.43665 -44.35974 41.07543 138.7177 -44.37321 43.6012 138.7885 -46.92559 51.87996 139.0861 -41.2709 51.87996 139.0861 -44.12625 45.75797 98.43675 -44.10913 58.59025 98.47277 -41.2709 51.87996 139.0861 -41.2867 41.10987 138.7188 -50.23451 58.59025 98.47277 -50.25153 48.2399 98.4424 -46.94129 43.60121 138.7885 -46.92559 51.87996 139.0861 -49.89215 48.69154 49.89119 -52.45215 48.69154 49.89119 -44.37321 43.6012 138.7885 -46.94129 43.60121 138.7885 -49.89215 48.69154 49.89119 -49.87619 46.15043 49.89119 -49.24587 47.77148 69.38159 -49.26127 50.17889 69.38767 -56.32823 36.62949 28.05069 -56.17855 59.1382 28.04676 -56.17855 59.1382 27.15369 -56.32823 36.62949 27.15763 -45.31619 62.36769 69.41973 -45.33425 47.81799 69.38172 -45.75075 46.20127 49.89119 -45.73203 62.09845 49.89119 -45.73203 62.09845 49.89119 -45.75075 46.20127 49.89119 -45.83618 42.81522 37.7585 -45.81747 60.61719 37.7585 -0.2822587 28.60999 34.39311 -0.2822619 7.238337 34.38986 34.11587 43.88338 41.18061 26.41019 43.99614 41.48588 -0.2822663 -21.82532 6.672283 -34.84014 -18.29299 6.672291 -34.74625 -17.94661 5.841213 -0.2822663 -21.46928 5.841221 34.27364 -18.19222 21.90324 45.65827 -4.176373 21.91652 45.34671 1.477402 31.32634 34.20721 -10.78998 34.11278 45.65827 -4.176373 21.91652 45.7107 -4.273972 6.672359 45.38124 -4.157568 5.841213 45.7107 -4.273972 6.672359 34.27561 -18.293 6.672291 34.18172 -17.94662 5.841213 -45.88802 15.04686 31.64303 -45.91123 1.477417 31.32634 -35.00409 27.60397 34.38365 -0.2822652 -14.32044 34.11472 -26.93558 39.13484 34.42032 -0.2822571 39.27671 34.4216 -0.2822569 40.94232 40.57801 -26.9747 40.91749 40.27361 -0.2822571 39.27671 34.4216 45.19206 27.5806 31.64828 45.3235 15.04685 31.64303 45.34671 1.477402 31.32634 -34.68038 43.88339 41.18061 -41.94714 42.50811 37.58195 -0.2822663 -21.72479 21.90251 -0.2822652 -14.32044 34.11472 34.43958 27.60397 34.38365 45.38124 -4.157568 5.841213 45.61787 28.35248 21.37899 -0.2822569 40.94232 40.57801 -0.2822564 44.15404 41.92989 -26.9747 43.99615 41.48588 30.1556 35.37476 34.41554 31.88952 36.17007 37.91313 26.41019 40.91748 40.27361 26.37106 39.13484 34.42032 -32.45403 36.17008 37.91313 -30.72012 35.37477 34.41554 41.38263 42.50809 37.58195 41.38263 42.50809 37.58195 41.35908 36.01335 35.5506 -46.2228 -4.176359 21.91652 -34.83817 -18.19221 21.90324 -34.77174 -10.78997 34.11278 -45.91123 1.477417 31.32634 -34.84014 -18.29299 6.672291 -46.27523 -4.273958 6.672359 -34.77174 -10.78997 34.11278 -34.83817 -18.19221 21.90324 45.3235 15.04685 31.64303 -45.75657 27.58061 31.64828 -45.88802 15.04686 31.64303 -45.94577 -4.157555 5.841213 -34.74625 -17.94661 5.841213 -46.18239 28.3525 21.37899 -41.9236 36.01337 35.5506 -41.94714 42.50811 37.58195 41.05725 -32.35374 133.6042 41.61508 -45.2569 125.4617 41.12181 -52.21479 132.7362 40.29554 -36.0926 142.9276 40.82719 -16.3635 136.8415 43.77935 40.51346 139.0315 43.90352 -16.37879 137.395 39.76777 51.49843 148.7983 39.95852 -17.08611 146.825 45.1958 -17.03737 146.4381 45.00678 51.51817 148.4107 44.07889 -33.15898 135.9522 44.13803 -32.43801 134.1427 43.90352 -16.37879 137.395 43.82363 -16.51811 139.332 43.693 40.45766 140.9712 46.1453 40.45735 140.9819 46.27598 -16.51887 139.3426 43.82363 -16.51811 139.332 40.29554 -36.0926 142.9276 45.52738 -35.84452 142.5839 44.69944 -46.76304 127.3635 44.70658 -45.4213 125.9495 41.12181 -52.21479 132.7362 46.33976 -51.75881 132.5239 45.56889 -55.79397 114.1801 45.53448 -54.03549 113.3574 41.05725 -32.35374 133.6042 44.13803 -32.43801 134.1427 44.70658 -45.4213 125.9495 41.61508 -45.2569 125.4617 42.15811 -62.92834 117.1677 47.36317 -62.3385 117.1437 47.37461 -67.73434 82.96047 47.32021 -65.90964 82.30841 45.53448 -54.03549 113.3574 42.43624 -53.81008 112.9566 44.03966 -75.11124 85.32399 49.24213 -74.51803 85.3082 48.73086 -78.8078 48.53855 48.65813 -76.94542 48.00399 47.32021 -65.90964 82.30841 44.21456 -65.65335 81.98683 45.46408 -86.30263 50.53469 50.66526 -85.72194 50.47966 49.36431 -88.34337 10.00057 49.28091 -86.38166 9.920941 48.65813 -76.94542 48.00399 45.54442 -76.65465 47.78964 46.13628 -96.16478 10.44973 51.3367 -95.58713 10.41069 46.35926 51.78085 139.3969 46.31925 43.43871 139.0821 46.32358 45.04789 138.6083 46.3412 51.79666 138.8019 46.16358 -86.05791 9.827992 49.28091 -86.38166 9.920941 46.1453 40.45735 140.9819 45.00678 51.51817 148.4107 45.1958 -17.03737 146.4381 46.27598 -16.51887 139.3426 45.52738 -35.84452 142.5839 46.53125 -33.16292 135.9621 44.07889 -33.15898 135.9522 46.53125 -33.16292 135.9621 44.69944 -46.76304 127.3635 47.15193 -46.7704 127.3713 45.56889 -55.79397 114.1801 48.02147 -55.80363 114.1846 47.37461 -67.73434 82.96047 49.8275 -67.74436 82.96405 48.73086 -78.8078 48.53855 51.18412 -78.81803 48.54149 49.36431 -88.34337 10.00057 51.81774 -88.35391 10.00203 46.33976 -51.75881 132.5239 47.15193 -46.7704 127.3713 47.36317 -62.3385 117.1437 48.02147 -55.80363 114.1846 49.24213 -74.51803 85.3082 49.8275 -67.74436 82.96405 50.66526 -85.72194 50.47966 51.18412 -78.81803 48.54149 51.3367 -95.58713 10.41069 51.81774 -88.35391 10.00203 46.31925 43.43871 139.0821 46.35926 51.78085 139.3969 42.43624 -53.81008 112.9566 42.15811 -62.92834 117.1677 44.21456 -65.65335 81.98683 44.03966 -75.11124 85.32399 45.54442 -76.65465 47.78964 45.46408 -86.30263 50.53469 46.16358 -86.05791 9.827992 46.13628 -96.16478 10.44973 43.88427 43.42494 139.0817 46.31925 43.43871 139.0821 39.76777 51.49843 148.7983 45.00678 51.51817 148.4107 40.82719 -16.3635 136.8415 39.95852 -17.08611 146.825 43.88427 43.42494 139.0817 57.17174 -115.8541 10.6932 57.17024 -112.8483 10.79305 37.1718 -112.8555 10.79306 37.1718 -115.8541 10.6932 57.17024 -92.45787 10.79202 57.17024 -112.8483 10.79305 57.17024 -112.8484 9.543049 57.17024 -92.51462 9.542019 37.1718 -78.58415 9.959843 37.1718 -92.45787 10.79202 57.17024 -92.45787 10.79202 57.17024 -78.58415 9.959843 37.1718 -92.51461 9.542019 37.1718 -92.45787 10.79202 37.1718 -78.58415 9.959843 37.1718 -78.86981 8.734799 57.17024 -78.86981 8.734799 57.17024 -92.51462 9.542019 37.1718 -92.51461 9.542019 37.1718 -78.86981 8.734799 37.1718 -65.9028 3.881954 57.17024 -65.9028 3.881954 57.17024 -66.67014 2.886662 37.1718 -66.67014 2.886662 37.1718 -56.87408 -6.740459 57.17022 -56.87408 -6.740459 57.17021 -57.9869 -7.327183 37.1718 -57.9869 -7.327183 57.17 -53.42023 -20.29375 37.1718 -53.42023 -20.29375 57.17 -54.67011 -20.37494 37.1718 -54.67011 -20.37494 57.17024 -78.86981 8.734799 57.17024 -78.58415 9.959843 37.1718 -115.8541 9.6432 57.17174 -115.8541 9.6432 57.17174 -115.8541 10.6932 37.1718 -115.8541 10.6932 57.17024 -112.8484 9.543049 37.1718 -112.8555 9.543057 57.17024 -66.67014 2.886662 57.17024 -65.9028 3.881954 57.17021 -57.9869 -7.327183 57.17022 -56.87408 -6.740459 57.17 -54.67011 -20.37494 57.17 -53.42023 -20.29375 57.17021 -53.49242 -38.43164 37.1718 -53.49241 -38.43163 57.17021 -54.54241 -38.43325 57.17021 -53.49242 -38.43164 57.17174 -115.8541 10.6932 57.17174 -115.8541 9.6432 57.17174 -115.8541 9.6432 37.1718 -115.8541 9.6432 46.02694 -87.09803 29.84887 -46.59151 -87.09799 29.84887 -46.69096 -88.87236 22.63286 46.12639 -88.87239 22.63286 36.78267 -92.80486 15.50953 36.40208 -93.21456 15.68422 36.47388 -101.0707 -20.68821 36.84977 -100.6492 -20.80901 -46.54852 -89.13159 32.88382 -46.59151 -87.09799 29.84887 46.02694 -87.09803 29.84887 45.98395 -89.13162 32.88382 -46.30827 -86.36768 43.05026 -46.54852 -89.13159 32.88382 45.98395 -89.13162 32.88382 45.7437 -86.36771 43.05026 40.06957 -92.42839 19.30118 40.16028 -92.07852 18.85125 46.15889 -92.07852 18.85125 46.15481 -92.42815 19.30233 -36.96665 -93.21454 15.68422 36.40208 -93.21456 15.68422 -37.34724 -92.80484 15.50954 -37.41434 -100.6492 -20.80901 -37.03846 -101.0707 -20.68821 -36.96665 -93.21454 15.68422 46.13796 -92.10715 20.77916 46.12639 -88.87239 22.63286 -46.69096 -88.87236 22.63286 -46.70253 -92.10712 20.77916 45.70615 -85.2439 44.45961 -46.27071 -85.24387 44.45961 -36.96665 -93.21454 15.68422 -40.63414 -92.42836 19.30118 -40.72485 -92.07849 18.85125 -37.34724 -92.80484 15.50954 -46.11778 -76.47617 47.94203 -46.12244 -76.24658 48.88474 45.55789 -76.24662 48.88473 45.55323 -76.4762 47.94203 45.55789 -76.24662 48.88473 -46.12244 -76.24658 48.88474 -46.27071 -85.24387 44.45961 45.70615 -85.2439 44.45961 -37.03846 -101.0707 -20.68821 36.47388 -101.0707 -20.68821 -46.71937 -92.42812 19.30233 -46.72346 -92.07849 18.85125 57.60192 49.29037 -12.99576 56.58408 49.90631 -13.24435 54.35892 41.76031 -45.24487 53.3454 42.45953 -45.23522 56.26077 43.27191 -28.01691 57.28754 42.68833 -27.55271 54.9614 -53.43677 -36.04256 55.95836 -52.78588 -36.04265 55.57574 -53.43677 -20.26422 54.95269 58.48097 27.38838 56.70415 58.40642 26.69062 55.77291 59.09206 26.26833 54.02145 59.16661 26.9661 55.19557 36.78113 27.38799 56.95093 37.1232 26.66854 -28.81225 -104.3167 116.0531 -28.81225 -104.3167 112.1518 -12.94989 -104.3167 112.1518 -12.94989 -104.3167 116.0531 -32.54249 -97.28939 112.1518 -12.94989 -97.28939 112.1518 -12.94989 -104.3167 112.1518 -28.81225 -104.3167 112.1518 31.97802 -97.28939 112.1518 22.45632 -97.28939 112.1518 22.45632 -97.28939 116.0531 31.97802 -97.28939 116.0531 31.97802 -97.28939 116.0531 22.45632 -97.28939 116.0531 22.45632 -104.3167 116.0531 28.24778 -104.3167 116.0531 -28.81225 -104.3167 116.0531 -32.54249 -97.28939 116.0531 -38.08094 -101.6841 116.0531 -32.22446 -105.7094 116.0531 -32.54249 -97.28939 112.1518 -28.81225 -104.3167 112.1518 -32.22446 -105.7094 112.1518 -38.08094 -101.6841 112.1518 -32.22446 -105.7094 116.0531 -32.22446 -105.7094 112.1518 -34.63767 -126.2486 112.1518 -34.63767 -126.2486 116.0531 -40.14204 -119.4333 116.0531 -40.14204 -119.4333 112.1518 -40.14204 -119.4333 112.1518 -40.84914 -109.2755 112.1518 -33.76366 -109.2755 112.1518 -33.21674 -113.1585 112.1518 -33.21674 -113.1585 112.1518 -33.76366 -109.2755 112.1518 -33.76366 -109.2755 116.0531 -33.21674 -113.1585 116.0531 -30.16842 -115.7035 112.1518 -30.16842 -115.7035 116.0531 -34.63767 -126.2486 112.1518 -40.14204 -119.4333 112.1518 -33.21674 -113.1585 112.1518 -30.16842 -115.7035 112.1518 -40.84914 -109.2755 116.0531 -40.84914 -109.2755 112.1518 -32.54249 -97.28939 116.0531 -32.54249 -97.28939 112.1518 -38.08094 -101.6841 112.1518 -38.08094 -101.6841 116.0531 -40.14204 -119.4333 116.0531 -33.21674 -113.1585 116.0531 -33.76366 -109.2755 116.0531 -40.84914 -109.2755 116.0531 -34.63767 -126.2486 116.0531 -30.16842 -115.7035 116.0531 -33.21674 -113.1585 116.0531 -40.14204 -119.4333 116.0531 -38.08094 -101.6841 112.1518 -32.22446 -105.7094 112.1518 -33.76366 -109.2755 112.1518 -40.84914 -109.2755 112.1518 -32.22446 -105.7094 116.0531 -38.08094 -101.6841 116.0531 -40.84914 -109.2755 116.0531 -33.76366 -109.2755 116.0531 28.24778 -104.3167 112.1518 31.97802 -97.28939 112.1518 37.51646 -101.6841 112.1518 31.65998 -105.7094 112.1518 31.97802 -97.28939 116.0531 28.24778 -104.3167 116.0531 31.65998 -105.7094 116.0531 37.51646 -101.6841 116.0531 28.24778 -104.3167 116.0531 28.24778 -104.3167 112.1518 31.65998 -105.7094 112.1518 31.65998 -105.7094 116.0531 34.0732 -126.2486 116.0531 34.0732 -126.2486 112.1518 39.57756 -119.4333 112.1518 39.57756 -119.4333 116.0531 39.57756 -119.4333 116.0531 40.28466 -109.2755 116.0531 33.19918 -109.2755 116.0531 32.65226 -113.1585 116.0531 32.65226 -113.1585 116.0531 33.19918 -109.2755 116.0531 33.19918 -109.2755 112.1518 32.65226 -113.1585 112.1518 29.60394 -115.7035 116.0531 29.60394 -115.7035 112.1518 34.0732 -126.2486 116.0531 39.57756 -119.4333 116.0531 32.65226 -113.1585 116.0531 29.60394 -115.7035 116.0531 40.28466 -109.2755 112.1518 40.28466 -109.2755 116.0531 37.51646 -101.6841 116.0531 37.51646 -101.6841 112.1518 39.57756 -119.4333 112.1518 32.65226 -113.1585 112.1518 33.19918 -109.2755 112.1518 40.28466 -109.2755 112.1518 34.0732 -126.2486 112.1518 29.60394 -115.7035 112.1518 22.45632 -104.3167 116.0531 22.45632 -104.3167 112.1518 -12.94989 -97.28939 112.1518 -12.94989 -97.28939 116.0531 -32.54249 -97.28939 134.1412 31.97802 -97.28939 134.1412 28.24778 -104.3167 134.1412 -28.81225 -104.3167 134.1412 22.45632 -104.3167 116.0531 22.45632 -97.28939 116.0531 22.45632 -97.28939 112.1518 22.45632 -104.3167 112.1518 25.34583 -120.1289 -41.31175 20.59057 -120.1289 -41.31175 20.59057 -119.1111 -42.32954 25.34583 -119.1111 -42.32954 25.34583 -127.6525 -41.31175 25.34583 -126.6347 -40.29397 20.59057 -126.6347 -40.29397 20.59057 -127.6525 -41.31175 20.59057 -127.6525 -41.31175 20.59057 -126.6347 -40.29397 20.59057 -125.6169 -41.31176 20.59057 -126.6347 -42.32954 20.59057 -126.6347 -42.32954 20.59057 -125.6169 -41.31176 25.34583 -125.6169 -41.31176 25.34583 -126.6347 -42.32954 25.34583 -127.6525 -41.31175 20.59057 -127.6525 -41.31175 20.59057 -126.6347 -42.32954 25.34583 -126.6347 -42.32954 20.59057 -119.1111 -42.32954 20.59057 -118.0933 -41.31176 25.34583 -118.0933 -41.31176 25.34583 -119.1111 -42.32954 20.59057 -120.1289 -41.31175 20.59057 -119.1111 -40.29397 20.59057 -118.0933 -41.31176 20.59057 -119.1111 -42.32954 20.59057 -126.6347 -40.29397 25.34583 -126.6347 -40.29397 25.34583 -125.6169 -41.31176 20.59057 -125.6169 -41.31176 25.34583 -120.1289 -41.31175 25.34583 -119.1111 -40.29397 20.59057 -119.1111 -40.29397 20.59057 -120.1289 -41.31175 20.59057 -119.1111 -40.29397 25.34583 -119.1111 -40.29397 25.34583 -118.0933 -41.31176 20.59057 -118.0933 -41.31176 20.59057 -119.1111 -20.85132 25.34583 -119.1111 -20.85132 25.34583 -118.0933 -21.8691 20.59057 -118.0933 -21.8691 25.34583 -120.1289 -21.8691 25.34583 -119.1111 -20.85132 20.59057 -119.1111 -20.85132 20.59057 -120.1289 -21.8691 27.12712 -117.6449 -24.40866 25.2022 -117.6449 -24.40866 25.2022 -116.1787 -21.8691 27.12712 -116.1787 -21.8691 27.12712 -122.0435 -21.8691 25.2022 -122.0435 -21.8691 25.2022 -120.5773 -24.40866 27.12712 -120.5773 -24.40866 25.34583 -127.6525 -21.8691 20.59057 -127.6525 -21.8691 20.59057 -126.6347 -22.88689 25.34583 -126.6347 -22.88689 27.12712 -129.5671 -21.8691 25.2022 -129.5671 -21.8691 25.2022 -128.1009 -24.40866 27.12712 -128.1009 -24.40866 27.12712 -128.1009 -24.40866 25.2022 -128.1009 -24.40866 25.2022 -125.1685 -24.40866 27.12712 -125.1685 -24.40866 27.12712 -125.1685 -24.40866 25.2022 -125.1685 -24.40866 25.2022 -123.7023 -21.8691 27.12712 -123.7023 -21.8691 25.2022 -125.1685 -19.32954 27.12712 -125.1685 -19.32954 27.12712 -125.1685 -19.32954 25.2022 -125.1685 -19.32954 25.2022 -128.1009 -19.32954 27.12712 -128.1009 -19.32954 27.12712 -128.1009 -19.32954 25.2022 -128.1009 -19.32954 25.2022 -117.6449 -19.32954 27.12712 -117.6449 -19.32954 20.59057 -126.6347 -20.85132 25.34583 -126.6347 -20.85132 25.34583 -125.6169 -21.8691 20.59057 -125.6169 -21.8691 20.59057 -120.1289 -21.8691 20.59057 -119.1111 -20.85132 20.59057 -118.0933 -21.8691 20.59057 -119.1111 -22.88689 27.12712 -120.5773 -24.40866 25.2022 -120.5773 -24.40866 25.2022 -117.6449 -24.40866 27.12712 -117.6449 -24.40866 20.59057 -119.1111 -22.88689 20.59057 -118.0933 -21.8691 25.34583 -118.0933 -21.8691 25.34583 -119.1111 -22.88689 20.59057 -127.6525 -21.8691 20.59057 -126.6347 -20.85132 20.59057 -125.6169 -21.8691 20.59057 -126.6347 -22.88689 27.12712 -117.6449 -19.32954 25.2022 -117.6449 -19.32954 25.2022 -120.5773 -19.32954 27.12712 -120.5773 -19.32954 25.34583 -120.1289 -21.8691 20.59057 -120.1289 -21.8691 20.59057 -119.1111 -22.88689 25.34583 -119.1111 -22.88689 27.12712 -120.5773 -19.32954 25.2022 -120.5773 -19.32954 20.59057 -126.6347 -22.88689 20.59057 -125.6169 -21.8691 25.34583 -125.6169 -21.8691 25.34583 -126.6347 -22.88689 25.34583 -127.6525 -21.8691 25.34583 -126.6347 -20.85132 20.59057 -126.6347 -20.85132 20.59057 -127.6525 -21.8691 26.39261 42.0861 -45.4958 26.39261 42.0861 -45.4958 26.39261 42.83727 -27.6991 56.6305 42.83727 -27.69911 53.56013 42.08609 -45.49581 26.39262 49.49769 -13.02383 57.02999 49.49769 -13.02385 26.39263 76.48854 -4.360241 54.36069 76.48854 -4.360249 26.39262 59.10751 -4.321499 56.93044 59.10751 -4.321506 56.93044 59.10751 -4.321506 -54.12463 42.08613 -45.49577 -57.19498 42.8373 -27.69906 -26.9571 42.83729 -27.69908 -26.95711 42.08611 -45.49578 -57.59446 49.49773 -13.0238 -26.95709 49.49771 -13.02381 -57.49489 59.10754 -4.321461 -26.95709 59.10754 -4.321476 36.95516 -101.045 -45.4958 36.95516 -104.9984 -41.06605 -37.51975 -104.9984 -41.06602 -37.51975 -101.0449 -45.49577 -37.51975 -104.9984 -41.06602 36.95516 -104.9984 -41.06605 36.95518 -94.06113 9.803242 -37.51972 -94.0611 9.803273 -27.29602 92.57489 34.29012 -27.29603 92.57489 12.27825 26.73155 92.57488 12.27822 26.73156 92.57488 34.2901 -25.25888 -100.7978 130.0579 -12.73063 -100.7978 130.0578 -12.73063 -98.96377 125.63 -25.25888 -98.96377 125.63 -25.25888 -109.6535 121.2022 -12.73063 -109.6535 121.2022 -12.73063 -111.4876 125.63 -25.25888 -111.4876 125.63 -25.25888 -109.6535 130.0578 -12.73063 -109.6535 130.0578 -12.73063 -105.2257 131.8919 -25.25888 -105.2257 131.8919 -25.25888 -100.7978 121.2022 -12.73063 -100.7978 121.2022 -12.73063 -105.2257 119.3681 -25.25888 -105.2257 119.3681 -25.25888 -105.2257 131.8919 -12.73063 -105.2257 131.8919 -12.73063 -100.7978 130.0578 -25.25888 -100.7978 130.0579 -12.73063 -109.6535 130.0578 -25.25888 -109.6535 130.0578 -12.73063 -109.6535 121.2022 -25.25888 -109.6535 121.2022 -12.73063 -100.7978 121.2022 -25.25888 -100.7978 121.2022 -25.84668 -42.4225 80.89887 -26.02771 -42.77038 82.3857 -27.53958 -42.51932 82.26035 -27.35855 -42.17143 80.77353 -25.24918 -39.88896 81.34685 -25.84668 -42.4225 80.89887 -27.35855 -42.17143 80.77353 -27.17464 -39.56921 81.18724 -29.03291 -55.05746 78.55724 -28.60651 -55.32484 79.01898 -26.77717 -42.64397 82.01129 -27.20357 -42.3766 81.54955 -27.37409 -62.72401 58.08689 -28.12661 -62.99178 58.1719 -28.44148 -66.24432 53.24172 -25.86619 -65.32793 52.9508 -27.48908 -37.59753 80.9365 -27.57042 -38.75999 80.75266 -27.93206 -39.45494 83.72281 -27.87305 -38.33538 84.09001 -24.28245 -38.13002 81.20233 -27.48908 -37.59753 80.9365 -27.87305 -38.33538 84.09001 -24.66642 -38.86788 84.35585 -27.87305 -38.33538 84.09001 -27.93206 -39.45494 83.72281 -24.91193 -39.95647 83.97319 -24.66642 -38.86788 84.35585 -24.28245 -38.13002 81.20233 -24.55029 -39.26152 81.00305 -27.57042 -38.75999 80.75266 -27.48908 -37.59753 80.9365 -24.66642 -38.86788 84.35585 -24.91193 -39.95647 83.97319 -24.55029 -39.26152 81.00305 -24.28245 -38.13002 81.20233 -25.47974 -40.33201 83.24047 -26.02771 -42.77038 82.3857 -25.84668 -42.4225 80.89887 -25.24918 -39.88896 81.34685 -27.17464 -39.56921 81.18724 -27.35855 -42.17143 80.77353 -27.53958 -42.51932 82.26035 -27.4052 -40.01227 83.08084 -25.24918 -39.88896 81.34685 -27.17464 -39.56921 81.18724 -27.93206 -39.45494 83.72281 -27.4052 -40.01227 83.08084 -25.47974 -40.33201 83.24047 -24.91193 -39.95647 83.97319 -28.07868 -55.20005 78.60381 -28.50509 -54.93265 78.14208 -26.67576 -42.25178 81.13437 -26.24935 -42.51918 81.59613 -28.50509 -54.93265 78.14208 -26.67576 -42.25178 81.13437 -27.4052 -40.01227 83.08084 -27.53958 -42.51932 82.26035 -26.02771 -42.77038 82.3857 -25.47974 -40.33201 83.24047 -27.17464 -39.56921 81.18724 -27.4052 -40.01227 83.08084 -25.24918 -39.88896 81.34685 -24.55029 -39.26152 81.00305 -21.678 -56.37791 74.82395 -21.13345 -55.98369 74.70316 -20.92486 -53.04337 77.69181 -21.45016 -53.1362 78.11843 -28.61317 -61.74325 57.79762 -27.86064 -61.47547 57.7126 -27.5313 -61.05519 51.66992 -30.10659 -61.97158 51.96086 -28.68944 -57.36741 75.23201 -27.98767 -62.17934 57.30667 -28.53404 -62.58005 57.39287 -29.23581 -57.76814 75.31818 -28.82673 -58.29219 75.4749 -29.23581 -57.76814 75.31818 -28.28037 -57.89147 75.38872 -27.5786 -62.70338 57.46337 -27.98767 -62.17934 57.30667 -28.68944 -57.36741 75.23201 -28.53404 -62.58005 57.39287 -28.12496 -63.10411 57.54953 -29.03291 -55.05746 78.55724 -28.50509 -54.93265 78.14208 -28.82673 -58.29219 75.4749 -28.12496 -63.10411 57.54953 -27.5786 -62.70338 57.46337 -28.28037 -57.89147 75.38872 -27.2411 -61.96585 57.85725 -27.37409 -62.72401 58.08689 -25.86619 -65.32793 52.9508 -25.4111 -62.73337 52.16488 -28.60651 -55.32484 79.01898 -26.77717 -42.64397 82.01129 -28.74615 -62.5014 58.02727 -30.56167 -64.56613 52.74676 -28.74615 -62.5014 58.02727 -28.61317 -61.74325 57.79762 -30.10659 -61.97158 51.96086 -30.56167 -64.56613 52.74676 -27.2411 -61.96585 57.85725 -25.4111 -62.73337 52.16488 -13.68397 -58.27638 75.58023 -13.21923 -57.79204 75.45394 -13.1983 -55.09177 78.66788 -13.66305 -55.29962 79.12322 42.92474 -98.87111 19.19102 44.78444 -99.35485 16.0064 44.78444 -85.41481 13.88887 42.92474 -84.93108 17.0735 37.34556 -99.35485 16.0064 39.20527 -98.87111 19.19102 39.20527 -84.93108 17.0735 37.34556 -85.41483 13.88886 43.20064 -106.1239 14.97834 43.20064 -108.67 14.97833 34.97868 -108.67 14.97833 34.97868 -106.1239 14.97834 43.20064 -108.67 19.38837 43.20064 -106.1239 19.38837 34.97868 -106.1239 19.38837 34.97868 -108.67 19.38837 40.17745 -106.3569 15.52094 39.28991 -106.126 17.04079 39.28991 -99.47316 16.0302 40.17745 -99.70403 14.51035 42.84011 -106.126 17.04079 41.95256 -106.3569 15.52094 41.95256 -99.70403 14.51035 42.84011 -99.47315 16.03021 39.20527 -99.83861 12.82179 39.20527 -85.89856 10.70425 39.20527 -98.87111 19.19102 42.92474 -98.87111 19.19102 42.92474 -84.93108 17.0735 39.20527 -84.93108 17.0735 43.20064 -109.943 17.18335 43.20064 -108.67 19.38837 34.97868 -108.67 19.38837 34.97868 -109.943 17.18335 41.95256 -105.8952 18.56065 41.95256 -99.24229 17.55007 41.95256 -106.3569 15.52094 40.17745 -106.3569 15.52094 40.17745 -99.70403 14.51035 41.95256 -99.70403 14.51035 42.92474 -99.83861 12.82179 39.20527 -99.83861 12.82179 39.20527 -85.89856 10.70425 42.92474 -85.89856 10.70425 42.92474 -99.83861 12.82179 42.92474 -85.89856 10.70425 43.20064 -106.1239 19.38837 43.20064 -104.8508 17.18335 34.97868 -104.8508 17.18335 34.97868 -106.1239 19.38837 43.20064 -106.1239 14.97834 34.97868 -106.1239 14.97834 43.20064 -108.67 14.97833 34.97868 -108.67 14.97833 40.17745 -105.8952 18.56065 41.95256 -105.8952 18.56065 41.95256 -99.24229 17.55007 40.17745 -99.24229 17.55007 40.17745 -105.8952 18.56065 40.17745 -99.24229 17.55007 -25.91674 -125.6148 -21.8691 -21.16148 -125.6148 -21.8691 -21.16148 -126.6326 -22.88689 -25.91674 -126.6326 -22.88689 -27.69803 -117.6428 -19.32954 -25.77311 -117.6428 -19.32954 -25.77311 -116.1766 -21.8691 -27.69803 -116.1766 -21.8691 -21.16148 -119.109 -20.85132 -25.91674 -119.109 -20.85132 -25.91674 -120.1268 -21.8691 -21.16148 -120.1268 -21.8691 -27.69803 -120.5752 -19.32954 -25.77311 -120.5752 -19.32954 -25.77311 -117.6428 -19.32954 -27.69803 -117.6428 -19.32954 -27.69803 -122.0414 -21.8691 -25.77311 -122.0414 -21.8691 -25.77311 -120.5752 -19.32954 -27.69803 -120.5752 -19.32954 -25.91674 -118.0912 -21.8691 -25.91674 -119.109 -20.85132 -21.16148 -119.109 -20.85132 -21.16148 -118.0912 -21.8691 -27.69803 -120.5752 -24.40866 -25.77311 -120.5752 -24.40866 -21.16148 -118.0912 -21.8691 -21.16148 -119.109 -20.85132 -21.16148 -120.1268 -21.8691 -21.16148 -119.109 -22.88689 -27.69803 -117.6428 -24.40866 -25.77311 -117.6428 -24.40866 -25.77311 -120.5752 -24.40866 -27.69803 -120.5752 -24.40866 -25.77311 -117.6428 -24.40866 -27.69803 -117.6428 -24.40866 -25.91674 -118.0912 -21.8691 -21.16148 -118.0912 -21.8691 -21.16148 -119.109 -22.88689 -25.91674 -119.109 -22.88689 -27.69803 -123.7002 -21.8691 -25.77311 -123.7002 -21.8691 -25.77311 -125.1664 -24.40866 -27.69803 -125.1664 -24.40866 -21.16148 -126.6326 -22.88689 -21.16148 -127.6504 -21.8691 -25.91674 -127.6504 -21.8691 -25.91674 -126.6326 -22.88689 -27.69803 -125.1664 -24.40866 -25.77311 -125.1664 -24.40866 -25.77311 -128.0988 -24.40866 -27.69803 -128.0988 -24.40866 -21.16148 -125.6148 -21.8691 -21.16148 -126.6326 -20.85132 -21.16148 -127.6504 -21.8691 -21.16148 -126.6326 -22.88689 -27.69803 -128.0988 -24.40866 -25.77311 -128.0988 -24.40866 -25.77311 -129.565 -21.8691 -27.69803 -129.565 -21.8691 -25.91674 -125.6148 -21.8691 -25.91674 -126.6326 -20.85132 -21.16148 -126.6326 -20.85132 -21.16148 -125.6148 -21.8691 -25.77311 -128.0988 -19.32954 -27.69803 -128.0988 -19.32954 -27.69803 -128.0988 -19.32954 -25.77311 -128.0988 -19.32954 -25.77311 -125.1664 -19.32954 -27.69803 -125.1664 -19.32954 -21.16148 -126.6326 -20.85132 -25.91674 -126.6326 -20.85132 -25.91674 -127.6504 -21.8691 -21.16148 -127.6504 -21.8691 -27.69803 -125.1664 -19.32954 -25.77311 -125.1664 -19.32954 -21.16148 -119.109 -22.88689 -21.16148 -120.1268 -21.8691 -25.91674 -120.1268 -21.8691 -25.91674 -119.109 -22.88689 -21.16148 -126.6326 -40.29397 -25.91674 -126.6326 -40.29397 -25.91674 -127.6504 -41.31176 -21.16148 -127.6504 -41.31176 -25.91674 -125.6148 -41.31175 -25.91674 -126.6326 -40.29397 -21.16148 -126.6326 -40.29397 -21.16148 -125.6148 -41.31175 -21.16148 -125.6148 -41.31175 -21.16148 -126.6326 -40.29397 -21.16148 -127.6504 -41.31176 -21.16148 -126.6326 -42.32954 -21.16148 -126.6326 -42.32954 -21.16148 -127.6504 -41.31176 -25.91674 -127.6504 -41.31176 -25.91674 -126.6326 -42.32954 24.05757 -113.2062 -32.81017 24.05767 -111.9009 126.1469 22.80767 -111.9009 126.1469 22.80757 -113.2062 -32.81017 24.05767 -110.9009 125.6732 24.05757 -112.2062 -30.49649 22.80757 -112.2062 -30.49649 22.80767 -110.9009 125.6732 24.05767 -111.9009 126.1469 24.05757 -113.2062 -32.81017 24.05757 -112.2062 -30.49649 24.05767 -110.9009 125.6732 22.80757 -113.2062 -32.81017 22.80767 -111.9009 126.1469 22.80767 -110.9009 125.6732 22.80757 -112.2062 -30.49649 -25.24682 -105.2257 -24.48057 -12.64763 -105.2257 -24.48057 -12.64763 -99.68981 -26.7736 -25.24682 -99.68981 -26.7736 -25.24682 -110.7615 -26.7736 -12.64763 -110.7615 -26.7736 -25.24682 -113.0545 -32.30945 -12.64763 -113.0545 -32.30945 -12.64763 -110.7615 -26.7736 -25.24682 -110.7615 -26.7736 -25.24682 -110.7615 -37.84529 -12.64763 -110.7615 -37.8453 -25.24682 -105.2257 -40.13832 -12.64763 -105.2257 -40.13832 -12.64763 -110.7615 -37.8453 -25.24682 -110.7615 -37.84529 -25.24682 -99.68981 -37.84529 -12.64763 -99.68981 -37.8453 -23.43383 -113.2061 -32.43535 -23.43373 -111.0558 126.4481 -24.68373 -111.0558 126.4481 -24.68383 -113.2061 -32.43535 -24.68373 -97.84528 115.5806 -24.68372 -98.34735 126.8393 -23.43372 -98.34736 126.8393 -23.43373 -97.84529 115.5806 -23.43373 -110.0558 126.3528 -23.43383 -112.2061 -30.47694 -24.68383 -112.2061 -30.47694 -24.68373 -110.0558 126.3528 -23.43372 -99.20224 125.6301 -24.68372 -99.20223 125.6301 -24.68373 -98.84339 115.6423 -23.43373 -98.84339 115.6423 -23.43373 -111.0558 126.4481 -23.43383 -113.2061 -32.43535 -23.43383 -112.2061 -30.47694 -23.43373 -110.0558 126.3528 -24.68383 -113.2061 -32.43535 -24.68373 -111.0558 126.4481 -24.68373 -110.0558 126.3528 -24.68383 -112.2061 -30.47694 -24.68372 -99.20223 125.6301 -24.68372 -98.34735 126.8393 -24.68373 -97.84528 115.5806 -24.68373 -98.84339 115.6423 -23.43373 -98.84339 115.6423 -23.43373 -97.84529 115.5806 -23.43372 -98.34736 126.8393 -23.43372 -99.20224 125.6301 -27.29604 88.43072 12.27822 -27.29604 88.43072 34.29009 26.73154 88.43071 34.29009 26.73154 88.4307 12.27822 -40.74836 -105.8952 18.56065 -40.74836 -99.24229 17.55007 -42.52347 -99.24229 17.55007 -42.52347 -105.8952 18.56065 -40.74836 -106.3569 15.52094 -40.74836 -99.70403 14.51035 -39.86082 -99.47316 16.0302 -39.86082 -106.126 17.04079 -40.74836 -99.24229 17.55007 -40.74836 -105.8952 18.56065 -42.52347 -106.3569 15.52094 -42.52347 -99.70403 14.51035 -40.74836 -99.70403 14.51035 -40.74836 -106.3569 15.52094 -42.52347 -105.8952 18.56065 -42.52347 -99.24229 17.55007 -43.41101 -99.47315 16.03021 -43.41101 -106.126 17.04079 -42.52347 -99.70403 14.51035 -42.52347 -106.3569 15.52094 -52.47225 81.00103 -37.16033 47.1913 81.00102 -37.16033 47.1913 77.52863 -43.1747 -52.47225 77.52863 -43.1747 -52.47225 77.52863 -43.1747 47.1913 77.52863 -43.1747 47.1913 70.58383 -43.1747 -52.47225 70.58383 -43.1747 47.1913 67.11142 -37.16033 -52.47225 67.11143 -37.16033 47.1913 70.58383 -31.14596 -52.47225 70.58383 -31.14596 47.1913 77.52863 -31.14596 -52.47225 77.52863 -31.14596 -40.39682 -91.57536 4.268581 -58.16189 -91.57536 4.268589 -40.39683 -74.66404 -0.2627754 57.17021 -54.54241 -38.43325 37.1718 -54.54241 -38.43325 -30.53799 -142.0265 -19.45724 -30.53799 -137.0422 -19.45455 -19.8469 -137.0422 -19.45455 -19.8469 -142.0265 -19.45724 -19.8469 -142.0265 -10.23822 -30.53799 -142.0265 -10.23822 -30.53799 -142.0265 -19.45724 -19.8469 -142.0265 -19.45724 -30.53799 -142.0265 -10.23822 -30.53799 -137.0422 -19.45455 -30.53799 -142.0265 -19.45724 19.27515 -142.0265 -19.45724 19.27515 -137.0422 -19.45455 29.96625 -137.0422 -19.45455 29.96625 -142.0265 -19.45724 29.96625 -142.0265 -10.23822 19.27515 -142.0265 -10.23822 19.27515 -142.0265 -19.45724 29.96625 -142.0265 -19.45724 19.27515 -142.0265 -10.23822 19.27515 -137.0422 -19.45455 19.27515 -142.0265 -19.45724 -0.2822468 107.6489 46.8805 -0.2822537 61.77881 46.91334 22.85318 61.77881 46.45758 22.85318 103.5057 46.39252 -0.2822537 61.77881 46.91334 -0.2822537 61.77881 45.9523 22.85318 61.77881 45.49655 22.85318 61.77881 46.45758 41.87564 96.90554 45.36973 40.7714 100.7752 42.68003 22.85318 107.3753 43.49227 -0.2822464 110.3232 29.52494 -23.41768 105.6588 29.52494 -23.41768 108.9979 31.08299 -0.2822537 113.7771 31.08299 -0.2822537 113.7771 31.08299 -0.2822533 111.5185 43.9539 22.85318 107.3753 43.49227 22.85318 109.5191 31.08299 43.07711 94.49822 42.69881 42.26164 97.96907 40.80767 40.7714 100.7752 42.68003 41.87564 96.90554 45.36973 43.69403 61.77881 45.42093 40.7714 100.7752 42.68003 38.09858 103.4058 31.08299 38.09858 103.4058 31.08299 42.39632 96.80461 40.53277 43.07726 93.81296 41.69563 -23.41768 102.9845 46.39252 -0.2822533 111.5185 43.9539 -23.41768 106.8541 43.49227 44.8955 61.77885 42.75001 43.69403 61.77881 45.42093 44.89565 61.77885 41.74683 43.69403 61.77881 44.4599 43.69403 61.77881 45.42093 -23.41768 61.77881 46.45758 -23.41768 61.77881 46.45758 -23.41768 61.77881 45.49655 -42.44014 96.90554 45.36973 -41.3359 100.7752 42.68003 -23.41768 108.9979 31.08299 -23.41768 106.8541 43.49227 22.85318 106.18 29.52494 22.85318 109.5191 31.08299 -43.6416 94.49822 42.69881 -42.44014 96.90554 45.36973 -41.3359 100.7752 42.68003 -42.82614 97.96907 40.80767 -44.25853 61.77881 45.42093 -38.66308 103.4058 31.08299 -41.3359 100.7752 42.68003 -38.66308 103.4058 31.08299 -42.96081 96.80461 40.53277 -43.64176 93.81296 41.69563 -45.45999 61.77885 42.75001 -44.25853 61.77881 45.42093 -45.46015 61.77885 41.74683 -44.25853 61.77881 44.4599 -44.25853 61.77881 45.42093 49.32124 48.69154 49.89119 48.69036 50.17889 69.38767 48.67496 47.77148 69.38159 49.30528 46.15043 49.89119 44.76335 47.818 69.38172 45.17984 46.20127 49.89119 49.30528 46.15043 49.89119 48.67496 47.77148 69.38159 44.74528 62.3677 69.41973 45.16112 62.09845 49.89119 45.17984 46.20127 49.89119 44.76335 47.818 69.38172 51.2114 62.3677 69.41973 51.86263 62.09845 49.89119 45.16112 62.09845 49.89119 44.74528 62.3677 69.41973 51.22936 50.17891 69.38767 51.88124 48.69155 49.89119 51.86263 62.09845 49.89119 51.2114 62.3677 69.41973 48.69036 50.17889 69.38767 49.32124 48.69154 49.89119 51.88124 48.69155 49.89119 51.22936 50.17891 69.38767 49.66361 58.59026 98.47277 49.68062 48.2399 98.4424 47.11517 48.23988 98.4424 49.68062 48.2399 98.4424 47.10058 45.71694 98.43665 48.67496 47.77148 69.38159 48.69036 50.17889 69.38767 47.11517 48.23988 98.4424 43.55534 45.75796 98.43675 47.10058 45.71694 98.43665 43.53823 58.59026 98.47277 44.74528 62.3677 69.41973 44.76335 47.818 69.38172 43.55534 45.75796 98.43675 49.66361 58.59026 98.47277 43.53823 58.59026 98.47277 46.37039 43.60121 138.7885 43.8023 43.6012 138.7885 46.35468 51.87996 139.0861 46.37039 43.60121 138.7885 40.7 51.87996 139.0861 46.35468 51.87996 139.0861 43.55534 45.75796 98.43675 40.71579 41.10986 138.7188 40.7 51.87996 139.0861 43.53823 58.59026 98.47277 43.78883 41.07543 138.7177 40.71579 41.10986 138.7188 47.11517 48.23988 98.4424 43.8023 43.6012 138.7885 43.78883 41.07543 138.7177 47.10058 45.71694 98.43665 51.96667 45.30551 37.7585 51.94807 60.61719 37.7585 45.26528 42.81522 37.7585 49.39072 42.76438 37.7585 49.30528 46.15043 49.89119 49.39072 42.76438 37.7585 49.40667 45.3055 37.7585 49.32124 48.69154 49.89119 45.16112 62.09845 49.89119 45.24656 60.61719 37.7585 45.26528 42.81522 37.7585 45.17984 46.20127 49.89119 49.40667 45.3055 37.7585 51.96667 45.30551 37.7585 45.26528 35.96877 27.47479 45.24656 60.61719 37.7585 45.24656 59.1382 27.47479 45.26528 35.96877 27.47479 45.26528 42.81522 37.7585 52.93497 45.30551 37.27808 45.26528 33.29092 25.22757 52.93497 45.30551 37.27808 52.93497 36.62949 28.05069 52.91636 59.1382 28.04676 52.91636 60.61719 37.27808 51.96667 45.30551 37.7585 52.93497 45.30551 37.27808 52.91636 60.61719 37.27808 51.94807 60.61719 37.7585 52.91636 60.61719 37.27808 52.91636 59.1382 28.04676 52.93497 36.62949 28.05069 55.75733 36.62949 28.05069 55.60764 59.1382 28.04676 52.91636 59.1382 28.04676 55.88242 33.26551 25.22757 55.88242 33.26551 24.33451 55.75733 36.62949 27.15763 55.75733 36.62949 28.05069 45.26528 33.29092 25.22757 45.26528 33.29092 24.33451 55.88242 33.26551 24.33451 55.88242 33.26551 25.22757 55.75733 36.62949 28.05069 55.75733 36.62949 27.15763 55.60764 59.1382 27.15369 55.60764 59.1382 28.04676 55.87676 89.49413 -4.492065 55.01969 92.35672 -4.490383 55.6762 59.30118 26.28094 56.56491 59.32806 -4.549095 57.50398 59.4275 -4.487884 56.60199 59.40156 26.89608 51.50298 93.2807 39.35404 52.77671 91.27059 39.97036 51.30842 90.30042 41.79015 51.89761 61.51672 41.77173 53.49057 61.23549 39.94625 56.60199 59.40156 26.89608 57.50398 59.4275 -4.487884 -0.2822239 113.452 11.3193 29.77147 106.0909 11.8499 -0.2822239 114.4226 10.31129 45.30075 61.86861 42.53963 42.95904 96.3143 42.37319 44.89614 94.90575 42.98603 42.95904 96.3143 42.37319 53.90229 92.35683 26.97454 55.01969 92.35672 -4.490383 44.97512 99.48017 -4.490349 44.97258 98.65779 -4.601807 29.60493 105.8034 -4.597691 29.60442 106.7285 -4.491772 -0.2822239 114.4016 -4.46883 -30.16429 106.916 -4.339043 -30.16365 107.1476 10.77325 53.06152 94.44954 -4.492958 52.47319 93.6884 -4.606071 55.87676 89.49413 -4.492065 57.50398 59.4275 -4.487884 56.56491 59.32806 -4.549095 54.92337 89.36162 -4.612606 56.60199 59.40156 26.89608 55.02795 89.11995 26.69831 54.14972 91.09555 27.3499 54.75787 59.56111 27.84032 54.75787 59.56111 27.84032 45.30075 61.86861 42.53963 45.47929 61.68211 41.75098 36.52245 88.58728 22.82954 40.05493 88.58444 34.46284 35.45949 103.282 15.89466 32.98682 88.5903 16.24229 35.45949 103.282 15.89466 29.77147 106.0909 11.8499 29.05837 88.59484 14.1492 32.98682 88.5903 16.24229 -0.2822239 113.4376 -4.59874 -0.2822239 114.4016 -4.46883 35.45949 103.282 15.89466 -55.32238 59.56113 27.84032 -54.05508 61.2355 39.94625 -56.44126 89.49416 -4.492065 -58.06848 59.42752 -4.487884 -57.1665 59.40158 26.89608 -52.46212 61.51674 41.77173 -45.46064 94.90578 42.98603 -47.42467 61.75653 42.89405 -45.86525 61.86862 42.53964 -43.52354 96.31432 42.37319 -55.58419 92.35672 -4.490383 -53.62601 94.44957 -4.492958 -51.87292 90.30045 41.79015 -30.1642 106.1162 -4.609695 -45.5415 98.65781 -4.601807 -45.5417 99.48023 -4.490345 -30.16429 106.916 -4.339043 29.60442 106.7285 -4.491772 -53.03769 93.68842 -4.606071 -53.62601 94.44957 -4.492958 -37.08695 88.5873 22.82956 -40.61943 88.58446 34.46284 -51.87292 90.30045 41.79015 -52.46212 61.51674 41.77173 -57.1665 59.40158 26.89608 -56.24071 59.30119 26.28094 -33.55132 88.59032 16.2423 -36.02399 103.282 15.89466 -29.62284 88.59487 14.1492 -30.33597 106.0909 11.8499 -36.02399 103.282 15.89466 -33.55132 88.59032 16.2423 -0.2822231 88.6081 13.6916 -0.2822239 113.452 11.3193 -58.06848 59.42752 -4.487884 -57.12941 59.32808 -4.549099 -55.48786 89.36164 -4.61261 -57.12941 59.32808 -4.549099 -58.06848 59.42752 -4.487884 -56.44126 89.49416 -4.492065 -54.71422 91.09558 27.3499 -55.59245 89.11995 26.69832 -57.1665 59.40158 26.89608 -55.32238 59.56113 27.84032 -45.86525 61.86862 42.53964 -46.0438 61.68213 41.75098 -30.33597 106.0909 11.8499 -51.61214 93.288 -12.61393 -51.157 92.70165 -12.55442 -53.62609 90.60833 -9.872757 -52.10393 92.5113 -9.660836 -50.66739 96.34828 -12.34632 -51.61214 93.288 -12.61393 51.53944 92.51129 -4.327457 51.53944 92.51129 -9.660836 14.0669 97.65855 -4.357777 23.02681 106.4298 -4.393669 50.1029 96.34827 -12.34632 51.09826 93.24695 -12.60565 54.35467 77.12709 -4.327476 53.85036 76.97752 -4.327476 53.83929 77.1238 -4.822681 54.35467 77.12709 -4.481167 -54.89787 77.40858 -4.327476 -54.89944 77.38787 -4.538872 -54.38506 77.37124 -4.878849 -54.41485 76.97753 -4.327476 -41.62816 -32.35374 133.6042 -40.86645 -36.0926 142.9276 -41.69272 -52.21479 132.7362 -42.18598 -45.2569 125.4617 -41.3981 -16.3635 136.8415 -44.47443 -16.37879 137.395 -44.35026 40.51346 139.0315 -40.33868 51.49843 148.7983 -45.57769 51.51817 148.4107 -45.76671 -17.03737 146.4381 -40.52943 -17.08611 146.825 -44.6498 -33.15898 135.9522 -44.39454 -16.51811 139.332 -44.47443 -16.37879 137.395 -44.70894 -32.43801 134.1427 -44.2639 40.45766 140.9712 -44.39454 -16.51811 139.332 -46.84689 -16.51887 139.3426 -46.7162 40.45735 140.9819 -46.09828 -35.84452 142.5839 -40.86645 -36.0926 142.9276 -45.27035 -46.76304 127.3635 -45.27749 -45.4213 125.9495 -46.91067 -51.75881 132.5239 -41.69272 -52.21479 132.7362 -46.1398 -55.79397 114.1801 -46.10539 -54.03549 113.3574 -41.62816 -32.35374 133.6042 -42.18598 -45.2569 125.4617 -45.27749 -45.4213 125.9495 -44.70894 -32.43801 134.1427 -47.93407 -62.3385 117.1437 -42.72902 -62.92834 117.1677 -47.94551 -67.73434 82.96047 -47.89112 -65.90964 82.30841 -43.00715 -53.81008 112.9566 -46.10539 -54.03549 113.3574 -49.81303 -74.51803 85.3082 -44.61057 -75.11124 85.32399 -49.30176 -78.8078 48.53855 -49.22903 -76.94542 48.00399 -44.78547 -65.65335 81.98683 -47.89112 -65.90964 82.30841 -51.23617 -85.72194 50.47966 -46.03498 -86.30263 50.53469 -49.93522 -88.34337 10.00057 -49.85182 -86.38166 9.920941 -46.11533 -76.65465 47.78964 -49.22903 -76.94542 48.00399 -51.9076 -95.58713 10.41069 -46.70718 -96.16478 10.44973 -46.93017 51.78085 139.3969 -46.91211 51.79666 138.8019 -46.89449 45.04788 138.6083 -46.89016 43.43871 139.0821 -46.73448 -86.05791 9.827992 -49.85182 -86.38166 9.920941 -46.7162 40.45735 140.9819 -46.84689 -16.51887 139.3426 -45.76671 -17.03737 146.4381 -45.57769 51.51817 148.4107 -46.09828 -35.84452 142.5839 -47.10216 -33.16292 135.9621 -44.6498 -33.15898 135.9522 -47.10216 -33.16292 135.9621 -45.27035 -46.76304 127.3635 -47.72283 -46.7704 127.3713 -46.1398 -55.79397 114.1801 -48.59238 -55.80363 114.1846 -47.94551 -67.73434 82.96047 -50.39841 -67.74436 82.96405 -49.30176 -78.8078 48.53855 -51.75502 -78.81803 48.54149 -49.93522 -88.34337 10.00057 -52.38864 -88.35391 10.00203 -46.91067 -51.75881 132.5239 -47.72283 -46.7704 127.3713 -47.93407 -62.3385 117.1437 -48.59238 -55.80363 114.1846 -49.81303 -74.51803 85.3082 -50.39841 -67.74436 82.96405 -51.23617 -85.72194 50.47966 -51.75502 -78.81803 48.54149 -51.9076 -95.58713 10.41069 -52.38864 -88.35391 10.00203 -46.93017 51.78085 139.3969 -46.89016 43.43871 139.0821 -42.72902 -62.92834 117.1677 -43.00715 -53.81008 112.9566 -44.61057 -75.11124 85.32399 -44.78547 -65.65335 81.98683 -46.03498 -86.30263 50.53469 -46.11533 -76.65465 47.78964 -46.73448 -86.05791 9.827992 -46.70718 -96.16478 10.44973 -46.89016 43.43871 139.0821 -44.45518 43.42494 139.0817 -45.57769 51.51817 148.4107 -40.33868 51.49843 148.7983 -41.3981 -16.3635 136.8415 -40.52943 -17.08611 146.825 -44.45518 43.42494 139.0817 -43.77155 -104.8508 17.18335 -35.54959 -104.8508 17.18335 -35.54959 -106.1239 14.97834 -43.77155 -106.1239 14.97834 -43.77155 -106.1239 14.97834 -35.54959 -106.1239 14.97834 -35.54959 -108.67 14.97833 -43.77155 -108.67 14.97833 -43.77155 -108.67 14.97833 -35.54959 -108.67 14.97833 -35.54959 -109.943 17.18335 -43.77155 -109.943 17.18335 -35.54959 -108.67 19.38837 -43.77155 -108.67 19.38837 -43.77155 -108.67 19.38837 -35.54959 -108.67 19.38837 -35.54959 -106.1239 19.38837 -43.77155 -106.1239 19.38837 -43.77155 -106.1239 19.38837 -35.54959 -106.1239 19.38837 -39.77618 -98.87111 19.19102 -39.77618 -84.93108 17.0735 -43.49565 -84.93108 17.0735 -43.49565 -98.87111 19.19102 -39.77618 -99.83861 12.82179 -39.77618 -85.89856 10.70425 -37.91647 -85.41483 13.88886 -37.91647 -99.35485 16.0064 -39.77618 -84.93108 17.0735 -39.77618 -98.87111 19.19102 -43.49565 -99.83861 12.82179 -43.49565 -85.89856 10.70425 -39.77618 -85.89856 10.70425 -39.77618 -99.83861 12.82179 -43.49565 -98.87111 19.19102 -43.49565 -84.93108 17.0735 -45.35535 -85.41481 13.88887 -45.35535 -99.35485 16.0064 -43.49565 -85.89856 10.70425 -43.49565 -99.83861 12.82179 36.40208 -93.21456 15.68422 36.78267 -92.80486 15.50953 -34.74326 -130.3738 -51.52377 -34.74326 -130.3738 139.8029 -34.74326 -115.3699 139.8029 -34.74326 -115.3699 -51.5238 -34.74326 -115.3699 -51.5238 -34.74326 -115.3699 139.8029 -29.76941 -115.3699 139.8029 -29.76941 -115.3699 -51.5238 -29.76941 -115.3699 -51.5238 -29.76941 -115.3699 139.8029 -29.76941 -130.3738 139.8029 -29.76941 -130.3738 -51.52377 -29.76941 -130.3738 -51.52377 -29.76941 -130.3738 139.8029 -34.74326 -130.3738 139.8029 -34.74326 -130.3738 -51.52377 -29.76941 -115.3699 139.8029 -34.74326 -115.3699 139.8029 -34.74326 -130.3738 139.8029 -29.76941 -130.3738 139.8029 -28.77149 -115.3699 -51.5238 -28.77149 -115.3699 139.8029 -24.77804 -115.3699 139.8029 -24.77804 -115.3699 -51.5238 -24.77804 -128.4158 -51.52378 -24.77804 -128.4158 139.8029 -24.77804 -130.3738 139.8029 -24.77804 -130.3738 -51.52377 -27.76191 -117.3279 139.8029 -28.77149 -115.3699 139.8029 -28.77149 -130.3738 139.8029 -27.76191 -128.4158 139.8029 -24.77804 -115.3699 -51.5238 -24.77804 -115.3699 139.8029 -24.77804 -117.3279 139.8029 -24.77804 -117.3279 -51.52379 -27.76191 -117.3279 -51.52379 -24.77804 -117.3279 -51.52379 -24.77804 -117.3279 139.8029 -27.76191 -117.3279 139.8029 -28.77149 -130.3738 -51.52377 -28.77149 -130.3738 139.8029 -28.77149 -115.3699 139.8029 -28.77149 -115.3699 -51.5238 -24.77804 -115.3699 139.8029 -28.77149 -115.3699 139.8029 -27.76191 -117.3279 139.8029 -24.77804 -117.3279 139.8029 -24.77804 -128.4158 139.8029 -27.76191 -128.4158 139.8029 -28.77149 -130.3738 139.8029 -24.77804 -130.3738 139.8029 -24.77804 -130.3738 -51.52377 -24.77804 -130.3738 139.8029 -28.77149 -130.3738 139.8029 -28.77149 -130.3738 -51.52377 -27.76191 -128.4158 -51.52378 -27.76191 -117.3279 -51.52379 -27.76191 -117.3279 139.8029 -27.76191 -128.4158 139.8029 -24.77804 -128.4158 -51.52378 -27.76191 -128.4158 -51.52378 -27.76191 -128.4158 139.8029 -24.77804 -128.4158 139.8029 34.17235 -130.3738 -51.52377 34.17235 -115.3699 -51.5238 34.17235 -115.3699 139.8029 34.17235 -130.3738 139.8029 34.17235 -115.3699 -51.5238 29.1985 -115.3699 -51.5238 29.1985 -115.3699 139.8029 34.17235 -115.3699 139.8029 29.1985 -115.3699 -51.5238 29.1985 -130.3738 -51.52377 29.1985 -130.3738 139.8029 29.1985 -115.3699 139.8029 29.1985 -130.3738 -51.52377 34.17235 -130.3738 -51.52377 34.17235 -130.3738 139.8029 29.1985 -130.3738 139.8029 29.1985 -115.3699 139.8029 29.1985 -130.3738 139.8029 34.17235 -130.3738 139.8029 34.17235 -115.3699 139.8029 28.20058 -115.3699 -51.5238 24.20713 -115.3699 -51.5238 24.20713 -115.3699 139.8029 28.20058 -115.3699 139.8029 24.20713 -128.4158 -51.52378 24.20713 -130.3738 -51.52377 24.20713 -130.3738 139.8029 24.20713 -128.4158 139.8029 27.191 -117.3279 139.8029 27.191 -128.4158 139.8029 28.20058 -130.3738 139.8029 28.20058 -115.3699 139.8029 24.20713 -115.3699 -51.5238 24.20713 -117.3279 -51.52379 24.20713 -117.3279 139.8029 24.20713 -115.3699 139.8029 27.191 -117.3279 -51.52379 27.191 -117.3279 139.8029 24.20713 -117.3279 139.8029 24.20713 -117.3279 -51.52379 28.20058 -130.3738 -51.52377 28.20058 -115.3699 -51.5238 28.20058 -115.3699 139.8029 28.20058 -130.3738 139.8029 24.20713 -115.3699 139.8029 24.20713 -117.3279 139.8029 27.191 -117.3279 139.8029 28.20058 -115.3699 139.8029 24.20713 -128.4158 139.8029 24.20713 -130.3738 139.8029 28.20058 -130.3738 139.8029 27.191 -128.4158 139.8029 24.20713 -130.3738 -51.52377 28.20058 -130.3738 -51.52377 28.20058 -130.3738 139.8029 24.20713 -130.3738 139.8029 27.191 -128.4158 -51.52378 27.191 -128.4158 139.8029 27.191 -117.3279 139.8029 27.191 -117.3279 -51.52379 24.20713 -128.4158 -51.52378 24.20713 -128.4158 139.8029 27.191 -128.4158 139.8029 27.191 -128.4158 -51.52378 43.31495 -83.05194 94.97493 43.31495 -83.05194 111.5362 43.31495 -76.50379 111.5362 43.31495 -76.21051 94.97493 55.28417 -76.21051 94.97493 55.28417 -76.50379 111.5362 55.28417 -83.05194 111.5362 55.28417 -83.05194 94.97493 55.28417 -83.05194 94.97493 55.28417 -83.05194 111.5362 43.31495 -83.05194 111.5362 43.31495 -83.05194 94.97493 43.31495 -83.05194 94.97493 43.31495 -76.21051 94.97493 44.70718 -76.21051 93.7453 44.70718 -83.05194 93.7453 53.89194 -83.05194 112.7659 44.70718 -83.05194 112.7659 44.70718 -76.21051 93.7453 53.89194 -76.21051 93.7453 53.89194 -83.05194 93.7453 44.70718 -83.05194 93.7453 53.89194 -76.50379 112.7659 44.70718 -76.50379 112.7659 44.70718 -83.05194 112.7659 53.89194 -83.05194 112.7659 55.28417 -76.21051 94.97493 55.28417 -83.05194 94.97493 53.89194 -83.05194 93.7453 53.89194 -76.21051 93.7453 44.70718 -83.05194 93.7453 53.89194 -83.05194 93.7453 55.28417 -83.05194 111.5362 55.28417 -76.50379 111.5362 53.89194 -76.50379 112.7659 53.89194 -83.05194 112.7659 44.99552 -72.95476 112.5421 44.70718 -76.50379 112.7659 53.89194 -76.50379 112.7659 53.6036 -72.95476 112.5421 43.31495 -76.50379 111.5362 43.31495 -83.05194 111.5362 44.70718 -83.05194 112.7659 44.70718 -76.50379 112.7659 43.31495 -76.50379 111.5362 44.70718 -76.50379 112.7659 44.99552 -72.95476 112.5421 43.69071 -71.09716 111.3125 43.31495 -76.21051 94.97493 43.69071 -71.14853 107.0685 44.99552 -71.14853 105.8389 44.70718 -76.21051 93.7453 53.89194 -76.50379 112.7659 55.28417 -76.50379 111.5362 54.90841 -71.09716 111.3125 53.6036 -72.95476 112.5421 53.89194 -76.21051 93.7453 53.6036 -71.14853 105.8389 54.90841 -71.14853 107.0685 55.28417 -76.21051 94.97493 43.31495 -76.50379 111.5362 43.69071 -71.09716 111.3125 43.69071 -71.14853 107.0685 43.31495 -76.21051 94.97493 44.70718 -76.21051 93.7453 44.99552 -71.14853 105.8389 53.6036 -71.14853 105.8389 53.89194 -76.21051 93.7453 55.28417 -76.50379 111.5362 55.28417 -76.21051 94.97493 54.90841 -71.14853 107.0685 54.90841 -71.09716 111.3125 43.69071 -71.09716 111.3125 44.99552 -72.95476 112.5421 53.6036 -72.95476 112.5421 54.90841 -71.09716 111.3125 43.69071 -71.14853 107.0685 43.69071 -71.09716 111.3125 54.90841 -71.09716 111.3125 54.90841 -71.14853 107.0685 53.6036 -71.14853 105.8389 44.99552 -71.14853 105.8389 43.69071 -71.14853 107.0685 54.90841 -71.14853 107.0685 42.90723 -74.86168 108.1772 42.90723 -77.87179 107.6313 42.90723 -79.58229 103.1862 42.90723 -77.74657 100.6802 56.30071 -74.86168 108.1772 56.30071 -77.74657 100.6802 56.30071 -70.36144 97.83832 56.30071 -67.47655 105.3353 42.36342 -67.47655 105.3353 56.30071 -67.47655 105.3353 56.30071 -70.36144 97.83832 42.36342 -70.36144 97.83832 42.90723 -70.72343 97.97762 42.90723 -77.74657 100.6802 42.36342 -77.74657 100.6802 42.36342 -70.36144 97.83832 55.75691 -67.83853 105.4746 55.75691 -74.86168 108.1772 56.30071 -74.86168 108.1772 56.30071 -67.47655 105.3353 56.30071 -77.87179 107.6313 55.75691 -77.87179 107.6313 56.30071 -79.58229 103.1862 55.75691 -79.58229 103.1862 55.75691 -77.74657 100.6802 56.30071 -77.74657 100.6802 42.36342 -79.61511 105.9152 42.90723 -79.61511 105.9152 42.90723 -77.87179 107.6313 42.36342 -77.87179 107.6313 42.36342 -67.47655 105.3353 42.36342 -74.86168 108.1772 42.90723 -74.86168 108.1772 42.90723 -67.83853 105.4746 56.30071 -70.36144 97.83832 55.75691 -70.72343 97.97762 42.36342 -77.74657 100.6802 42.36342 -74.86168 108.1772 42.36342 -67.47655 105.3353 42.36342 -70.36144 97.83832 42.36342 -77.74657 100.6802 42.36342 -79.58229 103.1862 42.36342 -77.87179 107.6313 42.36342 -74.86168 108.1772 42.90723 -79.58229 103.1862 42.36342 -79.58229 103.1862 55.75691 -79.61511 105.9152 55.75691 -79.58229 103.1862 56.30071 -79.58229 103.1862 56.30071 -79.61511 105.9152 42.36342 -77.87179 107.6313 42.90723 -77.87179 107.6313 42.90723 -79.61511 105.9152 42.36342 -79.61511 105.9152 42.36342 -79.58229 103.1862 42.90723 -79.58229 103.1862 56.30071 -79.61511 105.9152 56.30071 -77.87179 107.6313 55.75691 -77.87179 107.6313 55.75691 -79.61511 105.9152 42.90723 -67.83853 105.4746 42.90723 -74.86168 108.1772 42.90723 -77.74657 100.6802 42.90723 -70.72343 97.97762 55.75691 -67.83853 105.4746 42.90723 -67.83853 105.4746 42.90723 -70.72343 97.97762 55.75691 -70.72343 97.97762 55.75691 -74.86168 108.1772 55.75691 -67.83853 105.4746 55.75691 -70.72343 97.97762 55.75691 -77.74657 100.6802 55.75691 -77.87179 107.6313 55.75691 -74.86168 108.1772 55.75691 -77.74657 100.6802 55.75691 -79.58229 103.1862 42.81024 -73.07878 104.4286 55.85388 -73.07878 104.4286 55.85388 -74.69147 101.6354 42.81024 -74.69147 101.6354 42.81024 -74.69147 101.6354 55.85388 -74.69147 101.6354 55.85388 -77.91683 101.6354 42.81024 -77.91683 101.6354 42.81024 -77.91683 101.6354 55.85388 -77.91683 101.6354 55.85388 -79.52951 104.4286 42.81024 -79.52951 104.4286 55.85388 -77.91683 107.2219 42.81024 -77.91683 107.2219 42.81024 -77.91683 107.2219 55.85388 -77.91683 107.2219 55.85388 -74.69147 107.2219 42.81024 -74.69147 107.2219 42.81024 -74.69147 107.2219 55.85388 -74.69147 107.2219 -55.88367 -83.05194 94.97493 -55.88367 -83.05194 111.5362 -55.88367 -76.50379 111.5362 -55.88367 -76.21051 94.97493 -43.91445 -76.21051 94.97493 -43.91445 -76.50379 111.5362 -43.91445 -83.05194 111.5362 -43.91445 -83.05194 94.97493 -43.91445 -83.05194 94.97493 -43.91445 -83.05194 111.5362 -55.88367 -83.05194 111.5362 -55.88367 -83.05194 94.97493 -55.88367 -83.05194 94.97493 -55.88367 -76.21051 94.97493 -54.49145 -76.21051 93.7453 -54.49145 -83.05194 93.7453 -45.30668 -83.05194 112.7659 -54.49145 -83.05194 112.7659 -54.49145 -76.21051 93.7453 -45.30668 -76.21051 93.7453 -45.30668 -83.05194 93.7453 -54.49145 -83.05194 93.7453 -45.30668 -76.50379 112.7659 -54.49145 -76.50379 112.7659 -54.49145 -83.05194 112.7659 -45.30668 -83.05194 112.7659 -43.91445 -76.21051 94.97493 -43.91445 -83.05194 94.97493 -45.30668 -83.05194 93.7453 -45.30668 -76.21051 93.7453 -54.49145 -83.05194 93.7453 -45.30668 -83.05194 93.7453 -43.91445 -83.05194 111.5362 -43.91445 -76.50379 111.5362 -45.30668 -76.50379 112.7659 -45.30668 -83.05194 112.7659 -54.2031 -72.95476 112.5421 -54.49145 -76.50379 112.7659 -45.30668 -76.50379 112.7659 -45.59502 -72.95476 112.5421 -55.88367 -76.50379 111.5362 -55.88367 -83.05194 111.5362 -54.49145 -83.05194 112.7659 -54.49145 -76.50379 112.7659 -55.88367 -76.50379 111.5362 -54.49145 -76.50379 112.7659 -54.2031 -72.95476 112.5421 -55.50791 -71.09716 111.3125 -55.88367 -76.21051 94.97493 -55.50791 -71.14853 107.0685 -54.2031 -71.14853 105.8389 -54.49145 -76.21051 93.7453 -45.30668 -76.50379 112.7659 -43.91445 -76.50379 111.5362 -44.29021 -71.09716 111.3125 -45.59502 -72.95476 112.5421 -45.30668 -76.21051 93.7453 -45.59502 -71.14853 105.8389 -44.29021 -71.14853 107.0685 -43.91445 -76.21051 94.97493 -55.88367 -76.50379 111.5362 -55.50791 -71.09716 111.3125 -55.50791 -71.14853 107.0685 -55.88367 -76.21051 94.97493 -54.49145 -76.21051 93.7453 -54.2031 -71.14853 105.8389 -45.59502 -71.14853 105.8389 -45.30668 -76.21051 93.7453 -43.91445 -76.50379 111.5362 -43.91445 -76.21051 94.97493 -44.29021 -71.14853 107.0685 -44.29021 -71.09716 111.3125 -55.50791 -71.09716 111.3125 -54.2031 -72.95476 112.5421 -45.59502 -72.95476 112.5421 -44.29021 -71.09716 111.3125 -55.50791 -71.14853 107.0685 -55.50791 -71.09716 111.3125 -44.29021 -71.09716 111.3125 -44.29021 -71.14853 107.0685 -45.59502 -71.14853 105.8389 -54.2031 -71.14853 105.8389 -55.50791 -71.14853 107.0685 -44.29021 -71.14853 107.0685 -42.89791 -74.86168 108.1772 -42.89791 -77.74657 100.6802 -42.89791 -70.36144 97.83832 -42.89791 -67.47655 105.3353 -56.8352 -67.47655 105.3353 -42.89791 -67.47655 105.3353 -42.89791 -70.36144 97.83832 -56.8352 -70.36144 97.83832 -56.29139 -70.72343 97.97762 -56.29139 -77.74657 100.6802 -56.8352 -77.74657 100.6802 -56.8352 -70.36144 97.83832 -43.44171 -67.83853 105.4746 -43.44171 -74.86168 108.1772 -42.89791 -74.86168 108.1772 -42.89791 -67.47655 105.3353 -42.89791 -77.87179 107.6313 -43.44171 -77.87179 107.6313 -42.89791 -79.58229 103.1862 -43.44171 -79.58229 103.1862 -43.44171 -77.74657 100.6802 -42.89791 -77.74657 100.6802 -56.8352 -79.61511 105.9152 -56.29139 -79.61511 105.9152 -56.29139 -77.87179 107.6313 -56.8352 -77.87179 107.6313 -56.8352 -67.47655 105.3353 -56.8352 -74.86168 108.1772 -56.29139 -74.86168 108.1772 -56.29139 -67.83853 105.4746 -42.89791 -70.36144 97.83832 -43.44171 -70.72343 97.97762 -56.8352 -77.74657 100.6802 -56.8352 -74.86168 108.1772 -56.8352 -67.47655 105.3353 -56.8352 -70.36144 97.83832 -56.8352 -77.74657 100.6802 -56.8352 -74.86168 108.1772 -56.29139 -79.58229 103.1862 -56.8352 -79.58229 103.1862 -43.44171 -79.61511 105.9152 -43.44171 -79.58229 103.1862 -42.89791 -79.58229 103.1862 -42.89791 -79.61511 105.9152 -56.8352 -77.87179 107.6313 -56.29139 -77.87179 107.6313 -56.29139 -79.61511 105.9152 -56.8352 -79.61511 105.9152 -56.8352 -79.58229 103.1862 -56.29139 -79.58229 103.1862 -42.89791 -79.61511 105.9152 -42.89791 -77.87179 107.6313 -43.44171 -77.87179 107.6313 -43.44171 -79.61511 105.9152 -56.29139 -67.83853 105.4746 -56.29139 -74.86168 108.1772 -56.29139 -77.74657 100.6802 -56.29139 -70.72343 97.97762 -43.44171 -67.83853 105.4746 -56.29139 -67.83853 105.4746 -56.29139 -70.72343 97.97762 -43.44171 -70.72343 97.97762 -43.44171 -74.86168 108.1772 -43.44171 -67.83853 105.4746 -43.44171 -70.72343 97.97762 -43.44171 -77.74657 100.6802 -42.89791 -77.74657 100.6802 -42.89791 -74.86168 108.1772 43.6164 36.08636 26.82242 55.77291 59.09206 26.26833 56.70415 58.40642 26.69062 34.15655 -126.9388 2.132694 34.15655 -126.9388 22.81437 34.15655 -115.3168 22.81437 34.15655 -115.3168 0.4751473 34.15655 -115.3168 22.81437 34.99516 -115.5299 22.81437 36.94165 -111.0883 22.73971 35.94404 -111.1827 22.73971 34.99516 -115.5299 0.4751473 34.99516 -115.5299 22.81437 34.99516 -126.9388 22.81437 34.99516 -126.9388 2.132694 34.99516 -126.9388 2.132694 34.99516 -126.9388 22.81437 34.15655 -126.9388 22.81437 34.15655 -126.9388 2.132694 34.15655 -115.3168 0.4751473 34.99516 -115.5299 0.4751473 34.99516 -126.9388 2.132694 34.15655 -126.9388 2.132694 34.99516 -115.5299 22.81437 34.15655 -115.3168 22.81437 34.15655 -126.9388 22.81437 34.99516 -126.9388 22.81437 35.94404 -111.1827 22.73971 36.94165 -111.0883 22.73971 36.95847 -104.0954 19.05202 36.05351 -104.0946 19.05202 34.15655 -115.3168 0.4751473 34.15655 -115.3168 22.81437 35.94404 -111.1827 22.73971 35.94404 -111.1827 -0.8492508 34.99516 -115.5299 22.81437 34.99516 -115.5299 0.4751473 36.94165 -111.0883 -0.8492508 36.94165 -111.0883 22.73971 34.99516 -115.5299 0.4751473 34.15655 -115.3168 0.4751473 35.94404 -111.1827 -0.8492508 36.94165 -111.0883 -0.8492508 36.05351 -104.0946 1.039978 36.05351 -104.0946 19.05202 36.95847 -104.0954 19.05202 36.95847 -104.0954 1.039978 35.94404 -111.1827 -0.8492508 35.94404 -111.1827 22.73971 36.05351 -104.0946 19.05202 36.05351 -104.0946 1.039978 36.94165 -111.0883 22.73971 36.94165 -111.0883 -0.8492508 36.95847 -104.0954 1.039978 36.95847 -104.0954 19.05202 36.94165 -111.0883 -0.8492508 35.94404 -111.1827 -0.8492508 36.05351 -104.0946 1.039978 36.95847 -104.0954 1.039978 -34.72746 -126.9388 2.132694 -34.72746 -115.3168 0.4751473 -34.72746 -115.3168 22.81437 -34.72746 -126.9388 22.81437 -34.72746 -115.3168 22.81437 -36.51495 -111.1827 22.73971 -37.51256 -111.0883 22.73971 -35.56607 -115.5299 22.81437 -35.56607 -115.5299 0.4751473 -35.56607 -126.9388 2.132694 -35.56607 -126.9388 22.81437 -35.56607 -115.5299 22.81437 -35.56607 -126.9388 2.132694 -34.72746 -126.9388 2.132694 -34.72746 -126.9388 22.81437 -35.56607 -126.9388 22.81437 -34.72746 -115.3168 0.4751473 -34.72746 -126.9388 2.132694 -35.56607 -126.9388 2.132694 -35.56607 -115.5299 0.4751473 -35.56607 -115.5299 22.81437 -35.56607 -126.9388 22.81437 -34.72746 -126.9388 22.81437 -34.72746 -115.3168 22.81437 -36.51495 -111.1827 22.73971 -36.62442 -104.0946 19.05202 -37.52938 -104.0954 19.05202 -37.51256 -111.0883 22.73971 -34.72746 -115.3168 0.4751473 -36.51495 -111.1827 -0.8492508 -36.51495 -111.1827 22.73971 -34.72746 -115.3168 22.81437 -35.56607 -115.5299 22.81437 -37.51256 -111.0883 22.73971 -37.51256 -111.0883 -0.8492508 -35.56607 -115.5299 0.4751473 -35.56607 -115.5299 0.4751473 -37.51256 -111.0883 -0.8492508 -36.51495 -111.1827 -0.8492508 -34.72746 -115.3168 0.4751473 -36.62442 -104.0946 1.039978 -37.52938 -104.0954 1.039978 -37.52938 -104.0954 19.05202 -36.62442 -104.0946 19.05202 -36.51495 -111.1827 -0.8492508 -36.62442 -104.0946 1.039978 -36.62442 -104.0946 19.05202 -36.51495 -111.1827 22.73971 -37.51256 -111.0883 22.73971 -37.52938 -104.0954 19.05202 -37.52938 -104.0954 1.039978 -37.51256 -111.0883 -0.8492508 -37.51256 -111.0883 -0.8492508 -37.52938 -104.0954 1.039978 -36.62442 -104.0946 1.039978 -36.51495 -111.1827 -0.8492508 -14.16359 -55.1073 78.70014 -13.66305 -55.29962 79.12322 -13.69097 -42.47912 82.07936 -14.19151 -42.2868 81.65628 -12.97479 -62.03797 57.81007 -12.97479 -62.80788 58.03912 -11.2912 -65.13125 52.82366 -11.2912 -62.49647 52.03978 -12.97479 -62.80788 58.03912 -13.67044 -63.19284 58.15364 -13.67182 -66.44864 53.21559 -11.2912 -65.13125 52.82366 -13.67182 -61.17908 51.64786 -13.67043 -61.65302 57.69554 -12.97479 -62.03797 57.81007 -11.2912 -62.49647 52.03978 -14.18451 -57.82686 75.46225 -13.69885 -54.89944 78.2448 -13.71977 -57.34252 75.33597 -14.36608 -62.80788 58.03912 -16.05245 -65.13125 52.82366 -14.36608 -62.80788 58.03912 -14.36608 -62.03797 57.81007 -16.05245 -62.49647 52.03978 -16.05245 -65.13125 52.82366 -14.36608 -62.03797 57.81007 -16.05245 -62.49647 52.03978 -14.18451 -57.82686 75.46225 -14.16997 -62.52677 57.49357 -13.66943 -62.9763 57.61153 -13.68397 -58.27638 75.58023 -13.70523 -62.04244 57.36724 -14.16997 -62.52677 57.49357 -13.66305 -55.29962 79.12322 -14.16359 -55.1073 78.70014 -13.21923 -57.79204 75.45394 -13.20469 -62.49195 57.48523 -13.70523 -62.04244 57.36724 -13.71977 -57.34252 75.33597 -13.66943 -62.9763 57.61153 -13.20469 -62.49195 57.48523 -28.07868 -55.20005 78.60381 -28.60651 -55.32484 79.01898 -13.69885 -54.89944 78.2448 -13.1983 -55.09177 78.66788 -13.22622 -42.27127 81.62403 -13.69097 -42.47912 82.07936 -13.69885 -54.89944 78.2448 -13.72676 -42.07894 81.20095 -13.72676 -42.07894 81.20095 -12.69261 -39.98152 83.22154 -12.90294 -42.47987 82.39057 -12.90294 -42.11267 80.89736 -12.69261 -39.51386 81.31986 -12.69261 -39.51386 81.31986 -12.90294 -42.11267 80.89736 -14.44063 -42.11267 80.89736 -14.65095 -39.51386 81.31986 -15.20764 -39.51542 83.90944 -14.65095 -39.98152 83.22154 -12.69261 -39.98152 83.22154 -12.13592 -39.51542 83.90944 -14.65095 -39.98152 83.22154 -14.44063 -42.47987 82.39057 -12.90294 -42.47987 82.39057 -12.69261 -39.98152 83.22154 -15.20764 -38.78189 80.92659 -14.65095 -39.51386 81.31986 -14.65095 -39.98152 83.22154 -15.20764 -39.51542 83.90944 -12.90294 -42.11267 80.89736 -12.90294 -42.47987 82.39057 -14.44063 -42.47987 82.39057 -14.44063 -42.11267 80.89736 -12.13592 -39.51542 83.90944 -12.69261 -39.98152 83.22154 -12.69261 -39.51386 81.31986 -12.13592 -38.78189 80.92659 -12.13592 -38.78189 80.92659 -12.69261 -39.51386 81.31986 -14.65095 -39.51386 81.31986 -15.20764 -38.78189 80.92659 -14.65095 -39.51386 81.31986 -14.44063 -42.11267 80.89736 -14.44063 -42.47987 82.39057 -14.65095 -39.98152 83.22154 -12.04109 -37.62108 81.1144 -15.30248 -37.62108 81.1144 -12.04109 -38.3999 84.28142 -12.04109 -37.62108 81.1144 -15.30248 -37.62108 81.1144 -15.30248 -38.3999 84.28142 -15.30248 -38.3999 84.28142 -15.20764 -39.51542 83.90944 -12.13592 -39.51542 83.90944 -12.04109 -38.3999 84.28142 -12.04109 -37.62108 81.1144 -15.30248 -37.62108 81.1144 -15.30248 -38.3999 84.28142 -12.04109 -38.3999 84.28142 -21.8798 -52.90786 77.63904 -21.45016 -53.1362 78.11843 -19.64949 -40.2513 80.07845 -20.07913 -40.02296 79.59906 -20.23108 -61.76989 57.52467 -20.37178 -62.50723 57.8106 -18.69029 -65.51593 52.95736 -18.20878 -62.99261 51.97885 -20.37178 -62.50723 57.8106 -21.12676 -62.76929 57.89159 -21.27397 -66.41275 53.23453 -18.69029 -65.51593 52.95736 -20.31094 -61.3661 51.27751 -20.84535 -61.29461 57.31973 -20.23108 -61.76989 57.52467 -18.20878 -62.99261 51.97885 -22.08965 -55.86929 74.62804 -21.8798 -52.90786 77.63904 -21.35451 -52.81503 77.21247 -21.54511 -55.47508 74.50727 -21.74103 -62.29401 57.68664 -23.37613 -64.78624 52.53319 -21.74103 -62.29401 57.68664 -21.60033 -61.55667 57.40073 -22.89462 -62.26293 51.55467 -23.37613 -64.78624 52.53319 -21.60033 -61.55667 57.40073 -22.89462 -62.26293 51.55467 -22.08965 -55.86929 74.62804 -21.46153 -62.09595 57.14099 -21.04987 -62.60457 57.33685 -21.678 -56.37791 74.82395 -20.91699 -61.70174 57.02016 -21.46153 -62.09595 57.14099 -21.13345 -55.98369 74.70316 -20.50533 -62.21036 57.21605 -20.91699 -61.70174 57.02016 -21.54511 -55.47508 74.50727 -21.04987 -62.60457 57.33685 -20.50533 -62.21036 57.21605 -21.35451 -52.81503 77.21247 -20.92486 -53.04337 77.69181 -21.45016 -53.1362 78.11843 -19.12419 -40.15848 79.65186 -19.64949 -40.2513 80.07845 -19.55384 -39.93014 79.17249 -21.35451 -52.81503 77.21247 -19.55384 -39.93014 79.17249 -18.35385 -37.8446 81.11209 -18.89772 -40.34511 80.45777 -18.72537 -40.1166 78.94692 -18.13436 -37.55356 79.18795 -18.13436 -37.55356 79.18795 -18.72537 -40.1166 78.94692 -20.23871 -39.88094 78.80994 -20.06169 -37.25344 79.01349 -20.80673 -36.93922 81.53582 -20.28119 -37.54447 80.93762 -18.35385 -37.8446 81.11209 -17.78366 -37.40998 81.80947 -20.28119 -37.54447 80.93762 -20.41106 -40.10946 80.32076 -18.89772 -40.34511 80.45777 -18.35385 -37.8446 81.11209 -20.46244 -36.48273 78.51778 -20.06169 -37.25344 79.01349 -20.28119 -37.54447 80.93762 -20.80673 -36.93922 81.53582 -18.72537 -40.1166 78.94692 -18.89772 -40.34511 80.45777 -20.41106 -40.10946 80.32076 -20.23871 -39.88094 78.80994 -18.13436 -37.55356 79.18795 -17.43937 -36.95349 78.79143 -17.43937 -36.95349 78.79143 -18.13436 -37.55356 79.18795 -20.06169 -37.25344 79.01349 -20.46244 -36.48273 78.51778 -20.06169 -37.25344 79.01349 -20.23871 -39.88094 78.80994 -20.41106 -40.10946 80.32076 -20.28119 -37.54447 80.93762 -17.17444 -35.80888 78.89826 -20.38418 -35.30905 78.60771 -17.53998 -36.29356 82.10265 -17.78366 -37.40998 81.80947 -17.43937 -36.95349 78.79143 -17.17444 -35.80888 78.89826 -20.38418 -35.30905 78.60771 -20.74972 -35.79373 81.81212 -20.74972 -35.79373 81.81212 -20.80673 -36.93922 81.53582 -17.78366 -37.40998 81.80947 -17.53998 -36.29356 82.10265 -17.17444 -35.80888 78.89826 -20.38418 -35.30905 78.60771 -20.74972 -35.79373 81.81212 -17.53998 -36.29356 82.10265 -25.91674 -118.0912 -41.31175 -21.16148 -118.0912 -41.31175 -21.16148 -119.109 -42.32954 -25.91674 -119.109 -42.32954 -21.16148 -119.109 -42.32954 -21.16148 -120.1268 -41.31176 -25.91674 -120.1268 -41.31176 -25.91674 -119.109 -42.32954 -21.16148 -118.0912 -41.31175 -21.16148 -119.109 -40.29397 -21.16148 -120.1268 -41.31176 -21.16148 -119.109 -42.32954 -25.91674 -118.0912 -41.31175 -25.91674 -119.109 -40.29397 -21.16148 -119.109 -40.29397 -21.16148 -118.0912 -41.31175 -21.16148 -119.109 -40.29397 -25.91674 -119.109 -40.29397 -25.91674 -120.1268 -41.31176 -21.16148 -120.1268 -41.31176 -25.91674 -125.6148 -41.31175 -21.16148 -125.6148 -41.31175 -21.16148 -126.6326 -42.32954 -25.91674 -126.6326 -42.32954 31.65998 -105.7094 134.1412 37.51646 -101.6841 134.1412 40.28466 -109.2755 134.1412 33.19918 -109.2755 134.1412 31.97802 -97.28939 138.0426 -32.54249 -97.28939 138.0426 -28.81225 -104.3167 138.0426 28.24778 -104.3167 138.0426 37.51646 -101.6841 138.0426 31.65998 -105.7094 138.0426 33.19918 -109.2755 138.0426 40.28466 -109.2755 138.0426 31.65998 -105.7094 138.0426 31.65998 -105.7094 134.1412 33.19918 -109.2755 134.1412 33.19918 -109.2755 138.0426 31.97802 -97.28939 134.1412 -32.54249 -97.28939 134.1412 -32.54249 -97.28939 138.0426 31.97802 -97.28939 138.0426 37.51646 -101.6841 134.1412 37.51646 -101.6841 138.0426 40.28466 -109.2755 138.0426 40.28466 -109.2755 134.1412 -28.81225 -104.3167 138.0426 -28.81225 -104.3167 134.1412 28.24778 -104.3167 134.1412 28.24778 -104.3167 138.0426 22.45632 -97.28939 112.1518 22.45632 -104.3167 112.1518 34.0732 -126.2486 134.1412 29.60394 -115.7035 134.1412 32.65226 -113.1585 134.1412 39.57756 -119.4333 134.1412 39.57756 -119.4333 134.1412 32.65226 -113.1585 134.1412 33.19918 -109.2755 134.1412 40.28466 -109.2755 134.1412 39.57756 -119.4333 138.0426 39.57756 -119.4333 134.1412 34.0732 -126.2486 138.0426 39.57756 -119.4333 138.0426 32.65226 -113.1585 138.0426 29.60394 -115.7035 138.0426 29.60394 -115.7035 138.0426 32.65226 -113.1585 138.0426 32.65226 -113.1585 134.1412 29.60394 -115.7035 134.1412 39.57756 -119.4333 138.0426 40.28466 -109.2755 138.0426 33.19918 -109.2755 138.0426 32.65226 -113.1585 138.0426 34.0732 -126.2486 138.0426 34.0732 -126.2486 134.1412 31.65998 -105.7094 138.0426 37.51646 -101.6841 138.0426 28.24778 -104.3167 134.1412 31.97802 -97.28939 134.1412 37.51646 -101.6841 134.1412 31.65998 -105.7094 134.1412 -32.22446 -105.7094 138.0426 -38.08094 -101.6841 138.0426 -40.84914 -109.2755 138.0426 -33.76366 -109.2755 138.0426 37.51646 -101.6841 116.0531 31.65998 -105.7094 116.0531 33.19918 -109.2755 116.0531 40.28466 -109.2755 116.0531 -38.08094 -101.6841 134.1412 -32.22446 -105.7094 134.1412 -33.76366 -109.2755 134.1412 -40.84914 -109.2755 134.1412 -32.22446 -105.7094 134.1412 -32.22446 -105.7094 138.0426 -33.76366 -109.2755 138.0426 -33.76366 -109.2755 134.1412 -12.94989 -97.28939 116.0531 -32.54249 -97.28939 116.0531 -28.81225 -104.3167 116.0531 -12.94989 -104.3167 116.0531 -38.08094 -101.6841 138.0426 -38.08094 -101.6841 134.1412 -40.84914 -109.2755 134.1412 -40.84914 -109.2755 138.0426 -34.63767 -126.2486 138.0426 -30.16842 -115.7035 138.0426 -33.21674 -113.1585 138.0426 -40.14204 -119.4333 138.0426 -40.14204 -119.4333 138.0426 -33.21674 -113.1585 138.0426 -33.76366 -109.2755 138.0426 -40.84914 -109.2755 138.0426 -40.14204 -119.4333 134.1412 -40.14204 -119.4333 138.0426 -34.63767 -126.2486 134.1412 -40.14204 -119.4333 134.1412 -33.21674 -113.1585 134.1412 -30.16842 -115.7035 134.1412 -30.16842 -115.7035 134.1412 -33.21674 -113.1585 134.1412 -33.21674 -113.1585 138.0426 -30.16842 -115.7035 138.0426 -40.14204 -119.4333 134.1412 -40.84914 -109.2755 134.1412 -33.76366 -109.2755 134.1412 -33.21674 -113.1585 134.1412 -34.63767 -126.2486 134.1412 -34.63767 -126.2486 138.0426 -32.54249 -97.28939 134.1412 -28.81225 -104.3167 134.1412 -32.22446 -105.7094 134.1412 -38.08094 -101.6841 134.1412 -28.81225 -104.3167 138.0426 -32.54249 -97.28939 138.0426 -38.08094 -101.6841 138.0426 -32.22446 -105.7094 138.0426 -12.94989 -104.3167 112.1518 -12.94989 -97.28939 112.1518 -12.94989 -97.28939 116.0531 -12.94989 -104.3167 116.0531 27.73903 -103.1829 115.9829 27.73903 -103.1829 123.0503 24.97543 -103.1829 123.0503 24.97543 -103.1829 115.9829 24.97543 -103.1829 128.1963 27.73903 -103.1829 128.1963 27.73903 -103.1829 134.3222 24.97543 -103.1829 134.3222 27.73903 -103.1829 128.1963 24.97543 -103.1829 128.1963 24.97543 -106.0921 128.1963 27.73903 -106.0921 128.1963 27.73903 -98.4232 134.3222 24.97543 -98.4232 134.3222 24.97543 -103.1829 134.3222 27.73903 -103.1829 134.3222 24.97543 -107.776 125.6233 27.73903 -107.776 125.6233 27.73903 -106.0921 128.1963 24.97543 -106.0921 128.1963 24.97543 -103.1829 123.0503 27.73903 -103.1829 123.0503 27.73903 -106.0921 123.0503 24.97543 -106.0921 123.0503 24.97543 -106.0921 123.0503 24.97543 -107.776 125.6233 24.97543 -107.776 125.6233 24.97543 -106.0921 128.1963 27.73903 -106.0921 123.0503 24.97543 -106.0921 123.0503 27.73903 -106.0921 123.0503 27.73903 -103.1829 123.0503 27.73903 -98.4232 115.9829 27.73903 -98.4232 134.3222 27.73903 -103.1829 128.1963 27.73903 -98.4232 115.9829 24.97543 -98.4232 115.9829 24.97543 -98.4232 134.3222 27.73903 -98.4232 134.3222 22.20546 -98.23847 125.63 24.65983 -98.23847 125.63 24.65983 -100.285 120.6893 22.20546 -100.285 120.6893 22.20546 -100.285 120.6893 24.65983 -100.285 120.6893 24.65983 -105.2257 118.6428 22.20546 -105.2257 118.6428 24.65983 -110.1664 120.6893 22.20546 -110.1664 120.6893 22.20546 -110.1664 120.6893 24.65983 -110.1664 120.6893 24.65983 -112.2129 125.63 22.20546 -112.2129 125.63 24.65983 -110.1664 130.5707 22.20546 -110.1664 130.5707 22.20546 -110.1664 130.5707 24.65983 -110.1664 130.5707 24.65983 -105.2257 132.6172 22.20546 -105.2257 132.6172 22.20546 -105.2257 132.6172 24.65983 -105.2257 132.6172 24.65983 -100.285 130.5707 22.20546 -100.285 130.5707 22.20546 -100.285 130.5707 24.65983 -100.285 130.5707 -45.6466 53.72985 148.8749 -40.18619 51.52101 148.8634 39.62167 51.52101 148.8634 45.08208 53.72985 148.8749 39.62167 51.52101 148.8634 41.25168 51.65317 138.6031 46.71209 51.65317 138.6031 45.08208 51.52101 148.8634 45.94934 55.26874 143.8811 -46.51387 55.26874 143.8811 -45.6466 53.72985 148.8749 45.08208 53.72985 148.8749 41.25168 44.27206 138.6031 -41.81621 44.27206 138.6031 46.71209 53.57227 138.8739 45.08208 53.72985 148.8749 45.08208 51.52101 148.8634 46.71209 51.65317 138.6031 46.71209 54.29005 139.346 -47.27661 54.29005 139.346 -40.18619 51.52101 148.8634 -40.18619 44.01125 148.6333 39.62167 44.01125 148.6333 39.62167 51.52101 148.8634 45.08208 53.72985 148.8749 46.71209 53.57227 138.8739 46.71209 54.29005 139.346 45.94934 55.26874 143.8811 -41.81621 44.27206 138.6031 41.25168 44.27206 138.6031 39.62167 44.01125 148.6333 -40.18619 44.01125 148.6333 -40.18619 51.52101 148.8634 -45.6466 51.52101 148.8634 -47.27661 51.65317 138.6031 -41.81621 51.65317 138.6031 -47.27661 53.57227 138.8739 -47.27661 51.65317 138.6031 -45.6466 51.52101 148.8634 -45.6466 53.72985 148.8749 -45.6466 53.72985 148.8749 -46.51387 55.26874 143.8811 -47.27661 54.29005 139.346 -47.27661 53.57227 138.8739 31.53658 -51.2078 138.6061 31.53658 -51.20773 137.0221 41.44577 -51.26069 131.2134 41.44577 -51.26077 132.7973 39.88949 -22.24774 145.8457 -40.45413 -22.24774 145.8457 39.88949 -4.360537 145.3455 -40.45413 -4.360537 145.3455 -40.45413 44.06873 146.572 39.88949 44.06873 146.572 39.88949 -21.94852 144.1678 -40.45413 -21.94852 144.1678 -32.10122 -51.2078 138.6061 -42.01041 -51.26077 132.7973 -42.01041 -51.26069 131.2134 -32.10122 -51.20773 137.0221 39.88949 -4.360537 147.0499 -40.45413 -4.360537 147.0499 31.53658 -51.2078 138.6061 -32.10122 -51.2078 138.6061 -32.10122 -51.20773 137.0221 31.53658 -51.20773 137.0221 39.88949 44.06873 148.2764 -40.45413 44.06873 148.2764 -8.580144 -99.68981 -37.84529 18.43054 -99.68981 -37.8453 18.43054 -105.2257 -40.13832 -8.580144 -105.2257 -40.13832 18.43054 -110.7615 -37.8453 -8.580144 -110.7615 -37.84529 -8.580144 -110.7615 -37.84529 18.43054 -110.7615 -37.8453 18.43053 -113.0545 -32.30945 -8.580144 -113.0545 -32.30945 18.43054 -110.7615 -26.7736 -8.580144 -110.7615 -26.7736 -8.580144 -110.7615 -26.7736 18.43054 -110.7615 -26.7736 18.43054 -105.2257 -24.48057 -8.580144 -105.2257 -24.48057 18.43054 -99.68981 -26.7736 -8.580144 -99.68981 -26.7736 -57.14859 49.90631 -13.24435 -58.16643 49.29037 -12.99576 -54.92343 41.76031 -45.24487 -57.85205 42.68833 -27.55271 -56.82528 43.27191 -28.01691 -53.9099 42.45953 -45.23522 -55.52591 -53.43677 -36.04256 -56.52287 -52.78588 -36.04265 -56.14025 -53.43677 -20.26422 -55.51719 58.48097 27.38838 -54.58595 59.16661 26.9661 -56.33742 59.09206 26.26833 -57.26865 58.40642 26.69062 -57.51544 37.1232 26.66854 -55.76008 36.78113 27.38799 -44.18091 36.08636 26.82242 -57.26865 58.40642 26.69062 -56.33742 59.09206 26.26833 -57.74265 -115.8541 10.6932 -37.74271 -115.8541 10.6932 -37.74271 -112.8555 10.79306 -57.74115 -112.8483 10.79305 -57.74115 -92.45787 10.79202 -57.74115 -92.51462 9.542019 -57.74115 -112.8484 9.543049 -57.74115 -112.8483 10.79305 -37.74271 -78.58415 9.959843 -57.74115 -78.58415 9.959843 -57.74115 -92.45787 10.79202 -37.74271 -92.45787 10.79202 -37.74271 -92.51461 9.542019 -37.74271 -78.86981 8.734799 -37.74271 -78.58415 9.959843 -37.74271 -92.45787 10.79202 -57.74115 -78.86981 8.734799 -37.74271 -78.86981 8.734799 -37.74271 -92.51461 9.542019 -57.74115 -92.51462 9.542019 -37.74271 -65.9028 3.881954 -57.74115 -65.9028 3.881954 -57.74115 -66.67014 2.886662 -37.74271 -66.67014 2.886662 -37.74271 -56.87408 -6.740459 -57.74113 -56.87408 -6.740459 -57.74111 -57.9869 -7.327183 -37.74271 -57.9869 -7.327183 -57.74091 -53.42023 -20.29375 -37.74271 -53.42023 -20.29375 -57.74091 -54.67011 -20.37494 -37.74271 -54.67011 -20.37494 -57.74115 -78.58415 9.959843 -57.74115 -78.86981 8.734799 -37.74271 -115.8541 9.6432 -37.74271 -115.8541 10.6932 -57.74265 -115.8541 10.6932 -57.74265 -115.8541 9.6432 -37.74271 -112.8555 9.543057 -57.74115 -112.8484 9.543049 -57.74115 -65.9028 3.881954 -57.74115 -66.67014 2.886662 -57.74113 -56.87408 -6.740459 -57.74111 -57.9869 -7.327183 -57.74091 -53.42023 -20.29375 -57.74091 -54.67011 -20.37494 -37.74271 -53.49241 -38.43163 -57.74112 -53.49242 -38.43164 -57.74112 -53.49242 -38.43164 -57.74112 -54.54241 -38.43325 -57.74265 -115.8541 9.6432 -57.74265 -115.8541 10.6932 -37.74271 -115.8541 9.6432 -57.74265 -115.8541 9.6432 -57.74112 -54.54241 -38.43325 -37.74271 -54.54241 -38.43325 34.18943 -126.944 -45.46776 34.18943 -126.944 -30.8278 34.18943 -102.0315 -30.8278 34.18943 -102.0315 -45.46776 -35.77137 -126.944 -45.46776 -35.77137 -126.944 -30.8278 -35.77137 -102.0315 -30.8278 -35.77137 -102.0315 -45.46776 35.18571 -102.0315 -45.46776 35.18571 -102.0315 -30.8278 35.18571 -126.944 -30.8278 35.18571 -126.944 -45.46776 34.18943 -128.9314 -43.55786 34.18943 -128.9314 -32.7377 35.18571 -102.0315 -30.8278 34.18943 -102.0315 -30.8278 34.18943 -126.944 -30.8278 35.18571 -126.944 -30.8278 35.18571 -128.9314 -43.55786 35.18571 -128.9314 -32.7377 34.18943 -128.9314 -32.7377 34.18943 -128.9314 -43.55786 34.18943 -126.944 -45.46776 35.18571 -126.944 -45.46776 35.18571 -128.9314 -43.55786 34.18943 -128.9314 -43.55786 35.18571 -126.944 -30.8278 34.18943 -126.944 -30.8278 34.18943 -128.9314 -32.7377 35.18571 -128.9314 -32.7377 35.18571 -126.944 -45.46776 35.18571 -126.944 -30.8278 35.18571 -128.9314 -32.7377 35.18571 -128.9314 -43.55786 -34.77509 -102.0315 -45.46776 -34.77509 -102.0315 -30.8278 -34.77509 -126.944 -30.8278 -34.77509 -126.944 -45.46776 -35.77137 -128.9314 -43.55786 -35.77137 -128.9314 -32.7377 -34.77509 -102.0315 -30.8278 -35.77137 -102.0315 -30.8278 -35.77137 -126.944 -30.8278 -34.77509 -126.944 -30.8278 -34.77509 -128.9314 -43.55786 -34.77509 -128.9314 -32.7377 -35.77137 -128.9314 -32.7377 -35.77137 -128.9314 -43.55786 -35.77137 -126.944 -45.46776 -34.77509 -126.944 -45.46776 -34.77509 -128.9314 -43.55786 -35.77137 -128.9314 -43.55786 -34.77509 -126.944 -30.8278 -35.77137 -126.944 -30.8278 -35.77137 -128.9314 -32.7377 -34.77509 -128.9314 -32.7377 -34.77509 -128.9314 -32.7377 -34.77509 -128.9314 -43.55786 -55.93358 -53.40696 -19.02977 -55.93358 -53.40696 -18.11588 -56.47514 -33.34001 -18.12316 -56.47514 -33.17443 -19.02192 -56.47514 -33.17443 -19.02192 -56.47514 -33.34001 -18.12316 -56.47514 -25.54163 -15.8113 -56.47514 -25.2798 -16.68688 55.91059 -33.17443 -19.02192 55.91059 -33.34001 -18.12316 55.36902 -53.40696 -18.11588 55.36902 -53.40696 -19.02977 55.36902 -53.40696 -19.02977 55.36902 -53.40696 -18.11588 -55.93358 -53.40696 -18.11588 -55.93358 -53.40696 -19.02977 55.91059 -33.34001 -18.12316 -56.47514 -33.34001 -18.12316 -55.93358 -53.40696 -18.11588 55.36902 -53.40696 -18.11588 -56.47514 -25.54163 -15.8113 55.91059 -25.54163 -15.8113 56.12382 -5.676554 -3.328518 -56.39543 -5.676554 -3.328518 55.91059 -33.34001 -18.12316 55.91059 -33.17443 -19.02192 55.91059 -25.2798 -16.68688 55.91059 -25.54163 -15.8113 56.12382 -5.676554 -3.328518 56.12382 -5.132771 -4.063019 55.60586 18.51664 13.67485 55.60586 17.97286 14.40935 -56.47514 -25.2798 -16.68688 -56.47514 -25.54163 -15.8113 -56.39543 -5.676554 -3.328518 -56.39543 -5.132771 -4.063019 55.91059 -25.54163 -15.8113 55.91059 -25.2798 -16.68688 56.12382 -5.132771 -4.063019 56.12382 -5.676554 -3.328518 -55.87747 18.51664 13.67485 -55.87747 17.97286 14.40935 55.60586 17.97286 14.40935 55.60586 18.51664 13.67485 55.60586 17.97286 14.40935 -55.87747 17.97286 14.40935 -56.39543 -5.132771 -4.063019 -56.39543 -5.676554 -3.328518 -55.87747 17.97286 14.40935 -55.87747 18.51664 13.67485 22.24682 -99.68981 -37.84529 24.58437 -99.68981 -37.8453 24.58437 -105.2257 -40.13832 22.24682 -105.2257 -40.13832 24.58437 -110.7615 -37.8453 22.24682 -110.7615 -37.84529 22.24682 -110.7615 -37.84529 24.58437 -110.7615 -37.8453 24.58437 -113.0545 -32.30945 22.24682 -113.0545 -32.30945 24.58437 -110.7615 -26.7736 22.24682 -110.7615 -26.7736 22.24682 -110.7615 -26.7736 24.58437 -110.7615 -26.7736 24.58437 -105.2257 -24.48057 22.24682 -105.2257 -24.48057 24.58437 -99.68981 -26.7736 22.24682 -99.68981 -26.7736 51.53944 92.51129 -9.660836 50.1029 96.34827 -12.34632 45.34671 1.477402 31.32634 -23.76804 -144.4609 -43.75819 -23.76804 -144.4609 -19.52633 -23.76804 -115.4598 -19.52633 -23.76804 -115.4598 -43.75819 -23.76804 -115.4598 -43.75819 -23.76804 -115.4598 -19.52633 -21.85833 -115.4598 -19.52633 -21.85833 -115.4598 -43.75819 -21.85833 -115.4598 -43.75819 -21.85833 -115.4598 -19.52633 -21.85833 -144.4609 -19.52633 -21.85833 -144.4609 -43.75819 21.28992 -144.4609 -43.75819 21.28992 -144.4609 -19.52633 21.28992 -115.4598 -19.52633 21.28992 -115.4598 -43.75819 -21.85833 -115.4598 -19.52633 -23.76804 -115.4598 -19.52633 -23.76804 -144.4609 -19.52633 -21.85833 -144.4609 -19.52633 21.28992 -115.4598 -43.75819 21.28992 -115.4598 -19.52633 23.19962 -115.4598 -19.52633 23.19962 -115.4598 -43.75819 23.19962 -115.4598 -43.75819 23.19962 -115.4598 -19.52633 23.19962 -144.4609 -19.52633 23.19962 -144.4609 -43.75819 23.19962 -115.4598 -19.52633 21.28992 -115.4598 -19.52633 21.28992 -144.4609 -19.52633 23.19962 -144.4609 -19.52633 31.75775 19.15814 51.54769 29.87212 -12.81396 45.68717 31.70954 -6.399067 48.28214 23.90648 -13.47329 47.91228 28.37631 -10.0233 49.82505 26.25061 24.95456 67.58126 27.61402 21.84082 67.8011 31.24576 23.95281 66.5067 30.13381 26.8515 66.58396 30.14217 33.56266 81.04438 32.48957 29.28856 82.97066 27.22386 28.54361 83.47052 26.24854 31.45623 80.98258 -13.52568 19.15819 51.54772 -10.14426 -10.02334 49.82504 -10.9632 -3.936112 51.25091 -5.674446 -13.47328 47.9123 -10.14426 -10.02334 49.82504 -13.47749 -6.399083 48.28217 -12.58292 31.90823 83.30376 -11.72156 40.2042 84.38748 -9.381955 21.84083 67.80113 -8.018533 24.95457 67.58126 -11.90174 26.85151 66.58399 -13.01368 23.95283 66.50672 31.1232 -8.076648 39.7214 29.14558 -11.69359 39.72894 29.10774 -11.62442 35.22937 29.22806 26.48297 39.76509 31.30909 25.1179 39.70384 31.24374 25.06834 35.22698 -13.06834 -5.25697 39.72252 -13.07707 25.11792 39.70384 23.59219 -13.19529 39.73635 29.14558 -11.69359 39.72894 31.30909 25.1179 39.70384 -10.93216 26.48484 39.69519 -7.474777 -12.99867 39.71901 -11.76647 -10.86001 39.72531 -13.07707 25.11792 39.70384 -11.76647 -10.86001 39.72531 23.58087 36.18614 85.92961 23.32687 20.37269 49.36235 23.87307 21.10211 49.24361 23.89381 38.44058 87.03069 21.95456 -35.71834 75.01561 21.97049 -36.98593 73.2675 22.75007 -38.16852 76.71953 21.95456 -35.71834 75.01561 21.97049 -36.98593 73.2675 22.6895 -39.361 74.93541 22.6895 -39.361 74.93541 22.75007 -38.16852 76.71953 2.979209 -42.61051 74.01656 2.761504 -41.2194 76.03168 -4.433216 -38.21158 76.70862 -4.247198 -39.40021 74.9868 2.461183 -64.91133 52.71133 15.84798 -64.97864 52.75779 33.80847 -60.21817 56.06787 33.81016 -56.73294 65.64292 30.91589 -56.67588 65.70769 30.9366 -60.20346 56.06871 31.00896 -53.84553 64.70107 31.00478 -57.36996 55.02035 30.9366 -60.20346 56.06871 30.91589 -56.67588 65.70769 33.80847 -60.21817 56.06787 33.73001 -57.36085 54.9933 33.67558 -53.84533 64.61071 33.81016 -56.73294 65.64292 31.00478 -57.36996 55.02035 31.00896 -53.84553 64.70107 33.67558 -53.84533 64.61071 33.73001 -57.36085 54.9933 31.00478 -57.36996 55.02035 33.73001 -57.36085 54.9933 33.80847 -60.21817 56.06787 30.9366 -60.20346 56.06871 25.74492 -40.60937 77.14786 20.88194 -30.92965 70.50434 19.72698 -30.95762 72.50455 24.11156 -39.68509 78.49452 24.11156 -39.68509 78.49452 19.72698 -30.95762 72.50455 18.57203 -32.83415 71.81143 22.4782 -40.60937 77.14786 22.4782 -40.60937 77.14786 18.57203 -32.83415 71.81143 19.72698 -32.80618 69.81122 24.11156 -41.53364 75.8012 24.11156 -41.53364 75.8012 19.72698 -32.80618 69.81122 20.88194 -30.92965 70.50434 25.74492 -40.60937 77.14786 20.88194 -30.92965 70.50434 9.141691 -26.92018 67.75251 9.141691 -27.34259 70.02342 19.72698 -30.95762 72.50455 9.141691 -27.34259 70.02342 9.141691 -29.61355 69.60102 18.57203 -32.83415 71.81143 9.141691 -29.61355 69.60102 9.141691 -29.19114 67.3301 19.72698 -32.80618 69.81122 9.141691 -29.19114 67.3301 9.141691 -26.92018 67.75251 -2.598566 -30.92965 70.50434 -1.443608 -30.95762 72.50455 -1.443608 -30.95762 72.50455 -0.2886493 -32.83415 71.81143 -0.2886493 -32.83415 71.81143 -1.443608 -32.80618 69.81122 -1.443608 -32.80618 69.81122 -2.598566 -30.92965 70.50434 -2.598566 -30.92965 70.50434 -7.461535 -40.60937 77.14786 -5.828177 -39.68509 78.49452 -1.443608 -30.95762 72.50455 -5.828177 -39.68509 78.49452 -4.194821 -40.60937 77.14786 -0.2886493 -32.83415 71.81143 -4.194821 -40.60937 77.14786 -5.828177 -41.53364 75.8012 -1.443608 -32.80618 69.81122 -5.828177 -41.53364 75.8012 -7.461535 -40.60937 77.14786 -7.461535 -40.60937 77.14786 -2.598566 -50.28908 83.79138 -1.443608 -48.41255 84.4845 -5.828177 -39.68509 78.49452 -5.828177 -39.68509 78.49452 -1.443608 -48.41255 84.4845 -0.2886493 -48.38458 82.48429 -4.194821 -40.60937 77.14786 -4.194821 -40.60937 77.14786 -0.2886493 -48.38458 82.48429 -1.443608 -50.26111 81.79117 -5.828177 -41.53364 75.8012 -5.828177 -41.53364 75.8012 -1.443608 -50.26111 81.79117 -2.598566 -50.28908 83.79138 -7.461535 -40.60937 77.14786 9.141691 -54.29856 86.54322 9.141691 -52.02759 86.96562 -1.443608 -48.41255 84.4845 9.141691 -52.02759 86.96562 9.141691 -51.60519 84.6947 -0.2886493 -48.38458 82.48429 9.141691 -51.60519 84.6947 9.141691 -53.87616 84.2723 -1.443608 -50.26111 81.79117 9.141691 -53.87616 84.2723 9.141691 -54.29856 86.54322 -2.598566 -50.28908 83.79138 20.88194 -50.28908 83.79138 19.72698 -48.41256 84.4845 19.72698 -48.41256 84.4845 18.57202 -48.38458 82.48429 18.57202 -48.38458 82.48429 19.72698 -50.26112 81.79117 19.72698 -50.26112 81.79117 20.88194 -50.28908 83.79138 25.74492 -40.60937 77.14786 24.11156 -39.68509 78.49452 19.72698 -48.41256 84.4845 24.11156 -39.68509 78.49452 22.4782 -40.60937 77.14786 18.57202 -48.38458 82.48429 22.4782 -40.60937 77.14786 24.11156 -41.53364 75.8012 19.72698 -50.26112 81.79117 24.11156 -41.53364 75.8012 25.74492 -40.60937 77.14786 20.88194 -50.28908 83.79138 -3.670209 -37.06441 73.33017 -4.247198 -39.40021 74.9868 -4.433216 -38.21158 76.70862 -3.716332 -35.7589 75.04261 -3.670209 -37.06441 73.33017 -3.716332 -35.7589 75.04261 3.654489 -39.87681 72.07772 2.979209 -42.61051 74.01656 -4.247198 -39.40021 74.9868 -3.670209 -37.06441 73.33017 -3.716332 -35.7589 75.04261 -4.433216 -38.21158 76.70862 1.98933 -84.10041 19.82191 2.367049 -64.74967 52.69332 16.06781 -64.71997 52.68386 16.65324 -84.10111 19.83734 47.68143 -83.62833 19.77774 46.99511 -76.09787 48.96316 -47.56189 -76.0923 48.95655 -48.24596 -83.6283 19.77779 5.780995 -67.28339 18.8272 4.702088 -60.0811 15.08697 5.448789 -59.95206 16.39354 5.775443 -66.98721 19.75203 -1.782274 -67.4153 18.87662 -1.875912 -66.94695 19.74417 -1.515158 -59.89859 16.34087 -0.8894134 -60.18503 15.15732 20.12591 -67.2834 18.8272 19.04703 -60.0811 15.08698 19.79373 -59.95206 16.39354 20.12037 -66.98722 19.75202 12.56266 -67.41529 18.87662 12.46902 -66.94695 19.74416 12.82977 -59.89858 16.34087 13.45552 -60.18502 15.15732 -11.91008 33.56267 81.04441 -8.016445 31.45625 80.98258 44.23132 -37.41749 -17.67316 45.0119 -37.54141 5.709972 45.99943 -36.26108 5.710026 38.32877 -47.24112 5.709652 38.73318 -56.34235 5.709736 45.99943 -36.26108 5.710026 45.0119 -37.54141 5.709972 38.63386 -43.10974 -17.8971 39.63208 -43.71132 -8.951321 39.63694 -43.7267 5.709713 -44.79584 -37.41749 -17.67316 -46.56183 -35.3617 5.709545 -45.56912 -37.52079 5.709179 -40.19693 -43.71234 -8.944127 -38.88262 -47.2327 5.709652 -40.20501 -43.70709 5.708141 -39.30191 -56.33061 5.709728 -46.56183 -35.3617 5.709545 -45.56912 -37.52079 5.709179 -39.19839 -43.10973 -17.8971 -44.08769 -71.55025 7.722019 -42.98626 -68.39347 9.458981 -43.03987 -95.79098 -22.25235 -43.03987 -100.0066 -29.55403 47.19177 -100.0066 -29.55404 47.19177 -95.79099 -22.25236 -43.03988 -95.79099 -36.85573 47.19177 -95.79099 -36.85573 -43.03987 -87.35972 -36.85573 47.19177 -87.35973 -36.85574 -43.03987 -87.35972 -36.85573 -43.03987 -83.14408 -29.55404 47.19177 -83.14409 -29.55405 47.19177 -87.35973 -36.85574 -43.03987 -87.35972 -22.25235 47.19177 -87.35971 -22.25236 -28.30994 -103.1829 115.9829 -25.54634 -103.1829 115.9829 -25.54634 -103.1829 123.0503 -28.30994 -103.1829 123.0503 -25.54634 -103.1829 128.1963 -25.54634 -103.1829 134.3222 -28.30994 -103.1829 134.3222 -28.30994 -103.1829 128.1963 -28.30994 -103.1829 128.1963 -28.30994 -106.0921 128.1963 -25.54634 -106.0921 128.1963 -25.54634 -103.1829 128.1963 -28.30994 -98.4232 134.3222 -28.30994 -103.1829 134.3222 -25.54634 -103.1829 134.3222 -25.54634 -98.4232 134.3222 -25.54634 -107.776 125.6233 -25.54634 -106.0921 128.1963 -28.30994 -106.0921 128.1963 -28.30994 -107.776 125.6233 -25.54634 -103.1829 123.0503 -25.54634 -106.0921 123.0503 -28.30994 -106.0921 123.0503 -28.30994 -103.1829 123.0503 -25.54634 -103.1829 125.6233 -25.54634 -107.776 125.6233 -25.54634 -106.0921 123.0503 -25.54634 -106.0921 128.1963 -25.54634 -107.776 125.6233 -28.30994 -106.0921 123.0503 -25.54634 -106.0921 123.0503 -28.30994 -106.0921 123.0503 -28.30994 -98.4232 115.9829 -28.30994 -98.4232 134.3222 -25.54634 -98.4232 134.3222 -25.54634 -98.4232 115.9829 -25.54634 -98.4232 115.9829 -25.54634 -98.4232 134.3222 -25.54634 -103.1829 125.6233 -25.54634 -103.1829 123.0503 37.1718 -115.8541 10.6932 37.1718 -112.8555 9.543057 37.1718 -115.8541 9.6432 37.1718 -112.8555 10.79306 37.1718 -92.51461 9.542019 37.1718 -92.45787 10.79202 25.2022 -128.1009 -19.32954 25.2022 -128.1009 -24.40866 25.2022 -129.5671 -21.8691 25.2022 -125.1685 -19.32954 25.2022 -125.1685 -24.40866 25.2022 -123.7023 -21.8691 25.2022 -120.5773 -19.32954 25.2022 -120.5773 -24.40866 25.2022 -122.0435 -21.8691 25.2022 -117.6449 -19.32954 25.2022 -117.6449 -24.40866 25.2022 -116.1787 -21.8691 -12.73063 -109.6535 121.2022 -12.73063 -109.6535 130.0578 -12.73063 -111.4876 125.63 -12.73063 -105.2257 119.3681 -12.73063 -105.2257 131.8919 -12.73063 -100.7978 121.2022 -12.73063 -100.7978 130.0578 -12.73063 -98.96377 125.63 -25.25888 -109.6535 130.0578 -25.25888 -109.6535 121.2022 -25.25888 -111.4876 125.63 -25.25888 -105.2257 131.8919 -25.25888 -105.2257 119.3681 -25.25888 -100.7978 130.0579 -25.25888 -100.7978 121.2022 -25.25888 -98.96377 125.63 -28.12661 -62.99178 58.1719 -28.61317 -61.74325 57.79762 -28.74615 -62.5014 58.02727 -27.86064 -61.47547 57.7126 -27.37409 -62.72401 58.08689 -27.2411 -61.96585 57.85725 43.20064 -108.67 14.97833 43.20064 -108.67 19.38837 43.20064 -109.943 17.18335 43.20064 -106.1239 14.97834 43.20064 -106.1239 19.38837 43.20064 -104.8508 17.18335 34.97868 -108.67 19.38837 34.97868 -108.67 14.97833 34.97868 -109.943 17.18335 34.97868 -106.1239 19.38837 34.97868 -106.1239 14.97834 34.97868 -104.8508 17.18335 44.78444 -99.35485 16.0064 39.20527 -99.83861 12.82179 42.92474 -99.83861 12.82179 37.34556 -99.35485 16.0064 42.92474 -98.87111 19.19102 39.20527 -98.87111 19.19102 -25.77311 -120.5752 -24.40866 -25.77311 -120.5752 -19.32954 -25.77311 -122.0414 -21.8691 -25.77311 -117.6428 -24.40866 -25.77311 -117.6428 -19.32954 -25.77311 -116.1766 -21.8691 -25.77311 -128.0988 -24.40866 -25.77311 -128.0988 -19.32954 -25.77311 -129.565 -21.8691 -25.77311 -125.1664 -24.40866 -25.77311 -125.1664 -19.32954 -25.77311 -123.7002 -21.8691 -25.24682 -110.7615 -26.7736 -25.24682 -110.7615 -37.84529 -25.24682 -113.0545 -32.30945 -25.24682 -105.2257 -24.48057 -25.24682 -105.2257 -40.13832 -25.24682 -99.68981 -26.7736 -25.24682 -99.68981 -37.84529 -12.64763 -110.7615 -37.8453 -12.64763 -110.7615 -26.7736 -12.64763 -113.0545 -32.30945 -12.64763 -105.2257 -40.13832 -12.64763 -105.2257 -24.48057 -12.64763 -99.68981 -37.8453 -12.64763 -99.68981 -26.7736 55.01969 92.35672 -4.490383 -55.58419 92.35672 -4.490383 -35.54959 -108.67 14.97833 -35.54959 -108.67 19.38837 -35.54959 -109.943 17.18335 -35.54959 -106.1239 14.97834 -35.54959 -106.1239 19.38837 -35.54959 -104.8508 17.18335 -43.77155 -108.67 19.38837 -43.77155 -108.67 14.97833 -43.77155 -109.943 17.18335 -43.77155 -106.1239 19.38837 -43.77155 -106.1239 14.97834 -43.77155 -104.8508 17.18335 -37.91647 -99.35485 16.0064 -43.49565 -99.83861 12.82179 -39.77618 -99.83861 12.82179 -45.35535 -99.35485 16.0064 -39.77618 -98.87111 19.19102 -43.49565 -98.87111 19.19102 -13.67044 -63.19284 58.15364 -14.36608 -62.03797 57.81007 -14.36608 -62.80788 58.03912 -13.67043 -61.65302 57.69554 -12.97479 -62.80788 58.03912 -12.97479 -62.03797 57.81007 -21.12676 -62.76929 57.89159 -21.60033 -61.55667 57.40073 -21.74103 -62.29401 57.68664 -20.84535 -61.29461 57.31973 -20.37178 -62.50723 57.8106 -20.23108 -61.76989 57.52467 24.65983 -110.1664 120.6893 24.65983 -110.1664 130.5707 24.65983 -112.2129 125.63 24.65983 -105.2257 118.6428 24.65983 -105.2257 132.6172 24.65983 -100.285 120.6893 24.65983 -100.285 130.5707 24.65983 -98.23847 125.63 22.20546 -110.1664 130.5707 22.20546 -110.1664 120.6893 22.20546 -112.2129 125.63 22.20546 -105.2257 132.6172 22.20546 -105.2257 118.6428 22.20546 -100.285 130.5707 22.20546 -100.285 120.6893 22.20546 -98.23847 125.63 18.43054 -110.7615 -37.8453 18.43054 -110.7615 -26.7736 18.43053 -113.0545 -32.30945 18.43054 -105.2257 -40.13832 18.43054 -105.2257 -24.48057 18.43054 -99.68981 -37.8453 18.43054 -99.68981 -26.7736 -8.580144 -110.7615 -26.7736 -8.580144 -110.7615 -37.84529 -8.580144 -113.0545 -32.30945 -8.580144 -105.2257 -24.48057 -8.580144 -105.2257 -40.13832 -8.580144 -99.68981 -26.7736 -8.580144 -99.68981 -37.84529 -37.74271 -112.8555 9.543057 -37.74271 -115.8541 10.6932 -37.74271 -115.8541 9.6432 -37.74271 -112.8555 10.79306 -37.74271 -92.51461 9.542019 -37.74271 -92.45787 10.79202 24.58437 -110.7615 -37.8453 24.58437 -110.7615 -26.7736 24.58437 -113.0545 -32.30945 24.58437 -105.2257 -40.13832 24.58437 -105.2257 -24.48057 24.58437 -99.68981 -37.8453 24.58437 -99.68981 -26.7736 22.24682 -110.7615 -26.7736 22.24682 -110.7615 -37.84529 22.24682 -113.0545 -32.30945 22.24682 -105.2257 -24.48057 22.24682 -105.2257 -40.13832 22.24682 -99.68981 -26.7736 22.24682 -99.68981 -37.84529 42.52519 -68.90462 9.458973 48.95527 -83.51648 19.42404 46.01089 6.849623 5.711735 45.99915 6.28409 5.175358 -49.558 -83.51645 19.42404 -46.65572 6.849527 5.711071 -46.56367 6.284107 5.175365 12.05666 61.38396 46.84373</float_array>
          <technique_common>
            <accessor source="#Loader_car_Loader_car_Material_0-mesh-positions-array" count="5516" stride="3">
              <param name="X" type="float"/>
              <param name="Y" type="float"/>
              <param name="Z" type="float"/>
            </accessor>
          </technique_common>
        </source>
        <source id="Loader_car_Loader_car_Material_0-mesh-normals">
          <float_array id="Loader_car_Loader_car_Material_0-mesh-normals-array" count="13503">-0.483191 -0.4197919 -0.7683108 -0.3130731 -0.4050368 -0.8590288 -0.5615177 -0.2822141 -0.7778516 -0.4096574 0.77693 0.4780804 -0.483651 0.7942369 0.3677903 -0.2937847 0.7469753 0.5964214 0.04269957 0.4180712 0.9074103 -0.04269421 0.418074 0.9074092 0 0.01106834 0.9999388 -0.2938026 0.7469519 0.5964418 -0.4836517 0.7942315 0.3678005 -0.1530137 0.8324424 0.5325661 0.5318597 0.846818 -0.004950225 0.4520464 0.8919924 0.001930952 0.4830376 0.8755978 -0.001813948 0.3333103 0.9427774 0.008667945 0.4133498 0.9105187 0.009892761 0.3998442 0.9165816 0.001695573 -0.4133498 0.9105186 0.009892761 -0.3333104 0.9427773 0.008668005 -0.3998442 0.9165816 0.001695573 -0.3257053 0.4307487 0.8416482 -0.4404124 0.5636193 0.698835 -0.7783463 0.5754026 0.2511751 0.4554796 0.6831241 0.5708589 0.3647181 0.7559849 0.5435692 0.5040777 0.7853899 0.3592613 -0.5318597 0.846818 -0.00495392 -0.4765778 0.8789643 0.01719003 -0.4452786 0.8951198 0.0220834 6.71363e-4 -0.6433136 0.7656025 -0.05538177 -0.6742664 0.7364087 0 -0.6428424 0.7659986 -6.19914e-4 0.990464 -0.1377713 0 0.9912824 -0.1317552 -0.00100255 0.9890884 -0.1473196 -0.9999641 -0.006277918 0.005716502 7.5466e-4 -0.6433846 0.7655429 -0.04886227 -0.6972577 0.7151532 -0.05536299 -0.6742678 0.7364088 -0.001888036 -0.7155423 0.698567 -0.9111502 -0.01111638 0.4119247 -0.7977319 -0.06958085 0.5989845 -0.5073726 -0.2314466 0.8300635 0.9813883 0.1663285 -0.09597879 0.8690112 -0.04035621 0.4931439 0.9111374 -0.01114094 0.4119521 0.9291093 0.314388 -0.1947207 -0.3114392 -0.503979 0.8056121 -0.5448955 -0.2901639 0.786698 -0.06351989 -0.09329682 0.99361 -0.5449054 -0.2902002 0.7866778 -3.19392e-4 -0.002067744 0.9999979 -0.06352257 -0.09333205 0.9936066 -0.1604869 -0.366595 0.9164344 0.3114569 -0.504004 0.8055897 0.0930379 -0.6532954 0.7513648 0.9081631 0.004413783 -0.4185933 0.8919967 0.2319993 -0.3879669 0.9545592 0.08430433 -0.2858486 -0.9811931 0.1419084 -0.1308517 -0.9545487 0.08432036 -0.2858792 -0.9994268 -0.004842579 0.03350609 -0.2349217 -0.6261774 0.7434472 0.9111503 -0.01111638 0.4119243 0.5073906 -0.2314403 0.8300543 0.7977116 -0.06958967 0.5990106 -0.9813882 0.1663292 -0.09597837 -0.9111373 -0.0111413 0.4119523 -0.8690111 -0.0403558 0.4931443 0.5449054 -0.2902002 0.7866778 0.06352269 -0.09333205 0.9936066 3.19446e-4 -0.002067744 0.9999979 -0.9291077 0.3143932 -0.19472 0.06351953 -0.09329634 0.9936101 0.5449002 -0.2901883 0.7866859 0.3114388 -0.503979 0.8056123 -0.8920022 0.2319971 -0.3879554 -0.9081649 0.00441128 -0.4185897 0.2349216 -0.6261774 0.7434472 0.6666079 -0.2102394 -0.7151458 0.7926312 -0.03023582 -0.6089514 0.2179996 -0.2630978 -0.9398168 -0.610969 0.003650844 -0.7916462 -0.6397736 0.05383384 -0.7666758 0.02861905 -0.05330026 -0.9981684 -0.6109411 0.003690898 -0.7916676 -0.7235245 1.7562e-4 0.6902987 -0.6397547 0.05390352 -0.7666867 0.8823742 -0.2148931 0.4186128 0.9844577 0.06494921 -0.1631709 0.9996752 -0.002694666 -0.0253424 0.8525871 -0.3009924 0.4271988 0.4869877 -0.7503967 -0.4469316 0.4628372 -0.2552618 -0.8488953 0.5669683 -0.5467491 -0.616127 0.8821772 -0.09120088 0.462002 0.7709053 -0.4434828 0.4571959 0.9872918 -0.01489108 -0.1582189 0.9632405 -0.01078331 -0.2684244 0.9676961 0.0581569 -0.2453205 0.3973142 0.5856502 -0.7065093 0.4719696 0.1917639 -0.8605065 0.4668353 0.2481262 -0.8488217 0.9979569 0.03619962 -0.05264532 0.426411 0.7135569 -0.5558869 0.5156767 0.8483608 -0.1198401 0.8098528 0.5314729 -0.2483446 0.2193937 -0.5530295 0.8037566 0.3082516 -0.4387867 0.844066 0.8823726 -0.214904 0.4186106 0.8525673 -0.301016 0.4272217 0.4370169 -0.1258615 0.8906038 0.418915 -0.2854877 0.8619787 0.7709038 -0.4434747 0.4572064 0.8821802 -0.09122461 0.4619917 0.4496184 -0.862926 0.2306558 -8.43686e-4 -0.5695886 0.8219295 0 -0.5334969 0.8458021 1 0 0 1 -1.46066e-6 -1.5456e-6 0.005102634 -0.994982 -0.09992486 -0.01089602 -0.9775114 -0.2106013 -0.007764637 -0.9816235 -0.19067 0.008298456 -0.9951144 -0.09838044 1 -3.90149e-7 -3.1308e-7 1 -2.47085e-7 -3.75219e-7 -0.007844924 -0.8867058 -0.4622677 -3.02402e-7 -0.7100006 -0.7042012 -0.008140385 -0.7426495 -0.669631 -0.01950269 -0.9025276 -0.4301903 1 -5.44221e-7 -3.83913e-7 -3.01998e-7 -0.4651889 -0.8852114 -4.05527e-7 -0.4942383 -0.8693265 -6.39607e-7 0 -1 -1.47941e-6 0.004649937 -0.9999893 -3.77181e-7 0 -1 -0.001540899 0.005538225 -0.9999836 4.64725e-4 0.01308721 -0.9999144 0.008782625 0.02682745 -0.9996015 4.20054e-7 -1 -2.81569e-7 4.76215e-7 -1 2.44819e-7 1 -1.64008e-7 -4.90276e-7 1 -1.45399e-7 0 1 0 0 1 2.86677e-7 -4.29183e-7 -1 6.87856e-7 5.56385e-7 1 -2.07101e-7 -2.75123e-7 -0.9999644 -4.36035e-4 -0.008425235 -1 3.56911e-7 4.91033e-7 -1 2.06627e-7 6.76434e-7 -1 0 4.80835e-7 -1 2.97326e-7 3.92409e-7 -1 1.16849e-6 9.97805e-7 -0.00428301 -0.995098 -0.09880161 -0.008269846 -0.9952632 -0.09686487 -4.28013e-4 -0.9951019 -0.0988534 0.0250824 -0.9800218 -0.1973021 0.0332756 -0.9717907 -0.2334858 0.02493488 -0.857306 -0.514203 0.03612828 -0.8977361 -0.4390497 0.02459293 -0.7372504 -0.6751719 -0.2568712 -0.5581375 -0.7889866 -5.45814e-4 -0.1518879 -0.9883977 -8.72458e-4 -0.1659077 -0.986141 -3.31277e-7 0.3586754 -0.9334625 -1.06953e-5 0.3771739 -0.9261426 0.01320385 -0.5009315 -0.8653863 -0.3130659 -0.4050552 -0.8590229 -5.15138e-7 0.00465089 -0.9999892 0 0.003412485 -0.9999942 -0.005614101 0.02981644 -0.9995397 -1.59073e-7 0 -1 -2.80677e-7 0.00330764 -0.9999946 -8.46427e-7 0.0033077 -0.9999945 -8.24535e-7 0 -1 -4.65153e-7 0 -1 0 0.004602015 -0.9999895 -2.96717e-7 0 -1 0.01469671 0.03861707 -0.9991461 0.01902443 0.03784906 -0.9991024 -0.01902031 0.03784042 -0.9991028 -0.008637487 0.03587567 -0.999319 -4.76215e-7 -1 0 -4.20053e-7 -1 0 -1.54718e-5 -0.408756 -0.9126437 -3.68323e-7 0 -1 -4.5414e-7 0 -1 -2.01526e-5 -0.408756 -0.9126437 3.03239e-5 -0.4087561 -0.9126438 -1 6.56033e-7 4.90277e-7 -1 6.54297e-7 0 -1 1.36171e-6 4.49134e-7 -1 0 1.17656e-6 1 -2.44573e-7 -1.34972e-7 -1 0 4.52738e-7 -1 1.95659e-6 3.76697e-7 4.67493e-6 0.9956112 0.09358721 0 0.9999604 -0.00891155 0 0.9999604 -0.00891149 0.001090824 0.9998418 -0.01776027 0 -0.9999887 0.004745066 -5.25284e-6 -0.9999887 0.004745125 0 -0.9999604 0.008910059 -5.21381e-6 -0.9999603 0.008912861 0 0.9999887 -0.004773437 0 0.9999886 -0.004773437 1 -5.20618e-7 -5.26558e-7 1 3.74084e-6 -6.61646e-7 -1 -5.06936e-7 7.01452e-7 -1 -3.32825e-6 7.04765e-7 -1 0 3.31955e-7 -1 0 3.30262e-7 1 0 -3.2837e-7 1 0 -3.33906e-7 4.70805e-6 0.9956112 0.09358721 0 0.9999604 -0.00891149 0 0.9999603 -0.008909583 0.001089453 0.9998418 -0.01775848 -5.25201e-6 -0.9999887 0.004744291 0 -0.9999887 0.004744291 0 -0.9999604 0.008911073 0 -0.9999603 0.008911311 0 0.9999887 -0.004768371 0 0.9999887 -0.004768311 1 2.98682e-6 -2.6329e-7 1 -2.85377e-7 -2.64049e-7 -1 3.50917e-6 5.26097e-7 -1 1.92544e-7 5.28582e-7 -1 0 3.4414e-7 -1 7.791e-6 3.42646e-7 1 0 -3.57311e-7 1 -7.86379e-6 -3.62466e-7 -0.9221782 0.3867654 1.18799e-5 -1 0 3.46603e-7 -1 0 3.46604e-7 -0.9221597 0.3868097 -1.82463e-5 -0.9221597 0.3868097 -1.60411e-5 -0.3785718 0.9255719 -1.39205e-5 -0.3785718 0.9255719 -1.80298e-5 0 1 0 -0.3785718 0.9255719 1.28746e-5 0.3785718 0.9255719 1.39657e-5 0.3785718 0.9255719 1.80848e-5 0.3785718 0.9255719 -1.26362e-5 0.9221597 0.3868097 -1.67522e-5 0.9221597 0.3868097 -1.8798e-5 1 0 -3.46604e-7 1 0 -3.46604e-7 0.9221597 0.3868097 1.12727e-5 0 0.9238805 0.3826811 0 1 1.54755e-7 0 1 1.35411e-7 0 0.9238806 0.3826809 -9.31995e-6 0.7071043 0.7071093 9.36413e-6 0.7071044 0.7071092 0 0.3826795 0.9238812 -9.36415e-6 0.7071125 0.7071011 9.31996e-6 0.7071133 0.7071003 0 0.38268 0.9238811 0 0 1 0 0 1 0 -0.3826792 0.9238814 0 -0.3826797 0.9238812 -9.31996e-6 -0.707113 0.7071007 9.36415e-6 -0.7071138 0.7070998 0 -0.9238805 0.3826813 -9.36413e-6 -0.7071044 0.7071092 9.31995e-6 -0.7071043 0.7071093 0 -0.9238805 0.382681 0 -1 -1.54755e-7 0 -1 -1.35411e-7 0 -0.9238805 -0.3826811 0 -0.9238806 -0.3826809 -9.31995e-6 -0.7071043 -0.7071093 9.36413e-6 -0.7071044 -0.7071092 0 -0.3826795 -0.9238812 -9.36415e-6 -0.7071125 -0.7071011 9.31996e-6 -0.7071133 -0.7071003 0 -0.38268 -0.9238811 0 0 -1 0 0 -1 0 0.3826792 -0.9238814 0 0.3826797 -0.9238812 -9.31996e-6 0.707113 -0.7071007 9.36415e-6 0.7071138 -0.7070998 0 0.9238805 -0.3826813 -9.36413e-6 0.7071044 -0.7071092 9.31995e-6 0.7071043 -0.7071093 0 0.9238805 -0.382681 0 1 -1.1742e-5 0 1 1.1742e-5 0 0.9238762 0.3826916 -9.31998e-6 0.7070951 0.7071185 9.36417e-6 0.7070958 0.7071179 0 0.3826798 0.9238811 -9.36416e-6 0.7071168 0.7070969 9.31998e-6 0.7071168 0.7070968 0 0.382682 0.9238802 0 1.82805e-6 1 0 1.85706e-6 1 0 -0.3826816 0.9238804 0 -0.3826838 0.9238795 -9.31998e-6 -0.7071168 0.7070968 9.36416e-6 -0.7071168 0.7070969 0 -0.9238762 0.3826916 -9.36417e-6 -0.7070946 0.707119 9.31998e-6 -0.7070952 0.7071185 0 -0.9238808 0.3826804 0 -1 1.1742e-5 0 -1 -1.1742e-5 0 -0.9238762 -0.3826916 -9.31998e-6 -0.7070951 -0.7071185 9.36417e-6 -0.7070958 -0.7071179 0 -0.3826838 -0.9238795 -9.36416e-6 -0.7071168 -0.7070969 9.31998e-6 -0.7071168 -0.7070968 0 -0.3826816 -0.9238804 0 1.85706e-6 -1 0 1.82805e-6 -1 0 0.382682 -0.9238802 0 0.3826798 -0.9238811 -9.31998e-6 0.7071168 -0.7070968 9.36416e-6 0.7071168 -0.7070969 0 0.9238762 -0.3826916 -9.36417e-6 0.7070946 -0.707119 9.31998e-6 0.7070952 -0.7071185 0 0.9238808 -0.3826804 0 0.9272363 0.374477 0 0.990249 -0.1393091 0 0.9902485 -0.1393125 0 0.9272359 0.3744778 -1.28637e-5 0.6157824 0.7879162 1.19595e-5 0.6157824 0.7879164 0 0.1393035 0.9902498 -1.24223e-5 0.6157608 0.7879332 8.68422e-5 0.6157583 0.7879351 0 0.139302 0.9902499 0 -0.3744824 0.9272341 0 -0.3744803 0.927235 -1.23637e-5 -0.7879191 0.615779 1.24223e-5 -0.787916 0.6157828 -1.2497e-5 -0.9902487 0.1393105 -1.24224e-5 -0.7879238 0.6157727 7.13171e-6 -0.7879325 0.6157617 -1.24258e-5 -0.9902502 0.1393007 -2.87504e-6 -0.9272345 -0.3744813 0 -0.9272342 -0.374482 -1.23637e-5 -0.6157779 -0.7879198 1.24223e-5 -0.6157829 -0.7879159 0 -0.1393023 -0.9902499 -1.24223e-5 -0.6157608 -0.7879332 1.24051e-4 -0.6157583 -0.7879351 2.89981e-6 -0.1393032 -0.9902499 1.27264e-5 0.3744779 -0.9272359 1.27264e-5 0.3744756 -0.9272368 -6.57607e-6 0.7879259 -0.6157701 1.28234e-5 0.787929 -0.6157662 -1.24223e-5 0.7879363 -0.6157569 8.68421e-5 0.7879317 -0.6157627 0 0.9272344 0.3744817 0 0.9272346 0.3744811 0 0.9902501 -0.1393014 0 0.9902496 -0.1393048 1.28234e-5 0.6157786 0.7879192 -1.19871e-5 0.6157814 0.787917 0 0.1393091 0.990249 0 0.1393105 0.9902489 -1.24223e-5 0.6157639 0.7879307 1.23637e-5 0.6157615 0.7879328 0 -0.3744805 0.9272348 0 -0.3744826 0.9272339 1.24223e-5 -0.787926 0.61577 -1.23637e-5 -0.787929 0.6157662 1.19075e-5 -0.9902502 0.1393003 1.14243e-5 -0.9902487 0.1393105 -7.45022e-6 -0.7879278 0.6157677 1.28637e-5 -0.7879301 0.6157648 2.89979e-6 -0.9272349 -0.3744803 0 -0.9272373 -0.3744744 1.28234e-5 -0.6157713 -0.7879251 -1.19871e-5 -0.615771 -0.7879253 0 -0.1393091 -0.990249 0 -0.13931 -0.9902489 -1.24223e-5 -0.6157639 -0.7879307 1.23637e-5 -0.6157615 -0.7879328 0 0.374486 -0.9272326 0 0.3744817 -0.9272343 1.19595e-5 0.787918 -0.6157802 -1.28637e-5 0.7879123 -0.6157875 -1.24223e-5 0.7879309 -0.6157638 1.23637e-5 0.7879263 -0.6157696 0.9994307 -0.004992008 0.03337097 0.9811846 0.1419391 -0.130882 0.6105703 0.3461695 -0.7122995 0.5152428 0.7443239 -0.4248611 0.861657 0.348868 -0.3685629 0.6105762 0.3461657 -0.7122964 0.8616475 0.3488788 -0.3685745 0.9496484 0.0803799 -0.3028319 3.17513e-5 -1 0 3.17571e-5 -1 0 -0.6032343 0.3476071 -0.7178285 -0.861657 0.348868 -0.3685629 -0.5030016 0.7527827 -0.4246267 -3.17504e-5 -1 0 -3.17571e-5 -1 0 0.9999641 -0.006277918 0.005716502 6.19733e-4 0.990464 -0.1377713 0.00100255 0.9890885 -0.1473196 0 0.9912824 -0.1317552 0.001932799 -0.7155501 0.6985588 -7.7442e-4 -0.6434819 0.7654609 0.04886233 -0.6972604 0.7151506 0.05535566 -0.6742627 0.7364141 0 -0.6428403 0.7660003 -0.01185739 -0.005341112 0.9999154 0.5355933 0.01112753 0.8444029 0.5112274 0.1983874 0.836235 0.1224861 0.3143939 0.9413574 0.5234776 0.8514416 0.03191411 0.08389103 0.9802833 0.1789056 0.1177905 0.974556 0.1906992 -0.6602449 0.6017359 0.4494339 -0.7135313 0.5854307 0.3848951 0.2570857 0.8211866 0.5094699 0.1961055 0.9535262 0.2287583 0.9267523 0.2556608 0.2752598 0.8800899 0.1354897 0.4550654 0.8112671 0.5799262 0.07437348 -0.008631348 -0.9889177 0.1482141 0.05130338 -0.9859454 0.1589962 -0.01382523 -0.9891519 0.1462444 -0.05311179 -0.9860642 0.1576602 -0.04202854 -0.9924333 0.115368 -0.1161493 -0.9721437 0.2035829 0.08605635 -0.9818793 0.1688417 -0.713526 0.585443 0.384886 -0.9539016 0.1392012 0.2658851 -0.6602479 0.6017522 0.4494075 -0.9669058 -0.1009908 0.2342948 -0.5991149 0.3286645 0.7300966 -0.02596181 -0.9915595 0.1270269 -0.1178521 0.9745763 0.1905568 -0.08694422 0.9803524 0.1770598 -0.5237104 0.8512452 0.03330177 0.6907895 0.5908613 0.4167648 0.7087794 0.5925021 0.3828487 -0.1964849 0.8441901 0.4987353 -0.1778139 0.9513169 0.2517508 0.5150594 0.5436118 0.6627218 -0.151034 0.3035011 0.9407848 0.5504028 0.3268913 0.768244 0.8523204 0.2994109 0.4288393 0.6705527 0.6544479 0.3493669 0.5112116 0.1983871 0.8362447 -0.4875668 0.8730852 0.001018941 -0.5911031 0.806218 0.02469283 -0.8800902 0.1354911 0.455064 -0.9267628 0.2556427 0.2752412 -0.8112575 0.5799409 0.07436424 0.008631348 -0.9889178 0.1482138 0.05311119 -0.9860643 0.1576595 0.01382523 -0.989152 0.1462441 -0.05127996 -0.9859512 0.1589676 0.1161477 -0.9721446 0.2035801 0.0420283 -0.9924331 0.1153695 -0.08606028 -0.9818791 0.1688406 0.6907814 0.5908703 0.4167653 0.9538967 0.1391398 0.2659346 0.7087863 0.5925 0.3828392 0.9669058 -0.1009885 0.2342958 -0.9967045 -0.07968741 0.01517051 0.5503931 0.3269168 0.7682402 0.02596181 -0.9915595 0.1270271 0.5910744 0.8062396 0.02467525 0.4852108 0.8743972 -4.22753e-4 -0.6705551 0.6544474 0.3493628 0.2649948 0.9157961 0.30182 0.996704 -0.07968688 0.01521128 -0.6705637 0.654442 0.3493565 -0.8523077 0.2994234 0.4288557 -0.5143731 0.1975414 0.8345046 0.40964 0.7769344 0.478088 0.5104987 -0.2556973 -0.8209812 0.5514171 -0.298685 -0.7789266 0.5452609 -0.2922292 -0.7856798 0.02491581 -0.857313 -0.5141922 -0.2568778 -0.5581451 -0.788979 -0.4492778 -0.4152432 -0.7910263 -0.002053201 0.9996126 0.02775722 -0.001920521 0.9996436 0.02662783 -0.00215131 0.9995889 0.0285921 -0.6666077 -0.2102394 -0.7151458 -0.2180459 -0.2630968 -0.9398064 -0.7926311 -0.03023302 -0.6089515 0.6109665 0.003650844 -0.791648 -0.0286203 -0.05329692 -0.9981685 0.6397747 0.05383378 -0.7666748 0.6109413 0.003672301 -0.7916675 0.6397546 0.05390322 -0.7666867 0.7235246 1.75791e-4 0.6902987 0.001911103 0.9996176 0.02758622 0.001901805 0.9995908 0.02854454 0.001920521 0.9996436 0.02662783 -9.33277e-7 -0.9771856 0.2123875 1.03698e-6 -0.9771859 0.2123858 1 3.16979e-6 0 1 0 0 -1 0 0 -1 3.16979e-6 0 1 -6.33959e-6 0 -1 6.33957e-6 0 0.787692 -0.1808738 0.5889195 0.9999728 0.002385616 0.006988346 0 -0.005180954 0.9999867 -4.42378e-7 0.09336012 -0.9956324 1.0842e-5 0.3532028 -0.9355468 0 0.1397295 -0.9901897 0.02472382 -0.3341934 0.9421802 0.1186662 -0.2679222 0.9561047 0.09961491 -0.5687448 0.8164596 0 0.09335666 -0.9956328 0 0.3532019 -0.9355472 0.1645399 -0.5242142 0.8355394 0 0.3161658 -0.948704 0 0.5052368 -0.8629808 -0.08314102 0.2680995 -0.959797 -0.1186662 -0.2679224 0.9561046 -0.09961491 -0.5687447 0.8164597 -0.1645398 -0.5242149 0.8355391 -0.257229 0.008468627 -0.9663134 -0.2427041 0.3823415 -0.8915771 0.2568215 -0.00911796 0.9664159 0.325798 -0.299573 0.8967227 -0.02472382 -0.3341934 0.9421803 0 0.3161656 -0.948704 0.08314108 0.2680995 -0.959797 0.257229 0.008468985 -0.9663134 0.2427041 0.3823417 -0.891577 -0.2568214 -0.009118318 0.9664159 -0.325798 -0.299574 0.8967224 1 3.85866e-6 6.09764e-7 0.899487 -0.0975781 -0.4259128 0.9614148 -0.2101284 -0.1775608 0.3085669 0.9511547 0.00955677 0.3235368 0.8759043 0.3579323 -0.6150642 0.6138985 0.4947977 0.3235384 0.8759288 0.357871 0.3085805 0.9511499 0.009589672 -0.8557081 0.5013787 0.1279956 -0.5580168 -0.755028 -0.3443109 -0.615065 0.6138447 0.4948634 -0.8557087 0.5013778 0.1279958 -0.594738 -0.8039193 7.07e-4 -0.5580341 -0.7549914 -0.344363 -0.5946879 -0.8039563 7.40155e-4 0.9614174 -0.2101028 -0.1775766 0.8994689 -0.09751731 -0.425965 0.8968376 0.03639674 0.4408603 0.3460253 0.7187159 -0.6030871 -0.8202103 0.2909693 -0.4925363 -0.6361032 -0.6301398 0.4453052 -0.5947003 -0.8039473 6.57938e-4 -0.6360999 -0.6301263 0.445329 0.08577203 -0.9146398 0.3950662 0.9613968 -0.2101647 -0.1776153 0.89683 0.03639662 0.4408757 0.8225081 0.2904151 0.489019 0.3905866 0.4551655 -0.8001666 0.3460633 0.7186778 -0.6031107 0.3905725 0.4551386 -0.8001887 -0.5471966 0.1119356 -0.8294855 -0.8201639 0.2910232 -0.4925819 -0.820165 0.2909722 -0.4926101 -0.5471878 0.1119481 -0.8294897 -0.6124579 -0.3408898 0.7132247 0.8968361 0.03646522 0.4408576 -0.6360997 -0.6301221 0.4453352 -0.6124642 -0.3408557 0.7132356 0.8224922 0.2904458 0.4890274 0.3460512 0.7186917 -0.603101 -0.8823743 -0.2148931 0.4186127 -0.9996752 -0.002694606 -0.0253424 -0.9844577 0.06494939 -0.1631709 -0.8525869 -0.3009933 0.4271985 -0.4869897 -0.7503964 -0.4469298 -0.5670154 -0.5467425 -0.6160895 -0.4628371 -0.2552638 -0.8488947 -0.8821772 -0.09120005 0.4620021 -0.987335 -0.01508742 -0.1579309 -0.7709051 -0.4434833 0.4571959 -0.9632405 -0.01078337 -0.2684243 -0.967696 0.0581572 -0.2453205 -0.3973127 0.5856546 -0.7065066 -0.466835 0.2481285 -0.8488212 -0.4719231 0.1917653 -0.8605316 -0.9979569 0.03619945 -0.05264526 -0.4264111 0.7135569 -0.555887 -0.8098527 0.5314731 -0.2483446 -0.5156767 0.8483608 -0.1198401 -0.2194432 -0.5530207 0.8037493 -0.8823733 -0.2149049 0.4186089 -0.3080016 -0.4387525 0.844175 -0.852568 -0.3010134 0.4272223 -0.4370165 -0.1258621 0.890604 -0.7709046 -0.4434732 0.4572064 -0.4189155 -0.2854883 0.8619782 -0.8821796 -0.09122544 0.4619927 -0.449621 -0.8629248 0.2306552 8.84082e-4 -0.5695908 0.821928 -0.3080193 -0.438744 0.844173 9.26168e-7 -0.5334963 0.8458024 8.8022e-4 -0.5696022 0.82192 -0.7876921 -0.1808736 0.5889194 -0.9999731 0.002346038 0.006961226 1 0 0 -1 3.83822e-7 3.85498e-7 -1 0 2.53927e-7 0.3624031 0.5248337 0.7702035 0.5219551 0.4667692 0.7139254 0.3505011 0.4357351 0.8290259 0.1605008 -0.366568 0.9164429 -0.09302371 -0.6532896 0.7513716 -0.3114573 -0.5040041 0.8055894 -0.8616477 0.3488793 -0.368574 -0.6032449 0.347596 -0.7178251 -0.9496487 0.08037954 -0.3028309 -5.3617e-4 -0.007104277 0.9999747 6.85195e-4 -0.006905674 0.9999759 -0.1271598 -0.009068727 0.9918408 -0.3400301 -0.4955187 0.7992752 0.3400104 -0.4955208 0.7992824 0.1271597 -0.009068369 0.9918408 -0.03304582 0.08606272 0.9957416 0.5265343 -0.1652293 0.833943 0.213177 0.1011228 0.9717663 0.4540948 0.8842954 0.1087179 0.5477845 0.5381885 -0.6405352 -0.5402258 0.55697 -0.6308254 0.2606871 0.5012539 0.8250982 0.8961202 -0.2201144 0.3853808 0.7955153 -0.09304678 -0.5987469 0.6121823 0.5103363 -0.6039783 0.8917992 -0.2018235 0.4049218 0.4944728 -0.6612931 0.5640817 -0.522885 -0.1752729 0.8341886 -0.5825201 0.8125763 0.01975065 0.5945181 0.80299 0.04189962 0.6121841 0.5103237 -0.6039871 0.2851432 -0.1251903 0.950274 -0.6875262 0.01497471 0.7260053 -0.5690491 -0.1737359 0.8037406 0.6555556 -0.1396525 0.7421214 0.6275804 0.5631038 0.5376404 -0.4794384 0.8311144 0.2817585 -0.5783274 0.5282549 0.6216785 0.627615 0.5630541 0.537652 -0.5782763 0.5282938 0.6216931 -0.5600776 -0.2259674 0.797027 0.6555286 -0.1396289 0.7421496 0.6276119 0.5630385 0.5376719 -0.5600688 -0.2259986 0.7970243 -0.5783097 0.5282484 0.6217006 -0.4794673 0.8310967 0.2817616 -0.1596032 -0.1514825 0.9754896 -0.7911593 0.318947 0.521862 0.6485989 -0.7474479 0.1436705 -0.3405118 -0.9357535 0.09174549 0.6176842 -0.4767473 -0.6254426 -0.5454754 -0.8354948 0.06636911 0.5378448 -0.8428223 0.01933401 0.4944402 -0.6613172 0.5640821 0.3429254 -0.4796047 0.8077015 -0.4153923 -0.6788284 0.6055091 5.45691e-4 0.09459227 0.995516 0.03163194 0.06982392 0.9970578 -0.4547861 0.8836967 0.1106787 0.6486014 -0.7474462 0.1436681 0.6176645 -0.4767755 -0.6254405 -0.393405 -0.6922419 -0.6050073 0.594502 0.8029998 0.04193478 -0.2608455 0.4992892 0.8262385 0.2607016 0.5012552 0.8250927 -0.1595885 -0.1515375 0.9754834 -0.5552873 -0.5895883 -0.5865508 0.5651696 -0.5554531 -0.6099634 -0.5446713 0.5567209 -0.6272121 0.6176613 -0.4767755 -0.6254436 0.2598019 -0.05867391 -0.9638778 0.4809105 -0.003865897 0.8767612 0.6176348 -0.4767651 -0.6254776 0.4808977 -0.003811955 0.8767685 0.1073919 0.09983152 -0.9891919 0.1073352 0.09985291 -0.989196 0.6122023 0.5102806 -0.6040051 0.6176794 -0.4767371 -0.6254552 -0.5446295 0.5567664 -0.6272079 -0.4217053 0.08498322 -0.9027418 -0.3933979 -0.6922629 -0.6049879 -0.4360975 -0.1936892 -0.878808 0.1450784 -0.353142 -0.9242528 0.1322258 -0.2238012 -0.9656239 0.4625601 0.1349356 -0.8762594 -0.5402125 0.5569751 -0.6308323 0.5478016 0.5382192 -0.6404948 0.5651262 -0.5554735 -0.6099848 3.27992e-4 -0.1569609 -0.9876049 0.42973 -0.05232393 -0.9014402 0.7955382 -0.09303116 -0.5987189 0.745541 -0.2845925 0.6026406 0.4944362 -0.661347 0.5640506 0.9026771 -0.4046703 0.1463423 0.9312372 -0.3628073 0.03417938 0.5378111 -0.8428438 0.01933419 0.9884862 -0.1459495 -0.03992259 0.5651482 -0.5554799 -0.6099588 0.9320779 0.02126157 -0.3616335 0.4297267 -0.05235153 -0.9014402 -0.9545879 -0.2199389 -0.2009699 -0.84681 -0.2729646 -0.456512 -0.4361103 -0.1937152 -0.878796 -0.3933842 -0.6922355 -0.605028 -0.8861234 -0.4631226 0.01740539 -0.3404796 -0.9357622 0.09177649 -0.8909336 -0.4169027 0.1800824 -0.4153988 -0.6788337 0.6054988 -0.7395506 -0.2674642 0.6176795 -0.8734731 -0.1887946 0.4487777 -0.5690541 -0.1737392 0.8037363 -0.8368665 0.002251446 0.5474025 -0.9117521 0.00440073 0.4107174 -0.6875194 0.01497036 0.7260116 -0.9850621 0.02535742 0.1703222 -0.9530102 0.1555177 0.2599728 -0.5825251 0.8125728 0.01974701 -0.8975279 0.4375509 0.0547086 -0.9779166 0.1988298 -0.06438767 -0.5446576 0.5566987 -0.6272438 -0.9239755 0.03184133 -0.3811237 -0.4217349 0.08497095 -0.902729 0.9676686 0.1265308 -0.2181915 0.85553 0.1864987 -0.4829977 0.4625683 0.1348869 -0.8762626 0.5478098 0.5381769 -0.6405234 0.894532 0.446003 -0.02989894 0.4540555 0.884316 0.1087151 0.6198884 0.4032196 0.673166 0.2606741 0.5012803 0.8250862 0.6474238 0.04692137 0.7606846 0.6198824 0.403229 0.6731659 0.6474513 0.04688882 0.760663 0.5265112 -0.1652687 0.8339498 0.8574653 -0.01735192 0.5142492 0.8835904 -0.1590387 0.4404259 0.7455518 -0.2846016 0.6026231 -0.7911645 0.3189198 0.5218705 0.7455501 -0.2846262 0.6026135 -0.4794934 0.8310905 0.2817353 -0.7911717 0.318909 0.5218663 -0.4711511 -0.753057 0.4592624 0.5263123 -0.6814255 0.5085812 -0.547348 -0.3136535 0.775907 0.5222636 0.5442992 0.6564901 -0.51103 0.2669926 0.8170455 0.536746 -0.1640198 0.827648 0.8442955 -0.5257661 -0.1036114 0.8147149 -0.4664261 -0.3445091 0.8628355 0.4975481 -0.08922386 -0.6294561 -0.2131419 0.747232 -0.4353033 -0.4828789 0.7598284 0.6732679 -0.09817111 0.7328526 0.274679 0.2516676 0.9280167 0.5029721 -0.7784236 -0.3756006 0.8147208 -0.4664467 -0.3444669 -0.4421064 -0.8969484 0.005047202 0.7674536 -0.3560123 -0.5331701 0.6124971 0.5167977 -0.5981368 0.9346804 0.1964769 -0.2962588 -0.4711332 -0.7530333 0.4593195 -0.3848742 -0.9217771 -0.04689341 0.5263017 -0.6814453 0.5085656 -0.8261415 -0.5457305 0.140244 -0.6672786 -0.73729 0.1055598 -0.8371188 -0.4443467 0.3190429 0.8909167 -0.1185728 -0.4384154 0.9574586 0.03264886 0.2867178 0.4105728 0.8316712 0.3738356 0.7787903 0.3402189 -0.5270074 -0.5750758 0.5431232 -0.6118048 0.5849494 0.5126053 -0.628546 0.6924217 0.4747349 -0.5433038 0.7010909 0.651258 0.2904042 0.703404 0.6334765 0.3223823 0.4105543 0.8316946 0.373804 0.5884358 0.7224614 0.363033 -0.6672884 -0.7372788 0.1055757 0.4082436 -0.902056 -0.1401154 0.3675269 0.4714702 -0.8016483 -0.4386143 0.8897014 0.1266844 0.410571 0.8316922 0.3737909 0.4360905 0.8913996 0.1234185 0.3675457 0.4714317 -0.8016622 -0.4242049 0.626886 -0.6535016 0.4650786 0.6109442 -0.640663 -0.09765875 0.9933387 0.06116366 -0.1219742 0.691392 -0.7121091 0.3675059 0.4714307 -0.8016812 0.703397 0.6334698 0.3224106 0.7787804 0.3402223 -0.52702 -0.34022 -0.7662674 0.5450549 0.8155472 -0.3707239 0.4443497 0.36149 -0.9071703 0.21533 -0.3528722 -0.9317311 -0.08578044 0.8443103 -0.5257437 -0.1036044 0.7999594 0.3382018 -0.4956659 0.8155251 -0.3707555 0.4443637 0.8155398 -0.3707207 0.444366 -0.3402034 -0.7662453 0.5450962 0.1702897 0.8043177 0.5692753 0.7011151 0.651206 0.2904624 0.588428 0.7224715 0.3630252 -0.03201597 -0.9983757 -0.04712861 -0.8471103 -0.3832173 -0.3681695 -0.1219649 0.691407 -0.7120963 0.858384 0.3229856 -0.398569 0.8628491 0.4975256 -0.08921813 -0.4629828 0.7603709 -0.4555031 0.7999557 0.338213 -0.4956641 0.09709364 0.9856292 -0.1382315 0.5884165 0.7224772 0.3630328 -0.03203302 -0.9983776 -0.04707759 -0.8261517 -0.5457147 0.1402461 -0.837119 -0.4443237 0.3190742 -0.03401637 -0.6670745 0.7442141 -0.9464215 -0.2472968 0.2076796 -0.504927 0.8382367 -0.2059319 -0.3836845 0.472373 0.7935049 -0.5048997 0.8382505 -0.2059427 -0.9464311 -0.2472362 0.2077078 -0.9587488 0.1466893 -0.2434812 -0.9464143 -0.2473037 0.2077041 -0.383697 0.4723745 0.7934979 -0.8370708 -0.4443944 0.3191023 -0.5884156 0.7224777 0.3630334 -0.1702874 0.8043183 0.5692753 -0.9574587 0.0326485 0.2867177 0.9574696 0.03265047 0.286681 0.8909407 -0.1185204 -0.4383807 -0.8371124 -0.4443485 0.3190571 -0.3836787 0.4723897 0.7934978 -0.03401643 -0.667057 0.7442297 -0.8471163 -0.3832156 -0.3681573 -0.4629452 0.7603941 -0.4555024 -0.9587479 0.1466808 -0.24349 -0.8470905 -0.3832265 -0.3682056 -0.3837218 0.4723669 0.7934906 0.7610095 -0.3374311 0.5540801 -0.5162312 0.8188981 0.2508215 0.6732941 -0.09816169 0.7328297 0.8272712 0.3068818 0.4705803 0.2747181 0.2516754 0.928003 0.4868801 0.8296654 0.2731357 -0.4456433 -0.8579241 0.2556722 0.5482864 0.835691 -0.03166329 -0.5162781 0.8188676 0.2508244 0.5222951 0.5442632 0.6564949 0.8272499 0.3069124 0.4705979 -0.3528848 -0.9317284 -0.08575981 -0.9464246 -0.2472989 0.2076632 -0.4421258 -0.8969392 0.004999816 -0.4456384 -0.8579279 0.2556682 -0.9587424 0.1466868 -0.2435076 -0.3402062 -0.7662445 0.5450956 -0.4353034 -0.482873 0.759832 -0.6294549 -0.2131752 0.7472235 0.5849404 0.5126251 -0.6285383 -0.5751032 0.5430805 -0.611817 0.8583593 0.3230147 -0.3985989 0.4651002 0.6109298 -0.640661 0.5039209 -0.4853996 -0.7144587 0.4181563 -0.9072726 -0.04473978 -0.01867318 -0.9993517 0.03078484 0.5029789 -0.7784309 -0.3755765 0.4360784 0.8914079 0.1234005 0.7033995 0.6334934 0.3223588 0.7011188 0.6512266 0.2904074 0.7674623 -0.356028 -0.5331472 -0.2209456 -0.7723248 -0.595565 -0.7590352 -0.5301986 0.3778294 -0.4282447 0.6066497 0.6697632 -0.1147381 0.9911256 -0.06712156 -0.4282715 0.6066213 0.6697718 0.4868444 0.82968 0.2731554 -0.4241896 0.6268567 -0.6535395 0.4650946 0.6109235 -0.6406711 0.6125167 0.5168161 -0.5981007 -0.148786 0.4249476 -0.8929066 0.4868712 0.8296752 0.2731219 0.6125101 0.5168141 -0.5981093 0.7674295 -0.3560337 -0.5331904 -0.2209422 -0.7723737 -0.5955027 -0.1487783 0.4249911 -0.8928872 0.973451 0.1418217 -0.179666 0.9330897 -0.3333511 -0.1349843 0.5039509 -0.4853878 -0.7144455 0.5725474 0.1412122 -0.8076191 0.5587446 0.6426147 -0.5242622 0.9334165 0.3020951 0.1935774 0.5465893 0.8255158 0.1405843 0.5870202 0.7862696 0.1928405 0.8937013 0.4486516 0.003128945 0.6924329 0.4747344 -0.5432899 0.7761489 0.5746578 -0.2595404 0.951956 0.2514308 -0.1748207 0.9711756 0.2239261 -0.08170211 0.5849282 0.5126399 -0.6285375 0.5482671 0.8357043 -0.03164988 0.5222958 0.5442537 0.6565021 0.8463096 0.09942781 0.52333 0.7609784 -0.3374232 0.5541277 0.8462752 0.09943616 0.5233839 0.5222156 0.5442775 0.6565462 0.5222781 0.5442724 0.6565008 0.5367172 -0.1639762 0.8276755 0.7609666 -0.3374481 0.5541289 -0.9969444 -0.0126428 0.0770846 -0.8824825 -0.08963423 0.4617254 -0.7668996 -0.009954869 0.6416899 -0.7668491 -0.009955823 0.6417504 -0.9277569 0.2127159 0.3066257 -0.7669065 -0.009966611 0.6416816 -0.4282817 0.6066023 0.6697825 -0.1147159 0.9911337 -0.06703895 -0.1147309 0.9911278 -0.06710022 -0.4241834 0.6268973 -0.6535046 -0.9204679 0.2278053 -0.317559 -0.7923673 0.3427783 -0.5046356 -0.9867778 0.1515561 -0.05744808 -0.9733942 0.2127454 -0.08510744 -0.7923835 0.3427918 -0.5046011 -0.8082592 0.5769619 0.1176106 -0.9420114 0.3127478 -0.1216688 -0.9056916 0.4218778 -0.04173588 -0.8082659 0.5769481 0.1176317 -0.4385951 0.8897039 0.126734 -0.8619576 0.4217233 -0.2813873 -0.1487742 0.4249878 -0.8928895 -0.364671 -0.07951557 -0.9277351 -0.5975233 -0.3228826 -0.7339706 -0.3646531 -0.07948923 -0.9277443 -0.9351259 -0.3386444 0.1042096 -0.5975062 -0.3229289 -0.7339642 -0.22097 -0.7723683 -0.5954994 -0.9103714 0.3723034 -0.1805936 -0.9967687 0.07293355 -0.03366041 -0.09762245 0.9933405 0.0611943 -0.8082249 0.5770035 0.1176421 -0.7924059 0.3427449 -0.5045978 -0.7923871 0.342776 -0.5046063 0.9330762 -0.3333805 -0.1350047 -0.2134681 0.09981918 0.9718372 -0.2608668 0.4992626 0.8262478 -0.8961086 -0.2201234 0.3854023 -0.8917989 -0.2018235 0.4049222 -0.6121826 0.5103366 -0.6039777 -0.7955158 -0.09304636 -0.5987462 -0.5195832 -0.6363492 0.5701693 -0.6121841 0.5103252 -0.6039859 -0.5945171 0.8029906 0.04190123 0.5825718 0.81254 0.0197255 0.569049 -0.1737356 0.8037407 0.6875245 0.01497453 0.7260069 -0.2851204 -0.1251829 0.9502819 -0.62758 0.5631026 0.537642 -0.6555554 -0.1396539 0.7421213 0.4794684 0.8310931 0.2817705 -0.6275826 0.5630918 0.5376503 0.5783298 0.5282536 0.6216774 0.5782733 0.5282921 0.6216973 -0.627613 0.5630366 0.5376725 -0.6555345 -0.139628 0.7421447 0.5600703 -0.225969 0.7970315 0.5600704 -0.2259996 0.7970228 0.4794702 0.8310956 0.2817599 0.5783139 0.5282464 0.6216983 0.1596053 -0.1514837 0.9754891 0.7911657 0.3189205 0.5218684 0.5825704 0.8125406 0.01973628 0.4794711 0.8310973 0.2817534 -0.6176846 -0.4767478 -0.6254419 0.3405118 -0.9357535 0.09174478 -0.6485981 -0.7474483 0.1436716 -0.5196348 -0.6363264 0.5701477 -0.3429198 -0.4796015 0.8077057 0.4153928 -0.6788281 0.6055091 -0.6176653 -0.4767748 -0.6254402 -0.6486026 -0.747441 0.1436897 0.3934043 -0.692242 -0.6050075 -0.5945043 0.8029982 0.04193574 0.1595739 -0.1515364 0.975486 0.544672 0.5567198 -0.6272126 -0.5553108 -0.5895789 -0.5865379 -0.002100706 -0.1983529 -0.9801284 -0.4809375 -0.00386238 0.8767464 -0.2597761 -0.0586785 -0.9638844 -0.6176476 -0.4767736 -0.6254585 -0.6176849 -0.4767371 -0.6254496 -0.6122016 0.5102799 -0.6040063 -0.1073858 0.09985744 -0.98919 -0.1074604 0.09987229 -0.9891805 -0.4809593 -0.003813266 0.8767346 -0.6175892 -0.4767652 -0.6255226 0.5446299 0.5567623 -0.6272113 0.4217478 0.08497041 -0.902723 -0.1450267 -0.3530251 -0.9243055 0.436074 -0.1936932 -0.8788189 0.3933837 -0.6922541 -0.605007 -0.1322166 -0.22382 -0.9656207 -0.4559754 0.1593872 -0.8756039 -0.4277015 -0.1098161 -0.8972246 -0.7955164 -0.0930261 -0.5987487 -0.5196167 -0.6363225 0.5701687 -0.8426158 -0.2302724 0.4867991 -0.9137317 -0.3816654 0.139377 -0.9419778 -0.3356695 -0.001950502 -0.5454447 -0.8355156 0.0663613 -0.9867377 -0.1504431 -0.06095737 -0.5552865 -0.5896021 -0.5865376 -0.9182607 -0.0129866 -0.3957634 -0.4276939 -0.1098337 -0.8972261 0.9545832 -0.2199515 -0.2009786 0.3933699 -0.6922403 -0.6050318 0.4360523 -0.1937149 -0.8788249 0.8467985 -0.2729721 -0.4565289 0.8861257 -0.4631182 0.0174027 0.3404846 -0.9357603 0.09177595 0.8909338 -0.4169023 0.1800825 0.415406 -0.678864 0.6054598 0.7395515 -0.2674822 0.6176706 0.8734934 -0.1887796 0.4487445 0.5690549 -0.1737387 0.803736 0.4153943 -0.6788399 0.6054949 0.4153912 -0.6788325 0.6055054 0.7395861 -0.2674573 0.6176398 0.8734713 -0.1888028 0.4487779 0.8368691 0.002251327 0.5473986 0.9117564 0.004400551 0.4107077 0.6875131 0.01497018 0.7260177 0.9850599 0.02535885 0.1703348 0.9530126 0.1555118 0.2599673 0.8975312 0.4375445 0.05470585 0.9779213 0.1988252 -0.06433218 0.5446478 0.5567045 -0.6272472 0.9239858 0.03184974 -0.3810983 0.4217358 0.08496385 -0.9027293 -0.9632498 0.1337147 -0.2329599 -0.5402039 0.5569552 -0.6308571 -0.4559758 0.1594178 -0.8755982 -0.8564109 0.1864787 -0.4814417 -0.8951109 0.4449394 -0.02837902 -0.4548007 0.8836918 0.1106586 -0.6199733 0.4081798 0.6700915 -0.6199623 0.4081588 0.6701142 -0.6199949 0.4081648 0.6700805 -0.6461722 0.04475259 0.7618784 -0.8203927 -0.01640999 0.571565 -0.5228844 -0.1752565 0.8341925 -0.6462271 0.04472553 0.7618336 -0.8803789 -0.1748976 0.4408444 0.7911734 0.3189081 0.5218643 0.4794951 0.8310899 0.2817341 0.6924101 0.4747158 -0.5433353 0.5870093 0.7862865 0.1928046 -0.6142134 0.7717101 0.1649411 -0.6383728 0.5019345 -0.5835596 -0.5106142 -0.4877054 -0.7081078 -0.5228745 0.4180346 -0.7428656 0.5725246 0.14126 -0.8076269 0.5039163 -0.4854115 -0.7144536 -0.8628351 0.497549 -0.0892229 -0.8147226 -0.4664359 -0.3444774 -0.8442933 -0.5257728 -0.1035952 0.6294553 -0.2131427 0.7472324 -0.2746964 0.2516705 0.9280108 -0.6732673 -0.09817123 0.7328531 0.4353026 -0.48288 0.759828 0.4421263 -0.896939 0.00498414 -0.814722 -0.4664458 -0.3444659 -0.5029889 -0.7784095 -0.3756075 -0.9346808 0.1964777 -0.2962574 -0.6124977 0.5167968 -0.5981369 -0.7674362 -0.3560076 -0.5331982 0.8371186 -0.4443472 0.3190423 0.667272 -0.7372957 0.1055614 0.8261356 -0.5457404 0.1402398 -0.9407415 -0.1896197 -0.2811583 -0.8202438 0.3162741 -0.4766245 -0.4105719 0.8316716 0.3738358 0.5465704 0.8255245 0.140607 -0.5279031 0.8352607 0.1538117 -0.6383437 0.5019587 -0.5835708 -0.7010966 0.6512559 0.2903951 -0.5884421 0.7224606 0.3630242 -0.4105715 0.8317036 0.3737649 -0.7034223 0.6334695 0.3223562 0.6672887 -0.7372784 0.1055762 -0.4082442 -0.9020561 -0.1401128 -0.3674864 0.4714612 -0.8016721 -0.4361008 0.8913915 0.1234397 -0.410576 0.8316908 0.3737887 0.4386164 0.8897007 0.1266822 -0.4650793 0.6109437 -0.640663 0.4242031 0.6268824 -0.6535062 -0.3675472 0.4714306 -0.8016622 -0.3675059 0.4714307 -0.8016811 0.1219785 0.6913912 -0.7121092 0.09766185 0.9933387 0.06116044 -0.7034083 0.6334624 0.3224007 -0.8202364 0.3162599 -0.4766466 -0.8155459 -0.3707249 0.4443511 0.3402208 -0.7662665 0.5450558 -0.8443039 -0.5257574 -0.1035876 0.3528708 -0.9317318 -0.08577966 -0.3614843 -0.9071721 0.2153324 -0.7041185 0.4701257 -0.5321645 -0.815539 -0.3707306 0.4443591 0.3402012 -0.7662465 0.5450958 -0.8155253 -0.3707452 0.4443722 -0.5884279 0.7224732 0.3630223 -0.7011152 0.6512062 0.2904617 -0.1702924 0.8043186 0.5692734 -0.2632687 -0.06441032 -0.96257 -0.7041146 0.4701407 -0.5321564 -0.8743591 0.3051462 -0.3773355 0.1219692 0.6914026 -0.7120997 -0.8743708 0.3051363 -0.3773164 -0.8628369 0.4975467 -0.08921819 0.462976 0.7603691 -0.4555131 -0.09709316 0.9856291 -0.1382333 -0.8628795 0.4974688 -0.08923959 -0.704126 0.4701575 -0.5321266 0.4629982 0.7603555 -0.4555131 -0.06219595 -0.9980494 0.00539416 0.03401577 -0.6670746 0.7442139 0.8371165 -0.4443269 0.3190762 0.8261211 -0.5457543 0.1402719 0.3836872 0.4723734 0.7935034 0.5049247 0.8382375 -0.2059343 0.9464233 -0.2472949 0.2076737 0.9587484 0.1466893 -0.243483 0.9464206 -0.2472655 0.2077205 0.5048958 0.8382526 -0.2059441 0.03401738 -0.6670502 0.7442358 0.3837128 0.4723591 0.7934994 0.837114 -0.4443447 0.3190579 -0.9407472 -0.1896042 -0.2811495 -0.9574686 0.03264808 0.2866846 0.8370698 -0.4444001 0.3190972 0.3836581 0.4723643 0.793523 0.9464151 -0.2473099 0.2076934 0.8261419 -0.5457368 0.1402177 0.8377552 -0.3766652 -0.3953347 -0.06219178 -0.9980494 0.005458831 0.8377882 -0.3766525 -0.395277 0.9587464 0.1466807 -0.2434959 0.4629436 0.7603922 -0.4555075 0.4629576 0.7603657 -0.4555373 -0.7041319 0.470124 -0.5321484 0.837764 -0.3766408 -0.3953397 0.3837247 0.4723663 0.7934895 0.8377479 -0.3767093 -0.3953082 -0.8272751 0.306876 0.4705772 -0.6732919 -0.09816133 0.7328317 -0.4868655 0.829681 0.2731146 -0.8272613 0.3069034 0.4705838 0.4456404 -0.8579258 0.2556719 -0.3614707 -0.9071754 0.2153409 0.5587294 0.6426307 -0.5242589 0.3528844 -0.9317284 -0.08576005 0.4421257 -0.8969392 0.004999399 0.9464246 -0.247299 0.2076625 0.445639 -0.8579279 0.2556674 0.9587419 0.1466869 -0.24351 0.3402081 -0.7662436 0.5450956 0.4353043 -0.4828728 0.7598317 0.6294546 -0.2131218 0.7472389 -0.48687 0.8296639 0.2731589 -0.4651026 0.6109315 -0.6406578 -0.8743575 0.3051476 -0.377338 -0.5105528 -0.487722 -0.7081407 -0.5029619 -0.7784257 -0.3756098 -0.5228698 0.4180411 -0.7428653 0.5587604 0.6426158 -0.524244 -0.7033989 0.6334943 0.3223584 -0.4360783 0.891408 0.1233999 -0.7011187 0.6512271 0.2904067 -0.4082372 -0.9020611 -0.1401 0.2209206 -0.7723566 -0.595533 0.7590289 -0.5302032 0.3778355 0.8261393 -0.5457288 0.1402646 0.7590382 -0.5301985 0.3778238 0.6294135 -0.2131667 0.7472608 0.4282446 0.606648 0.6697648 -0.4868442 0.8296783 0.2731606 0.4282712 0.6066291 0.6697648 0.1147375 0.9911257 -0.06712174 0.424257 0.626882 -0.6534715 -0.4650945 0.6109321 -0.6406631 -0.6125161 0.5168163 -0.5981013 0.1487868 0.4249467 -0.8929069 -0.6125099 0.5168136 -0.5981098 0.1487897 0.4249895 -0.8928861 0.2209179 -0.7723549 -0.5955363 -0.7674303 -0.3560346 -0.5331888 -0.7674513 -0.3560379 -0.5331563 -0.9475271 -0.0319541 -0.3180748 -0.5228903 0.4180692 -0.7428351 -0.510576 -0.4877037 -0.7081366 -0.9066823 -0.4125161 -0.08807861 -0.9138995 0.3612799 -0.1851072 -0.9118186 0.309374 0.2699528 -0.5279175 0.8352558 0.1537881 -0.8626832 0.3147554 0.3958623 -0.6141984 0.7717147 0.1649751 -0.9034039 0.4270086 -0.03905522 -0.7230883 0.6340526 -0.2740815 -0.9106384 0.3395549 -0.2354574 -0.6383565 0.5019239 -0.5835868 -0.9570682 0.2544423 -0.1388507 -0.5750929 0.5431196 -0.6117919 -0.5162517 0.8188821 0.2508314 -0.9485344 0.2087512 0.2381289 -0.5110635 0.2669654 0.8170334 -0.8982141 -0.2952205 0.3256631 -0.5473577 -0.3136504 0.7759013 -0.4711593 -0.7530302 0.4592978 0.9969434 -0.012654 0.0770964 0.6294381 -0.2131888 0.7472338 0.7590206 -0.5301886 0.3778726 0.8824683 -0.08963125 0.4617532 0.7668555 -0.009955763 0.6417426 0.7668417 -0.009962439 0.6417591 0.4282785 0.6066069 0.6697804 0.7668787 -0.009978652 0.6417145 0.9277542 0.2127254 0.3066268 0.1147633 0.991117 -0.06720614 0.9204766 0.2277958 -0.3175404 0.4242083 0.6268888 -0.6534966 0.1147581 0.9911245 -0.06710332 0.792412 0.342757 -0.5045799 0.7924174 0.3427168 -0.5045987 0.9733903 0.2127594 -0.08511602 0.9867832 0.1515257 -0.05743646 0.8082633 0.576948 0.1176511 0.8082602 0.576954 0.1176418 0.9867843 0.1515204 -0.05743157 0.9420097 0.3127529 -0.1216694 0.4386045 0.8896993 0.1267325 0.8082666 0.5769456 0.1176394 0.9056946 0.4218721 -0.04172825 0.8619599 0.42172 -0.2813848 0.1487842 0.4249809 -0.8928911 0.3647606 -0.07949292 -0.9277018 0.5975209 -0.3229188 -0.7339566 0.3647165 -0.07948684 -0.9277196 0.2209482 -0.7723641 -0.5955129 0.5974961 -0.3229109 -0.7339802 0.9351179 -0.3386674 0.1042068 0.9103692 0.3723086 -0.1805945 0.9967687 0.0729323 -0.03366255 0.09763109 0.9933393 0.06119811 0.7924083 0.3427419 -0.504596 0.8082253 0.5770035 0.1176391 0.7923851 0.3427693 -0.5046138 -0.3848415 -0.9217895 -0.04691523 0.7499688 -0.2010747 0.6301713 0.7241126 0.3827558 0.5737237 0.06655848 0.0516147 0.9964466 0.1853713 -0.002351105 0.9826658 0.2232506 0.7551307 0.6163902 -0.2658527 0.8962708 -0.3549947 0.2661042 0.8958318 -0.3559128 0.1139816 0.4383142 -0.8915654 0.119118 -0.9262547 -0.3575797 -0.1317028 -0.9235335 -0.3601948 -0.04032361 -0.4287618 -0.9025172 0.06111526 -0.424106 -0.9035481 0.8199263 0.4431239 -0.3624392 0.9040851 -0.2333635 -0.3580107 0.4282035 -0.09515655 -0.8986585 0.4069085 0.222612 -0.8859286 0.9041058 -0.2333352 -0.3579769 0.5826503 -0.7392355 -0.3377125 0.3038213 -0.3784859 -0.8743233 0.4282026 -0.0951873 -0.8986557 0.2660838 0.8958418 -0.3559029 0.8199197 0.4431184 -0.3624607 0.4069144 0.2226065 -0.8859272 0.1139604 0.4383354 -0.8915578 0.3038346 -0.3784494 -0.8743345 0.5826672 -0.7392426 -0.3376675 -0.1141955 0.4381013 -0.8916426 2.57732e-7 4.07535e-4 -1 -5.37236e-7 4.01894e-4 -1 0.06112253 -0.4241035 -0.9035487 0.06107848 -0.4240846 -0.9035606 -0.04027551 -0.4287345 -0.9025323 1.94685e-6 4.54918e-4 -1 -0.00262928 0.001017928 -0.9999961 -0.004194855 -1.65226e-4 -0.9999912 -0.004192709 -1.63516e-4 -0.9999912 -0.01040124 -4.32325e-4 -0.9999459 0.4069238 0.2226314 -0.8859167 0.4282194 -0.09521126 -0.8986451 -0.004370152 -2.49343e-4 -0.9999905 -0.002167224 0.008074939 -0.9999651 -0.003662467 0.004208862 -0.9999845 -0.005566 -0.001010954 -0.9999841 -1.19532e-4 2.19564e-4 -1 -0.001012742 8.24472e-4 -0.9999992 -0.1290304 -0.01633471 0.9915062 -0.7741445 -0.08841341 0.6268041 -0.6121546 -0.5160772 0.5991086 -0.08058923 -0.1627971 0.9833629 -0.07235318 0.06695121 0.9951294 -0.2189188 0.7605895 0.6112104 -0.7263296 0.389358 0.5664324 -0.8170325 0.4445732 -0.3671685 -0.4069319 0.2225382 -0.8859364 -0.4282031 -0.09520828 -0.8986533 -0.9096134 -0.2215586 -0.3514474 -0.9096135 -0.2215825 -0.351432 -0.4282016 -0.09518349 -0.8986566 -0.3042315 -0.3775635 -0.8745794 -0.3042414 -0.3775662 -0.8745747 -0.6082292 -0.7190756 -0.3361361 -0.2658821 0.8962578 -0.3550054 -0.1141883 0.438115 -0.891637 -0.406943 0.2225759 -0.8859218 -0.4068909 0.2225669 -0.885948 -0.8170453 0.4445736 -0.3671393 -0.04029178 -0.4287464 -0.902526 -0.1317046 -0.9235311 -0.3602004 -0.6082389 -0.7190579 -0.3361568 -0.304239 -0.377549 -0.874583 0.004168748 -1.63408e-4 -0.9999913 0.002625644 0.001015424 -0.9999961 0.01022398 -7.19084e-4 -0.9999476 0.003660142 0.00420916 -0.9999845 0.002166926 0.008074998 -0.9999651 0.005557537 -9.98783e-4 -0.9999842 3.24176e-5 1.59779e-4 -1 0.001282453 0.001373171 -0.9999983 0.1139711 0.4383233 -0.8915623 0.1140082 0.4383308 -0.8915538 6.26766e-7 9.50578e-5 -1 -0.04032248 -0.4287633 -0.9025166 0.001218199 0.001321136 -0.9999984 1.56586e-5 3.68761e-4 -1 -0.1672522 -0.7734961 0.611335 0.4966604 -0.6224566 0.6048772 0.03732454 -0.1348366 0.9901647 0.09335523 -0.7695354 0.6317437 -0.2511144 0.9658714 0.06351453 -0.3816314 0.9241086 0.01951342 -0.7228506 0.5228868 0.4517483 0.2122995 0.9698147 0.1199523 -0.2510772 0.965882 0.06350022 -0.02075701 0.675487 -0.7370797 -0.381653 0.9241005 0.01947832 -0.4614017 -0.83409 0.3023285 0.03522837 -0.3274059 0.9442269 -0.5111629 -0.06560581 0.8569763 -0.8484259 -0.1281954 -0.5135557 -0.8187425 -0.5092912 -0.2651103 -0.7371469 -0.6619337 -0.1358619 -0.4676857 0.2764484 -0.8395513 -0.5410618 0.1510403 -0.8273083 -0.6714508 -0.7376837 -0.07054603 -0.1570955 -0.9778224 0.1385074 -0.6714773 -0.7376579 -0.07056325 -0.4613878 -0.8340978 0.3023282 -0.4676946 0.2764319 -0.8395519 -0.7216979 -0.118662 0.6819616 -0.381627 0.9241101 0.01952981 -0.7228419 0.5229141 0.4517305 -0.7217048 -0.1186417 0.6819578 0.1934468 0.975363 0.1060447 -0.2151453 -0.2094307 0.9538612 -0.4676975 0.2764569 -0.839542 -0.8325045 -0.5367373 -0.1372928 -0.121006 0.2548539 -0.9593786 -0.737156 -0.6619211 -0.1358737 -0.8324765 -0.536788 -0.1372648 -0.7371585 -0.6619244 -0.1358438 -0.7217017 -0.1186807 0.6819543 -0.1210091 0.2548722 -0.9593733 0.1934597 0.9753577 0.1060696 -0.2151072 -0.2094472 0.9538663 -0.3816056 0.9241201 0.01947796 0.003383338 0.5795369 0.8149391 -0.5112041 -0.06558871 0.856953 -0.5111618 -0.06558728 0.8569784 -0.2494316 0.3825055 -0.889648 -0.5410904 0.1510268 -0.8272922 -0.965409 0.1188863 -0.2320592 -0.1211119 0.2548159 -0.9593752 -0.8324692 -0.5367814 -0.1373342 -0.2151052 -0.2094616 0.9538636 0.6209271 0.05457895 0.781966 0.4257293 0.705515 0.5665715 0.5356874 -0.05823808 0.8424058 0.425769 0.7055028 0.5665568 0.6209532 0.05455589 0.7819468 0.4232617 0.9058659 -0.01602441 0.4257469 0.7055084 0.5665664 0.4232501 0.9058715 -0.01600927 0.2122617 0.9698225 0.1199564 0.620914 0.05455142 0.7819783 0.1967869 -0.2345669 0.9519734 0.423224 0.9058834 -0.01601982 0.7881677 -0.5965437 -0.1514182 0.8433082 -0.4398128 -0.3088623 0.4725716 0.2486339 -0.8454924 0.6109168 -0.786414 -0.09128957 0.6149094 -0.7525876 0.2355809 0.1999694 -0.9226838 0.3296467 0.6149265 -0.7525791 0.2355636 0.6109127 -0.7864167 -0.09129345 0.5356495 -0.05827397 0.8424274 0.6209279 0.0545684 0.781966 0.09691399 0.2419946 -0.9654255 0.4755595 -0.8545998 -0.2085726 0.472571 0.2486587 -0.8454855 0.788137 -0.5965889 -0.1514002 0.4755821 -0.8545943 -0.2085431 0.1967791 -0.2345547 0.951978 0.7881616 -0.5965541 -0.1514085 0.09689998 0.242004 -0.9654245 0.4726147 0.248661 -0.8454603 0.6209357 0.05455571 0.7819606 -0.1966654 0.9735876 0.1159734 -0.1966041 0.9735986 0.1159854 0.03524571 -0.3274064 0.944226 0.5356355 -0.05827319 0.8424363 0.2532522 0.4089219 -0.8767247 0.4726108 0.2486712 -0.8454594 0.5400605 0.1376025 -0.8303013 0.2532294 0.4089282 -0.8767284 0.9125694 -0.1351831 -0.3859309 0.912571 -0.1351676 -0.3859328 0.1304892 -0.231242 0.9641057 -0.09498107 -0.220743 0.9706962 -0.08394908 0.9920467 0.09378677 0.1682343 -0.08294206 0.9822514 0.4530994 0.8501166 0.2683333 -0.08389735 0.9920515 0.093782 0.3685987 0.4880604 -0.7911587 -0.3700916 0.4934339 -0.7871183 -0.6146959 0.7881771 0.03042995 0.8310286 0.5533793 -0.05623841 0.6163451 0.7868999 0.03012192 0.6754028 0.1795033 -0.7152689 -0.6726403 0.1799486 -0.7177559 0.3685786 0.4880827 -0.7911544 -0.6163939 0.6016777 -0.5079789 -0.6146832 0.7881882 0.03039747 0.6163108 0.7869272 0.03010982 0.618588 0.5994929 -0.5078949 0.6229878 -0.6966212 0.3558162 0.6753808 0.1795261 -0.715284 0.8879055 0.111379 -0.446339 0.8879094 0.111399 -0.4463264 0.7003719 -0.5857814 0.4078475 0.999261 0.03778326 -0.007067501 0.8310275 0.5533775 -0.05627399 0.6163443 0.7869033 0.03004902 0.8485692 -0.5028168 0.1646381 0.823752 0.02872866 0.566222 -0.6194934 -0.6946786 0.3655812 0.6230134 -0.6965888 0.3558347 -0.09497058 -0.2207542 0.9706948 0.453118 0.8500969 0.2683642 0.1681765 -0.08294218 0.9822613 0.848557 -0.5028387 0.1646336 0.8237802 0.0287249 0.5661813 0.4530985 0.8501195 0.2683255 0.8237716 0.02874392 0.5661928 0.3685785 0.488082 -0.7911548 0.9993501 0.02619034 -0.02476894 0.6185913 0.5994714 -0.5079162 0.7563586 0.4268488 -0.4957035 0.9996356 0.01825857 -0.01988506 0.7563428 0.4268401 -0.4957351 -0.7558674 0.4280566 -0.495411 0.9990996 0.03100097 -0.02896529 0.6873265 0.591535 -0.4215076 0.6873273 0.591537 -0.4215036 0.6754152 0.1795389 -0.7152484 0.8310155 0.5533989 -0.05623948 -0.6726111 0.1799163 -0.7177914 0.08365714 0.9921637 0.09280538 0.04797697 -0.1018462 0.9936426 -0.4676639 0.8456693 0.2571656 0.08371376 0.9921566 0.09282958 -0.4677028 0.845657 0.2571349 -0.370073 0.4934402 -0.7871232 -0.8317455 0.5524497 -0.05476117 -0.8859081 0.1063335 -0.4515088 -0.6726566 0.1799057 -0.7177515 -0.6194862 -0.694695 0.3655623 -0.8859096 0.1063018 -0.4515132 -0.8317368 0.5524648 -0.05474197 -0.9992113 0.03887706 -0.008098304 -0.7026434 -0.583436 0.4073017 -0.6146777 0.7881937 0.03036832 -0.8499627 -0.4963695 0.1765806 -0.6750545 -0.0449661 0.7363963 0.1304693 -0.2312688 0.964102 0.04800391 -0.1018255 0.9936434 -0.8499494 -0.4964041 0.176548 -0.6750496 -0.04499453 0.7363991 -0.6750169 -0.04495185 0.7364316 -0.4676837 0.8456699 0.2571274 -0.3701167 0.4934185 -0.7871162 -0.9992954 0.0274288 -0.02562534 -0.6163741 0.6016952 -0.507982 -0.7558717 0.4280771 -0.4953868 -0.9996657 0.01828664 -0.01828014 -0.7027145 0.5821653 -0.408994 -0.7027139 0.5821506 -0.4090158 -0.9998279 0.01516544 -0.01069146 -0.8317639 0.5524246 -0.05473589 0.5643457 0.7238451 -0.3969412 -0.9926611 0.0951547 0.07462894 -0.9977744 -0.06311345 0.02151745 0.2403035 0.9195664 -0.3108888 -0.5813335 -0.3337341 0.7420735 0.5943797 -0.3468668 0.7255318 0.5695131 0.7498565 0.3367049 -0.5616586 0.7451459 0.3595794 -0.9926602 0.0951696 0.07462352 0.1873394 -0.9351446 0.3006803 0.6089875 -0.7196874 0.3334433 -0.9977765 -0.06307333 0.02153706 0.1873254 -0.9351599 0.3006414 0.5643121 0.723825 -0.3970254 0.6090077 -0.7196475 0.3334923 0.2402656 0.9195747 -0.3108935 -0.009385704 0.6246976 -0.7808105 -0.008633494 0.5371821 -0.8434222 -0.003680765 0.6573873 -0.753544 -0.01119655 0.6259094 -0.7798155 9.91873e-4 0.9565295 -0.2916338 0.2939183 0.9181368 -0.2657758 0.2308891 0.7853303 -0.5744097 -9.01725e-4 0.7656583 -0.6432471 0.7959688 0.5875035 -0.1458538 0.5852652 0.5782521 -0.5684094 0.002916395 0.3685045 0.9296215 -1.41967e-5 0.3670752 0.9301913 -0.008965492 0.3689841 0.9293925 0.001977741 0.7940108 -0.6079004 -0.002527117 0.9590141 -0.2833474 -0.1157877 -0.5273486 -0.8417224 0.9341074 0.3477756 -0.08059597 0.9310638 0.3538592 -0.08890295 0.9388866 0.337306 -0.0686782 0.9017306 0.07029497 0.426545 0.8267078 -0.02057808 0.5622552 -0.003987789 0.9584241 -0.2853198 -0.9999302 -0.006983757 -0.00954765 0.5852298 0.5782752 -0.5684224 0.7959601 0.5875063 -0.14589 -0.5842116 0.5780885 -0.5696582 -0.2315555 0.7872549 -0.5714997 4.6029e-4 0.7645809 -0.6445276 0.002339422 0.6243671 -0.7811276 0.003676772 0.6268519 -0.7791298 0.001037299 0.6573785 -0.7535599 0.002452135 0.5382329 -0.8427926 -0.001035511 0.9566582 -0.2912115 -0.2927429 0.9184532 -0.2659799 -0.7957395 0.5877438 -0.1461365 0.9017132 0.07033401 0.4265752 0.8267037 -0.02056652 0.5622616 -1.30142e-4 -0.4508866 0.8925813 -8.88671e-5 -0.4505853 0.8927334 0.9016992 0.07035934 0.4266008 0.002308547 0.368334 0.9296907 0.01386409 0.3233096 0.9461917 -0.001817286 0.3683427 0.9296883 0.002281129 0.368345 0.9296864 -0.001836955 0.3683565 0.9296829 -0.01036697 0.3724996 0.9279745 -0.6911538 0.6341585 -0.3466259 -0.5075663 0.828538 -0.2364351 -0.6911451 0.6341828 -0.3465987 -0.5075712 0.8285315 -0.2364469 -0.9341112 0.347739 -0.08070832 -0.9411937 0.3314973 -0.06529963 -0.9407333 0.33279 -0.06535911 0.00398755 0.9583272 -0.285645 0.9999284 -0.0070616 -0.00966674 -0.5842152 0.5780857 -0.5696575 -0.7957497 0.5877295 -0.1461392 -0.02010881 0.3298979 0.9438024 0.005081176 0.5817209 0.8133727 -0.009589612 0.5589849 0.8291224 -0.1213706 0.6133844 0.7804031 -0.2067354 0.5393912 0.8162829 0.4787888 0.5436029 0.6893891 0.3942377 0.3594273 0.8458065 0.4788067 0.5436534 0.6893367 0.3942161 0.3594257 0.8458173 0.9973453 0.04936051 0.05353391 0.9559499 -0.008599877 0.2934042 0.4598804 -0.07984262 0.8843841 0.9999434 0.004599213 0.009596168 0.05125033 0.05654382 0.9970839 0.4598894 -0.07987892 0.8843762 0.167074 0.5493634 0.8187101 0.1692211 0.6312802 0.7568683 -0.4371516 0.5568213 0.7062921 -0.4051328 0.3346481 0.8508103 -0.02796989 -0.005106508 0.9995957 -0.4271554 -0.1648368 0.8890259 -0.4371716 0.5567952 0.7063004 -0.9998483 0.01733267 -0.001792013 -0.4051376 0.3346372 0.8508122 -0.9998482 0.0173397 -0.00177294 -0.4371793 0.5568124 0.706282 -0.9950755 0.03648936 0.0921598 -0.427143 -0.1646955 0.8890581 -0.02037084 0.8849989 -0.4651474 -0.01645082 -0.8189833 -0.5735816 0.09128838 0.03145074 -0.9953277 0.09119069 0.03147512 -0.995336 -0.2119301 0.877538 0.4301312 -0.02034485 0.8849672 -0.465209 -0.3404214 0.003006577 0.9402683 -0.02035599 0.8850036 -0.4651392 -0.2119368 0.8775531 0.4300969 -0.2664542 -0.8252719 0.4979243 -0.01645058 -0.8189632 -0.5736103 -0.3404803 0.003018796 0.9402468 -0.266396 -0.8252882 0.4979284 -0.2664012 -0.8252956 0.4979131 0.6287841 0.3565058 -0.6910385 0.440369 0.3401455 0.8308888 0.6910727 -0.5448477 -0.4749313 0.5582401 0.8247421 0.09037989 0.3959045 -0.7716601 0.4977956 0.6287505 0.3565763 -0.6910328 -0.02035009 0.885006 -0.4651347 0.5582216 0.8247596 0.09033519 0.6287342 0.3565558 -0.6910581 0.4403575 0.3401105 0.8309093 0.5582551 0.8247335 0.09036558 0.3959447 -0.7716652 0.4977559 0.6910488 -0.5448532 -0.4749595 0.6910808 -0.5448397 -0.4749285 0.3959009 -0.7716925 0.4977484 0.9993255 0.03524494 -0.01031094 -0.9993401 0.03461408 -0.01102358 -0.9996881 0.002857804 -0.02481383 -0.999024 0.02788519 -0.03425908 0.999716 0.01255565 -0.02025705 0.9995619 0.01901793 -0.02268123 0.7828707 0.3984455 0.4778648 -3.48647e-4 0.7762716 0.6303986 0.778261 -0.5602815 -0.2835397 -0.7784437 -0.5598455 -0.2838991 -3.18751e-4 0.7762885 0.6303778 -0.8070712 0.4009294 0.4334649 -0.665284 -0.4862089 -0.5665671 -0.1121258 0.9169181 0.383 -0.8070871 0.4008901 0.4334717 0.7828731 0.3984256 0.4778773 -0.6598154 -0.3209487 0.6794376 0.6315062 -0.4176108 0.6533002 0.7063314 0.6390839 0.3044141 -0.6942226 0.6684964 0.2667728 0.6315068 -0.4176154 0.6532969 -0.6597903 -0.3210008 0.6794375 -0.6785663 -0.722615 0.1318163 0.7262519 -0.6870588 -0.02254796 -0.6942149 0.6684944 0.2667978 0.7063201 0.6390625 0.3044849 0.476542 0.8419186 -0.253142 -0.5216847 0.7698099 -0.3677471 0.6141128 -0.4968937 -0.6131575 0.5797964 0.4872543 -0.6530079 -0.1121427 0.916896 0.383048 -0.1121328 0.9169418 0.3829414 -0.6546083 0.06170397 -0.7534458 -3.30694e-4 0.7762687 0.6304022 0.6141318 -0.4968764 -0.6131526 0.7782458 -0.5603021 -0.2835404 -0.7784535 -0.5598242 -0.283914 -0.6652941 -0.4862394 -0.5665289 -0.6546124 0.06177729 -0.7534362 0.579852 0.4871675 -0.6530234 -0.654643 0.0617358 -0.7534132 -0.1120623 0.9169372 0.3829727 0.5798321 0.4871814 -0.6530308 0.7783244 -0.5599273 -0.2840643 0.6341871 -0.4746481 -0.6103409 0.7921509 0.4101546 0.4519629 1.75944e-4 0.7759067 0.6308477 -0.7782174 -0.5602549 -0.2837115 2.01061e-4 0.7758736 0.6308884 -0.7913755 0.38451 0.4752653 -0.6347449 -0.5077419 -0.5824921 -0.634747 -0.5077321 -0.5824985 0.7783381 -0.5599006 -0.2840797 -0.7782288 -0.5602465 -0.2836967 -0.6903645 0.06312954 -0.7207022 -0.08393883 0.9379671 0.3364108 0.5659 0.4231553 -0.7075994 -0.6598154 -0.3209499 0.6794372 0.6315054 -0.4176132 0.6532995 0.7063322 0.6390823 0.3044155 -0.694222 0.6684966 0.2667734 0.6315085 -0.41762 0.6532921 -0.6597897 -0.3210001 0.6794384 -0.678567 -0.7226141 0.1318172 0.7262493 -0.6870614 -0.02255487 -0.6942135 0.6684978 0.2667926 0.706321 0.6390629 0.3044822 0.476543 0.8419172 -0.2531446 -0.5216831 0.7698085 -0.3677523 0.5659095 0.4232248 -0.7075503 -0.08389931 0.9379981 0.3363341 -0.08392572 0.9379655 0.3364183 -0.6903381 0.06316167 -0.7207246 -0.0839492 0.9379848 0.3363585 -0.7913815 0.3844989 0.475264 0.7921456 0.4101495 0.4519765 2.03069e-4 0.7759203 0.6308311 0.6341982 -0.4746805 -0.6103041 0.5658871 0.4232335 -0.7075629 -0.690337 0.06310486 -0.7207307 0.5114516 -0.006102025 0.8592905 0.6121218 0.7885624 0.05896067 -0.5114519 0.8580576 -0.04641455 -0.6120996 0.09593719 0.7849397 -0.5114147 0.8580792 -0.04642379 -0.682245 0.5133621 -0.5205778 -0.7442137 -0.3830546 0.5471886 -0.6120995 0.09584653 0.7849507 0.5114191 -0.006110072 0.8593098 0.6822455 -0.4959176 0.5372214 0.7442145 0.5286102 -0.4083086 0.6120976 0.7885851 0.0589075 0.5114232 -0.006102144 0.8593074 -0.6121118 0.0959059 0.7849339 -0.7442196 -0.3830924 0.5471541 0.6822153 -0.4959198 0.5372577 -0.511422 0.8580751 -0.0464192 0.6121093 0.7885723 0.05895853 0.7442184 0.5285732 -0.4083495 -0.6822157 0.5133956 -0.5205832 0.7784453 -0.4290894 -0.4581542 0.6217638 -0.259894 -0.7388268 0.7943878 0.2264293 0.5636293 2.71737e-4 0.5140172 0.8577799 -0.7782933 -0.4294121 -0.45811 2.89187e-4 0.5140254 0.857775 -0.7742616 0.2329478 0.5884339 -0.6456083 -0.2403527 -0.724859 0.7943816 0.226414 0.5636439 0.5571504 0.01106041 0.8303381 -0.827441 0.0121324 0.5614216 -0.7742641 0.2329058 0.5884472 -0.6456254 -0.2403966 -0.7248293 -0.5626407 0.003432512 -0.8266945 0.8442406 0.00535804 -0.5359376 0.6217464 -0.2598552 -0.7388551 0.8442277 0.005400598 -0.5359575 0.5571396 0.0110045 0.8303459 -0.8274422 0.01210367 0.5614204 -0.5626214 0.003480613 -0.8267075 2.92292e-4 0.5139728 0.8578065 0.7784472 -0.4290866 -0.4581536 -0.7782803 -0.4294077 -0.4581365 -0.07912129 -0.8782908 -0.4715349 0.0791583 -0.8149663 -0.5740766 0.05359464 0.8778194 -0.4759842 -0.07965767 0.8879958 -0.4528998 -0.07972162 0.8879886 -0.4529026 0.05354839 0.8778299 -0.4759697 0.3897882 -0.01104998 0.9208384 0.2238656 0.1046923 0.9689808 0.2237853 0.1046776 0.9690009 0.3897151 -0.01102536 0.9208695 0.0790888 -0.8149862 -0.5740581 -0.07916295 -0.8782856 -0.4715377 -0.694061 0.03606599 -0.7190123 -0.4394485 -0.7795303 0.4463381 -0.4891412 0.6611228 0.5689091 -0.6940135 0.0361014 -0.7190563 -0.6940584 0.03605169 -0.7190154 -0.4890816 0.6611567 0.568921 0.05356335 0.8778097 -0.4760057 -0.4891379 0.6611274 0.5689066 -0.4394558 -0.7795106 0.4463652 -0.439459 -0.7795303 0.4463276 -0.4394012 -0.7795678 0.4463187 0.170287 0.8043208 0.569272 1 2.84831e-4 -2.27289e-6 0.9713103 -0.2374403 -0.01336234 0.9999694 0.00464487 -0.006312489 0.9651407 -0.2594244 0.03467673 0.9769801 -0.1679132 0.1315873 0.9572236 -0.002739906 0.2893366 0.9973648 -9.01354e-4 0.07254499 0.9942784 0.1056244 -0.0159406 0.993431 0.07410418 -0.08719891 0.9961093 -0.06415849 -0.0604155 0.001315176 0.07216024 0.9973922 1.47396e-4 -5.85423e-5 1 1.68674e-4 -8.02063e-5 1 0.001316189 0.07218676 0.9973903 0.9713078 -0.23745 -0.01336544 1 3.4911e-4 -8.34831e-5 0.9867132 -0.1317591 -0.09506225 0.9926411 -0.04341143 -0.1130452 0.9306001 0.3608294 -0.06152963 0.9341665 0.3488448 -0.07510232 0.9305713 0.3608992 -0.06155371 0.9461061 0.3222641 -0.03207993 0.9313245 0.3614674 -0.04445254 0.9609607 0.2758356 -0.02166289 0.006968021 0.4574819 0.8891916 0.01153737 0.4193186 0.9077659 0.007392168 0.5570515 0.8304451 -0.001574695 0.562957 0.8264847 0.00131154 0.07218337 0.9973905 0.002943456 0.1614536 0.986876 9.42183e-5 1.34089e-5 1 0.001317381 0.07218778 0.9973902 -4.65894e-6 0.2720415 0.9622855 -6.5238e-6 0.2720078 0.9622951 4.46904e-5 0.7373804 0.6754778 2.37214e-4 0.7379695 0.6748341 4.06522e-5 0.7373861 0.6754716 2.47967e-4 0.7379687 0.6748349 7.09681e-5 0.8900285 0.455905 -0.99745 0.001649916 0.07134932 -0.9975422 0.003197908 0.06999546 -0.9978872 0.004443287 0.06481963 -0.997964 0.00453341 0.06361979 -1 3.11832e-4 -2.81396e-5 -0.9999693 0.004654765 -0.00631386 -0.9713144 -0.2374228 -0.01337224 -0.967827 -0.247568 0.04495501 -0.9978399 -0.001010179 0.06568473 -0.9572238 -0.002739608 0.2893359 -0.9769803 -0.1679126 0.1315863 -0.9961194 -0.06410413 -0.06030589 -0.9934311 0.07410317 -0.08719772 -0.9927522 0.119788 -0.009694576 -2.85067e-5 1.1576e-5 1 2.4336e-4 6.42294e-5 1 6.1609e-5 0.07339471 0.997303 6.10091e-5 0.07342487 0.9973008 1.18679e-4 1.87561e-4 1 3.97444e-4 5.7756e-4 0.9999998 -7.16542e-6 -5.88626e-5 1 -0.9926411 -0.0434131 -0.1130443 -0.9328758 0.3526526 -0.07334172 -0.934166 0.348846 -0.0751031 -0.9328842 0.352629 -0.0733487 3.37473e-4 0.4528106 0.8916068 -3.97215e-4 0.5422972 0.8401867 -0.01880967 0.06051194 0.9979903 1.16996e-4 0.4241709 0.9055822 0.9972348 1.89106e-4 0.07431459 0.9974435 0.001637876 0.07144159 0.9975438 0.003226161 0.06997138 1.55003e-4 2.73011e-4 1 1.52245e-4 0.1641511 0.9864352 5.7362e-5 0.07340484 0.9973022 -0.0312435 -0.384509 0.9225924 2.42518e-4 0.7379739 0.6748293 5.18369e-4 0.8909263 0.4541479 1.36418e-4 0.8901607 0.4556467 0.9978698 0.004425466 0.06508713 0.9979421 0.004510223 0.06396394 0.8365631 -0.5474284 -0.02200961 -0.8434761 -0.5369634 -0.01478469 -0.9975458 0.00323385 0.06994301 -0.9974478 0.001633465 0.0713815 -0.9972362 1.90352e-4 0.07429683 -0.9867155 -0.1317463 -0.09505516 0.8615657 0.00561732 0.5076151 0.8557891 9.31299e-4 0.517324 0.8577619 0.002519965 0.5140411 0.01552081 -0.00810635 0.9998468 -0.02129739 0.05505496 0.9982562 0.04238367 0.01049524 0.9990463 0.9999662 -0.007577776 -0.003235518 0.9999896 0.002312898 0.003934442 0.9999594 -0.008396863 -0.003289163 0.9998378 -0.01509755 -0.009826779 -0.03014248 -0.8363654 0.5473431 -0.006551027 -0.8994528 0.4369691 -0.004815101 -0.858326 0.5130823 0.08691728 0.9944545 -0.05920928 0.08017337 0.9953587 -0.05323135 0.04257029 0.9976891 0.05295532 0.05522561 0.9969501 0.05514287 0.05885815 0.9883283 -0.1405093 0.05423629 0.9884673 -0.141389 0.9999793 0.005950033 0.002506434 0.999994 0.003490984 2.73737e-4 0.9999901 0.002866089 0.003445863 -0.01686203 -0.4418509 0.8969301 0.03773146 -0.4129015 0.9099938 0.01668781 -0.4504911 0.892625 -0.01503539 -0.4448813 0.8954634 0.8347085 -0.2277191 0.501404 0.8329178 -0.227764 0.5043525 0.8411186 -0.2275332 0.4906609 0.842518 -0.2274873 0.4882753 0.04827547 0.00603801 0.9988158 0.04756408 0.003169059 0.9988632 0.003230035 -0.9228072 0.3852488 0.00595963 -0.9524822 0.304536 0.04748719 -0.3941647 0.9178122 0.8634877 0.007199943 0.5043185 -0.8498707 0.009633302 0.5269032 -0.8519336 0.007995247 0.5235888 -0.8558145 0.004879772 0.5172598 -0.04325717 -0.01091116 0.9990044 -1.13812e-4 -0.9429387 0.3329665 -0.00902009 -0.9209336 0.3896152 -0.9999786 -0.006429553 -0.001280069 -0.9996646 -0.01294797 -0.0224303 -0.9998881 -0.009501993 -0.01156115 -0.9990766 0.03114843 -0.02959507 -0.9698264 0.1726521 -0.1721282 -0.9990756 0.03116822 -0.02960836 -0.9928244 0.08682012 -0.08223265 -0.08723938 0.9953301 -0.0413208 -0.04196357 0.9976676 0.05383914 -0.0469594 0.997631 0.05027121 -0.08409106 0.995562 -0.04225265 -0.0965197 0.9892637 -0.1097334 -0.9999889 2.64692e-4 0.004733145 -0.999983 -0.004603207 0.003599941 -0.9990746 0.03118628 -0.02961963 -0.999888 -0.009501934 -0.01156687 -0.999984 -0.004732191 0.003113389 -0.8338314 -0.2250983 0.5040397 -0.8338648 -0.225097 0.5039851 -0.04696726 -0.0259031 0.9985606 -0.003855168 -0.9463332 0.3231697 -0.003983378 -0.9219487 0.3872919 5.2534e-5 -0.8504939 0.5259849 -0.01920622 -0.8451274 0.5342199 -0.01920205 -0.8451164 0.5342375 6.05844e-5 -0.850489 0.525993 0.01881814 -0.780281 0.6251462 -0.03107416 -0.4117553 0.9107646 -0.02835297 -0.4038864 0.9143698 -0.8579545 0.003142416 0.5137162 -0.8994869 -0.09757834 -0.4259129 -0.3085661 0.951155 0.009557008 -0.961415 -0.2101271 -0.1775608 -0.3235374 0.875904 0.3579326 0.6150641 0.6138986 0.4947977 -0.3085805 0.95115 0.009592473 -0.3235384 0.8759289 0.357871 0.8557083 0.5013787 0.1279957 0.5580169 -0.7550279 -0.3443111 0.8557096 0.5013764 0.1279958 0.6150652 0.6138448 0.4948632 0.5947368 -0.8039202 7.06941e-4 0.5580347 -0.7549914 -0.3443624 -0.9614174 -0.210103 -0.1775766 0.5946882 -0.8039562 7.39865e-4 -0.8994689 -0.09751772 -0.4259648 -0.3460253 0.718716 -0.603087 -0.8968377 0.03639638 0.4408602 0.8202103 0.2909694 -0.4925361 0.6361046 -0.6301383 0.4453051 0.5946997 -0.8039477 6.58631e-4 -0.08577209 -0.9146397 0.3950663 0.6360997 -0.6301265 0.4453289 -0.9613971 -0.2101635 -0.1776152 -0.89683 0.03639662 0.4408758 -0.8225079 0.2904154 0.489019 -0.3905864 0.4551658 -0.8001664 -0.3460637 0.718678 -0.6031101 0.5471967 0.1119355 -0.8294855 -0.3905725 0.4551385 -0.8001889 0.8201639 0.2910239 -0.4925814 0.820164 0.2909743 -0.4926105 0.612458 -0.3408897 0.7132247 0.5471877 0.1119479 -0.8294898 -0.8968359 0.03646546 0.4408579 0.6124643 -0.3408561 0.7132354 0.6360995 -0.6301223 0.4453351 -0.8224921 0.2904461 0.4890275 -0.3460512 0.7186918 -0.6031008 1 1.24595e-6 0 0.3185721 0.9478505 0.009560048 0.4280182 0.9037701 4.76649e-4 0.3185567 0.9478557 0.009561955 0.4278938 0.9038291 -2.56819e-6 0.3164811 0.9485484 0.009791076 -0.08969742 0.6948625 -0.7135269 0.08969801 0.6948636 -0.7135258 0.101561 0.6940681 -0.7127095 -0.1015604 0.6940672 -0.7127104 0.5823845 -0.3621855 -0.7277705 0.5824966 -0.3558549 -0.7307975 0.5734196 -0.2771363 -0.770964 0.5773278 -0.316081 -0.7528516 0.5351377 0.844765 1.42121e-5 0.543172 0.8396216 8.63132e-6 0.2311162 0.9729262 0 0.5351378 0.8447648 -2.56151e-5 0.2311162 0.9729261 0 0.2257295 0.6948997 0.6827595 0.2270989 0.6944782 0.6827344 0.1337505 0.7193199 0.6816815 0.1337323 0.7193099 0.6816956 0.7753235 0.126322 -0.6188023 0.9250763 0.03198677 -0.3784319 0.9342071 0.0282101 -0.3556141 0.7892047 0.1151812 -0.6032325 0.335439 0.941982 0.01226705 0.4133505 0.9105182 0.009905099 0.333334 0.9427689 0.008673012 0.5219423 0.4667571 0.7139427 0.3623954 0.5248534 0.7701939 0.5773264 -0.3160829 -0.7528519 0.5734211 -0.2771489 -0.7709585 0.5638601 -0.207015 -0.799504 0.5638826 -0.2070072 -0.7994902 -0.234077 0.6783345 -0.6964699 -0.2495927 0.6755946 -0.6937401 0.6239761 0.5012711 -0.5994841 0.8142676 0.3288187 -0.4783792 0.2340768 0.6783328 -0.6964716 0.8142874 0.3288098 -0.4783515 0.6239685 0.5012495 -0.5995101 0.2495921 0.6755921 -0.6937429 -2.70774e-4 0.01245009 0.9999225 0.1145424 0.475784 0.872072 0.3592739 0.7685965 0.5293221 0.4621441 0.6514267 0.6017193 -0.3293401 0.691374 0.6430686 -0.4096473 0.7769267 0.4780942 -0.293807 0.7469359 0.5964598 -0.3995592 0.708713 0.5814451 -0.3995724 0.7087274 0.5814185 -0.2177723 0.8574058 0.4662946 3.91568e-5 0.9599514 0.2801666 -0.4473229 0.8360733 0.3176219 -0.4096492 0.776927 0.4780921 8.1216e-6 0.8977113 0.4405842 -2.16602e-6 0.7985854 0.6018816 0.3293505 0.691364 0.6430739 -0.3293686 0.6913551 0.6430743 0.1771901 0.9697005 0.1681806 0.4473758 0.8360762 0.3175398 2.70774e-4 0.01245009 0.9999225 -0.1145463 0.4757798 0.8720739 0.1652237 0.6795662 0.7147664 0.09290224 0.7085428 0.6995258 0.1277235 0.9916118 0.01981925 0.1305312 0.9912713 0.01852029 0.2394086 0.9707639 0.01735204 0.233398 0.9719898 0.02759319 0.3328269 0.9428805 0.01424241 0.113957 0.9933224 0.01801902 -0.1771462 0.969722 0.1681026 -0.4836481 0.7942234 0.3678232 0.9157823 0.4016751 6.18518e-7 0.9935135 0.1137148 0 0.9923759 0.1232486 2.97126e-7 0.8934612 0.4491405 4.56501e-7 0.789463 0.5417201 0.2885957 0.8923414 0.4508705 -0.02104425 0.8923222 0.4509085 -0.02104246 0.4023959 0.548454 0.732991 0.9536089 0.3009924 -0.005815029 0.9535859 0.301064 -0.005870223 0.9535818 0.3010769 -0.005879759 0.9535813 0.3010783 -0.005880832 0.9971491 0.07545781 0 0.9971492 0.07545614 0 0.9935337 0.1135374 -2.28295e-6 0.5825147 -0.3558167 -0.7308017 0.5823997 -0.3621497 -0.7277763 -0.3588986 0.5400994 0.7612388 -0.3641973 0.5081607 0.7804699 -0.1305261 0.9912716 0.0185346 -0.1277366 0.9916098 0.01983177 -0.3333336 0.9427692 0.008672952 -0.3448457 0.938527 0.01576715 -0.3164034 0.9485747 0.0097422 -0.4278945 0.9038286 4.76395e-4 -0.3163883 0.9485797 0.009749948 -0.4280197 0.9037694 0 -0.3185532 0.9478568 0.009558081 -0.9777367 0.004542171 -0.2097867 -0.9250766 0.03198492 -0.3784315 -0.9342072 0.02820837 -0.355614 -0.9777374 0.004515886 -0.2097842 -0.5651026 -0.2083795 -0.7982713 -0.5650823 -0.2083868 -0.7982838 -0.967607 0.2523857 -0.00619471 -0.9676012 0.252408 -0.006177842 -0.9675862 0.2524666 -0.006139874 -0.9675869 0.2524638 -0.006143391 -0.4133499 0.9105185 0.009905755 -0.5477592 0.8366361 -1.39041e-5 -0.5554342 0.8315605 7.0855e-6 -0.8934617 0.4491397 3.19332e-7 -0.9157825 0.4016745 8.06577e-7 -0.2925729 0.6673157 -0.6849022 -0.2926901 0.6673768 -0.6847925 -0.7754393 0.1243762 -0.6190514 -0.7892467 0.1135855 -0.6034799 -0.3587422 0.9332048 0.02080971 -0.9971492 0.07545644 3.03958e-6 -0.9971492 0.07545632 3.71793e-6 -0.9935348 0.1135281 2.7183e-7 -0.9923721 0.1232789 0 0.3293408 0.6913745 0.6430677 0.4621376 0.6514313 0.6017193 0.4554783 0.6831218 0.5708627 0.409648 0.7769269 0.4780934 -0.09290194 0.7085557 0.6995128 -0.04267531 0.4180873 0.907404 0.04267048 0.4181273 0.9073858 0.09290784 0.7085627 0.6995049 -0.09290862 0.708554 0.6995136 -0.1652267 0.6795574 0.7147741 -0.2569613 0.9663699 0.0100153 -0.2988774 0.9542916 2.26498e-6 -0.2619846 0.6985239 0.6659042 -0.2646242 0.6987161 0.6646577 -0.1139631 0.9933221 0.01799082 -0.2052645 0.6936984 0.6903978 -0.2052507 0.6937124 0.6903878 -0.5554015 0.8315824 -6.38204e-6 -0.5477641 0.8366329 -1.44981e-5 -0.2602182 0.9655499 0 -0.5554013 0.8315824 -2.14875e-5 -0.2602182 0.96555 0 -0.6927793 0.1819927 -0.6978077 -0.6927729 0.18198 -0.6978174 1.2902e-7 0.9893923 0.1452683 7.18341e-7 0.9891965 0.1465963 0 0.9982501 0.05913466 0 0.9984449 0.05574786 0.9991325 -0.001215934 -0.04162663 0.9991314 -0.001131713 -0.04165768 -0.9990615 0.001374602 0.04329299 -0.9990753 0.001358807 0.04297524 -0.9997857 0.001342117 0.02065998 -0.9998244 0.001335203 0.01869541 0 0.9977461 -0.0671032 0 0.9976661 -0.06828117 0.01191723 -0.9999206 0.004119873 0.01187628 -0.9998991 0.007797837 0.01209795 -0.9840185 0.1776549 0.01213032 -0.9844248 0.1753872 -5.20099e-6 -0.9958523 -0.0909847 -5.22665e-6 -0.9959958 -0.08940064 -5.93937e-6 -0.9999774 0.006732821 -5.71372e-6 -0.9999961 0.002801358 -0.9985375 -0.005898833 0.05374151 -0.9985389 -0.006520986 0.05364567 0.00987339 -0.9095632 0.4154483 0.009894549 -0.9088318 0.4170455 0.005065321 -0.7464063 0.6654713 -0.9993091 0.0371682 0 -0.9993096 0.037153 0 -0.001604199 0.9886244 -0.150397 -0.001579642 0.9886239 -0.1504006 -0.4444543 5.40254e-4 0.8958015 -0.4444542 5.40024e-4 0.8958014 0 1.749e-4 1 0 1.749e-4 1 0.002394318 -0.9999972 0 0.002394318 -0.9999971 0 -0.9999993 0.001215517 -1.94707e-4 -0.9999994 8.26528e-4 -7.7718e-4 0.9999992 -0.001051187 7.00041e-4 0.9999998 -8.08191e-4 1.16192e-4 0.002186715 -0.6443244 0.7647493 -0.05687481 -0.8398481 0.5398339 -0.1653116 -0.7271098 0.6663208 -0.01234984 -0.876279 0.4816459 -0.9999417 -0.006275236 0.008793592 -0.9999417 -0.006283164 0.008793592 -0.999825 0.001338124 0.0186637 -0.9997864 0.001343727 0.0206288 -0.9999755 0.001388251 0.006871998 -0.9998246 0.001335382 0.01868522 -0.9999769 0.001214921 0.006702303 0.0115391 -0.9956558 -0.09239214 0.01152575 -0.9954996 -0.09406268 0.01149892 -0.9932502 -0.1154205 0.01154029 -0.9956603 -0.09234422 0.0111742 -0.9932598 -0.1153703 -0.9966828 -0.006866872 0.08109432 -0.9966823 -0.006797969 0.0811066 -0.9966813 -0.006669104 0.08112984 -0.9966825 -0.00683093 0.08110111 -6.27855e-7 0.9891989 0.1465799 -1.23167e-6 0.9893947 0.145252 0 0.9866238 0.1630138 3.04892e-7 0.9891989 0.1465799 0 0.9866238 0.1630137 0.9975447 -2.41906e-4 -0.07003438 0.997544 -1.86442e-4 -0.07004266 0.9975432 -1.11587e-4 -0.07005381 0.9975438 -1.58568e-4 -0.07004672 -0.9978114 8.16808e-4 0.0661202 -0.9976686 8.8919e-4 0.06823903 -0.9966723 2.66932e-4 0.08151316 -0.9966719 2.8125e-4 0.08151847 -1.27499e-7 -0.9850835 0.1720772 -2.41943e-7 -0.984654 0.1745178 0.01152729 -0.995497 -0.09408998 0.01154029 -0.9956583 -0.09236663 -8.38505e-6 -0.9958075 -0.09147411 -6.66811e-6 -0.9934556 -0.1142189 -4.68655e-6 -0.9934555 -0.1142195 -0.9994409 -0.006276547 0.03284388 -0.9994399 -0.006474256 0.03283452 -0.9999779 0.006649732 0 -0.9999779 0.006649911 0 0.9997732 -0.001185894 -0.02126598 0.9997731 -0.001176953 -0.02127289 0.9999768 -0.001177132 -0.006712853 0.9999756 -0.001051723 -0.006913065 0 -0.001479148 0.999999 -1.26333e-4 -0.006695091 0.9999777 0.1676672 -0.3621423 0.9169192 0.02502632 -0.3801382 0.9245911 3.05819e-7 -0.9807543 -0.1952465 -0.4574301 -0.8684496 -0.191188 -0.4554634 -0.7974786 -0.3957034 8.91957e-7 -0.9191976 -0.3937966 0.4430708 -0.8639572 0.2393037 0.9136935 -0.3818582 0.1390998 0.7736209 -0.1788273 0.6078911 0.3400093 -0.4955542 0.7992619 0.9137008 -0.3818438 0.1390913 0.9204964 -0.3441118 -0.1851313 0.8634144 -0.3270061 -0.3841651 0.9204996 -0.3441029 -0.1851319 0.4574638 -0.8684433 -0.1911365 0.4554411 -0.7974762 -0.3957337 -0.7670477 -0.003831684 0.6415787 -0.7736511 -0.1788361 0.60785 -0.130562 -0.1858595 0.9738634 1.76989e-5 -0.5193642 0.854553 0.2349183 -0.6261679 0.7434563 -2.15365e-5 -0.6042363 0.7968052 -2.2376e-5 -0.7423709 0.6699892 0.09306329 -0.6532907 0.7513658 -2.6105e-5 -0.6042253 0.7968136 0.797708 -0.06962233 0.5990116 0.7670421 -0.00385046 0.6415854 0.7736358 -0.178845 0.607867 -0.1676469 -0.3621872 0.9169051 -0.4887646 -0.2608196 0.8325157 -1.45755e-7 -0.9634273 0.26797 -2.16365e-5 -0.519378 0.8545446 0.1304668 -0.1857982 0.9738878 0.8634237 -0.3270186 -0.3841335 0.9107874 0.2733367 -0.3094406 8.86503e-6 -0.7423712 0.6699888 -1.49295e-6 -0.377465 0.9260239 -0.02502846 -0.3801453 0.9245882 -0.5448878 -0.2901736 0.7866998 -0.3114438 -0.5040062 0.8055933 -0.09302341 -0.6532792 0.7513807 -0.234886 -0.6261753 0.7434602 0.3114729 -0.5040146 0.8055769 0.5448983 -0.2901875 0.7866875 0.4887639 -0.2608193 0.8325161 0.4887883 -0.2608256 0.8324999 0.5073805 -0.2314432 0.8300597 -0.9136937 -0.381867 0.1390733 -0.4429256 -0.8639809 0.2394868 -0.3399984 -0.4955527 0.7992677 -0.7736417 -0.1788077 0.6078703 -0.4574255 -0.8684465 -0.1912134 -0.9205007 -0.3440999 -0.1851319 -0.3400293 -0.495549 0.7992567 -0.4429056 -0.8639951 0.2394726 0.7670476 -0.003824055 0.641579 -0.797708 -0.06962484 0.5990113 -0.7670565 -0.003842175 0.6415682 -0.8634214 -0.326991 -0.3841618 -0.4554607 -0.7974793 -0.3957049 -0.9108081 0.2733019 -0.3094102 -0.5073801 -0.2314433 0.8300599 -0.4887878 -0.2608256 0.8325002 -0.6631605 0.2611245 -0.7014501 -0.6854869 0.4818671 -0.5458132 -0.649177 -0.5486549 0.5268274 -0.667626 -0.2952495 0.6834495 -0.6301258 0.08280885 -0.7720651 0.7926456 -0.03024506 -0.6089321 0.7963518 0.07558798 -0.6000919 -0.723532 1.74953e-4 0.6902909 -0.6926024 -0.08918076 0.7157853 0.661424 -0.08027529 0.7457038 0.6816437 -0.01843941 0.731452 0.68223 0.2875434 -0.672221 0.8101512 0.2376958 -0.5358691 0.7963557 0.07558727 -0.6000868 0.7049303 0.08678311 -0.7039476 0.6666293 -0.2102744 -0.7151156 0.8269357 -0.1845858 -0.531136 0.7790935 0.07923281 -0.6218805 0.7049194 0.08680629 -0.7039555 -0.6676027 -0.2952386 0.6834771 0.6486849 -0.2670484 0.7126662 0.6691881 0.5348474 -0.5158737 0.8011855 0.4405891 -0.4049482 -0.6491489 -0.5486763 0.5268397 0.6579934 -0.4990009 0.5639529 0.6767017 0.6671733 -0.3113753 0.7678946 0.5851701 -0.2606033 -0.6631804 0.2610861 -0.7014456 0.8101627 0.2377155 -0.5358432 0.8011774 0.4406182 -0.4049325 -0.6854863 0.4818742 -0.5458076 -0.6531063 -0.6860601 0.3205837 0.6857778 -0.6260184 0.3712276 0.6898967 0.6925462 -0.2107661 0.7421873 0.6425827 -0.1903827 0.7679163 0.585148 -0.2605885 -0.678492 0.6331713 -0.372482 -0.6649632 -0.7140979 0.2188338 0.7119387 -0.6507606 0.2639205 0.6854926 0.7050325 -0.181739 0.7410345 0.6509426 -0.1647474 0.7421914 0.6425637 -0.1904306 -0.663769 0.6948565 -0.2767406 -0.6593964 -0.7279164 0.187974 0.7145805 -0.6674719 0.2094183 0.6419899 0.7466451 -0.1742703 0.7674216 0.6251507 -0.1423054 0.7410438 0.6509384 -0.1647218 -0.669368 0.7094649 -0.2204679 -0.6183409 -0.7654602 0.1781155 0.683253 -0.7062941 0.1852408 0.9981272 -0.001243293 0.06116193 0.7173234 -0.3153423 -0.6212942 0.6661452 -0.09524554 -0.7397155 0.7022891 0.01781386 -0.711669 -0.7065396 0.6840918 -0.1811633 0.7674221 0.625162 -0.1422533 0.8269447 -0.1845519 -0.5311339 0.6816658 -0.01841402 0.7314319 0.6614385 -0.08024364 0.7456944 0.7790927 0.07925432 -0.6218789 0.6486886 -0.2670508 0.7126619 0.7978215 0.2484424 -0.5493245 0.6822256 0.287577 -0.6722112 0.7978239 0.2484551 -0.5493152 0.6691948 0.534863 -0.5158487 0.7955567 0.450637 -0.4049888 0.6766937 0.6671829 -0.3113722 0.7679842 0.5869514 -0.2562973 0.6899247 0.692515 -0.2107772 0.7439336 0.6411696 -0.1883204 0.6854966 0.7050175 -0.1817825 0.7441709 0.6478922 -0.1626209 0.6420054 0.7466446 -0.1742155 0.7756888 0.6155067 -0.1394943 0.657967 -0.4990091 0.5639763 0.7955754 0.4506006 -0.4049925 0.6857862 -0.6260016 0.3712403 0.7679798 0.5869722 -0.2562631 0.711962 -0.6507223 0.2639522 0.7439371 0.6411718 -0.1882987 0.7145704 -0.667488 0.2094016 0.7441734 0.6478922 -0.1626092 0.68324 -0.7063154 0.1852069 0.7757024 0.6154939 -0.1394748 0.7173078 -0.315338 -0.6213144 0.9981279 -0.001249253 0.06114828 -0.6785037 0.6331374 -0.3725181 -0.6530943 -0.6860444 0.3206416 -0.6637707 0.6948592 -0.2767297 -0.6649653 -0.7140996 0.2188221 -0.6693829 0.7094588 -0.2204422 -0.6593977 -0.7279251 0.1879358 -0.70653 0.6840883 -0.1812143 -0.618335 -0.7654445 0.1782039 0.2180298 -0.2630943 -0.9398109 0.7173303 -0.3153519 -0.6212813 -0.001651167 0.9995897 0.0285989 -0.002176046 0.9995828 0.02880299 -0.6301326 0.08284622 -0.7720554 -0.6925742 -0.08918863 0.7158117 0.2180594 -0.2631101 -0.9397996 1.21263e-5 -0.03320217 0.9994487 6.15546e-6 -0.01657688 0.9998627 3.08524e-6 -0.01661461 0.9998621 0 -0.03328394 0.999446 1.11509e-6 -0.01660674 0.9998621 1 0 0 0 0.2507176 0.9680603 0 0.02997601 0.9995507 0 0.02997595 0.9995507 0 0.2507178 0.9680603 0 -0.2503567 -0.9681538 0 -0.0295664 -0.9995629 0 -0.02956652 -0.9995629 0 -0.2503566 -0.9681538 0 0.6104485 0.7920561 0 0.6104484 0.792056 0 -0.610437 -0.7920649 0 -0.6104372 -0.7920647 0 0.8883764 0.459116 0 0.8883757 0.4591172 0 -0.8884882 -0.4588994 0 -0.888489 -0.458898 -1.52364e-6 0.9924755 0.1224434 0 0.992473 0.1224638 0 -0.991819 -0.1276522 0 -0.9918186 -0.1276555 1 -4.46116e-7 0 1 8.85407e-7 0 0 -1 4.65033e-5 0 -1 4.65033e-5 2.37557e-6 -0.01666712 -0.9998612 5.71425e-6 -0.01672059 -0.9998602 1 -4.5878e-7 0 1 -3.53388e-6 0 1 -8.3428e-6 -8.61575e-6 1 0 -1.19565e-6 1 -1.89845e-6 -1.52436e-5 1 -7.13495e-6 -1.62051e-5 -1.14711e-5 0.9924734 0.122461 1.9049e-7 0.9999921 -0.003979802 0 0.9999921 -0.003979802 1 8.73099e-7 1.16184e-5 1 1.0772e-5 1.15704e-5 1 1.62414e-4 0 1 4.97983e-4 0 1 4.98006e-4 0 -5.01712e-7 -0.01671975 -0.9998603 0 -0.03330105 -0.9994454 1.15711e-5 -0.03337812 -0.9994429 -3.10388e-7 -0.9710741 0.2387786 -3.2009e-7 -0.9710735 0.2387807 0.6892527 -0.7050175 -0.166976 0.7030264 -0.7001176 -0.1248568 0.7565065 -0.6389456 0.1394507 0.7565138 -0.6389373 0.1394489 -3.20387e-7 -0.8307471 -0.5566501 -2.70828e-7 -0.830748 -0.5566489 2.56114e-6 -0.8931896 0.4496805 -3.20316e-7 -0.9649746 0.2623435 -8.42288e-6 -0.8931815 0.4496966 -3.14676e-7 -0.9649743 0.2623447 -2.92486e-7 -0.8931788 0.4497019 0.2779216 -0.7864732 -0.5515609 0.3148187 -0.7809516 -0.5394477 9.39805e-5 -0.7900484 -0.6130446 8.47997e-5 -0.789991 -0.6131184 -2.04049e-7 -0.9771832 0.2123986 -2.9324e-7 -0.9772849 0.2119301 -2.79722e-7 -0.9772849 0.2119301 -3.70337e-7 -0.9771833 0.2123981 -3.01807e-7 -0.977285 0.2119296 -0.6892516 -0.7050188 -0.1669759 -0.7565381 -0.6389095 0.1394448 -0.7565307 -0.6389179 0.1394466 -0.7030252 -0.7001188 -0.1248568 -1.55717e-7 -0.4972011 0.8676354 -1.76335e-7 -0.4972021 0.8676348 4.8499e-6 -0.6287227 0.7776296 -5.30016e-6 -0.6287223 0.77763 -0.7030253 -0.7001162 -0.1248716 -0.2779108 -0.7864986 -0.5515303 -0.3148062 -0.7809769 -0.5394183 -0.6892501 -0.7050134 -0.1670045 3.06866e-7 0.9716011 -0.2366253 3.21665e-7 0.9716041 -0.2366126 -1.61153e-7 -0.4413377 0.8973411 0 -0.4413384 0.8973407 5.22676e-6 -0.6287208 0.7776311 -5.68991e-6 -0.6287202 0.7776317 -2.62787e-7 -0.9773177 0.2117784 -2.2096e-7 -0.9773177 0.2117784 -2.02602e-7 -0.9774596 0.2111225 -3.28582e-7 -0.9772974 0.2118724 -4.05823e-7 -0.9774596 0.2111228 -1.02692e-4 -0.7901032 -0.612974 -9.38447e-5 -0.7900434 -0.6130509 0.5290793 0.6929272 -0.4898235 0.5224244 0.681896 -0.5119479 0.5486027 0.8254393 -0.1329853 0.5486271 0.825423 -0.1329866 0.5575335 0.7997586 -0.2225824 0.5602687 0.7836158 -0.2684128 0.543947 -0.8341748 -0.090963 0.544334 -0.8350178 -0.08028548 0.7709018 -0.4434875 0.4571974 0.449596 -0.8629366 0.2306601 0.3434352 0.483837 0.8049559 0.7551184 0.4130883 0.5090721 0.4385866 0.8262162 0.3535655 0.3434389 0.4838028 0.8049749 0.4385967 0.8262075 0.3535735 0.2737039 0.7458034 0.6073414 0.2758179 -0.4100645 0.8693512 0.7877159 -0.1808382 0.5888983 0.1925566 -0.9812859 -7.80684e-6 0.1925566 -0.9812859 0 0 -1 0 0.1925566 -0.9812859 0 0 0 -1 0.329125 0.9442864 -2.2492e-5 0.3291243 0.9442867 8.75443e-7 0.3291296 0.9442847 0 0 0 1 -1.27074e-6 0 -1 0.1925414 -0.9812889 0 0.1925402 -0.9812892 0 0.7000215 -0.7141218 0 0.7000218 -0.7141216 0 -0.7779542 -0.6283212 0 -0.7779538 -0.6283216 0 -0.9307104 -0.3657572 0 -0.9307105 -0.3657567 0 -4.0257e-6 0 -1 0.8739445 0.4860258 0 0.9910668 -0.1333664 0 0.9910668 -0.133367 0 0.8739405 0.4860329 0 0.6408864 0.7676358 0 0.6408846 0.7676373 0 0.8739356 0.4860418 0 -0.9902044 0.1396253 0 -0.9902043 0.1396257 0 -0.329144 0.9442797 4.82425e-7 -0.3291298 0.9442848 0 -0.8110507 0.5849759 0 -0.8110508 0.5849758 0 -4.20749e-6 0 1 1.49346e-6 0 1 1.10344e-6 0 -1 -3.13821e-6 0 1 1.27074e-6 0 1 -0.1925491 -0.9812874 0 -0.1925497 -0.9812873 0 -0.7000213 -0.7141219 0 -0.700021 -0.7141222 0 0.7779548 -0.6283203 0 0.7779552 -0.6283199 0 0.9307103 -0.3657573 0 0.9307102 -0.3657576 0 -0.8739441 0.4860267 0 -0.9910669 -0.1333665 0 -0.9910668 -0.1333673 0 -0.8739401 0.4860337 0 -0.6408841 0.7676377 0 -0.6408864 0.7676358 0 -0.8739366 0.4860401 0 -1.49346e-6 0 1 4.20749e-6 0 1 0.9902043 0.1396257 0 0.9902043 0.1396256 0 0.8110511 0.5849754 0 0.811051 0.5849756 0 4.0257e-6 0 -1 -0.329125 0.9442864 -2.65515e-5 -3.39403e-5 -1 2.47955e-5 2.3727e-4 -1 2.39015e-5 3.39386e-5 -2.39611e-5 -1 -3.38914e-4 -2.49445e-5 -1 -2.3727e-4 -1 -2.2769e-5 -3.39386e-5 -2.28882e-5 1 2.37259e-4 -2.25306e-5 1 3.39403e-5 -1 -2.25008e-5 -1 1.84125e-6 0 -1 -1.84126e-6 0 2.37259e-4 1.00434e-5 -1 3.39402e-5 1 6.73532e-6 -2.3727e-4 1 1.98185e-5 -3.39386e-5 2.28882e-5 -1 -3.37785e-5 -2.49147e-5 -1 2.37259e-4 2.25306e-5 -1 3.39403e-5 1 2.25008e-5 -3.37801e-5 1 2.2769e-5 3.39387e-5 1.15335e-5 1 -3.37785e-5 2.49147e-5 1 -3.39403e-5 1 -2.19345e-5 2.37269e-4 1 -8.16584e-6 3.37785e-5 -2.25008e-5 1 3.39386e-5 2.39611e-5 1 -3.39403e-5 1 -2.47955e-5 2.3727e-4 1 -2.39015e-5 -2.39981e-5 0.5000148 -0.8660169 2.38849e-5 0.5000166 -0.8660159 0 1 8.54406e-7 0 1 -8.54406e-7 0 -1 0 0 -1 0 2.39982e-5 -0.5000118 -0.8660187 -2.38849e-5 -0.5000119 -0.8660187 -2.39982e-5 -0.4999862 -0.8660334 2.38849e-5 -0.4999862 -0.8660334 2.39982e-5 0.4999862 -0.8660334 -2.38849e-5 0.4999862 -0.8660334 2.39981e-5 0.5000148 0.8660169 -2.38849e-5 0.5000166 0.8660159 -2.39982e-5 0.4999862 0.8660334 2.38849e-5 0.4999862 0.8660334 2.39982e-5 -0.4999862 0.8660334 -2.38849e-5 -0.4999862 0.8660334 -2.39982e-5 -0.5000118 0.8660187 2.38849e-5 -0.5000119 0.8660187 -1 1.84126e-6 0 -1 -1.84126e-6 0 2.38849e-5 -0.4999862 -0.8660334 -2.38849e-5 -0.4999862 0.8660334 1 -3.65197e-7 -3.49561e-7 1 -2.26244e-7 -2.02489e-7 0 0.9991105 -0.04217094 0 0.9727193 -0.2319858 -1.81794e-6 0.9697015 -0.244293 2.83783e-7 0.9991104 -0.04217141 6.60121e-6 0.9697028 -0.2442875 -2.03422e-7 0.8077423 -0.5895358 -2.26737e-7 0.8070694 -0.5904566 -3.30982e-7 -0.1665924 -0.9860259 -2.49288e-7 -0.1553549 -0.9878588 -3.06062e-7 0.3586345 -0.9334781 0.002626657 0.3771411 -0.9261522 -1.66963e-7 0.3586754 -0.9334623 9.90919e-6 0.377174 -0.9261425 -1 4.41468e-7 -3.59879e-7 -0.9999644 -4.3578e-4 -0.00842607 -1 3.53685e-7 4.16195e-7 4.84491e-7 0.9991105 -0.04217094 3.88023e-7 0.9696995 -0.2443008 3.46452e-7 0.9727173 -0.2319942 5.59683e-7 0.9991104 -0.04217106 4.67695e-7 0.9727169 -0.2319956 0 0.8070693 -0.5904567 1.56613e-7 0.8077422 -0.589536 -7.07454e-6 0.3771337 -0.9261588 -2.87422e-7 0.3586346 -0.9334781 -2.01123e-5 -0.4087313 -0.9126548 -2.23319e-5 -0.9667963 -0.2555484 2.11826e-5 -0.9667971 -0.2555454 1.91507e-5 -0.4087343 -0.9126536 2.01726e-5 -0.9667889 -0.2555767 -2.20845e-5 -0.9667889 -0.2555767 -3.0714e-7 -0.9776576 0.2102037 2.10404e-5 -0.9667887 -0.2555774 -3.19792e-7 -0.9776577 0.2102029 0.3785722 0.9255717 1.80567e-5 0.3785702 0.9255726 1.44836e-4 0.9221775 0.3867669 -1.89604e-5 0.9221599 0.3868091 1.83251e-5 -0.3785722 0.9255718 -1.80567e-5 -0.3785702 0.9255727 1.84416e-5 -0.922159 0.3868111 1.89582e-5 -0.9221784 0.3867649 -1.83272e-5 1.87258e-5 0.7070994 0.7071142 -1.76297e-5 0.7070965 0.7071171 2.11086e-7 1 1.27323e-6 0 1 -2.05359e-6 1.83684e-5 -0.7070993 -0.7071143 -1.82817e-5 -0.7070993 -0.7071143 0 -1 0 0 -1 0 1.83684e-5 -0.7071158 0.7070978 -1.82818e-5 -0.7071167 0.7070968 -1.83684e-5 1.0252e-5 1 1.82818e-5 1.16527e-5 1 1.83684e-5 0.7071176 -0.707096 -1.82818e-5 0.7071167 -0.7070969 0 9.44654e-7 -1 0 9.75459e-7 -1 1.83684e-5 -1.18911e-5 1 -1.82817e-5 -8.37445e-6 1 -1.85012e-5 0.707117 0.7070966 1.81905e-5 0.7071147 0.7070989 -1.83684e-5 -0.7070993 0.7071143 1.82817e-5 -0.7070993 0.7071143 -1.83684e-5 -0.7071158 -0.7070978 1.82818e-5 -0.7071168 -0.7070968 -1.83684e-5 0.7070987 -0.7071149 1.82818e-5 0.7070965 -0.7071171 0.5250374 -0.5595976 -0.6412382 0.3942961 -0.8108351 0.4325243 -0.6976092 -0.6295598 0.3420466 -0.5669431 -0.3783016 -0.7317538 0.5513923 -0.5233674 -0.6496561 0.5249465 -0.5596295 -0.6412847 -0.5668728 -0.378318 -0.7317997 -0.5786109 -0.3357443 -0.7432935 -0.996478 0.05462676 0.06362128 -0.1192535 -0.4999834 0.8577852 -0.07699882 -0.218427 0.9728108 -0.9757193 0.1725801 -0.1348631 0.7280437 -0.5011004 0.4678149 -0.1568488 -0.8197504 0.5508245 -0.156992 -0.8197291 0.5508156 0.7411963 -0.4853885 0.4637092 -0.4424468 0.7464508 -0.4970434 -0.6131097 -0.1597504 -0.7736772 -0.7637396 -0.4492377 0.4635594 -0.5830753 0.4761493 0.6582592 0.7323168 0.5514045 -0.3995814 -0.4424815 0.7464557 -0.4970051 -0.5831106 0.4762066 0.6581866 0.5916664 0.2811199 0.7555809 -0.5831059 0.4761406 0.6582383 -0.7637344 -0.4492533 0.463553 0.494327 -0.6581665 0.5678536 0.5916303 0.2810627 0.7556306 0.7322997 0.5513714 -0.3996583 0.6449722 -0.368659 -0.6694039 -0.6130942 -0.1597484 -0.7736899 -0.4424412 0.7464563 -0.4970403 0.5916022 0.2810809 0.7556456 0.4943267 -0.6581696 0.5678502 0.6449692 -0.3686887 -0.6693903 0.7322729 0.5513954 -0.3996745 0.4160921 -0.7834062 0.4616733 0.3942543 -0.810869 0.4324988 0.5249887 -0.5596427 -0.6412386 0.5514004 -0.5233939 -0.6496279 -0.5785921 -0.3357418 -0.7433093 -0.5669201 -0.3783168 -0.7317636 -0.6976554 -0.6295481 0.3419739 -0.7138993 -0.5957604 0.367991 0.551438 -0.5233375 -0.6496415 -0.5786108 -0.3357066 -0.7433106 -0.7637431 -0.4492519 0.46354 -0.7139289 -0.5957197 0.3679994 0.4161214 -0.7833933 0.4616688 0.4943007 -0.6581783 0.5678629 0.9587101 -0.233839 0.1618461 0.115188 0.5318203 -0.8389869 0.08236926 0.2175779 -0.9725612 0.9902208 -0.1326524 -0.04320085 0.1151803 0.5318469 -0.8389711 0.08236593 0.2175642 -0.9725646 -0.7138936 -0.5957496 0.3680195 -0.6976213 -0.6295638 0.3420147 0.3941971 -0.8108753 0.4325389 0.4160798 -0.7833948 0.4617038 -0.5785942 -0.3357025 -0.7433254 -0.7139066 -0.5957309 0.3680245 0.5514296 -0.5233434 -0.6496439 0.644972 -0.3686763 -0.6693944 -0.1450369 -0.8478432 0.5100257 0.9701089 -0.1970673 0.1416095 0.9603065 -0.2172685 0.1749451 -0.1132229 -0.4301817 0.8956139 -0.7304872 0.6636991 0.16091 0.1564905 0.9846724 0.0770139 0.1563509 0.9846951 0.07700663 -0.7172632 0.6788888 0.1569825 0.140536 0.8660737 -0.4797562 0.1421195 0.9573891 -0.2514126 -0.9891297 0.1276717 -0.07295584 -0.9986001 0.05274492 0.003965437 -0.1503247 -0.8853526 0.4399471 -0.9985987 0.05277097 0.0040012 0.9687384 -0.2110918 0.1303314 0.9891374 -0.1277881 0.07264506 0.1421502 0.9573861 -0.2514066 0.1405007 0.8660941 -0.4797298 -0.9891299 0.1276751 -0.07294678 -0.1421213 -0.9573769 0.2514579 -0.9964781 0.05463665 0.06361061 0.1151381 0.5318089 -0.8390009 -0.1502922 -0.8853748 0.4399135 -0.1421094 -0.9574041 0.2513611 0.9891209 -0.1276885 0.07304608 0.9687477 -0.2110805 0.1302803 0.8863921 0.4012632 0.2308612 0.7280393 -0.501116 0.467805 0.7411968 -0.4853975 0.4636988 0.8789725 0.4199598 0.2259228 -0.1192255 -0.4999569 0.8578045 -0.07704395 -0.2184498 0.9728022 -0.8856189 -0.2392307 0.3980549 -0.892805 -0.2200514 0.3930352 -0.8856177 -0.2392457 0.3980489 -0.7304507 0.6637329 0.1609364 -0.7172506 0.6789127 0.1569367 -0.8928089 -0.220071 0.3930155 0.8863887 0.4012947 0.2308201 0.878966 0.4199547 0.2259579 0.03263235 -0.89637 0.4421041 0.9975622 -0.04935967 0.04932928 0.9939829 -0.07332217 0.08137488 0.03431665 -0.5095337 0.8597661 0.5000202 0.1300806 0.8561887 1 -1.99908e-7 -5.03877e-7 1 -4.51848e-7 -6.79141e-7 0.5000197 0.1300329 0.8561962 -1 -3.99816e-7 -4.8197e-7 -0.5000193 0.1300806 0.8561891 -0.5000209 0.130034 0.8561953 -1 -3.09447e-7 -3.54905e-6 -2.38849e-5 0.4999887 -0.8660319 -2.39982e-5 -0.4999836 -0.8660349 2.38849e-5 -0.4999836 -0.8660349 2.39982e-5 0.4999887 -0.8660319 2.38849e-5 0.4999862 0.8660334 -0.500018 -0.1300345 -0.8561969 -1 -4.71016e-7 -1.38019e-6 -1 -6.13417e-7 -2.2784e-6 -0.5000179 -0.130082 -0.8561897 1 -1.40757e-6 -1.24874e-6 0.5000184 -0.1300354 -0.8561965 0.5000196 -0.1300808 -0.8561889 1 9.39296e-7 6.13418e-7 -0.5000178 -0.1300355 -0.8561969 -0.5000172 -0.1300813 -0.8561903 -0.4999861 0.1300842 0.8562079 0.4999861 0.1300843 0.8562079 0.4999862 0.1300368 0.8562151 -0.4999862 0.1300367 0.8562152 1.50071e-7 -1 9.8585e-7 -2.39982e-5 -0.5000169 0.8660157 2.3502e-5 -0.5000172 0.8660155 -2.75391e-7 -1 -8.54404e-7 0.5000206 0.1300795 0.8561885 0.5000183 0.1300334 0.8561969 0.4999861 -0.130037 -0.8562152 -0.4999861 -0.1300368 -0.8562151 -0.4999862 -0.1300845 -0.8562079 0.4999861 -0.1300846 -0.8562079 0.4999862 -0.1300376 -0.856215 -0.4999862 -0.1300376 -0.856215 -0.4999862 -0.1300849 -0.8562079 0.4999861 -0.1300851 -0.8562078 0.5000187 -0.1300352 -0.8561963 0.5000199 -0.1300817 -0.8561886 -2.38849e-5 0.5000208 0.8660135 0 1 -2.14696e-6 0 1 1.9717e-6 2.39982e-5 0.500016 0.8660163 -2.39982e-5 0.5000169 -0.8660157 2.38849e-5 0.5000204 -0.8660137 -2.36296e-5 -0.5000177 -0.8660152 2.39982e-5 -0.500016 -0.8660163 -0.4999862 0.1300832 0.856208 0.4999863 0.1300832 0.8562081 0.4999862 0.1300364 0.8562151 -0.4999862 0.1300363 0.8562151 -0.4999794 0.1300835 0.856212 -0.5000212 0.1300337 0.8561952 3.39402e-5 1 1.23382e-5 -3.37801e-5 1 2.44081e-5 -3.39386e-5 2.15173e-5 -1 3.37802e-5 -3.87728e-5 -1 2.39982e-5 0.5000118 0.8660187 -2.38849e-5 0.5000119 0.8660187 0 1 0 0 1 0 -3.39386e-5 -2.44081e-5 1 3.38914e-4 -2.49445e-5 1 3.39403e-5 -1 -2.47657e-5 -3.37801e-5 -1 -2.44081e-5 0 -1 8.87267e-7 0 -1 -8.87267e-7 -2.39981e-5 -0.5000136 0.8660176 2.3727e-4 1 -2.2769e-5 3.39386e-5 2.28882e-5 1 -2.37259e-4 2.25306e-5 1 -3.39403e-5 1 -2.25008e-5 2.39981e-5 -0.5000136 -0.8660176 -2.38849e-5 0.4999862 -0.8660334 -2.39982e-5 0.5000118 -0.8660187 2.38849e-5 0.5000119 -0.8660187 3.39403e-5 1 2.47657e-5 -3.38931e-4 1 2.44081e-5 -3.39386e-5 2.44081e-5 -1 3.37785e-5 2.49147e-5 -1 -3.37785e-5 -2.25008e-5 -1 -3.39403e-5 -1 2.25008e-5 2.3727e-4 -1 2.2769e-5 3.39386e-5 -2.28882e-5 -1 3.378e-5 1 -1.03414e-5 3.39404e-5 -4.07994e-5 1 -3.37785e-5 1.95205e-5 1 -3.38931e-4 -1 -2.44081e-5 3.37801e-5 -1 2.2769e-5 -1.21941e-5 -0.9999663 0.008211016 0 -0.9999663 0.008211076 0 0.9999651 -0.008357584 1.21934e-5 0.9999651 -0.008357584 1 2.00597e-6 -6.84965e-7 1 0 -6.81248e-7 -1 -5.1755e-6 6.69349e-7 -1 3.18826e-6 6.97432e-7 -3.27724e-5 -1.2517e-5 1 -1.84033e-5 -1.25766e-5 1 0 0.382683 0.9238798 7.89762e-7 -1.06394e-5 1 0 0.3826845 0.9238791 1.83684e-5 -0.7071154 0.7070981 -1.82818e-5 -0.7071161 0.7070974 -1.83684e-5 1.11461e-5 1 1.82818e-5 1.21593e-5 1 0 -1 1.43752e-7 0 -1 1.26296e-6 -1.83228e-5 -0.7070983 0.7071153 1.82817e-5 -0.7070994 0.7071143 1.82086e-5 -0.7070994 -0.7071142 -1.86204e-5 -0.7071 -0.7071136 -1.56945e-7 0 -1 -1.56945e-7 5.33935e-7 -1 -1.84296e-5 -0.7071148 -0.7070987 -1.47148e-4 -0.7071151 -0.7070984 0 0.3826835 -0.9238795 -4.0424e-7 0.3826839 -0.9238794 -1.22069e-5 -0.9999085 0.01353281 0 -0.9999085 0.01353299 1.21081e-5 0.9990072 0.04454976 1.24562e-5 0.9990072 0.04454863 0 0.9999061 -0.01371002 1.22191e-5 0.9999061 -0.0137102 -1.22141e-5 -0.9993552 -0.03590518 0 -0.9993552 -0.03590577 1 4.83397e-6 -6.90567e-7 1 0 -6.80178e-7 -1 8.00282e-7 6.71398e-7 -1 -6.39872e-6 6.9986e-7 -1 0 3.18712e-7 -1 1.1026e-6 3.82788e-7 1 0 -3.39751e-7 1 1.70065e-6 -3.63467e-7 1.41213e-7 1 0 2.82426e-7 1 0 0.4999862 0.1300833 0.856208 0.4999862 0.1300364 0.8562151 -0.4999862 0.1300362 0.8562152 -0.4999863 0.1300832 0.8562081 0.5000179 -0.1300349 -0.8561969 0.5000179 -0.1300814 -0.8561898 1 -7.33909e-7 -2.2784e-6 1 -5.96986e-7 -1.38019e-6 0.5000213 0.1300334 0.8561952 0.4999794 0.130084 0.8562118 -0.4999862 -0.1300374 -0.856215 -0.4999861 -0.1300845 -0.8562079 0.4999862 -0.1300846 -0.8562079 0.4999862 -0.1300375 -0.856215 -0.5000206 0.1300798 0.8561885 -0.500018 0.1300346 0.8561969 -1 1.18302e-6 5.9151e-7 -1 -1.15837e-6 -1.24874e-6 -0.5000197 -0.130081 -0.8561888 -0.5000186 -0.1300349 -0.8561965 0 1 -4.16249e-7 0 1 3.28618e-7 -2.39617e-5 0.5000155 -0.8660165 2.38849e-5 0.5000132 -0.8660178 2.39982e-5 0.4999862 -0.8660334 0 -0.4999999 -0.8660255 0 -0.4999991 -0.8660261 0 -1 7.01052e-7 0 -1 -9.2013e-7 0 -0.4999991 0.866026 0 -0.5 0.8660255 0 0.5000005 0.8660252 0 0.5000001 0.8660255 -0.5525324 -0.01113182 0.8334172 0.4222108 -0.2002749 0.8840972 0.2306635 0.7396298 0.6322517 0 -0.9999751 -0.007071137 -1.9145e-7 -0.999975 -0.007071077 -1.90051e-7 -0.9918166 -0.1276702 0 5.40337e-4 -1 0 5.40337e-4 -1 -1 0 0 0 5.40337e-4 -1 -1 0 0 -0.004185736 0.3494675 0.9369392 0 7.15868e-4 0.9999998 0.03618925 0.001888036 0.9993432 0.1235663 0.3280086 0.9365586 0.6082702 0.2823644 0.7418071 0.6273024 0.6897845 0.3615094 0.2413231 0.8329831 0.4978978 -0.005121707 0.4169122 -0.9089323 -0.1243934 0.4182886 -0.8997561 -0.2369699 0.8598513 -0.4522181 -0.00933206 0.899345 -0.4371401 -0.009384393 0.8993539 -0.4371205 -0.009152829 0.8622196 0.506452 0.2413245 0.8329733 0.4979138 0.2388511 0.861154 -0.4487361 0.9790412 0.1461683 0.1418208 0.9473898 0.3178039 -0.03812086 0.62733 0.6897541 0.3615196 0.6082684 0.2823823 0.7418017 0.5842301 0.03165787 0.8109704 0.6273494 0.6897555 0.3614833 0.5152518 0.7443401 -0.4248215 0.5152373 0.7443446 -0.4248315 0.9770588 0.1423472 -0.1584089 0.9932438 0.09746336 -0.06298869 -0.1206877 0.3236813 0.9384375 -0.009147405 0.8622377 0.5064212 -0.2394291 0.8314958 0.5012869 0.9805135 0.05415701 0.18884 0.5842511 0.03168344 0.8109543 0.9982486 0.05603623 -0.01896405 -0.03623515 0.001928031 0.9993414 -0.606279 0.2855729 0.7422088 -0.6183131 0.6963213 0.3644524 -0.2369619 0.8598375 -0.4522481 -0.2394499 0.8314794 0.5013043 0.1287394 0.4193395 -0.8986549 0.2388815 0.8611477 -0.448732 -0.9790468 0.1461845 0.1417662 -0.6062716 0.2855685 0.7422165 -0.6182888 0.6963422 0.3644538 -0.9473912 0.3177984 -0.03813469 -0.5842144 0.03167593 0.810981 -0.5029983 0.7528015 -0.4245972 -0.6183201 0.6963141 0.3644543 -0.5030196 0.75277 -0.4246279 -0.9770537 0.1423635 -0.1584256 -0.9932425 0.09747141 -0.06299954 -0.9805134 0.05415713 0.18884 -0.5842124 0.03168141 0.8109823 -0.9982486 0.05603647 -0.01896405 0.9994415 -0.006138503 0.03285014 0.9994415 -0.006138503 0.03285008 0.9994415 -0.006138503 0.03285008 0.9994409 -0.006276547 0.03284388 -0.01191902 -0.9999205 0.004119932 -0.01213032 -0.9844248 0.1753871 -0.01209807 -0.9840185 0.1776549 -0.01187807 -0.9998992 0.007797956 -0.9997731 -0.001176953 -0.02127289 -0.9997732 -0.001186311 -0.02126592 0 0.9984449 0.0557478 0 0.9976661 -0.06828105 0 0.9977461 -0.06710302 0.9990615 0.001374661 0.04329299 0.9998251 0.001335263 0.01865226 0.9997852 0.001387178 0.02068287 0.9990753 0.001359045 0.04297524 5.96494e-6 -0.9999961 0.002801179 3.17769e-6 -0.9850835 0.1720772 3.44308e-6 -0.9846541 0.1745176 6.09772e-6 -0.9999774 0.006732583 0.9978114 8.16855e-4 0.06612008 0.9976686 8.8924e-4 0.06823897 7.58516e-6 -0.9958109 -0.09143733 5.88677e-6 -0.9959973 -0.08938437 0.9985389 -0.006519556 0.05364567 0.9985375 -0.005898833 0.05374151 -0.0115363 -0.9954982 -0.09407579 -0.01154035 -0.9956543 -0.09240907 -0.9991314 -0.001131534 -0.04165768 -0.9991326 -0.001215279 -0.04162663 0 0.9893924 0.1452675 0 0.9892232 0.1464161 4.57697e-6 -0.9958118 -0.0914269 4.98584e-6 -0.9959939 -0.08942174 4.68655e-6 -0.9934555 -0.1142195 8.41665e-6 -0.9958119 -0.09142637 6.66811e-6 -0.9934556 -0.1142189 0.9966719 2.81374e-4 0.08151853 0.9966736 2.22102e-4 0.08149659 -2.9325e-7 0.9891989 0.1465801 0 0.9866238 0.163014 0 0.9866238 0.1630142 -0.9975436 -1.47527e-4 -0.07004857 -0.9975443 -2.06106e-4 -0.07003945 -0.9975443 -2.0658e-4 -0.07003951 -0.997545 -2.81739e-4 -0.0700286 -0.01153892 -0.9956604 -0.09234338 -0.01150429 -0.9932501 -0.1154212 -0.01150429 -0.9932501 -0.1154212 -0.01149725 -0.9932502 -0.1154207 0.9966828 -0.006866812 0.08109438 0.9966818 -0.006735146 0.08111786 0.9966821 -0.006762206 0.0811131 0.9966815 -0.006703555 0.08112323 0.9998246 0.001335382 0.01868522 0.9999769 0.001214921 0.006702303 0.9999755 0.001388251 0.006871998 -0.01012611 -0.909596 0.4153705 -0.00993669 -0.9088374 0.4170322 0.9999416 -0.00627923 0.008793592 0.9999417 -0.00627923 0.008793592 -0.9999756 -0.001051723 -0.006913065 -0.9999768 -0.001177132 -0.006712853 0.0123918 -0.8762745 0.4816529 0.05687481 -0.8398482 0.5398336 -0.0050655 -0.7464057 0.665472 -0.9999998 -8.08191e-4 1.16193e-4 -0.9999992 -0.001051187 7.0004e-4 0.1653113 -0.7271109 0.6663198 -0.002201139 -0.6443584 0.7647205 0.9999994 8.26632e-4 -7.77179e-4 0.9999994 0.001029372 -4.73934e-4 0.9999994 0.001029372 -4.73922e-4 0.9999994 0.001029372 -4.73917e-4 0.4444601 5.40022e-4 0.8957986 0.4444541 5.40254e-4 0.8958015 0.001578807 0.9886239 -0.1504006 0.001604259 0.9886243 -0.1503978 0 1.749e-4 1 0.9993093 0.03716313 0 0.9993094 0.03715807 0 -0.002393603 -0.9999971 0 -0.002393603 -0.9999972 0 0.9999779 0.006649851 0 0.9999779 0.006650149 0 0.982709 0.1826711 0.03023993 0.8273612 0.5606114 0.03447151 0.07419967 -0.9933118 0.08846539 0.1417438 -0.702319 -0.6976079 0.141751 -0.6955895 -0.7043167 0.07108616 -0.9927511 0.09691292 0.6705747 0.6544342 0.3493499 0.8522956 0.2994278 0.4288768 0.5112425 0.1983961 0.8362237 0.5355719 0.01109987 0.8444167 0.9298137 0.02043694 0.3674628 0.9981666 0.05352801 0.02825576 0.9981459 0.05378121 0.02849906 -6.44475e-7 0.4852979 0.8743489 -0.1080015 0.4918463 0.8639578 8.4168e-4 0.9385312 0.3451935 -0.8247901 -0.05714184 0.5625444 -0.5991511 0.3286691 0.7300648 0.1224977 0.314355 0.9413688 -0.5991585 0.3286723 0.7300573 0.8112627 0.5799317 0.07437753 0.8273742 0.5605922 0.03447347 0.06259226 0.1199187 -0.9908087 0.06725615 0.1168913 -0.9908648 0.0471605 0.1234265 -0.9912325 0.04141288 0.1235755 -0.9914706 0.001862406 0.9999316 -0.01154559 -0.3453187 0.9384668 -0.005939781 -0.2650683 0.9146981 0.3050673 0.07697457 0.08086466 -0.9937484 0.07746762 0.07717102 -0.9940038 0.0885846 0.02488666 -0.9957578 0.1417241 -0.6956005 -0.7043112 0.1417981 -0.7023168 -0.6975991 0.08786803 0.02711617 -0.9957631 0.5218815 0.02816808 0.8525528 0.8800904 0.1354949 0.4550628 0.9267624 0.2556421 0.2752431 0.5218651 0.02817147 0.8525628 0.9942785 0.02213507 0.1045008 -0.8248016 -0.05719029 0.5625227 -0.9959964 -0.07150822 -0.0536459 -0.9292337 0.1166026 0.3506118 -0.9592607 0.09234708 0.2670038 -0.5114225 0.5478273 0.6620667 -0.7168508 0.1355972 0.683914 -0.511422 0.5478363 0.6620598 -0.1080154 0.4918522 0.8639526 -0.2642368 0.1192702 0.9570547 -0.7168442 0.1355714 0.6839261 -0.01259547 0.1727208 -0.9848903 -0.01282405 0.172976 -0.9848426 -0.5114294 0.5478312 0.6620581 -0.9942835 0.02211672 0.1044569 -0.9298117 0.02044129 0.3674677 -0.9826996 0.1827219 0.03023493 -0.9981656 0.05354028 0.0282669 -0.9981666 0.05352848 0.02825576 -0.5289031 0.01249331 0.8485903 -0.1509872 0.3035052 0.9407909 0.01897001 -0.004164814 0.9998114 0.8248152 -0.0571438 0.5625073 0.5503953 0.3268917 0.7682494 -0.8273612 0.5606117 0.03446739 -0.5911239 0.8062027 0.02469563 -0.5143935 0.1975224 0.8344964 -0.08613306 0.2252646 -0.9704829 -0.08408236 0.153111 -0.9846255 -0.09482645 0.1898784 -0.9772176 -0.07582139 0.2238431 -0.9716715 0.3445032 0.9387288 -0.01029378 -0.07752138 0.07720381 -0.993997 -0.07702732 0.08087027 -0.9937439 0.9292437 0.1166012 0.3505859 0.9592583 0.09232962 0.2670182 -0.5143571 0.1975281 0.8345175 -0.5289025 0.01247233 0.848591 -0.07106667 -0.9927531 0.0969063 -0.07420468 -0.9933101 0.08848059 0.716844 0.1355759 0.6839254 0.5150283 0.5436069 0.6627498 0.2642386 0.1192522 0.9570564 0.1079946 0.4918652 0.8639479 0.5150415 0.5435952 0.6627493 0.7168422 0.1355723 0.6839279 -2.8757e-6 0.1097221 0.9939624 -1.93715e-7 0.4853232 0.8743348 -0.1417538 -0.6955893 -0.7043164 -0.1417464 -0.7023192 -0.6976072 -0.08787798 0.02711731 -0.9957621 -0.1417991 -0.7022988 -0.697617 -0.1417307 -0.6956087 -0.7043018 -0.08857542 0.02488958 -0.9957585 -0.9267621 0.2556387 0.275247 -0.8800886 0.1354934 0.4550668 -0.5218411 0.02816468 0.8525777 -0.5218656 0.02817159 0.8525624 0.8248 -0.05719089 0.5625249 0.9959965 -0.07150882 -0.05364239 0.1079909 0.4918632 0.8639494 -0.4492856 -0.4152539 -0.7910163 -0.25686 -0.5581527 -0.7889795 -0.8938468 0.4472842 -0.03122085 -0.7783485 0.5754112 0.2511489 -0.4404181 0.5635873 0.6988571 -0.8938427 0.4472936 -0.03120523 0.5351446 0.8447605 -1.45561e-5 0.5431767 0.8396185 7.34058e-6 -0.447335 0.8360662 0.3176238 -0.1771656 0.9697239 0.1680708 0.6925398 0.1854904 -0.6971242 0.6925439 0.185504 -0.6971164 0.2157799 -0.9517397 -0.2182447 0.2157832 -0.95174 -0.2182397 0.2157801 -0.9517412 -0.2182378 0.2157866 -0.9517398 -0.2182371 -0.4851894 -0.7783014 -0.3985453 -0.4851871 -0.7783247 -0.3985023 -0.4852135 -0.778277 -0.3985633 -0.4852204 -0.7782714 -0.3985658 0.6631604 0.2611244 -0.7014502 0.667626 -0.2952498 0.6834495 0.6491769 -0.548655 0.5268274 0.685487 0.4818668 -0.5458132 0.6301258 0.08280831 -0.7720649 -0.7963517 0.07559138 -0.6000916 -0.7926477 -0.03024315 -0.6089295 0.7235321 1.75111e-4 0.6902908 -0.6816437 -0.01843941 0.731452 -0.6614235 -0.08027601 0.7457042 0.6925672 -0.0891847 0.715819 -0.6822298 0.2875442 -0.6722209 -0.7049303 0.08678257 -0.7039476 -0.7963557 0.07558733 -0.6000868 -0.8101508 0.2376971 -0.5358691 -0.6666289 -0.2102753 -0.7151156 -0.704919 0.08680903 -0.7039555 -0.7791219 0.07922506 -0.621846 -0.8269355 -0.1845868 -0.531136 -0.6486849 -0.2670485 0.7126662 0.6676027 -0.2952386 0.6834771 -0.6691877 0.5348479 -0.5158736 -0.8011851 0.4405899 -0.4049484 -0.6579934 -0.4990015 0.5639523 0.649149 -0.5486761 0.5268397 -0.6767022 0.6671728 -0.3113755 -0.7678951 0.5851693 -0.260603 0.6631804 0.2610867 -0.7014454 0.6854862 0.481873 -0.5458087 -0.8011776 0.4406182 -0.4049324 -0.8101627 0.2377142 -0.5358437 -0.6857777 -0.6260181 0.3712283 0.6531103 -0.6860269 0.3206466 -0.6898954 0.6925472 -0.2107672 -0.7421854 0.6425852 -0.1903815 0.6784918 0.6331712 -0.3724825 -0.7679166 0.5851478 -0.2605883 -0.7119383 -0.6507578 0.2639282 0.6649631 -0.7140989 0.2188311 -0.6854927 0.7050324 -0.1817394 -0.7410345 0.6509429 -0.1647464 0.6637688 0.6948567 -0.2767406 -0.7421916 0.6425634 -0.1904311 -0.7145807 -0.667473 0.2094143 0.6593965 -0.7279165 0.1879734 -0.6419916 0.7466437 -0.1742702 -0.7674239 0.6251478 -0.1423053 0.669368 0.7094649 -0.2204679 -0.7410438 0.6509392 -0.1647191 -0.6832544 -0.7063145 0.1851574 0.6183425 -0.7654362 0.1782135 -0.9981271 -0.001244127 0.06116282 -0.7022882 0.01781332 -0.7116699 -0.6661859 -0.09526729 -0.739676 -0.717326 -0.3153426 -0.6212911 0.7065058 0.6841248 -0.1811708 -0.7674221 0.6251618 -0.1422536 -0.8269446 -0.184552 -0.5311339 -0.7790929 0.07925456 -0.6218787 -0.6614384 -0.0802437 0.7456945 -0.6816659 -0.0185039 0.7314296 -0.6486886 -0.2670508 0.712662 -0.7978214 0.2484424 -0.5493244 -0.6822255 0.2875778 -0.6722109 -0.7978239 0.2484561 -0.5493148 -0.6691949 0.5348607 -0.515851 -0.7955569 0.4506341 -0.4049917 -0.6766929 0.6671891 -0.3113607 -0.7679811 0.5869763 -0.2562496 -0.6899247 0.6925151 -0.2107766 -0.7439301 0.6411939 -0.1882513 -0.6854968 0.7050169 -0.1817842 -0.7441707 0.6478935 -0.1626163 -0.6420052 0.7466447 -0.1742151 -0.7756887 0.6155068 -0.139494 -0.6579671 -0.4990093 0.5639761 -0.7955754 0.4506008 -0.4049924 -0.685786 -0.6260017 0.3712406 -0.7679798 0.5869722 -0.256263 -0.7119625 -0.6507219 0.2639517 -0.7439365 0.6411728 -0.1882973 -0.7145703 -0.6674882 0.2094012 -0.7441736 0.6478919 -0.1626092 -0.6832395 -0.7063161 0.1852067 -0.7757031 0.6154932 -0.1394745 -0.9981279 -0.001249611 0.06114888 -0.7173078 -0.3153381 -0.6213143 0.6530943 -0.6860444 0.3206416 0.6785036 0.6331374 -0.3725184 0.6649657 -0.7140999 0.2188197 0.6637703 0.6948594 -0.2767301 0.6593976 -0.7279253 0.1879354 0.6693828 0.7094587 -0.220443 0.7065305 0.6840878 -0.1812144 0.6183344 -0.765445 0.1782043 -0.7173298 -0.3153538 -0.621281 -0.2180288 -0.2630954 -0.9398108 0.001926243 0.9995898 0.02857899 0.001917064 0.9996135 0.02773171 0.001862943 0.9995869 0.02868247 0.001651167 0.9995896 0.0285989 0.001964092 0.9995856 0.02872008 0.001964092 0.9995856 0.02872008 0.6301323 0.08284574 -0.7720556 0.6925742 -0.08918917 0.7158117 -0.2180353 -0.2631102 -0.9398052 0 1 -2.05933e-6 0 1 2.01551e-6 -2.39981e-5 0.5000202 -0.8660138 2.38849e-5 0.5000165 -0.866016 2.37429e-5 -0.5000175 -0.8660153 -2.38849e-5 -0.500016 -0.8660163 2.75391e-7 -1 -1.02967e-6 -1.50071e-7 -1 9.85851e-7 -2.36152e-5 -0.5000174 0.8660155 2.38849e-5 -0.5000165 0.866016 2.39981e-5 0.5000205 0.8660137 -2.38849e-5 0.500016 0.8660163 0.4999862 0.1300842 0.8562079 0.4999862 0.130037 0.8562151 -0.4999862 0.1300369 0.8562151 -0.4999862 0.130084 0.856208 0.5000177 -0.1300356 -0.8561969 0.5000171 -0.1300812 -0.8561903 1 -1.69785e-7 -3.54905e-6 1 -5.42216e-7 -4.8197e-7 0.5000208 0.1300343 0.8561953 0.5000193 0.1300805 0.8561891 -0.4999862 -0.1300375 -0.856215 -0.4999862 -0.1300847 -0.8562079 0.4999862 -0.1300848 -0.8562078 -0.5000202 0.1300806 0.8561887 -0.5000197 0.130033 0.8561961 -1 -1.23231e-7 -7.01049e-7 -1 -2.848e-7 -5.03877e-7 -0.50002 -0.1300815 -0.8561887 -0.5000186 -0.1300354 -0.8561964 0.7030046 -0.7001361 -0.124876 0.6892549 -0.7050179 -0.1669657 -3.18297e-7 -0.9771845 0.2123925 -3.7502e-7 -0.9771822 0.2124032 -1 3.11026e-7 0 -1 -3.40189e-7 0 1 0 0 0 1.01699e-6 1 0 1.01699e-6 1 0 1.01699e-6 1 -5.45242e-6 0 1 1 2.60681e-6 0 2.55688e-6 -1 0 -5.11377e-6 -1 0 -1 0 0 0 7.793e-6 1 9.41721e-6 0 1 1 -4.60336e-7 0 1 0 0 -1 0 0 0 1.01699e-6 1 5.45242e-6 0 1 5.11376e-6 -1 0 -2.55688e-6 -1 0 1 0 0 -9.41721e-6 0 1 1.04469e-5 0 1 -5.11377e-6 1 0 5.11376e-6 1 0 -0.6619809 0 -0.7495207 -0.6619869 0 -0.7495154 0 -1 -1.03676e-6 0.6619816 0 -0.7495202 0.6619864 0 -0.749516 0 -1 1.03676e-6 0.6619815 0 0.7495202 0.6619884 0 0.7495141 0 0.0629177 0.9980188 0 0.06291759 0.9980188 -0.6619828 0 0.7495191 -0.6619871 0 0.7495152 -0.6384916 0.0855605 0.7648581 -0.6385032 0.08556598 0.7648478 -0.63849 0.08556443 0.764859 -0.6384863 0.08556413 0.7648621 -0.3258793 0.8752509 -0.3574054 -0.3259053 0.8752447 -0.3573967 -0.3259065 0.8752443 -0.3573969 -0.3258699 0.8752529 -0.3574091 0.6384792 0.08557009 0.7648674 0.638486 0.08556878 0.7648618 0.6384882 0.08556514 0.7648604 0.6384907 0.08556371 0.7648586 0.3259082 0.8752421 -0.3574008 0.3259105 0.8752401 -0.3574036 0.3259027 0.8752428 -0.357404 0.3258638 0.8752576 -0.3574031 -0.9975051 0.0705927 7.20781e-4 -0.9975013 0.07064437 7.81961e-4 -0.997498 0.07069116 8.39572e-4 -0.9974994 0.07067108 8.15904e-4 0 0.9224526 -0.3861104 0 0.922453 -0.3861095 0.9975115 0.07050156 6.10249e-4 0.9974951 0.07073211 8.89698e-4 0.9975132 0.07047748 5.81828e-4 0.9975012 0.07064616 7.81575e-4 0 0.5519689 0.8338648 0 0.5519715 0.833863 0 0.9999268 -0.01210409 0 0.9999268 -0.01210665 0 1 -2.88317e-6 0 1 8.84977e-6 1 -2.45191e-6 0 1 -7.26888e-7 0 0 0.9332857 -0.3591347 0 0.9332859 -0.3591345 0 -0.3591362 -0.9332851 0 -0.6075394 -0.7942897 1.95927e-7 -0.607557 -0.7942762 0 -0.3591374 -0.9332847 1.11756e-5 -0.6075404 -0.7942889 0 0.3591289 0.933288 0 0.09383022 0.9955882 -1.51922e-5 0.09381997 0.9955893 0 0.3591415 0.9332832 -1.10294e-5 0.09386599 0.9955849 -9.88516e-5 -0.4603895 0.887717 1.41402e-5 -0.4603891 0.8877173 -1.46472e-5 -0.9485695 -0.3165691 1.45781e-5 -0.9485691 -0.3165705 -2.81056e-7 -0.6075686 -0.7942672 0 -0.6075454 -0.7942849 1.88076e-5 -0.9246657 0.38078 -1.87188e-5 -0.9246662 0.3807789 -1.41402e-5 -0.4604269 0.8876976 1.40735e-5 -0.4604259 0.8876982 0 0.3591344 0.933286 0 0.0938338 0.9955879 1.53701e-5 0.09383183 0.9955881 0 0.3591389 0.9332842 1.99319e-5 0.09381496 0.9955897 0 -0.3591409 -0.9332834 0 -0.3591301 -0.9332875 -2.05306e-5 -0.607533 -0.7942944 -1 -2.40052e-7 0 0 -0.3591433 -0.9332825 0 -0.3591278 -0.9332885 0 0.3591516 0.9332793 0 0.3591405 0.9332836 -1 1.6355e-6 0 -1.46473e-5 -0.9485727 -0.3165596 1.45782e-5 -0.9485724 -0.3165605 1.3148e-4 -0.924677 0.3807525 1.46473e-5 -0.9485592 -0.3166002 -1.45782e-5 -0.9485594 -0.3165995 -1.88076e-5 -0.9246767 0.3807532 1.41402e-5 -0.4603903 0.8877166 -1.40735e-5 -0.4603904 0.8877166 -1.88076e-5 -0.9246769 0.3807527 1.3148e-4 -0.9246767 0.3807533 1.46473e-5 -0.9485595 -0.316599 -1.45782e-5 -0.9485593 -0.3165996 -1.87188e-5 -0.9246643 0.3807833 -1.41402e-5 -0.4604296 0.8876963 1.40735e-5 -0.4604296 0.8876963 1.88076e-5 -0.9246643 0.3807834 1 1.0097e-6 0 1 -2.52424e-7 0 0 -0.9332855 0.3591353 0 -0.9332852 0.3591363 -1 -5.0485e-7 0 -1 -2.45191e-6 0 1 2.45191e-6 0 0 1 -2.14697e-6 0 1 2.05934e-6 -2.39981e-5 0.5000118 -0.8660185 2.38849e-5 0.5000079 -0.8660209 2.39982e-5 -0.5000104 -0.8660194 -2.38849e-5 -0.5000123 -0.8660184 0 -1 1.09539e-6 0 -1 -1.02967e-6 -2.39982e-5 -0.5000101 0.8660196 2.38849e-5 -0.5000126 0.8660181 2.39981e-5 0.5000121 0.8660184 -2.38849e-5 0.5000076 0.8660212 0 -1 1.03676e-6 -0.6384916 0.08556008 0.7648581 -0.6385033 0.08556544 0.7648479 -0.6384906 0.085563 0.7648587 -0.3259261 0.8752371 -0.3573966 -0.3258609 0.8752561 -0.3574096 -0.3259069 0.8752443 -0.3573965 -0.3258717 0.8752515 -0.357411 0.6385154 0.08555555 0.7648388 0.638486 0.08556896 0.7648618 0.6384883 0.08556455 0.7648605 0.6384907 0.08556258 0.7648586 0.3259081 0.875242 -0.3574007 0.3259102 0.8752415 -0.3574005 0.3259024 0.8752441 -0.3574009 -0.997505 0.07059353 7.20558e-4 -0.9975011 0.0706464 7.81382e-4 -0.9974979 0.07069188 8.39341e-4 0 0.9224529 -0.38611 0 0.9224528 -0.3861098 0.9975116 0.07050132 6.10468e-4 0.997495 0.07073163 8.90083e-4 0.9975012 0.07064574 7.81961e-4 1 2.40052e-7 0 0 -0.3591405 -0.9332836 1.18117e-4 -0.6075435 -0.7942864 0 0.3591321 0.9332867 0 0.09383207 0.9955881 -1.51916e-5 0.09382164 0.995589 0 0.3591384 0.9332844 -1.10295e-5 0.09386211 0.9955853 -1.40735e-5 -0.4603875 0.8877181 1.41402e-5 -0.4603869 0.8877184 -1.46473e-5 -0.9485725 -0.31656 1.45782e-5 -0.9485728 -0.3165593 -2.82045e-7 -0.607564 -0.7942708 0 -0.6075398 -0.7942892 1.88075e-5 -0.9246627 0.3807875 -1.87188e-5 -0.9246627 0.3807874 -1.41424e-5 -0.4603832 0.8877204 1.40757e-5 -0.4603832 0.8877202 0 0.3591421 0.9332829 1.99285e-5 0.09386676 0.9955848 0 -0.3591378 -0.9332845 0 -0.3591366 -0.9332851 -2.07994e-5 -0.6075395 -0.7942894 -1 9.60203e-7 0 -1 9.0861e-7 0 1.87188e-5 -0.924677 0.3807525 1.46473e-5 -0.9485592 -0.3165999 -1.45782e-5 -0.9485594 -0.3165993 -1.88076e-5 -0.9246767 0.380753 -1.88076e-5 -0.924677 0.3807526 1.87188e-5 -0.9246767 0.3807532 1.46473e-5 -0.9485595 -0.3165988 -1.45782e-5 -0.9485594 -0.3165994 -1.87188e-5 -0.9246612 0.380791 1.40735e-5 -0.4604285 0.8876969 1.88075e-5 -0.9246608 0.3807919 1 -1.0097e-6 0 0 -0.9332855 0.3591355 0 -0.9332853 0.3591361 1 -1.22596e-6 0 -0.001656293 -0.5984116 0.8011872 0.4385895 0.8262223 0.3535481 0.7551019 0.4131323 0.5090609 0.001149177 0.01690053 0.9998566 0.001124501 0.01691848 0.9998563 0.001036822 0.01696586 0.9998556 0.001060247 0.01694822 0.9998559 1 -5.17349e-7 0 -0.01812779 -0.1424506 -0.989636 -0.01811873 -0.1424481 -0.9896365 -0.01809251 -0.14245 -0.9896367 -0.01807349 -0.1424505 -0.9896369 -0.02281308 0.4640281 0.8855267 -0.02280634 0.4640303 0.8855257 -0.02281993 0.4640251 0.8855281 -0.0228511 0.4640282 0.8855257 -0.9178758 0.3968676 0 -0.9178755 0.3968686 2.87239e-7 0.9159102 -0.4013835 -2.81702e-7 0.9159097 -0.4013845 -2.66777e-7 -0.01858466 -0.287661 -0.957552 -0.01861327 -0.2876586 -0.9575522 -0.01861935 -0.287653 -0.9575538 -0.01859325 -0.2876591 -0.9575524 8.76793e-4 0.9999997 0 8.76787e-4 0.9999997 0 -0.9998809 0.01544284 0 -0.9998809 0.01544159 0 0.9999972 -0.002404928 0 0.9999972 -0.002403438 0 -0.01274532 0.2592551 -0.9657248 -0.01278614 0.2592492 -0.9657258 -0.0127595 0.2592555 -0.9657245 -0.01276099 0.2592553 -0.9657245 1 4.70177e-7 0 -0.00114876 0.01689994 0.9998565 -0.001060009 0.01694786 0.9998559 -0.001036405 0.01696521 0.9998556 -0.001124083 0.01691788 0.9998563 -1 5.17348e-7 0 0.01812773 -0.1424511 -0.9896359 0.01807349 -0.1424497 -0.989637 0.01809245 -0.1424493 -0.9896368 0.01811867 -0.1424487 -0.9896364 0.02281308 0.4640281 0.8855267 0.0228511 0.4640282 0.8855257 0.02281993 0.4640251 0.8855281 0.02280676 0.4640277 0.8855271 0.9178755 0.3968686 2.87239e-7 0.9178762 0.3968669 0 -0.9159097 -0.4013845 -2.66777e-7 -0.9159102 -0.4013833 -2.81702e-7 0.01858472 -0.2876596 -0.9575525 0.01859325 -0.2876607 -0.957552 0.01861935 -0.2876543 -0.9575533 0.01861333 -0.2876569 -0.9575527 -8.7678e-4 0.9999997 0 -8.76793e-4 0.9999997 0 0.9998809 0.01544159 0 0.9998809 0.01544266 0 -0.9999972 -0.002404391 0 -0.9999972 -0.002405226 0 0.01274502 0.2592524 -0.9657256 0.01276129 0.2592577 -0.9657239 0.01275974 0.259257 -0.9657241 0.01273828 0.259253 -0.9657256 -0.9834883 -0.108788 0.1446239 0.03429305 -0.5095421 0.8597621 0.03920394 -0.2244143 0.973705 -0.9985044 0.01021021 -0.05371093 0.8198407 0.5378294 0.1964708 0.8182067 -0.3785097 0.4327449 0.828492 -0.3608838 0.4282104 0.8093447 0.5550618 0.1920098 0.8181879 -0.3785291 0.4327637 8.67094e-5 -0.8348652 0.5504546 -6.30357e-5 -0.834867 0.5504519 0.8284903 -0.3608725 0.428223 -5.80522e-5 0.9969434 0.07812821 8.10877e-5 0.9969433 0.07812893 0.8198276 0.5378633 0.1964331 0.809316 0.5550938 0.1920372 -0.9901205 -0.1111816 0.08544015 -0.04197674 0.5403314 -0.8404046 -0.04236572 0.875579 -0.4812135 -0.8180491 -0.3784269 0.4331153 -0.8284213 -0.3606395 0.4285529 -0.8180492 -0.3784427 0.4331014 -0.8196638 0.5379772 0.1968038 -0.8092429 0.5550848 0.1923722 -0.8284239 -0.3606583 0.4285317 -0.8196895 0.5379456 0.1967839 -0.8092498 0.5550579 0.1924203 -0.9901178 -0.1112201 0.08542186 -0.9993119 -0.03606301 0.008668541 0.03708261 -0.9667744 0.2529273 0.03262817 -0.896353 0.4421387 -0.03708463 0.9668646 -0.2525819 -0.9993118 -0.03606557 0.008666157 0.03431254 -0.5095376 0.859764 -0.9834826 -0.1088246 0.1446349 0.997561 -0.04934573 0.04936718 0.9993134 0.03604382 -0.008580505 -0.0370413 0.9667903 -0.2528723 -0.04233926 0.8755967 -0.4811838 0.0370385 -0.966775 0.2529315 0.9993135 0.03604054 -0.008577942 0.9587127 -0.2338317 0.1618416 -0.1192467 -0.4999785 0.8577889 -0.04201114 0.5403249 -0.840407 0.9939828 -0.07329601 0.08140033 0.991729 0.0308842 -0.1245787 0.03925055 -0.2244406 0.9736971 -0.04200387 0.5403772 -0.8403739 -0.03377652 0.2244515 -0.9738997 -0.03383129 0.2244378 -0.973901 0.574646 -0.703081 0.4188786 0.5552806 -0.7338541 0.3913077 0.5552801 -0.4686745 -0.6870286 0.5746457 -0.4286228 -0.6971836 0.5746565 -0.4286245 -0.6971736 0.5552316 -0.4686616 -0.6870766 -0.5552315 -0.4686617 -0.6870766 -0.5746565 -0.4286248 -0.6971735 -0.639784 -0.566339 0.5195544 -0.5746785 -0.7030487 0.4188882 0.5746794 -0.7030516 0.4188817 0.6397831 -0.5663432 0.5195508 -0.5746567 -0.7030779 0.418869 -0.5552316 -0.7338661 0.3913546 0.5552315 -0.733866 0.391355 0.5746566 -0.703078 0.418869 -0.6397914 -0.2607653 -0.7229582 -0.5746531 -0.4285865 -0.6971998 -0.5746526 -0.7030571 0.4189094 -0.6397807 -0.5663247 0.5195741 0.5552414 -0.4686099 -0.6871039 0.5553211 -0.7338135 0.3913263 -0.5553215 -0.7338118 0.391329 -0.5553209 -0.4686316 -0.6870248 0.6397914 -0.5663227 0.519563 0.5746519 -0.7030584 0.4189083 0.5746556 -0.4285871 -0.6971973 0.6397812 -0.2607629 -0.7229681 0.6397696 -0.2607598 -0.7229794 0.5746791 -0.428592 -0.6971749 -0.5746794 -0.4285941 -0.6971734 -0.6397802 -0.2607633 -0.7229688 -0.5746459 -0.4286225 -0.6971835 -0.5552806 -0.468674 -0.6870287 -0.5552803 -0.7338545 0.3913075 -0.5746461 -0.703081 0.4188785 0.5974183 0.662193 -0.4523184 -0.5973994 0.6621806 -0.4523615 0.5973675 0.3768764 0.7078956 0.5973669 0.6622039 -0.4523703 -0.5973663 0.6622046 -0.4523702 -0.5973669 0.3768769 0.7078959 -0.5974182 0.3768897 0.7078458 -0.6397751 -0.5663392 0.5195649 0.639775 -0.566339 0.5195654 0.5974183 0.37689 0.7078456 0.5974382 0.6621814 -0.4523091 -0.5974382 0.6621814 -0.4523091 -0.5974382 0.3768858 0.707831 0.5974382 0.3768858 0.707831 -0.9963284 0.05651199 0.06431251 -0.1131676 -0.4302104 0.8956072 -0.07141524 -0.1402229 0.9875412 -0.9769698 0.1582973 -0.1430807 0.8780361 0.4211591 0.2273275 0.7117321 -0.4594013 0.5314019 0.7250195 -0.444039 0.5264752 0.8707902 0.4393667 0.2206388 0.7117081 -0.4594231 0.5314151 -0.1754595 -0.7726854 0.6100585 -0.1756066 -0.7726625 0.6100451 0.7250208 -0.4440258 0.5264846 0.1536427 0.9881247 0.001898109 0.1537758 0.9881039 0.001908183 0.8780353 0.4211844 0.2272837 0.870783 0.4393625 0.2206751 -0.9987441 0.04984915 0.005032718 -0.9963278 0.05653786 0.06429922 0.1091038 0.4634091 -0.8794023 0.1351127 0.82539 -0.5481568 -0.8986286 -0.2085268 0.3859837 -0.9056397 -0.1898356 0.3791824 -0.8986447 -0.2085001 0.3859606 -0.7354981 0.6725963 0.08159005 -0.7221694 0.6874381 0.07681345 -0.9056431 -0.189857 0.3791637 -0.7355332 0.6725609 0.08156383 -0.7221841 0.687417 0.07686364 -0.9987416 0.04989498 0.005059361 -0.9899129 0.1184765 -0.07769185 -0.1375491 -0.9346496 0.3278878 -0.1450582 -0.84782 0.5100582 0.1375896 0.9346277 -0.3279333 -0.9899136 0.1184685 -0.07769435 0.9701066 -0.1970533 0.1416449 0.9899205 -0.1185492 0.07748264 0.1375927 0.9346639 -0.3278289 0.1351329 0.8254079 -0.548125 -0.1375445 -0.9346484 0.3278931 0.9899104 -0.1184448 0.0777713 0.1091173 0.4634326 -0.8793882 0.9603157 -0.2172644 0.1749004 -0.1131695 -0.4301828 0.8956203 0.9904418 -0.1326746 -0.03771597 -0.0713908 -0.1402559 0.9875382 0.07675224 0.1394156 -0.987255 0.1091057 0.4634475 -0.8793818 0.0767557 0.1394019 -0.9872567 0.421107 -0.7427477 0.5205717 0.3992162 -0.7725186 0.493803 0.5236787 -0.6074934 -0.597254 0.5499247 -0.571946 -0.6086549 0.5499292 -0.5719462 -0.6086506 0.5236364 -0.607475 -0.59731 -0.5692424 -0.43729 -0.6962332 -0.5811567 -0.3957906 -0.7110603 -0.7598503 -0.4130969 0.5019745 -0.7100166 -0.566579 0.4181684 0.4211116 -0.7427334 0.5205883 0.4994668 -0.6091978 0.6159635 -0.7099741 -0.5666007 0.4182111 -0.6937175 -0.6023356 0.3949024 0.3992513 -0.7724573 0.4938707 0.4211205 -0.7427476 0.5205608 -0.6164398 -0.2229155 -0.7551892 -0.5811732 -0.3957656 -0.7110608 -0.7099893 -0.5665833 0.4182087 -0.7598438 -0.4130822 0.5019966 0.5236579 -0.6074278 -0.5973391 0.3992619 -0.7724803 0.4938263 -0.693792 -0.6022663 0.3948771 -0.5692397 -0.4372444 -0.696264 0.549951 -0.5719051 -0.6086695 0.6428586 -0.41903 -0.6412073 0.642856 -0.4190105 -0.6412227 0.5499609 -0.5719015 -0.6086639 -0.5811936 -0.3957623 -0.7110459 -0.6164268 -0.2229149 -0.7552001 -0.5811643 -0.3958089 -0.7110439 -0.5692904 -0.4372911 -0.6961932 -0.6937545 -0.6023203 0.3948608 -0.7099828 -0.5666126 0.4181804 0.7283728 0.5198886 -0.4463058 -0.4475071 0.7030009 -0.5527451 0.5944619 0.3423275 0.7276173 0.4994441 -0.6091933 0.6159864 0.6428593 -0.4190384 -0.641201 0.7283772 0.5198872 -0.4463004 -0.4474705 0.703017 -0.5527544 -0.5813868 0.5254469 0.6212045 -0.5814329 0.5254597 0.6211504 -0.7598404 -0.4131036 0.501984 0.4994543 -0.6091949 0.6159765 0.5944647 0.3423291 0.7276144 0.7284061 0.5198912 -0.4462487 -0.447452 0.7030149 -0.5527721 -0.5813735 0.5254409 0.621222 0.5944096 0.3423475 0.7276507 2.25382e-6 0 1 -0.7000215 -0.7141219 0 -0.7000208 -0.7141225 0 -0.9910667 -0.1333677 0 -0.9910669 -0.1333662 0 0.3291295 0.9442849 0 -0.3291296 0.9442847 0 0.8110508 0.5849758 0 0.8110507 0.5849759 0 0.9902045 0.1396254 0 0.9902045 0.1396251 0 0.1925493 -0.9812873 0 0.192549 -0.9812874 0 -0.1925488 -0.9812874 0 -0.1925491 -0.9812874 0 -1.4025e-6 0 -1 0.9307106 -0.3657565 0 0.9307106 -0.3657566 0 -0.8739448 0.4860253 0 -0.8739407 0.4860326 0 -0.8739354 0.4860423 0 0.7779551 -0.6283199 0 2.54148e-6 0 1 -2.20688e-6 0 -1 0.7000208 -0.7141225 0 0.7000216 -0.7141218 0 0.9910667 -0.1333674 0 0.9910667 -0.1333675 0 -0.811051 0.5849756 0 -0.8110512 0.5849754 0 -0.9902044 0.139626 0 -0.9902043 0.1396259 0 -0.9307105 -0.365757 0 1.4025e-6 0 -1 0.6408841 0.7676377 0 0.8739438 0.4860271 0 0.8739399 0.486034 0 0.6408869 0.7676354 0 0.8739368 0.4860397 0 -0.7779551 -0.6283199 0 -0.7779552 -0.6283199 0 2.54148e-6 0 -1 -2.20688e-6 0 1 -0.3528493 -0.9356802 -2.05636e-5 -2.61589e-5 -1 2.14577e-5 0 -0.8367367 0.5476055 -0.3528992 -0.9356614 2.11224e-6 0 -0.8367395 0.5476014 -0.8074868 -0.4936018 0.3229898 -2.28272e-5 -0.4755901 -0.879667 2.27195e-5 -0.4755901 -0.879667 -0.3528735 -0.9356711 7.07507e-5 -0.8074871 -0.4935722 0.3230342 2.28272e-5 -0.4756162 -0.8796529 -2.27195e-5 -0.4756195 -0.8796512 -2.62829e-5 -1 -1.89245e-5 -0.3528825 -0.9356678 0 1 6.9923e-7 0 -1 -2.4919e-6 0 0 1 -2.567e-7 0 1 -8.72779e-7 -1.83684e-5 0.7070972 -0.7071164 1.82817e-5 0.7070978 -0.7071158 1.83684e-5 0.7071171 -0.7070966 -1.82818e-5 0.7071173 -0.7070963 0 1.01653e-6 -1 0 9.03582e-7 -1 -1.83684e-5 -0.7071152 -0.7070984 1.82818e-5 -0.7071152 -0.7070984 1.83684e-5 -0.7070997 -0.7071138 -1.82817e-5 -0.7071007 -0.707113 0 -1 7.0849e-7 0 -1 -4.20987e-7 -1.83684e-5 -0.7071 0.7071136 1.82817e-5 -0.7071011 0.7071126 1.83684e-5 -0.7071152 0.7070984 -1.82818e-5 -0.7071152 0.7070984 -1.83684e-5 1.20401e-5 1 1.82818e-5 1.20401e-5 1 1.83684e-5 -1.05202e-5 1 -1.82818e-5 -1.02818e-5 1 -1.89595e-5 0.7071152 0.7070984 1.77343e-5 0.707116 0.7070977 1.98366e-5 0.7070973 0.7071163 -1.68219e-5 0.7070981 0.7071156 0 -0.005180954 0.9999867 0 -0.005180954 0.9999866 0 -0.9999171 -0.01287907 0 -0.9999172 -0.01287853 1.44581e-5 0.9998728 0.01594781 -5.92321e-7 0.9998728 0.01594787 0 0.9556526 0.2944965 1.88164e-5 0.9998729 0.01594692 0 0.9556528 0.2944957 0 0.09331518 -0.9956367 0.9872418 -0.01087629 0.1588563 0.9872411 -0.01083964 0.1588638 0.9872415 -0.01085954 0.1588598 0.9872416 -0.01086741 0.1588587 0 0.8120502 -0.5835877 0 0.8120484 -0.58359 -1.47249e-5 0.9998731 0.01593023 1.46255e-5 0.9998732 0.01592928 0 -0.03062808 0.9995309 0 -0.03062808 0.9995309 0.9850698 -0.04642498 0.1657781 0.9850699 -0.04640167 0.1657834 0.9850709 -0.04639273 0.1657803 0.9850715 -0.04638367 0.1657798 0 -0.9996622 -0.02599364 0 -0.9996621 -0.02599328 8.14721e-6 0.3532117 -0.9355435 -0.9872418 -0.01087903 0.1588563 -0.9872415 -0.01087045 0.1588587 -0.9872415 -0.01086068 0.1588598 -0.987241 -0.01084047 0.1588638 -0.9850699 -0.04642146 0.1657781 -0.9850717 -0.04637867 0.1657798 -0.9850708 -0.04639357 0.1657803 -0.9850699 -0.04640322 0.1657834 -0.00537306 -0.9999856 -4.66627e-5 -0.00537306 -0.9999856 -5.05514e-5 0 -0.1635102 0.9865417 0 -0.1635102 0.9865417 3.85741e-7 0.04606121 -0.9989386 0 0.04606121 -0.9989386 0 0.02531749 -0.9996795 0 0.04606121 -0.9989387 0 0.1626822 -0.9866786 0 0.1626822 -0.9866786 0 0.04608982 -0.9989373 0 0.04608982 -0.9989373 0.00537306 -0.9999856 -4.66627e-5 0.00537306 -0.9999856 -5.05514e-5 -1.00543e-6 -0.04625535 0.9989297 7.02878e-6 -0.04625535 0.9989297 0 -1 -4.84404e-5 0 -1 -4.84404e-5 1.28936e-7 -0.04625272 0.9989299 -1.00069e-6 -0.04625272 0.9989299 0 -0.02531749 0.9996795 -3.69735e-7 -0.04625272 0.9989298 0 -0.02531749 0.9996795 0 0.3826832 -0.9238796 -1.88559e-7 0.3826836 -0.9238795 0 5.75007e-7 -1 0 -4.72327e-7 -1 -1.8372e-5 -0.7071148 -0.7070989 1.81076e-5 -0.7071159 -0.7070977 1.83064e-5 -0.7070971 -0.7071166 -1.82771e-5 -0.7071019 -0.7071117 0 -1 2.21788e-6 0 -1 -1.45805e-6 -1.8186e-5 -0.7070978 0.7071158 1.82818e-5 -0.7070988 0.7071148 1.83684e-5 -0.7071152 0.7070985 -1.82818e-5 -0.7071159 0.7070977 -1.83684e-5 1.12951e-5 1 1.82818e-5 1.23978e-5 1 -2.78454e-5 -1.13547e-5 1 -1.83424e-5 -1.12951e-5 1 0 0.3826841 0.9238794 2.78875e-5 -1.10865e-5 1 0 0.3826842 0.9238793 -0.5223881 0.6819053 -0.5119727 -0.5290786 0.6929278 -0.4898235 -0.5486027 0.8254393 -0.1329853 -0.5602684 0.7836161 -0.2684125 -0.5575556 0.7997343 -0.2226141 -0.5486271 0.825423 -0.1329866 -0.5439456 -0.8341757 -0.09096354 -0.5444142 -0.8349646 -0.08029621 -0.770903 -0.4434857 0.457197 -0.4495984 -0.8629354 0.2306597 -0.3434336 0.4838193 0.8049674 -0.2737048 0.7458016 0.6073431 -0.4385954 0.8262093 0.3535711 -0.7551183 0.4130883 0.5090722 -0.7877159 -0.1808381 0.5888984 -0.2758705 -0.4100462 0.8693433 0.001609265 -0.5984192 0.8011816 -0.7551026 0.4131309 0.509061 -0.4385925 0.8262207 0.3535478 -1.09764e-5 -0.03320997 0.9994485 -7.57681e-7 -0.01661872 0.999862 -6.15546e-6 -0.01657688 0.9998626 -1 0 0 0 0.02997595 0.9995507 0 0.02997601 0.9995507 0 -0.2503567 -0.9681538 0 -0.02956652 -0.9995629 0 -0.0295664 -0.9995629 0 0.6104485 0.792056 0 0.8883758 0.4591173 0 -0.8884883 -0.4588993 0 -0.888489 -0.458898 6.70366e-6 0.9924727 0.1224666 -6.06738e-6 0.9924727 0.1224665 0 -0.9918191 -0.1276522 0 -0.991819 -0.1276521 -1 8.85407e-7 0 -2.2189e-6 -0.01668465 -0.9998609 -4.03867e-7 -0.01668447 -0.9998608 -1 -1.83512e-6 0 -1 7.12314e-6 -1.19565e-6 -1 -8.80629e-6 -8.61575e-6 -1 -7.13495e-6 -1.62051e-5 -1 2.70385e-6 -1.52436e-5 -5.7017e-6 0.9924734 0.122461 -6.03875e-6 0.9924734 0.122461 -9.56655e-6 0.9924734 0.122461 -1.9049e-7 0.9999921 -0.003979802 -1 0 1.15704e-5 -1 -5.93644e-6 1.16184e-5 -1 4.95214e-4 0 -1 1.62414e-4 0 -1 4.97983e-4 0 -6.17153e-7 -0.01670098 -0.9998606 -3.60454e-6 -0.01670098 -0.9998606 -1.15711e-5 -0.03337812 -0.9994429 -1.96602e-6 -0.01671981 -0.9998602 0 -0.03330111 -0.9994454 0 -0.999975 -0.007071137 1.9145e-7 -0.999975 -0.007071077 -1 0 0 -1 0 0 1 0 0 0 0 1 0 0 1 0 -0.6929118 -0.7210225 0 -0.6929091 -0.7210251 0 -0.6929146 0.7210198 0 -0.6929062 0.7210279 1 0 0 -1 -5.24442e-7 0 -1 -2.83833e-6 0 1 1.04888e-6 0 -0.9996361 -0.02687054 -0.002391397 -0.9996361 -0.02686834 -0.002442359 -0.999636 -0.02686393 -0.002502143 -0.9996361 -0.02686446 -0.002486526 -1 -4.12865e-6 0 -1 3.04214e-6 0 0.999636 -0.02686721 -0.002462387 0.9996359 -0.02686816 -0.00247997 0.9996363 -0.02686429 -0.002391099 0.9996361 -0.02686655 -0.002442359 -5.25748e-6 -0.1446687 0.9894801 -9.60706e-6 -0.1446687 0.9894801 0 3.62708e-4 1 4.24311e-6 -0.1446687 0.9894801 0 3.62708e-4 1 0 -0.4118325 0.9112596 0 -0.4123287 0.9110353 -4.31851e-7 -0.5664207 0.8241164 -1.39211e-4 -0.566302 0.8241979 1 1.02637e-6 0 0 -0.1446904 0.989477 0 -0.1446905 0.989477 0.9998465 0.01408177 0.01042395 0.9998465 0.01408207 0.01042401 -0.9999938 0.003379344 0.00101006 -0.9999943 0.002892196 0.001722931 -0.9999943 0.002892196 0.001722931 -0.9999944 0.002892196 0.001722931 0.999959 -0.008085489 -0.004092752 0.9999589 -0.008094847 -0.004076421 0.9999589 -0.008112192 -0.004067957 0.9999588 -0.008168518 -0.00397098 0 0.8037081 0.5950238 0 0.803707 0.5950254 1.34622e-6 -0.566299 0.8242 -2.18669e-6 -0.5664176 0.8241185 0 -0.6000176 0.7999869 5.64381e-7 -0.5662992 0.8241999 0 -0.6000177 0.7999868 -0.9998466 0.01408177 0.01042401 -0.9998467 0.01407527 0.01042407 -1.66289e-6 0.3826836 -0.9238795 -2.17882e-6 0.3826836 -0.9238795 -2.7922e-7 7.80366e-7 -1 -2.79219e-7 4.67193e-7 -1 -1.97114e-5 -0.7071157 -0.707098 1.65425e-5 -0.7071161 -0.7070974 1.72058e-5 -0.7070994 -0.7071143 -1.98357e-5 -0.7070992 -0.7071144 -1.3961e-7 -1 1.33484e-7 0 -1 1.33484e-7 -1.83684e-5 -0.7070997 0.7071139 1.82817e-5 -0.7070998 0.7071138 1.83684e-5 -0.7071155 0.7070981 -1.2841e-4 -0.7071155 0.7070981 -1.83684e-5 1.18911e-5 1 1.82818e-5 1.19805e-5 1 1.70911e-5 -1.25766e-5 1 -1.82818e-5 -1.25766e-5 1 -2.82377e-5 -9.91672e-6 1 0 0.382685 0.9238789 0.7894693 0.5417001 0.2886164 0.4023749 0.5484346 0.733017 0.7736236 -0.1788266 0.6078879 0.8918079 -0.2017996 0.4049142 0.6485826 -0.7474604 0.1436792 0.8961173 -0.2201376 0.3853741 -0.4153919 -0.6788587 0.6054754 0.3429133 -0.4796186 0.8076982 -0.03402584 -0.6670587 0.7442278 -0.3837235 0.4723387 0.7935064 0.1702286 0.8043332 0.5692718 0.9574624 0.03261703 0.2867088 0.8909193 -0.1185541 -0.4384152 0.7999359 0.3382057 -0.4957011 -0.8471014 -0.383261 -0.3681442 -0.03206539 -0.9983757 -0.04709517 -0.8917971 -0.2018016 0.4049371 -0.3429465 -0.4795948 0.8076984 -0.2851288 -0.125177 0.9502801 0.4153914 -0.6788592 0.6054752 -0.3429136 -0.4796213 0.8076965 -0.8961109 -0.2201273 0.385395 -0.2632833 -0.06442606 -0.962565 -0.8743879 0.3051099 -0.3772981 0.3837017 0.4723212 0.7935273 0.03406178 -0.6670463 0.7442373 -0.9574579 0.03268569 0.2867161 -0.1702516 0.8043205 0.5692829 0.7499836 -0.2010553 0.6301599 0.4966621 -0.6224759 0.6048559 0.5826684 -0.739232 -0.3376886 0.2232363 0.7551306 0.6163955 0.7241258 0.3827702 0.5736976 0.8199059 0.4431329 -0.3624745 -0.7741613 -0.08841043 0.6267839 -0.7263241 0.3894309 0.5663894 0.09336131 -0.7695243 0.6317563 0.4966834 -0.6224641 0.6048505 0.7241058 0.3827704 0.5737226 -0.2189462 0.7605904 0.6111994 -0.167308 -0.7734768 0.6113443 -0.6121935 -0.5160341 0.599106 -0.7263166 0.3894017 0.566419 -0.612183 -0.5160744 0.5990819 0.5263075 -0.6814219 0.5085909 0.418156 -0.9072736 -0.04472303 0.9330942 -0.333333 -0.1349986 0.760973 -0.3374584 0.5541137 -0.3629333 0.883715 0.2955118 0.03960287 0.2976507 -0.9538531 -0.04504716 -0.114775 0.9923696 -0.3629193 0.8837141 0.2955319 0.03958737 0.2976542 -0.9538527 0.4203838 -0.8995996 -0.1183146 0.4203443 -0.8996232 -0.118275 -0.04506254 -0.1147533 0.9923714 -0.9654044 0.1188652 -0.2320893 -0.2151024 -0.2094261 0.953872 -0.637519 0.02175706 0.7701274 -0.7649405 -0.6238018 -0.1604284 -0.7026187 -0.5834401 0.4073386 0.7003706 -0.5857941 0.4078314 0.5847998 -0.7341901 -0.3449264 0.5943943 -0.3468632 0.7255215 -0.581294 -0.3337683 0.742089 -0.588331 -0.7319958 -0.3435823 -0.5616412 0.7451681 0.3595604 -0.5730971 0.3475415 -0.7421421 -0.5883718 -0.7319633 -0.3435816 -0.5813317 -0.3337799 0.7420542 0.5847997 -0.734171 -0.3449671 0.5639976 0.3517521 -0.7471126 0.5694923 0.7498816 0.3366843 0.5943844 -0.3468487 0.7255365 -0.5731188 0.3475313 -0.74213 -0.561589 0.7451832 0.3596107 0.5695148 0.7498657 0.3366814 0.5639523 0.3517636 -0.7471414 -0.5730686 0.3475737 -0.7421489 0.5640334 0.3517706 -0.7470769 0.584801 -0.7341914 -0.3449216 -0.5883393 -0.7320023 -0.3435543 1 4.30047e-5 -1.66297e-5 0.7071264 0.5829659 -0.4001537 0.1214929 0.6576411 0.7434701 0.1718241 0.557456 0.8122312 0.1718752 0.5574526 0.8122227 0.1214807 0.6576719 0.7434448 -0.7070869 -0.5830222 0.4001416 -1 -1.5676e-5 3.11583e-5 -1 6.49691e-6 3.11434e-5 -0.7071156 -0.5829797 0.4001529 0.1214891 -0.4572714 -0.88099 0.1718751 -0.557463 -0.8122155 0.1718669 -0.5574449 -0.8122296 0.1214884 -0.4572666 -0.8809925 0.7070778 0.5830351 -0.4001389 1 4.34071e-5 1.13249e-5 0.7070887 0.5829961 -0.4001765 -3.97563e-5 0.8244808 -0.5658901 -2.22772e-5 0.6991352 0.7149896 0.1215037 0.6576341 0.7434745 -4.60446e-5 0.6991404 0.7149844 2.85208e-5 -0.8244957 0.5658684 -0.7070857 -0.5830258 0.4001384 -2.78503e-5 -0.8244866 0.5658816 -4.62681e-5 -0.4157727 -0.9094687 0.1215379 -0.457261 -0.8809886 -2.22921e-5 -0.4157814 -0.9094647 -3.98755e-5 0.824501 -0.5658606 -0.7070756 0.5830322 -0.4001469 -0.1215038 0.6576336 0.743475 -0.1215471 0.6576185 0.7434812 0.707087 -0.5830222 0.4001414 0.7070857 -0.5830256 0.4001386 -0.1215386 -0.4572607 -0.8809886 -0.1214886 -0.4572665 -0.8809925 -0.7071347 0.582989 -0.4001057 -0.707141 0.5829786 -0.4001096 -1 -1.2815e-6 -4.55677e-5 -0.1718278 0.5574558 0.8122305 -0.1214953 0.6576403 0.7434704 -0.1718739 0.5574522 0.8122231 1 -1.79112e-5 2.90573e-5 0.7071169 -0.5829779 0.4001532 1 -3.06219e-5 7.45058e-6 -0.1718724 -0.557464 -0.8122155 -0.1214901 -0.4572705 -0.8809903 -0.1718664 -0.5574457 -0.8122291 -1 4.3124e-5 1.2368e-5 -1 -4.27961e-5 -1.20401e-5 -0.707078 -0.5830355 0.400138 -0.121488 0.4572665 0.8809926 -0.1718657 0.5574461 0.8122291 -0.1718742 0.5574633 0.8122155 -0.1214876 0.4572717 0.88099 0.7071166 0.5829771 -0.4001548 1 3.22908e-5 -5.43892e-6 1 1.82986e-5 -2.82228e-5 0.707087 0.5830221 -0.4001415 -0.1215471 -0.6576181 -0.7434815 -0.1718727 -0.5574519 -0.8122236 -0.1718696 -0.5574703 -0.8122116 -0.1214964 -0.6576412 -0.7434694 -0.7071412 -0.5829775 0.4001106 -1 -3.57628e-7 4.49419e-5 3.99053e-5 -0.8245006 0.5658611 2.28733e-5 0.4157819 0.9094644 -0.1215391 0.4572592 0.8809893 4.56721e-5 0.4157764 0.909467 2.69264e-5 0.8244848 -0.5658841 0.707086 0.583027 -0.4001362 2.72393e-5 0.8244951 -0.5658692 4.54336e-5 -0.6991413 -0.7149836 -0.1215068 -0.6576347 -0.7434734 -2.25753e-5 -0.6991357 -0.714989 -4.01139e-5 -0.82448 0.5658911 -0.7070778 -0.5830278 0.4001497 0.7071349 -0.5829886 0.400106 0.1214894 0.4572666 0.8809925 0.1215396 0.4572596 0.8809892 -0.7070855 0.5830267 -0.4001376 -0.7070871 0.5830218 -0.4001419 0.1214815 -0.6576719 -0.7434446 0.1215049 -0.6576347 -0.7434738 0.7070893 -0.5829946 0.4001775 1 -4.36306e-5 -1.35601e-5 0.1718683 0.5574452 0.8122292 0.1215313 0.4572491 0.8809958 0.1718298 0.55748 0.8122134 -1 -7.13766e-6 -3.01898e-5 -0.7071291 0.582993 -0.4001097 -1 2.65837e-5 1.44243e-5 0.1718767 -0.5574518 -0.8122229 0.1214928 -0.6576422 -0.7434691 0.1718263 -0.5574561 -0.8122306 1 -4.15742e-5 1.809e-5 0.7071263 -0.5829651 0.4001551 -0.5083447 0.2961669 -0.8086228 -0.7649668 -0.6237826 -0.1603785 -0.6375449 0.02172946 0.7701068 -0.3692904 0.9168648 0.1516034 -0.5083264 0.2961871 -0.808627 -0.3693611 0.9168404 0.1515783 -0.1210083 0.2548636 -0.9593756 -0.9654102 0.1188714 -0.2320622 -0.7649369 -0.6238116 -0.1604076 -0.5083316 0.2961857 -0.8086242 -0.3693072 0.9168565 0.1516131 -0.6375388 0.02175939 0.770111 -6.69513e-4 0.8614877 -0.507778 -8.24234e-4 0.8615165 -0.507729 -7.58646e-4 0.8615043 -0.5077499 -7.28481e-4 0.8614988 -0.5077593 -7.44861e-5 -0.9682879 0.2498371 -1.68904e-7 -0.9682292 0.2500644 0.7262618 -0.6870464 -0.02260929 0.4765633 0.8419275 -0.2530721 0.7063434 0.6390436 0.3044706 0.6314975 -0.4176312 0.6532956 -0.6785585 -0.7226077 0.1318959 -0.6597869 -0.3210079 0.6794375 -0.6942359 0.6684674 0.2668107 -0.5217213 0.7698054 -0.3677045 0.726258 -0.6870501 -0.02261596 0.4765651 0.8419263 -0.2530729 0.7063456 0.6390418 0.3044694 0.6315031 -0.4176348 0.653288 -0.6785588 -0.7226073 0.1318969 -0.659784 -0.3210083 0.67944 -0.6942386 0.6684654 0.2668087 -0.5217209 0.769805 -0.3677061 -0.9407445 -0.1896549 -0.2811242 -0.0621497 -0.9980523 0.005398213 0.8306898 -0.5546022 -0.04869449 2.46553e-6 -3.99301e-5 1 -2.78236e-6 -3.96411e-5 1 0.9936093 -0.1119751 0.01422226 0.9853569 0.1697293 -0.01624566 0.9631953 -0.2681421 -0.01883655 0.822979 -0.5677806 -0.01818627 0.9051982 -0.4160332 -0.08679139 0.8997118 -0.434198 -0.04462075 0.8892754 -0.4571217 0.01514184 0.002940893 0.1614276 0.9868802 0.001327753 0.07217216 0.9973914 -0.8306906 -0.554601 -0.04869252 -0.9783759 -0.2068349 -3.11636e-4 -0.8436906 -0.5368251 0.002236545 -0.8996392 -0.4343872 -0.04424011 -0.9935819 -0.1121686 0.0146076 -0.8889178 -0.4577807 0.01619112 -0.9816972 0.1904432 -0.001479744 -4.40683e-5 -6.21141e-5 1 2.90443e-4 -3.54998e-5 1 1.4854e-4 -3.90078e-5 1 -0.9052054 -0.416015 -0.08680188 -0.9407393 0.335973 -0.04617047 -0.9482535 0.3169693 -0.01859599 0 -0.5000008 0.8660249 0 -1 -8.10589e-7 -1.29515e-7 -1 8.98222e-7 0 -0.4999995 0.8660258 0 -0.5000007 -0.866025 0 -0.5000005 -0.8660251 2.40654e-5 0.4999862 -0.8660334 -2.3894e-5 0.4999854 -0.8660338 2.39228e-5 0.5000133 -0.8660178 0 1 -6.35328e-7 0 1 -1.665e-6 -2.40493e-5 0.5000135 -0.8660176 0 0.5000004 0.8660252 1.33639e-7 0.5000012 0.8660248 0.3528992 -0.9356614 8.64267e-7 0.8074865 -0.4936023 0.3229896 0 -0.83674 0.5476005 0.3528553 -0.9356779 1.60635e-5 0 -1 1.4285e-6 -6.52671e-6 -0.4755901 -0.879667 1.40225e-6 -0.4755901 -0.879667 0.8074871 -0.4935722 0.3230343 0.3528735 -0.9356711 -3.6031e-5 0.3528735 -0.9356712 4.15749e-5 -2.27195e-5 -0.4756167 -0.8796527 2.28272e-5 -0.4756195 -0.8796512 -1 1.24596e-6 0 1 3.49616e-7 0 -1 -4.54342e-7 0 -1 -8.90505e-7 0 -1 0 0 1 0 0 1 0 0 -1 -5.83712e-7 0 -1 1.10066e-6 0 -1 -9.39472e-7 0 0.00531125 0.2890444 0.957301 0.005297541 0.2890401 0.9573024 0.005290746 0.2890401 0.9573024 0.005284011 0.2890345 0.9573042 1 2.71788e-6 0 1 -1.63158e-6 0 -1 2.71788e-6 0 -1 -2.71785e-6 0 0 -0.9886584 0.1501818 0 -0.9886576 0.1501878 0 -0.9886603 0.1501698 0 -0.9886593 0.1501759 -1 -4.97911e-7 0 -1 7.04152e-7 0 -1 -3.52076e-7 0 1 0 0 1 0 0 1 0 0 0.0816735 0.04671198 -0.9955639 -0.08167606 0.04671359 -0.9955636 1 -2.71788e-6 0 1 2.10577e-6 0 0 -0.9886584 0.1501817 0 -0.9886575 0.150188 0 -0.9886597 0.1501736 0 -0.9886602 0.1501708 -1.36536e-5 0.2851495 0.958483 1.36536e-5 0.2851558 0.9584813 -1.70671e-5 0.2851551 0.9584814 1.36536e-5 0.2851495 0.958483 -0.02723926 0.3659147 0.9302498 -0.02722531 0.3659273 0.9302452 -0.02722859 0.3659304 0.9302439 -0.02721172 0.365923 0.9302473 1 -8.84012e-7 0 1 4.42008e-7 0 -1 -3.12546e-7 0 -1 0 0 1 -2.40413e-6 -1.72273e-7 1 -4.97911e-7 -1.72272e-7 1 0 -1.21815e-7 1 3.52076e-7 -1.21815e-7 1 4.97911e-7 0 -1 -3.00516e-7 0 -1 0 0 -1 1.32028e-7 0 1 -2.03544e-6 0 1 0 0 1 3.73433e-7 0 1 -2.64057e-7 0 1 -9.95821e-7 0 -1 6.01032e-7 0 -1 -1.24478e-7 0 -1 -2.64057e-7 0 0.9443451 0.3260576 -0.04357606 0.9293125 0.3648859 -0.05689197 0.9999936 -3.66537e-4 0.003571987 0.9999936 -3.879e-4 0.003574311 -0.9324409 0.3539232 -0.07274919 -0.999988 -5.07057e-4 -0.004880011 -0.9999881 -5.09232e-4 -0.004879593 2.11161e-4 0.9982207 0.05962878</float_array>
          <technique_common>
            <accessor source="#Loader_car_Loader_car_Material_0-mesh-normals-array" count="4501" stride="3">
              <param name="X" type="float"/>
              <param name="Y" type="float"/>
              <param name="Z" type="float"/>
            </accessor>
          </technique_common>
        </source>
        <source id="Loader_car_Loader_car_Material_0-mesh-map-0">
          <float_array id="Loader_car_Loader_car_Material_0-mesh-map-0-array" count="23214">0.2542363 0.7411264 0.2579721 0.7482216 0.2576018 0.7490783 0.1054348 0.6444647 0.1086186 0.6263903 0.1051971 0.6226963 0.2606838 0.6965889 0.2606838 0.7248659 0.2845691 0.710942 0.1763855 0.7408862 0.1724296 0.7409145 0.177456 0.7430433 0.1764191 0.8033079 0.1875101 0.7904648 0.1766312 0.7909711 0.2376832 0.7531719 0.2174018 0.7709797 0.2374116 0.7669313 0.2174016 0.6274312 0.2376831 0.6433948 0.2374116 0.6312243 0.1785537 0.8423152 0.169193 0.8537585 0.1758159 0.859422 0.1763855 0.6546911 0.1775035 0.6521305 0.1724296 0.6555423 0.1764189 0.5993227 0.1766312 0.6096577 0.18751 0.610216 0.4521033 0.5778862 0.4559565 0.5840325 0.4520874 0.5839121 0.4683714 0.728045 0.4775555 0.7276743 0.4781304 0.7419125 0.4253619 0.5895071 0.4218803 0.5896663 0.4340628 0.5749895 0.4521033 0.5778862 0.4572841 0.5840741 0.4559565 0.5840325 0.4608319 0.5829548 0.4572841 0.5840741 0.4521033 0.5778862 0.813167 0.9977831 0.8270238 0.9979014 0.8100683 0.9903584 0.7755753 0.8588318 0.7823469 0.8685601 0.7834469 0.8589733 0.7755753 0.8588318 0.7753755 0.8610499 0.7823469 0.8685601 0.5492085 0.6886053 0.5434758 0.6927813 0.5492085 0.7067391 0.8116968 0.8490743 0.8249284 0.8564385 0.8267967 0.8482342 0.8082322 0.9764589 0.8095089 0.971795 0.799955 0.9610377 0.7410809 0.7974694 0.741618 0.8007058 0.7423376 0.799176 0.8480899 0.1928704 0.8783518 0.232448 0.84878 0.2233896 0.8043271 0.85648 0.8249284 0.8564385 0.8116968 0.8490743 0.8134725 0.8196986 0.8103484 0.8271111 0.8273296 0.8196276 0.8362353 0.1782609 0.828408 0.1794911 0.8279857 0.1698188 0.8114921 0.9684003 0.8265889 0.9692921 0.8247489 0.9610815 0.8362353 0.1782609 0.8279857 0.1698188 0.836064 0.1761063 0.6478918 0.8137995 0.64242 0.8275203 0.6478918 0.8320364 0.8788027 0.2308902 0.8798327 0.2340485 0.8783518 0.232448 0.8247489 0.9610815 0.8041478 0.9609695 0.8114921 0.9684003 0.3165134 0.6907319 0.3190408 0.6898898 0.3178277 0.6860823 0.6002994 0.4648298 0.6009141 0.4496363 0.596896 0.4580482 0.505235 0.7757691 0.5206004 0.78965 0.5207149 0.7757816 0.2314278 0.8264414 0.2694626 0.9534408 0.2356742 0.9100012 0.2314278 0.8264414 0.2356742 0.9100012 0.2053804 0.8676418 0.288804 0.7681314 0.2901676 0.7694666 0.28867 0.7694389 0.2361206 0.8101618 0.2362462 0.7694463 0.2694821 0.769406 0.28867 0.7694389 0.288666 0.9630085 0.2694626 0.9534408 0.2694626 0.9534408 0.2694821 0.769406 0.28867 0.7694389 0.2888054 0.9644659 0.288666 0.9630085 0.2901676 0.9631094 0.288666 0.9630085 0.2520867 0.964896 0.2694626 0.9534408 0.2062742 0.9973434 0.203978 0.9984719 0.205012 0.9970263 0.3187402 0.8518413 0.3186004 0.8041325 0.3225479 0.80391 0.3225479 0.80391 0.3226349 0.8523162 0.3187402 0.8518413 0.317017 0.7873931 0.3099823 0.7514195 0.3138353 0.7505984 0.3138353 0.7505984 0.3209651 0.7872323 0.317017 0.7873931 0.3138353 0.7505984 0.3099823 0.7514195 0.3118994 0.7490342 0.2961373 0.8522703 0.3094869 0.8043055 0.3186004 0.8041325 0.3186004 0.8041325 0.3187402 0.8518413 0.2961373 0.8522703 0.6494199 0.6305726 0.6303589 0.6588132 0.6300716 0.6822192 0.6494199 0.6305726 0.6413707 0.6360896 0.6364111 0.641843 0.7899245 0.7056121 0.79381 0.6916807 0.7818211 0.6916888 0.7818211 0.6916888 0.7817568 0.7056988 0.7899245 0.7056121 0.6300716 0.6822192 0.6416607 0.6952783 0.6494199 0.6305726 0.6416607 0.6952783 0.6613333 0.7044463 0.6494199 0.6305726 0.8055675 0.6733335 0.8148135 0.6641359 0.7818814 0.6641359 0.7818814 0.6641359 0.7818757 0.6738557 0.8055675 0.6733335 0.6494199 0.6305726 0.6364111 0.641843 0.6303589 0.6588132 0.8148135 0.6641359 0.8182218 0.6566484 0.7818728 0.6566484 0.7818728 0.6566484 0.7818814 0.6641359 0.8148135 0.6641359 0.3203821 0.5581067 0.3203821 0.5496701 0.270196 0.5441078 0.270196 0.5441078 0.2701959 0.5584142 0.3203821 0.5581067 0.2339901 0.5263608 0.2339902 0.5337609 0.2382503 0.5441078 0.7487639 0.5921962 0.7487639 0.567736 0.7407515 0.567691 0.7407515 0.567691 0.7407515 0.5892663 0.7487639 0.5921962 0.6300716 0.7056988 0.6300716 0.7161771 0.6944853 0.7056988 0.6944853 0.7056988 0.6300716 0.7161771 0.6310263 0.7396613 0.6355052 0.7575038 0.6475716 0.7714628 0.6944853 0.7056988 0.6475716 0.7714628 0.6651764 0.7797084 0.6944853 0.7056988 0.7051337 0.7056988 0.7520473 0.7714628 0.7641138 0.7575038 0.6944853 0.7056988 0.6651764 0.7797084 0.6850801 0.780172 0.7236607 0.7042298 0.7405073 0.7056988 0.7405073 0.6240006 0.7175439 0.7035917 0.6968787 0.6344209 0.6852895 0.6474801 0.7175439 0.7035917 0.6965885 0.6936096 0.7046378 0.6991267 0.7175439 0.7035917 0.6852895 0.6474801 0.6855769 0.6708859 0.7175439 0.7035917 0.6916289 0.6878564 0.6965885 0.6936096 0.7732141 0.7055795 0.7813796 0.7056988 0.7814995 0.6917735 0.7814995 0.6917735 0.7695112 0.6916333 0.7732141 0.7055795 0.7695112 0.6916333 0.7814995 0.6917735 0.7815427 0.6866506 0.75793 0.6732396 0.7816257 0.6738563 0.7816702 0.6641368 0.7816702 0.6641368 0.7490759 0.6635565 0.75793 0.6732396 0.7440271 0.6410266 0.7816917 0.6411769 0.7816325 0.6260518 0.7816325 0.6260518 0.7405073 0.6258876 0.7440271 0.6410266 0.7490759 0.6635565 0.7816702 0.6641368 0.7816917 0.6566492 0.7816917 0.6566492 0.7457453 0.6539353 0.7490759 0.6635565 0.270196 0.5441078 0.270196 0.5160136 0.2382503 0.5160136 0.2382503 0.5160136 0.2382503 0.5441078 0.270196 0.5441078 0.3203821 0.5020147 0.270196 0.5017072 0.270196 0.5160136 0.270196 0.5160136 0.3203821 0.5104514 0.3203821 0.5020147 0.3203821 0.5104514 0.270196 0.5160136 0.270196 0.5441078 0.270196 0.5441078 0.3203821 0.5496701 0.3203821 0.5104514 0.2339902 0.5337609 0.2369387 0.5443401 0.2382503 0.5441078 0.2382279 0.5473018 0.2382503 0.5441078 0.2369387 0.5443401 0.2382273 0.5128195 0.2369387 0.5157815 0.2382503 0.5160136 0.2369387 0.5157815 0.2339901 0.5263608 0.2382503 0.5441078 0.7567763 0.567736 0.7487639 0.5705756 0.7487639 0.5921509 0.7487639 0.5921509 0.7567763 0.5921962 0.7567763 0.567736 0.3455693 0.5104514 0.3203821 0.5104514 0.3203821 0.5496701 0.3203821 0.5496701 0.3455693 0.5496701 0.3455693 0.5104514 0.7051337 0.7056988 0.7695474 0.7161774 0.7695474 0.7056988 0.7685928 0.7396613 0.7695474 0.7161774 0.7051337 0.7056988 0.7051337 0.7056988 0.7344426 0.7797084 0.7520473 0.7714628 0.7051337 0.7056988 0.7641138 0.7575038 0.7685928 0.7396613 0.6850801 0.780172 0.6998096 0.7116644 0.6944853 0.7056988 0.7145391 0.780172 0.7344426 0.7797084 0.7051337 0.7056988 0.6998096 0.7116644 0.7145391 0.780172 0.7051337 0.7056988 0.1401686 0.6840113 0.1583035 0.6840113 0.1583058 0.6791583 0.1583058 0.6791583 0.1401708 0.6791583 0.1401686 0.6840113 0.01551991 0.3180245 0.01066744 0.3180347 0.01066744 0.57564 0.01066744 0.57564 0.01551991 0.5756298 0.01551991 0.3180245 0.1583058 0.6743058 0.1582962 0.6694533 0.140387 0.6694533 0.140387 0.6694533 0.1403964 0.6743058 0.1583058 0.6743058 0.02037298 0.318027 0.01551991 0.3180245 0.01551991 0.5765342 0.01551991 0.5765342 0.02037298 0.5765367 0.02037298 0.318027 0.1817159 0.3709009 0.181716 0.3527233 0.1810474 0.352792 0.1810474 0.352792 0.1810473 0.3709009 0.1817159 0.3709009 0.1715998 0.1937794 0.1715998 0.175602 0.1709307 0.175602 0.1709307 0.175602 0.1709307 0.1937103 0.1715998 0.1937794 0.005110323 0.2629595 0.005778729 0.2630233 0.005778729 0.002195894 0.005778729 0.002195894 0.005110323 0.003676712 0.005110323 0.2629595 0.4338602 0.1435968 0.4323788 0.1442655 0.6932114 0.1442655 0.6932114 0.1442655 0.6931478 0.1435968 0.4338602 0.1435968 0.2726964 0.2293378 0.2908314 0.2293378 0.2908335 0.224485 0.2908335 0.224485 0.2726987 0.224485 0.2726964 0.2293378 0.01881968 0.002195894 0.01396703 0.002206087 0.01396697 0.2598523 0.01396697 0.2598523 0.01881968 0.2598422 0.01881968 0.002195894 0.140387 0.6743058 0.1403964 0.6791583 0.1583058 0.6791583 0.1583058 0.6791583 0.1582962 0.6743058 0.140387 0.6743058 0.02367293 0.002198457 0.01881968 0.002195894 0.01881968 0.2609818 0.01881968 0.2609818 0.02367293 0.2609839 0.02367293 0.002198457 0.4143399 0.2902998 0.4325174 0.2902998 0.4324486 0.2896316 0.4324486 0.2896316 0.4143399 0.2896315 0.4143399 0.2902998 0.1715998 0.175602 0.1715998 0.1574246 0.1709307 0.1574245 0.1709307 0.1574245 0.1709307 0.1755329 0.1715998 0.175602 0.006446778 0.00225991 0.005778729 0.002195894 0.005778729 0.2630645 0.005778729 0.2630645 0.006446778 0.261819 0.006446778 0.00225991 0.4337632 0.2896316 0.4325174 0.2902998 0.6933913 0.2902998 0.6933913 0.2902998 0.6933276 0.2896316 0.4337632 0.2896316 0.3284917 0.15076 0.3284935 0.1438363 0.291705 0.1438364 0.291705 0.1438364 0.2917033 0.1507601 0.3284917 0.15076 0.6965106 0.03809767 0.6598315 0.03809767 0.659821 0.05859476 0.659821 0.05859476 0.6965 0.05859476 0.6965106 0.03809767 0.1958542 0.1942658 0.1958542 0.1575867 0.1753577 0.1575762 0.1753577 0.1575762 0.1753577 0.1942549 0.1958542 0.1942658 0.1904028 0.5491407 0.1904028 0.5859299 0.1973281 0.5859305 0.1973281 0.5859305 0.1973281 0.5491414 0.1904028 0.5491407 0.3318374 0.2918322 0.330963 0.2918331 0.3309626 0.2933085 0.3309626 0.2933085 0.3318365 0.2933072 0.3318374 0.2918322 0.3325509 0.2918285 0.3318374 0.2918322 0.3318365 0.2933072 0.3318365 0.2933072 0.33255 0.2933034 0.3325509 0.2918285 0.3300414 0.2903534 0.3292638 0.2903519 0.3292635 0.2918276 0.3292635 0.2918276 0.3300411 0.2918283 0.3300414 0.2903534 0.3309394 0.2903539 0.3300414 0.2903534 0.3300411 0.2918283 0.3300411 0.2918283 0.330939 0.2918286 0.3309394 0.2903539 0.3318205 0.2903534 0.3309394 0.2903539 0.330939 0.2918286 0.330939 0.2918286 0.3318203 0.2918283 0.3318205 0.2903534 0.3325509 0.2903518 0.3318205 0.2903534 0.3318203 0.2918283 0.3318203 0.2918283 0.3325507 0.2918274 0.3325509 0.2903518 0.6589962 0.04011422 0.6598213 0.04010754 0.6598182 0.03863269 0.6598182 0.03863269 0.6589934 0.03863984 0.6589962 0.04011422 0.6580891 0.0401166 0.6589962 0.04011422 0.6589934 0.03863984 0.6589934 0.03863984 0.6580862 0.03864222 0.6580891 0.0401166 0.6572377 0.04011422 0.6580891 0.0401166 0.6580862 0.03864222 0.6580862 0.03864222 0.6572344 0.03863984 0.6572377 0.04011422 0.656571 0.04010754 0.6572377 0.04011422 0.6572344 0.03863984 0.6572344 0.03863984 0.6565679 0.03863269 0.656571 0.04010754 0.1834235 0.5420081 0.1834208 0.5412269 0.181946 0.5412274 0.181946 0.5412274 0.1819484 0.5420083 0.1834235 0.5420081 0.1834244 0.5429066 0.1834235 0.5420081 0.1819484 0.5420083 0.1819484 0.5420083 0.1819491 0.542907 0.1834244 0.5429066 0.1834235 0.5437862 0.1834244 0.5429066 0.1819491 0.542907 0.1819491 0.542907 0.1819484 0.5437867 0.1834235 0.5437862 0.1834208 0.5445129 0.1834235 0.5437862 0.1819484 0.5437867 0.1819484 0.5437867 0.181946 0.5445134 0.1834208 0.5445129 0.3300617 0.2918321 0.3292701 0.2918286 0.3292692 0.2933034 0.3292692 0.2933034 0.330061 0.2933073 0.3300617 0.2918321 0.330963 0.2918331 0.3300617 0.2918321 0.330061 0.2933073 0.330061 0.2933073 0.3309626 0.2933085 0.330963 0.2918331 0.3879467 0.1437531 0.3870725 0.1437541 0.3870719 0.1448489 0.3870719 0.1448489 0.3879459 0.1448479 0.3879467 0.1437531 0.38866 0.1437498 0.3879467 0.1437531 0.3879459 0.1448479 0.3879459 0.1448479 0.3886593 0.1448446 0.38866 0.1437498 0.3828693 0.1437536 0.3820913 0.1437529 0.3820912 0.1448475 0.3820912 0.1448475 0.3828692 0.1448485 0.3828693 0.1437536 0.3837671 0.1437541 0.3828693 0.1437536 0.3828692 0.1448485 0.3828692 0.1448485 0.3837669 0.1448489 0.3837671 0.1437541 0.3846482 0.1437537 0.3837671 0.1437541 0.3837669 0.1448489 0.3837669 0.1448489 0.384648 0.1448487 0.3846482 0.1437537 0.3853786 0.1437529 0.3846482 0.1437537 0.384648 0.1448487 0.384648 0.1448487 0.3853784 0.1448475 0.3853786 0.1437529 0.2310118 0.8026941 0.2318367 0.8026874 0.2318342 0.8015924 0.2318342 0.8015924 0.2310094 0.801599 0.2310118 0.8026941 0.2301046 0.802697 0.2310118 0.8026941 0.2310094 0.801599 0.2310094 0.801599 0.2301023 0.8016019 0.2301046 0.802697 0.2292529 0.8026941 0.2301046 0.802697 0.2301023 0.8016019 0.2301023 0.8016019 0.2292505 0.801599 0.2292529 0.8026941 0.2285864 0.8026874 0.2292529 0.8026941 0.2292505 0.801599 0.2292505 0.801599 0.2285841 0.8015924 0.2285864 0.8026874 0.3911653 0.1448479 0.3919464 0.1448458 0.3919461 0.1437505 0.3919461 0.1437505 0.3911651 0.1437531 0.3911653 0.1448479 0.3902665 0.144849 0.3911653 0.1448479 0.3911651 0.1437531 0.3911651 0.1437531 0.3902662 0.1437541 0.3902665 0.144849 0.3893869 0.1448479 0.3902665 0.144849 0.3902662 0.1437541 0.3902662 0.1437541 0.3893866 0.1437532 0.3893869 0.1448479 0.3886604 0.1448458 0.3893869 0.1448479 0.3893866 0.1437532 0.3893866 0.1437532 0.38866 0.1437505 0.3886604 0.1448458 0.3861709 0.1437531 0.385379 0.1437498 0.3853786 0.1448446 0.3853786 0.1448446 0.3861704 0.1448479 0.3861709 0.1437531 0.3870725 0.1437541 0.3861709 0.1437531 0.3861704 0.1448479 0.3861704 0.1448479 0.3870719 0.1448489 0.3870725 0.1437541 0.2276344 0.8018611 0.2263922 0.8018611 0.226391 0.802697 0.226391 0.802697 0.2276329 0.802697 0.2276344 0.8018611 0.2285841 0.8018565 0.2276344 0.8018611 0.2276329 0.802697 0.2276329 0.802697 0.2285829 0.8026922 0.2285841 0.8018565 0.4087061 0.2894641 0.4075177 0.2894629 0.4075173 0.2902991 0.4075173 0.2902991 0.4087058 0.2902998 0.4087061 0.2894641 0.4099552 0.2894641 0.4087061 0.2894641 0.4087058 0.2902998 0.4087058 0.2902998 0.4099549 0.2902998 0.4099552 0.2894641 0.4109303 0.2894629 0.4099552 0.2894641 0.4099549 0.2902998 0.4099549 0.2902998 0.4109301 0.2902991 0.4109303 0.2894629 0.2244893 0.8002687 0.225719 0.8002596 0.2257159 0.7994239 0.2257159 0.7994239 0.2244863 0.7994325 0.2244893 0.8002687 0.2232714 0.8002687 0.2244893 0.8002687 0.2244863 0.7994325 0.2244863 0.7994325 0.2232683 0.7994325 0.2232714 0.8002687 0.2223914 0.8002596 0.2232714 0.8002687 0.2232683 0.7994325 0.2232683 0.7994325 0.2223882 0.7994239 0.2223914 0.8002596 0.4131483 0.2902998 0.4143399 0.2902967 0.4143391 0.289461 0.4143391 0.289461 0.4131476 0.2894641 0.4131483 0.2902998 0.4119005 0.2902998 0.4131483 0.2902998 0.4131476 0.2894641 0.4131476 0.2894641 0.4119001 0.2894641 0.4119005 0.2902998 0.4109312 0.2902967 0.4119005 0.2902998 0.4119001 0.2894641 0.4119001 0.2894641 0.4109303 0.289461 0.4109312 0.2902967 0.2263922 0.8018611 0.2251908 0.8018565 0.2251898 0.8026922 0.2251898 0.8026922 0.226391 0.802697 0.2263922 0.8018611 0.2281625 0.8002687 0.2281634 0.7994325 0.2269215 0.7994325 0.2269215 0.7994325 0.2269203 0.8002687 0.2281625 0.8002687 0.2291125 0.8002644 0.2291133 0.7994282 0.2281634 0.7994325 0.2281634 0.7994325 0.2281625 0.8002687 0.2291125 0.8002644 0.3771563 0.1444964 0.3771564 0.1436607 0.3759682 0.1436589 0.3759682 0.1436589 0.3759679 0.1444952 0.3771563 0.1444964 0.3784053 0.1444963 0.3784056 0.1436607 0.3771564 0.1436607 0.3771564 0.1436607 0.3771563 0.1444964 0.3784053 0.1444963 0.3793807 0.1444951 0.3793809 0.1436591 0.3784056 0.1436607 0.3784056 0.1436607 0.3784053 0.1444963 0.3793807 0.1444951 0.1811108 0.5424599 0.181946 0.5424565 0.1819378 0.5412269 0.1819378 0.5412269 0.1811017 0.5412299 0.1811108 0.5424599 0.1811108 0.5436778 0.181946 0.5436746 0.181946 0.5424565 0.181946 0.5424565 0.1811108 0.5424599 0.1811108 0.5436778 0.1811017 0.5445579 0.1819378 0.5445546 0.181946 0.5436746 0.181946 0.5436746 0.1811108 0.5436778 0.1811017 0.5445579 0.1981149 0.1938791 0.1989506 0.1938786 0.1989475 0.192687 0.1989475 0.192687 0.1981118 0.1926876 0.1981149 0.1938791 0.1981149 0.1951269 0.1989506 0.195126 0.1989506 0.1938786 0.1989506 0.1938786 0.1981149 0.1938791 0.1981149 0.1951269 0.1981118 0.1960963 0.1989475 0.1960954 0.1989506 0.195126 0.1989506 0.195126 0.1981149 0.1951269 0.1981118 0.1960963 0.2269203 0.8002687 0.2269215 0.7994325 0.2257201 0.7994282 0.2257201 0.7994282 0.225719 0.8002644 0.2269203 0.8002687 0.7701436 0.8127091 0.7423376 0.799176 0.7661499 0.8426039 0.07730567 0.6463974 0.08495843 0.6490678 0.07893526 0.6456316 0.2685821 0.7592733 0.2702211 0.7583738 0.2702178 0.760065 0.1277354 0.7973738 0.1259531 0.7973738 0.1227818 0.7996021 0.1209213 0.7996025 0.1227818 0.7996021 0.1259531 0.7973738 0.07730561 0.7941033 0.0789352 0.7948663 0.08495837 0.7914337 0.1277354 0.6342526 0.1227818 0.6320244 0.1259531 0.6342526 0.1209213 0.6320241 0.1259531 0.6342526 0.1227818 0.6320244 0.5496301 0.7250248 0.5591946 0.7389888 0.5461451 0.7250769 0.4798039 0.6012105 0.4895628 0.5873431 0.4889879 0.6015813 0.4458524 0.7356196 0.4371238 0.7406882 0.4423046 0.7345004 0.4371238 0.7406882 0.4409769 0.7345419 0.4423046 0.7345004 0.4371238 0.7406882 0.4371079 0.7346623 0.4409769 0.7345419 0.661152 0.9106878 0.6508248 0.9095478 0.6481479 0.9675132 0.6481479 0.9675132 0.6606494 0.977626 0.661152 0.9106878 0.61615 0.8035356 0.6211888 0.8167788 0.6465388 0.8108336 0.6577544 0.8109037 0.6465388 0.8108336 0.6211888 0.8167788 0.6211888 0.8167788 0.6210823 0.8188351 0.6577544 0.8109037 0.6577544 0.8109037 0.6598912 0.80765 0.6465388 0.8108336 0.6076263 0.821828 0.6211888 0.8167788 0.61615 0.8035356 0.7267519 0.9679843 0.7308107 0.9664003 0.7241879 0.9673112 0.6989159 0.9635334 0.7169163 0.9635765 0.7158011 0.9889216 0.7158011 0.9889216 0.6996735 0.9927845 0.6989159 0.9635334 0.7024779 0.9950661 0.699327 0.9944143 0.6996735 0.9927845 0.7158011 0.9889216 0.7169163 0.9635765 0.7181515 0.9642503 0.6808488 0.7843039 0.7070372 0.7912723 0.7180666 0.7923076 0.7070372 0.7912723 0.7185176 0.7950502 0.7180666 0.7923076 0.7234194 0.7962429 0.7180666 0.7923076 0.7185176 0.7950502 0.7126191 0.9926732 0.7024779 0.9950661 0.6996735 0.9927845 0.6996735 0.9927845 0.7158011 0.9889216 0.7126191 0.9926732 0.6465386 0.9805233 0.6211889 0.973512 0.61615 0.9846331 0.6577544 0.9806607 0.6210823 0.9712619 0.6211889 0.973512 0.6211889 0.973512 0.6465386 0.9805233 0.6577544 0.9806607 0.6465386 0.9805233 0.6598912 0.9839977 0.6577544 0.9806607 0.61615 0.9846331 0.6211889 0.973512 0.6076261 0.9680013 0.6211889 0.973512 0.6210823 0.9712619 0.6090663 0.9663361 0.6090663 0.9663361 0.6076261 0.9680013 0.6211889 0.973512 0.6598912 0.9839977 0.6661608 0.9856517 0.6640036 0.9820594 0.6630493 0.787967 0.6604582 0.7909426 0.6671739 0.7908358 0.6640036 0.9820594 0.6577544 0.9806607 0.6598912 0.9839977 0.5732815 0.982621 0.5768492 0.9975855 0.61615 0.9846331 0.6575419 0.8452571 0.6534023 0.8436966 0.6508194 0.8443878 0.6971719 0.9116816 0.6986412 0.9409056 0.7146701 0.9366514 0.7146701 0.9366514 0.7151681 0.9112867 0.6971719 0.9116816 0.6986412 0.9409056 0.6983345 0.9425433 0.7015005 0.9431183 0.7164193 0.9119303 0.7151681 0.9112867 0.7146701 0.9366514 0.7295924 0.8926798 0.7406132 0.8937418 0.7667953 0.9007449 0.7295924 0.8926798 0.7291429 0.8899104 0.7406132 0.8937418 0.7185176 0.7950502 0.7220602 0.8002669 0.7234194 0.7962429 0.7291429 0.8899104 0.7295924 0.8926798 0.7242441 0.8887033 0.7115804 0.9404793 0.7146701 0.9366514 0.6986412 0.9409056 0.6986412 0.9409056 0.7015005 0.9431183 0.7115804 0.9404793 0.61615 0.8035356 0.5768492 0.7841411 0.5732815 0.8015285 0.5768492 0.7841411 0.61615 0.8035356 0.6604582 0.7909426 0.61615 0.9846331 0.5768492 0.9975855 0.6604582 0.9981507 0.5966524 0.8355132 0.6076263 0.821828 0.61615 0.8035356 0.7256045 0.8846408 0.7291429 0.8899104 0.7242441 0.8887033 0.6485314 0.8189889 0.6528258 0.8181917 0.6544834 0.813988 0.175052 0.6746088 0.1763855 0.6546911 0.1724296 0.6555423 0.2515776 0.7162759 0.2525997 0.7329044 0.2535098 0.7330517 0.127877 0.6132896 0.1271535 0.6329626 0.127877 0.6332164 0.9793505 0.2073437 0.9794926 0.2081293 0.986222 0.2071202 0.5332306 0.7460646 0.5371479 0.7432355 0.5331548 0.7434015 0.614927 0.7404302 0.6115236 0.7472118 0.6155418 0.7556235 0.3312339 0.6764037 0.3261561 0.6617805 0.3130888 0.666427 0.972475 0.1943493 0.9793465 0.1945728 0.9726171 0.1935637 0.1297371 0.01236575 0.1297347 0.002195894 0.1272128 0.002226054 0.1297347 0.1574085 0.1297371 0.1472387 0.1272128 0.1573823 0.3922088 0.504278 0.3874832 0.5021339 0.3821052 0.504278 0.6540537 0.4951252 0.6486757 0.4972693 0.6587794 0.4972693 0.4557998 0.5434457 0.4456961 0.5434457 0.4510742 0.5455898 0.5719568 0.3889827 0.5618531 0.3889827 0.5672312 0.3911268 0.3176479 0.5602971 0.3122699 0.5624412 0.3223736 0.5624412 0.2974336 0.6269764 0.28733 0.6269764 0.2927079 0.6291205 0.1414197 0.9536979 0.2053804 0.8676418 0.2356742 0.9100012 0.2694626 0.9534408 0.2520867 0.964896 0.2356742 0.9100012 0.222325 0.978457 0.2356742 0.9100012 0.2520867 0.964896 0.2356742 0.9100012 0.222325 0.978457 0.1414197 0.9536979 0.2884671 0.2815945 0.300279 0.2815945 0.2884688 0.2736421 0.181716 0.3527233 0.18967 0.3645361 0.18967 0.3527241 0.3191193 0.273642 0.304579 0.2815944 0.3088795 0.2815944 0.18967 0.3731368 0.1817159 0.3833745 0.18967 0.3833754 0.3191193 0.273642 0.3088795 0.2815944 0.3191176 0.2815944 0.18967 0.3731368 0.1945315 0.3731371 0.1973459 0.3688371 0.9727156 0.5527808 0.9762309 0.5614712 0.9762309 0.5527808 0.9713689 0.7068124 0.9743919 0.6982961 0.9713689 0.6982961 0.3959887 0.01050847 0.4132255 0.02276116 0.413005 0.008461415 0.9727153 0.6971856 0.9762309 0.6971856 0.9762309 0.688495 0.9713684 0.8363903 0.9713684 0.8449081 0.9743917 0.8449081 0.4132255 0.02276116 0.4188852 0.00655049 0.413005 0.008461415 0.5527426 0.1379981 0.5687115 0.1398354 0.5695133 0.1256492 0.4130052 0.1261042 0.4128981 0.1404475 0.4188249 0.1423489 0.5812162 0.124622 0.5695133 0.1256492 0.5829209 0.1420937 0.5687115 0.1398354 0.5829209 0.1420937 0.5695133 0.1256492 0.4238794 0.02368527 0.4255666 0.006277024 0.4132255 0.02276116 0.4188852 0.00655049 0.4132255 0.02276116 0.4255666 0.006277024 0.3960275 0.1384839 0.4128981 0.1404475 0.4130052 0.1261042 0.5527135 0.01001077 0.5697541 0.02224165 0.5688369 0.008087456 0.5812441 0.02321225 0.5829209 0.005826056 0.5697541 0.02224165 0.5688369 0.008087456 0.5697541 0.02224165 0.5829209 0.005826056 0.4238441 0.1251286 0.4130052 0.1261042 0.4255666 0.1425949 0.4188249 0.1423489 0.4255666 0.1425949 0.4130052 0.1261042 0.6683608 0.6255026 0.6494199 0.6305726 0.6852895 0.6240006 0.07763242 0.5220711 0.08776938 0.5288212 0.09147644 0.5272915 0.09147644 0.5272915 0.07792395 0.5140643 0.07763242 0.5220711 0.3698024 0.3492459 0.3704255 0.3457846 0.3540366 0.3495387 0.3540366 0.3495387 0.3540618 0.3531348 0.3698024 0.3492459 0.1275138 0.5289567 0.1279464 0.5367199 0.1406401 0.5238984 0.1406401 0.5238984 0.1369319 0.522377 0.1275138 0.5289567 0.1043916 0.6188085 0.1046887 0.6106193 0.100852 0.610934 0.100852 0.610934 0.100852 0.6197453 0.1043916 0.6188085 0.08776938 0.5288212 0.08651155 0.5621652 0.09015417 0.5638962 0.09015417 0.5638962 0.09147644 0.5272915 0.08776938 0.5288212 0.3191601 0.3494862 0.3540618 0.3531348 0.3540366 0.3495387 0.1358637 0.489184 0.1369319 0.522377 0.1406401 0.5238984 0.4365533 0.2255597 0.4039429 0.2255597 0.40494 0.2287539 0.40494 0.2287539 0.4362786 0.2291238 0.4365533 0.2255597 0.4039429 0.2255597 0.4035564 0.2292604 0.40494 0.2287539 0.09015417 0.5638962 0.08651155 0.5621652 0.07763242 0.5661485 0.07763242 0.5661485 0.07765132 0.5742491 0.09015417 0.5638962 0.1580993 0.6840915 0.1423804 0.6840915 0.1431125 0.6875738 0.1431125 0.6875738 0.1583762 0.6879369 0.1580993 0.6840915 0.1395614 0.4875152 0.1275622 0.4771944 0.1275138 0.4850802 0.1275138 0.4850802 0.1358637 0.489184 0.1395614 0.4875152 0.2711065 0.2962409 0.2706706 0.3001219 0.2806087 0.2999591 0.2806087 0.2999591 0.2815381 0.2962411 0.2711065 0.2962409 0.40494 0.2287539 0.4035564 0.2292604 0.4362786 0.2291238 0.3540366 0.3495387 0.3189986 0.3457846 0.3191601 0.3494862 0.1406401 0.5238984 0.1395614 0.4875152 0.1358637 0.489184 0.2314345 0.8264376 0.2356809 0.9099974 0.2694693 0.953437 0.2314345 0.8264376 0.2053871 0.8676379 0.2356809 0.9099974 0.2888107 0.7681275 0.2886766 0.7694351 0.2901743 0.7694627 0.2361271 0.810158 0.2694887 0.7694022 0.2362529 0.7694424 0.2886766 0.7694351 0.2694693 0.953437 0.2886727 0.9630047 0.2694693 0.953437 0.2886766 0.7694351 0.2694887 0.7694022 0.288812 0.9644622 0.2901743 0.9631057 0.2886727 0.9630047 0.2886727 0.9630047 0.2694693 0.953437 0.2520933 0.9648922 0.2062808 0.9973397 0.2050186 0.9970225 0.2039846 0.9984681 0.318753 0.8518376 0.3225607 0.8039063 0.3186131 0.8041288 0.3225607 0.8039063 0.318753 0.8518376 0.3226477 0.8523123 0.3170297 0.7873892 0.3138481 0.7505946 0.309995 0.7514157 0.3138481 0.7505946 0.3170297 0.7873892 0.3209778 0.7872285 0.3138481 0.7505946 0.3119122 0.7490304 0.309995 0.7514157 0.29615 0.8522664 0.3186131 0.8041288 0.3094997 0.8043017 0.3186131 0.8041288 0.29615 0.8522664 0.318753 0.8518376 0.1414263 0.9536941 0.2356809 0.9099974 0.2053871 0.8676379 0.2694693 0.953437 0.2356809 0.9099974 0.2520933 0.9648922 0.2223316 0.9784532 0.2520933 0.9648922 0.2356809 0.9099974 0.2356809 0.9099974 0.1414263 0.9536941 0.2223316 0.9784532 0.2382503 0.5160136 0.2369387 0.5157815 0.2382503 0.5441078 0.6310263 0.7396613 0.6355052 0.7575038 0.6944853 0.7056988 0.6968787 0.6344209 0.7175439 0.7035917 0.7165512 0.6252531 0.6855769 0.6708859 0.6916289 0.6878564 0.7175439 0.7035917 0.1422618 0.6231974 0.1368037 0.6222091 0.1316565 0.6282892 0.8084646 0.841003 0.8001345 0.8563948 0.8097254 0.8456714 0.270221 0.7583739 0.2685821 0.7592732 0.2702178 0.760065 0.3962206 0.1448489 0.3919464 0.1434491 0.3966823 0.1434491 0.8247489 0.9610815 0.8265889 0.9692921 0.8648172 0.9611241 0.8267967 0.8482342 0.8249284 0.8564385 0.8649966 0.8565328 0.3360471 0.2933085 0.3360443 0.2947821 0.3315494 0.2933085 0.8648172 0.9611241 0.863081 0.9766567 0.9018341 0.9764968 0.8649966 0.8565328 0.9020661 0.841287 0.8633138 0.8409944 0.9119905 0.7745677 0.90091 0.7703065 0.9013724 0.7928102 0.9486045 0.1456095 0.9485693 0.1338676 0.8919814 0.1339382 0.9119905 0.7745677 0.9013724 0.7928102 0.9013053 0.8378397 0.8341494 0.7206042 0.8497415 0.7184945 0.8504313 0.6566433 0.8504313 0.6566433 0.8278766 0.6711708 0.8341494 0.7206042 0.9009531 0.7576112 0.90091 0.7703065 0.9573617 0.7696474 0.8726683 0.6172064 0.8875017 0.6274668 0.8877075 0.605228 0.7324422 0.3563796 0.7220414 0.3373935 0.7220944 0.3632167 0.818898 0.6620826 0.8278766 0.6711708 0.8216654 0.6531613 0.8504313 0.6566433 0.8216654 0.6531613 0.8278766 0.6711708 0.8825059 0.6274284 0.882858 0.6346966 0.8877075 0.6341845 0.8877075 0.6341845 0.8875017 0.6274668 0.8825059 0.6274284 0.732322 0.292932 0.7323433 0.3021305 0.7372039 0.3014886 0.7372039 0.3014886 0.7371596 0.2926142 0.732322 0.292932 0.7411479 0.6926056 0.7425395 0.7021057 0.749792 0.7053074 0.749792 0.7053074 0.749792 0.6831529 0.7411479 0.6926056 0.8825059 0.6274284 0.8726683 0.6172064 0.8728254 0.6200745 0.5833683 0.7687976 0.5951352 0.7678953 0.5827581 0.7576553 0.6604452 0.3797343 0.6596131 0.4359632 0.6655464 0.4360953 0.7308593 0.3684636 0.7324422 0.3563796 0.7220944 0.3632167 0.7220944 0.3632167 0.7221106 0.3754602 0.7308593 0.3684636 0.929203 0.8073051 0.9464666 0.7746053 0.9119905 0.7745677 0.8919814 0.1339382 0.8920399 0.1455706 0.9486045 0.1456095 0.9119905 0.7745677 0.9013053 0.8378397 0.929203 0.8073051 0.90091 0.7703065 0.9119905 0.7745677 0.9464666 0.7746053 0.9464666 0.7746053 0.9573617 0.7696474 0.90091 0.7703065 0.8341494 0.7206042 0.8392943 0.7324441 0.8504313 0.728578 0.8504313 0.728578 0.8497415 0.7184945 0.8341494 0.7206042 0.5951352 0.7577329 0.5827581 0.7576553 0.5951352 0.7678953 0.8504313 0.6566433 0.8286155 0.6506564 0.8216654 0.6531613 0.9486045 0.1456095 0.8923329 0.1484472 0.9481906 0.1484472 0.8726683 0.6172064 0.8825059 0.6274284 0.8875017 0.6274668 0.7220414 0.3373935 0.7324422 0.3563796 0.7324196 0.3127539 0.6501197 0.3798303 0.6499772 0.4362192 0.6596131 0.4359632 0.8725553 0.6051597 0.8726683 0.6172064 0.8877075 0.605228 0.852083 0.6411813 0.8545351 0.6394029 0.8590443 0.6325082 0.9580717 0.6863415 0.9574638 0.6974084 0.9580717 0.7576112 0.9917718 0.4876758 0.9939126 0.4856358 0.9906782 0.5590817 0.9787501 0.4854852 0.9939126 0.4856358 0.9917718 0.4876758 0.9917718 0.4876758 0.9789807 0.4876912 0.9787501 0.4854852 0.8574483 0.653148 0.8590443 0.6515485 0.8553374 0.6467339 0.852083 0.6411813 0.8553374 0.6467339 0.8537531 0.6427127 0.852083 0.6411813 0.8537531 0.6427127 0.8545351 0.6394029 0.8553374 0.6467339 0.852083 0.6411813 0.8574483 0.653148 0.6193029 0.3812243 0.6215426 0.4376891 0.6215426 0.3810727 0.6191875 0.4376891 0.6172688 0.4268658 0.6169319 0.4373427 0.9939126 0.5483224 0.9906782 0.5590817 0.9939126 0.4856358 0.578971 0.272265 0.5756149 0.2733267 0.5761696 0.2749196 0.5754521 0.2787709 0.5761696 0.2749196 0.5756149 0.2733267 0.5756149 0.2733267 0.5742443 0.2793419 0.5754521 0.2787709 0.5774657 0.2878042 0.5754521 0.2787709 0.5742443 0.2793419 0.5742443 0.2793419 0.576673 0.2888538 0.5774657 0.2878042 0.578567 0.2878668 0.5774657 0.2878042 0.576673 0.2888538 0.576673 0.2888538 0.578971 0.2890387 0.578567 0.2878668 0.4436574 0.5922429 0.4437174 0.5933308 0.4448723 0.593745 0.4448723 0.593745 0.4446404 0.5914717 0.4436574 0.5922429 0.4346063 0.5902003 0.4436574 0.5922429 0.4446404 0.5914717 0.4446404 0.5914717 0.4345851 0.5890678 0.4346063 0.5902003 0.4307618 0.5909374 0.4346063 0.5902003 0.4345851 0.5890678 0.4345851 0.5890678 0.4292161 0.5905169 0.4307618 0.5909374 0.4281361 0.5938447 0.4307618 0.5909374 0.4292161 0.5905169 0.4253314 0.599711 0.4281361 0.5938447 0.4292161 0.5905169 0.4292161 0.5905169 0.4232655 0.6021643 0.4253314 0.599711 0.4236658 0.6072363 0.4253314 0.599711 0.4232655 0.6021643 0.4229366 0.6240308 0.4236658 0.6072363 0.4232655 0.6021643 0.4232655 0.6021643 0.4220166 0.6279965 0.4229366 0.6240308 0.4250046 0.6481556 0.4229366 0.6240308 0.4220166 0.6279965 0.4273378 0.6702466 0.4250046 0.6481556 0.4220166 0.6279965 0.4273378 0.6702466 0.4287183 0.6727531 0.4293056 0.6715649 0.4397898 0.6692631 0.4293056 0.6715649 0.4287183 0.6727531 0.4287183 0.6727531 0.4406925 0.6700816 0.4397898 0.6692631 0.4399669 0.6681219 0.4397898 0.6692631 0.4406925 0.6700816 0.4406925 0.6700816 0.4411156 0.6679067 0.4399669 0.6681219 0.576784 0.2576594 0.5778952 0.2573248 0.5778501 0.2561253 0.5778501 0.2561253 0.5757766 0.2568676 0.576784 0.2576594 0.5761601 0.2685294 0.576784 0.2576594 0.5757766 0.2568676 0.5757766 0.2568676 0.5749841 0.2687941 0.5761601 0.2685294 0.5778952 0.2703987 0.5761601 0.2685294 0.5749841 0.2687941 0.5749841 0.2687941 0.5773271 0.2713607 0.5778952 0.2703987 0.9013053 0.8378397 0.9001253 0.7922241 0.8998666 0.8372747 0.5902562 0.383127 0.5868554 0.4044341 0.5881583 0.3999124 0.5885248 0.4075236 0.5881583 0.3999124 0.5868554 0.4044341 0.5902562 0.4137437 0.5885248 0.4075236 0.5868554 0.4044341 0.9001253 0.7922241 0.9013724 0.7928102 0.90091 0.7703065 0.4273378 0.6702466 0.4257934 0.6709116 0.4287183 0.6727531 0.4257934 0.6709116 0.4273378 0.6702466 0.4220166 0.6279965 0.9001253 0.7922241 0.9013053 0.8378397 0.9013724 0.7928102 0.9009531 0.7576112 0.9002794 0.7612248 0.90091 0.7703065 0.7324196 0.3127539 0.7318464 0.2908118 0.7222455 0.2951539 0.7222455 0.2951539 0.7220414 0.3373935 0.7324196 0.3127539 0.8170077 0.7538917 0.8173225 0.8105975 0.8209968 0.7538917 0.8339309 0.8096083 0.8322283 0.7546989 0.82464 0.8102086 0.2138313 0.3035526 0.2225229 0.3142491 0.2202305 0.3015972 0.8676663 0.1324669 0.8714712 0.1552078 0.8797804 0.1537617 0.8797804 0.1537617 0.8768886 0.1250249 0.8676663 0.1324669 0.6286833 0.3901361 0.6262211 0.3964286 0.6372814 0.3890974 0.2341079 0.3335286 0.2474078 0.3293247 0.2419251 0.3256343 0.9002918 0.6838598 0.9003337 0.7556948 0.9568559 0.6827262 0.7442628 0.4139232 0.7485132 0.3529516 0.7434942 0.3796429 0.2316028 0.2719622 0.2305178 0.3031566 0.2445463 0.3143291 0.2445463 0.3143291 0.2409378 0.2619943 0.2316028 0.2719622 0.9919984 0.6208028 0.9919984 0.5660738 0.9899714 0.5662516 0.6401641 0.8173347 0.6396913 0.8261915 0.6419994 0.8289178 0.6419994 0.8289178 0.6419994 0.8179581 0.6401641 0.8173347 0.6384909 0.3741345 0.6305713 0.3748018 0.6286833 0.3901361 0.6286833 0.3901361 0.6372814 0.3890974 0.6384909 0.3741345 0.2452844 0.2601395 0.2409378 0.2619943 0.2445463 0.3143291 0.8684884 0.794422 0.8594259 0.7916707 0.8594636 0.7938783 0.7437149 0.6772307 0.7442991 0.6678277 0.7409941 0.6761154 0.8594259 0.7916707 0.86796 0.7930937 0.8677194 0.7404339 0.8677194 0.7404339 0.8602586 0.7404288 0.8594259 0.7916707 0.8563342 0.790768 0.8594636 0.7938783 0.8594259 0.7916707 0.74619 0.6816067 0.7437149 0.6772307 0.7409941 0.6761154 0.8714712 0.1552078 0.8716796 0.1626198 0.8800274 0.1611019 0.8800274 0.1611019 0.8797804 0.1537617 0.8714712 0.1552078 0.6309206 0.4136803 0.6351814 0.4043706 0.6268038 0.409724 0.2217914 0.2718665 0.2138213 0.2727677 0.2138313 0.3035526 0.2138313 0.3035526 0.2202305 0.3015972 0.2217914 0.2718665 0.6307687 0.4378503 0.6384909 0.4356775 0.6309206 0.4136803 0.6351814 0.4043706 0.6372814 0.3890974 0.6262211 0.3964286 0.6262211 0.3964286 0.6268038 0.409724 0.6351814 0.4043706 0.6017739 0.2546106 0.6017987 0.2481673 0.5998588 0.2483672 0.7442467 0.4116142 0.7370807 0.4137511 0.7442628 0.4139232 0.745505 0.6695104 0.7442991 0.6678277 0.7437149 0.6772307 0.7446467 0.6826915 0.74619 0.6816067 0.7409941 0.6761154 0.8684884 0.794422 0.86796 0.7930937 0.8594259 0.7916707 0.6017739 0.2546106 0.6042254 0.2598676 0.6017987 0.2481673 0.6034898 0.2851463 0.6042254 0.2876219 0.6042254 0.2598676 0.6042254 0.2598676 0.6031206 0.2605328 0.6034898 0.2851463 0.6042254 0.2598676 0.6017739 0.2546106 0.6031206 0.2605328 0.2305178 0.3031566 0.2306692 0.3102935 0.2445463 0.3143291 0.8119766 0.7205763 0.8137277 0.7226414 0.8137277 0.6917075 0.8137277 0.6917075 0.8120281 0.6942968 0.8119766 0.7205763 0.9080509 0.5668757 0.9089884 0.5715225 0.9109954 0.5668757 0.595575 0.2617909 0.5942884 0.25764 0.5948891 0.285428 0.6774913 0.485711 0.6760627 0.4879579 0.6774913 0.4943258 0.5797157 0.2091264 0.5742618 0.2138028 0.5794581 0.2162615 0.8119766 0.7205763 0.8120281 0.6942968 0.8041245 0.6925843 0.8041245 0.6925843 0.8040885 0.72094 0.8119766 0.7205763 0.9026829 0.5658285 0.9034716 0.5715225 0.9054762 0.5658285 0.5948891 0.285428 0.6034898 0.2851463 0.6031206 0.2605328 0.6031206 0.2605328 0.595575 0.2617909 0.5948891 0.285428 0.5938569 0.2884142 0.6042254 0.2876219 0.6034898 0.2851463 0.7506893 0.3180045 0.7506893 0.308849 0.7466975 0.3092512 0.6031206 0.2605328 0.5945139 0.2567659 0.595575 0.2617909 0.6031206 0.2605328 0.6017739 0.2546106 0.5945139 0.2567659 0.82464 0.8102086 0.8173225 0.8105975 0.8218691 0.811186 0.8346996 0.7547577 0.8322283 0.7546989 0.8339309 0.8096083 0.2184376 0.2655698 0.2138213 0.2727677 0.2408503 0.2546559 0.2433819 0.2517488 0.2408503 0.2546559 0.247115 0.2526819 0.6353449 0.4129889 0.6309206 0.4136803 0.6384909 0.4356775 0.7727153 0.4286239 0.8273851 0.4266119 0.7726029 0.4251241 0.6309206 0.4136803 0.6268038 0.409724 0.6307687 0.4378503 0.8800274 0.1287937 0.8768886 0.1250249 0.8797804 0.1537617 0.6309206 0.4136803 0.6353449 0.4129889 0.6351814 0.4043706 0.7313598 0.3772897 0.7348516 0.3802466 0.7434942 0.3796429 0.7434942 0.3796429 0.7423716 0.366135 0.7313598 0.3772897 0.7313598 0.3772897 0.7284062 0.3853064 0.7348516 0.3802466 0.7347413 0.4097439 0.7348516 0.3802466 0.7284062 0.3853064 0.7284062 0.3853064 0.7284333 0.4104368 0.7347413 0.4097439 0.7324457 0.4180456 0.7370807 0.4137511 0.7347413 0.4097439 0.7347413 0.4097439 0.7284333 0.4104368 0.7324457 0.4180456 0.7442628 0.4139232 0.7370807 0.4137511 0.7324457 0.4180456 0.7324457 0.4180456 0.7502638 0.4292165 0.7442628 0.4139232 0.7726721 0.4324841 0.8273751 0.4324841 0.7727153 0.4286239 0.2408503 0.2546559 0.240985 0.260922 0.2476364 0.2585406 0.2476364 0.2585406 0.247115 0.2526819 0.2408503 0.2546559 0.2138213 0.2727677 0.2217914 0.2718665 0.240985 0.260922 0.240985 0.260922 0.2408503 0.2546559 0.2138213 0.2727677 0.9561633 0.7565979 0.955686 0.7544334 0.944783 0.755731 0.2265891 0.3188679 0.2341079 0.3335286 0.2419251 0.3256343 0.2419251 0.3256343 0.2225229 0.3142491 0.2265891 0.3188679 0.2419251 0.3256343 0.2474078 0.3293247 0.2476364 0.3156362 0.2476364 0.3156362 0.2420815 0.3142019 0.2419251 0.3256343 0.2225229 0.3142491 0.2419251 0.3256343 0.2420815 0.3142019 0.2420815 0.3142019 0.230553 0.3105314 0.2225229 0.3142491 0.2225229 0.3142491 0.230553 0.3105314 0.2202305 0.3015972 0.6286833 0.3901361 0.6305713 0.3748018 0.6287713 0.373491 0.6384909 0.3741345 0.6372492 0.3665232 0.6305713 0.3748018 0.7423716 0.366135 0.7434942 0.3796429 0.7485132 0.3529516 0.7485132 0.3529516 0.7442628 0.4139232 0.7495124 0.4239641 0.7502638 0.4292165 0.7495124 0.4239641 0.7442628 0.4139232 0.8676663 0.1324669 0.8768886 0.1250249 0.8697549 0.1199654 0.5575861 0.6580355 0.5542234 0.6589791 0.5557726 0.6674656 0.5614995 0.6590951 0.5575861 0.6580355 0.5557726 0.6674656 0.5557726 0.6674656 0.5614995 0.6678538 0.5614995 0.6590951 0.8594717 0.8068098 0.8673654 0.8137641 0.8684884 0.794422 0.8684884 0.794422 0.8594636 0.7938783 0.8594717 0.8068098 0.8768886 0.1250249 0.8779393 0.1221439 0.8697549 0.1199654 0.9086547 0.6712493 0.9086547 0.6573449 0.898941 0.6549265 0.9086547 0.6712493 0.898941 0.6549265 0.9005191 0.6702614 0.6287713 0.373491 0.6305713 0.3748018 0.6372492 0.3665232 0.3004814 0.7424773 0.313587 0.7393015 0.3128517 0.7374863 0.3128517 0.7374863 0.3002358 0.7405909 0.3004814 0.7424773 0.3002358 0.7405909 0.2986224 0.7427694 0.3004814 0.7424773 0.3000301 0.7620282 0.3004814 0.7424773 0.2986224 0.7427694 0.2986224 0.7427694 0.2983568 0.7625234 0.3000301 0.7620282 0.2983568 0.7625234 0.299959 0.7635091 0.3000301 0.7620282 0.3013569 0.7635532 0.3000301 0.7620282 0.299959 0.7635091 0.299959 0.7635091 0.3005799 0.8190406 0.3013569 0.7635532 0.3014487 0.7973792 0.3013569 0.7635532 0.3005799 0.8190406 0.3019471 0.8187861 0.3014487 0.7973792 0.3005799 0.8190406 0.300778 0.8226495 0.3019471 0.8187861 0.3005799 0.8190406 0.3005799 0.8190406 0.298999 0.8203365 0.300778 0.8226495 0.298999 0.8203365 0.2990223 0.8244042 0.300778 0.8226495 0.300778 0.8226495 0.3015584 0.8272407 0.3031145 0.825867 0.7853775 0.4221601 0.7752059 0.4217736 0.7732132 0.4221601 0.7215099 0.8170543 0.7195147 0.8261566 0.7215099 0.8292729 0.7495124 0.4239641 0.7502638 0.4292165 0.7504894 0.4275056 0.7533652 0.43 0.7504894 0.4275056 0.7502638 0.4292165 0.7603144 0.4332668 0.7533652 0.43 0.7502638 0.4292165 0.8676663 0.1324669 0.8697549 0.1199654 0.8689535 0.1216521 0.9163984 0.5657162 0.9175989 0.5644053 0.9157225 0.5644053 0.9163963 0.5677365 0.9163984 0.5657162 0.9157225 0.5644053 0.9147319 0.5677365 0.9157225 0.563933 0.9146551 0.5645352 0.9137143 0.563933 0.9146551 0.5645352 0.9157225 0.563933 0.5924041 0.3973984 0.5921738 0.4197498 0.5930094 0.4212243 0.5930094 0.4212243 0.5930094 0.3629663 0.5924041 0.3973984 0.5920054 0.3644281 0.5924041 0.3973984 0.5930094 0.3629663 0.6771486 0.5079894 0.6779733 0.507759 0.6761938 0.5072055 0.676869 0.5264147 0.6771486 0.5079894 0.6761938 0.5072055 0.6761938 0.5072055 0.6760627 0.5277596 0.676869 0.5264147 0.6779733 0.5281534 0.676869 0.5264147 0.6760627 0.5277596 0.898339 0.6563656 0.8995972 0.6684755 0.9005191 0.6702614 0.9005191 0.6702614 0.898941 0.6549265 0.898339 0.6563656 0.7511158 0.3469382 0.751884 0.3460165 0.7506607 0.3454599 0.7511158 0.3469382 0.7506607 0.3454599 0.7485132 0.3529516 0.7500306 0.4055259 0.7499042 0.3662706 0.7485132 0.3529516 0.7485132 0.3529516 0.7495124 0.4239641 0.7500306 0.4055259 0.6776887 0.5063394 0.6761938 0.5072055 0.6779733 0.507759 0.86796 0.7930937 0.869244 0.7943306 0.869244 0.7389701 0.869244 0.7389701 0.8677194 0.7404339 0.86796 0.7930937 0.944783 0.755731 0.955686 0.7544334 0.9568559 0.6827262 0.745505 0.6695104 0.74619 0.6681752 0.7442991 0.6678277 0.3015584 0.8272407 0.300778 0.8226495 0.2990223 0.8244042 0.9568559 0.7546432 0.955686 0.7544334 0.9561633 0.7565979 0.7485132 0.3529516 0.7499042 0.3662706 0.7511158 0.3469382 0.9569889 0.7927272 0.9573617 0.7696474 0.9464666 0.7746053 0.9571869 0.837726 0.9569889 0.7927272 0.9464666 0.7746053 0.2396911 0.980687 0.289765 0.9743372 0.3045954 0.9968653 0.3045954 0.9968653 0.2419224 0.9962786 0.2396911 0.980687 0.6596131 0.4359632 0.6604452 0.3797343 0.6501197 0.3798303 0.9573715 0.7576112 0.9009531 0.7576112 0.9573617 0.7696474 0.8036002 0.7210195 0.8031956 0.6987807 0.7884408 0.7090081 0.7537148 0.6033405 0.7278916 0.6032883 0.7468778 0.6136881 0.3079531 0.9680889 0.289765 0.9743372 0.2988981 0.9653362 0.289765 0.9743372 0.3079531 0.9680889 0.3045954 0.9968653 0.7982169 0.698808 0.8031956 0.6987807 0.8036002 0.6920632 0.8036002 0.6920632 0.7987753 0.6915405 0.7982169 0.698808 0.6834303 0.6135682 0.6831125 0.6184059 0.691987 0.6184496 0.691987 0.6184496 0.6926288 0.6135887 0.6834303 0.6135682 0.7115996 0.3048655 0.7202396 0.2924262 0.712997 0.2954991 0.7202396 0.2924262 0.7115996 0.3048655 0.7202396 0.3142061 0.1831967 0.8837906 0.1798022 0.8834056 0.1856402 0.8921599 0.8497291 0.5916413 0.8611758 0.5814381 0.8498214 0.5805005 0.6604452 0.3797343 0.6655464 0.4360953 0.6655464 0.3798133 0.7537148 0.6033405 0.7468778 0.6136881 0.7589619 0.6121057 0.7589619 0.6121057 0.7659584 0.6033577 0.7537148 0.6033405 0.929203 0.8073051 0.9013053 0.8378397 0.9571869 0.837726 0.929203 0.8073051 0.9571869 0.837726 0.9464666 0.7746053 0.2396911 0.980687 0.2419224 0.9962786 0.2312674 0.9968653 0.2312674 0.9968653 0.2272301 0.9857183 0.2396911 0.980687 0.8611758 0.5814381 0.8497291 0.5916413 0.8614033 0.5916005 0.3079531 0.9680889 0.3104915 0.9750248 0.3045954 0.9968653 0.9486045 0.1456095 0.8920399 0.1455706 0.8923329 0.1484472 0.8031956 0.6987807 0.7982169 0.698808 0.7884408 0.7090081 0.7032521 0.6136664 0.7468778 0.6136881 0.7278916 0.6032883 0.8036002 0.7210195 0.7884408 0.7090081 0.7884406 0.7210544 0.6191875 0.4376891 0.6191875 0.3811851 0.6171293 0.3919783 0.6171293 0.3919783 0.6172688 0.4268658 0.6191875 0.4376891 0.8613823 0.6524504 0.856873 0.6455554 0.8544223 0.6437759 0.6221497 0.4379534 0.6253802 0.3645071 0.6232416 0.3665475 0.9574638 0.6863415 0.9568559 0.7465443 0.9574638 0.7576112 0.6102175 0.3643583 0.61045 0.3665644 0.6232416 0.3665475 0.6232416 0.3665475 0.6253802 0.3645071 0.6102175 0.3643583 0.8576753 0.638224 0.8613823 0.6334093 0.8597875 0.6318084 0.856091 0.6422455 0.8576753 0.638224 0.8544223 0.6437759 0.856873 0.6455554 0.856091 0.6422455 0.8544223 0.6437759 0.8597875 0.6318084 0.8544223 0.6437759 0.8576753 0.638224 0.6193029 0.3812243 0.6191875 0.43756 0.6215426 0.4376891 0.6167082 0.3814969 0.6171293 0.3919783 0.6191875 0.3811851 0.6253802 0.3645071 0.6221497 0.4379534 0.6253802 0.4271941 0.3492259 0.5638942 0.350251 0.5673217 0.3508871 0.5634817 0.3537248 0.5607814 0.3527835 0.5598486 0.3492259 0.5638942 0.3492259 0.5638942 0.3508871 0.5634817 0.3537248 0.5607814 0.3624092 0.5575808 0.3625954 0.5562001 0.3527835 0.5598486 0.3527835 0.5598486 0.3537248 0.5607814 0.3624092 0.5575808 0.3630823 0.5584967 0.3642254 0.5581408 0.3625954 0.5562001 0.3625954 0.5562001 0.3624092 0.5575808 0.3630823 0.5584967 0.5558615 0.615518 0.555148 0.616515 0.5573788 0.6167311 0.5573788 0.6167311 0.5568948 0.615563 0.5558615 0.615518 0.5537961 0.6064744 0.5527623 0.6064776 0.555148 0.616515 0.555148 0.616515 0.5558615 0.615518 0.5537961 0.6064744 0.5545141 0.602626 0.5541622 0.6010971 0.5527623 0.6064776 0.5527623 0.6064776 0.5537961 0.6064744 0.5545141 0.602626 0.5541622 0.6010971 0.5545141 0.602626 0.5573788 0.5999839 0.2266971 0.8285183 0.2267944 0.8317416 0.2291494 0.8190005 0.7552847 0.4033393 0.7549805 0.4068002 0.7552847 0.4129368 0.2267944 0.8317416 0.2266971 0.8285183 0.2234559 0.8354113 0.2138668 0.8489553 0.2121569 0.852643 0.2267944 0.8317416 0.2267944 0.8317416 0.2234559 0.8354113 0.2138668 0.8489553 0.2121569 0.852643 0.2138668 0.8489553 0.1976295 0.8664995 0.2121569 0.852643 0.1976295 0.8664995 0.1824344 0.8822782 0.1801243 0.882063 0.1798022 0.8834056 0.1824344 0.8822782 0.1732192 0.8738447 0.1719903 0.8739458 0.1798022 0.8834056 0.1798022 0.8834056 0.1801243 0.882063 0.1732192 0.8738447 0.1737909 0.8728282 0.1729466 0.8720112 0.1719903 0.8739458 0.1719903 0.8739458 0.1732192 0.8738447 0.1737909 0.8728282 0.7100892 0.8090987 0.7089998 0.8097718 0.7112143 0.8106355 0.7112143 0.8106355 0.7111862 0.8094459 0.7100892 0.8090987 0.7095122 0.7982265 0.7084044 0.7979627 0.7089998 0.8097718 0.7089998 0.8097718 0.7100892 0.8090987 0.7095122 0.7982265 0.890878 0.1475219 0.8923329 0.1484472 0.8920399 0.1455706 0.7084044 0.7979627 0.7095122 0.7982265 0.7112143 0.7963787 0.9586299 0.8371869 0.9582347 0.7921373 0.9571869 0.837726 0.3537247 0.5810152 0.3504735 0.5767034 0.3623129 0.595896 0.3504735 0.5767034 0.3537247 0.5810152 0.3510586 0.5737722 0.350251 0.5673217 0.3492259 0.5638942 0.3504735 0.5767034 0.3504735 0.5767034 0.3510586 0.5737722 0.350251 0.5673217 0.9573617 0.7696474 0.9569889 0.7927272 0.9582347 0.7921373 0.1798022 0.8834056 0.1831967 0.8837906 0.1824344 0.8822782 0.2121569 0.852643 0.1824344 0.8822782 0.1831967 0.8837906 0.9569889 0.7927272 0.9571869 0.837726 0.9582347 0.7921373 0.7032521 0.6136664 0.7278916 0.6032883 0.6856518 0.6034948 0.6856518 0.6034948 0.6813101 0.6130945 0.7032521 0.6136664 0.8322283 0.7546989 0.8209968 0.7538917 0.82464 0.8102086 0.5736966 0.2865824 0.5723452 0.2338126 0.5192606 0.2340034 0.5192606 0.2340034 0.5194602 0.2867408 0.5736966 0.2865824 0.5984684 0.03977274 0.5837358 0.03977274 0.5855805 0.09627401 0.5855805 0.09627401 0.5985576 0.09619975 0.5984684 0.03977274 0.8691912 0.6019377 0.8714178 0.5892797 0.8629043 0.5999674 0.6022351 0.4052454 0.6114574 0.4126871 0.6143487 0.3839502 0.6143487 0.3839502 0.6060395 0.3825044 0.6022351 0.4052454 0.8555001 0.7914075 0.8444005 0.7842066 0.8471192 0.7905036 0.8903823 0.5779166 0.8954663 0.5741949 0.8821972 0.569932 0.8641444 0.6980631 0.8682404 0.7249054 0.8655074 0.6638342 0.5801745 0.2474929 0.5892137 0.2575976 0.5932466 0.2052635 0.5932466 0.2052635 0.5794581 0.2162615 0.5801745 0.2474929 0.5723452 0.2338126 0.5728597 0.2323564 0.5187814 0.2325541 0.5187814 0.2325541 0.5192606 0.2340034 0.5723452 0.2338126 0.9919984 0.6208028 0.9899714 0.5662516 0.9898758 0.6205111 0.9091277 0.6712493 0.9109631 0.6706263 0.9109631 0.6596673 0.9109631 0.6596673 0.9086547 0.6623931 0.9091277 0.6712493 0.8569126 0.8063625 0.8555001 0.7914075 0.8471192 0.7905036 0.8471192 0.7905036 0.8490421 0.8057928 0.8569126 0.8063625 0.5932466 0.2052635 0.5892137 0.2575976 0.5932466 0.2594835 0.8737167 0.7570083 0.8734831 0.7592142 0.8828245 0.7566429 0.5771399 0.2805474 0.5804424 0.2888361 0.5798597 0.2794306 0.8734831 0.7592142 0.874368 0.8104668 0.8819742 0.8106094 0.8819742 0.8106094 0.8822026 0.7579602 0.8734831 0.7592142 0.8734831 0.7592142 0.8737167 0.7570083 0.8702662 0.7600554 0.5771399 0.2805474 0.5798597 0.2794306 0.5823358 0.2750551 0.6060395 0.3825044 0.6143487 0.3839502 0.6145964 0.3766098 0.6145964 0.3766098 0.6062489 0.3750922 0.6060395 0.3825044 0.84435 0.7708217 0.8524811 0.7760294 0.8482282 0.7667863 0.8707504 0.6316937 0.8691912 0.6019377 0.8629043 0.5999674 0.8629043 0.5999674 0.8629432 0.6307776 0.8707504 0.6316937 0.8482282 0.7667863 0.8569126 0.7449409 0.8496163 0.7429315 0.8524811 0.7760294 0.84435 0.7708217 0.8444005 0.7842066 0.8444005 0.7842066 0.8555001 0.7914075 0.8524811 0.7760294 0.5574894 0.6938407 0.555558 0.6936413 0.555362 0.7000859 0.6144268 0.4214298 0.6164622 0.4271824 0.6164622 0.4051812 0.5798597 0.2794306 0.5804424 0.2888361 0.581647 0.2871508 0.5771399 0.2805474 0.5823358 0.2750551 0.5807953 0.273974 0.8734831 0.7592142 0.8822026 0.7579602 0.8828245 0.7566429 0.555558 0.6936413 0.5527339 0.7053447 0.555362 0.7000859 0.5540269 0.7306194 0.553882 0.7060095 0.5527339 0.7053447 0.7549805 0.4251011 0.7549805 0.3953431 0.7542163 0.3982785 0.553882 0.7060095 0.555362 0.7000859 0.5527339 0.7053447 0.5932466 0.2052635 0.5797157 0.2091264 0.5794581 0.2162615 0.8210613 0.6938837 0.8210942 0.7201635 0.8228129 0.7226414 0.8228129 0.7226414 0.8228129 0.6917038 0.8210613 0.6938837 0.9137143 0.5715225 0.9137143 0.5665051 0.9109954 0.5704442 0.5624205 0.7309005 0.5624205 0.7031162 0.5612691 0.7072666 0.9080509 0.5715225 0.9080509 0.565935 0.9054762 0.5703331 0.8210613 0.6938837 0.8137277 0.6940161 0.8138248 0.7223706 0.8138248 0.7223706 0.8210942 0.7201635 0.8210613 0.6938837 0.6774913 0.4770971 0.6760627 0.4834645 0.6774913 0.485711 0.8655074 0.6638342 0.8589257 0.6637602 0.8656946 0.6661069 0.5624205 0.7309005 0.5612691 0.7072666 0.553882 0.7060095 0.553882 0.7060095 0.5540269 0.7306194 0.5624205 0.7309005 0.7409564 0.3172284 0.7449535 0.3176169 0.7449535 0.3084582 0.7263507 0.7977306 0.7238028 0.7979233 0.7263507 0.8079106 0.5612691 0.7072666 0.562363 0.7022413 0.553882 0.7060095 0.562363 0.7022413 0.555362 0.7000859 0.553882 0.7060095 0.6164622 0.4271824 0.6144268 0.4214298 0.6060781 0.4262565 0.8892841 0.6489303 0.8629432 0.6307776 0.8673489 0.6379725 0.6125088 0.4155679 0.6145964 0.4089181 0.6114574 0.4126871 0.8569126 0.7449409 0.8482282 0.7667863 0.8526262 0.7674228 0.8629432 0.6307776 0.8629043 0.5999674 0.8598428 0.6037485 0.6143487 0.3839502 0.6114574 0.4126871 0.6145964 0.4089181 0.8524811 0.7760294 0.8526262 0.7674228 0.8482282 0.7667863 0.5837358 0.03977274 0.5832099 0.0961734 0.5855805 0.09627401 0.8530143 0.6999941 0.8629587 0.7115085 0.8641444 0.6980631 0.8641444 0.6980631 0.8562146 0.6971668 0.8530143 0.6999941 0.8562146 0.6971668 0.8504313 0.6918864 0.8530143 0.6999941 0.8567007 0.667685 0.8509491 0.6667742 0.8504313 0.6918864 0.8504313 0.6918864 0.8562146 0.6971668 0.8567007 0.667685 0.854781 0.6593073 0.8509491 0.6667742 0.8567007 0.667685 0.8567007 0.667685 0.8589257 0.6637602 0.854781 0.6593073 0.8655074 0.6638342 0.8713284 0.6487542 0.854781 0.6593073 0.854781 0.6593073 0.8589257 0.6637602 0.8655074 0.6638342 0.8273751 0.4324841 0.8273851 0.4266119 0.7727153 0.4286239 0.8892841 0.6489303 0.8951306 0.6508775 0.8957071 0.6450251 0.8957071 0.6450251 0.8894961 0.6426716 0.8892841 0.6489303 0.8629432 0.6307776 0.8892841 0.6489303 0.8894961 0.6426716 0.8894961 0.6426716 0.8707504 0.6316937 0.8629432 0.6307776 0.8998666 0.7576112 0.9561633 0.7565979 0.944783 0.755731 0.944783 0.755731 0.9003337 0.7556948 0.8998666 0.7576112 0.8750224 0.5846142 0.8714178 0.5892797 0.8903823 0.5779166 0.8903823 0.5779166 0.8821972 0.569932 0.8750224 0.5846142 0.5173032 0.2129218 0.5187814 0.2325541 0.5728597 0.2323564 0.5728597 0.2323564 0.5736966 0.2137213 0.5173032 0.2129218 0.8903823 0.5779166 0.8905449 0.5893576 0.8957071 0.5878946 0.8957071 0.5878946 0.8954663 0.5741949 0.8903823 0.5779166 0.8714178 0.5892797 0.8792691 0.5930121 0.8905449 0.5893576 0.8905449 0.5893576 0.8903823 0.5779166 0.8714178 0.5892797 0.8691912 0.6019377 0.8792691 0.5930121 0.8714178 0.5892797 0.8750224 0.5846142 0.8821972 0.569932 0.879935 0.5707483 0.8490421 0.8057928 0.8556036 0.813961 0.8569126 0.8063625 0.8682404 0.7249054 0.8641444 0.6980631 0.8629587 0.7115085 0.8704384 0.653991 0.8655074 0.6638342 0.8682404 0.7249054 0.6775575 0.4943258 0.6760627 0.5021205 0.6775575 0.5063394 0.6022351 0.4052454 0.6043241 0.4177469 0.6114574 0.4126871 0.5660086 0.7944239 0.564458 0.8029109 0.5678212 0.8038864 0.5717343 0.8028044 0.5717343 0.7939595 0.5660086 0.7944239 0.5660086 0.7944239 0.5678212 0.8038864 0.5717343 0.8028044 0.8737068 0.7440783 0.8737167 0.7570083 0.8828245 0.7566429 0.8828245 0.7566429 0.881663 0.7372806 0.8737068 0.7440783 0.6043241 0.4177469 0.6125088 0.4155679 0.6114574 0.4126871 0.5649631 0.7717923 0.5568634 0.7727882 0.5552785 0.7881223 0.5649631 0.7856958 0.5649631 0.7717923 0.5552785 0.7881223 0.8556036 0.813961 0.8490421 0.8057928 0.8474992 0.8071653 0.6662615 0.5277451 0.6641775 0.5277683 0.6784466 0.5319262 0.6784466 0.5319262 0.6789191 0.5301511 0.6662615 0.5277451 0.6641775 0.5277683 0.6662615 0.5277451 0.6651004 0.5260863 0.6649435 0.507515 0.6637953 0.5068789 0.6641775 0.5277683 0.6641775 0.5277683 0.6651004 0.5260863 0.6649435 0.507515 0.665778 0.5072324 0.6654289 0.505895 0.6637953 0.5068789 0.6637953 0.5068789 0.6649435 0.507515 0.665778 0.5072324 0.6654289 0.505895 0.665778 0.5072324 0.6667412 0.5058599 0.6667412 0.5058599 0.6666623 0.4724291 0.6654289 0.505895 0.6671854 0.4505841 0.665891 0.4503573 0.6666623 0.4724291 0.665891 0.4503573 0.6671854 0.4505841 0.6656967 0.4471318 0.6656967 0.4471318 0.6641718 0.4490253 0.665891 0.4503573 0.6656967 0.4471318 0.6650837 0.4431338 0.6641718 0.4490253 0.82464 0.8102086 0.8209968 0.7538917 0.8173225 0.8105975 0.6650837 0.4431338 0.6656967 0.4471318 0.6674195 0.4436255 0.6674195 0.4436255 0.6683257 0.4422023 0.6650837 0.4431338 0.678115 0.4502288 0.678341 0.4473235 0.6683257 0.4422023 0.6683257 0.4422023 0.6674195 0.4436255 0.678115 0.4502288 0.678115 0.4502288 0.6802324 0.4524174 0.678341 0.4473235 0.7476164 0.6796103 0.74619 0.6786385 0.7496237 0.6826915 0.74619 0.6786385 0.7476164 0.6796103 0.747583 0.6759033 0.6035228 0.4160602 0.6043241 0.4177469 0.6022351 0.4052454 0.74619 0.6786385 0.747583 0.6759033 0.7496237 0.6686919 0.9176422 0.5681691 0.9157909 0.5686088 0.9172293 0.5695825 0.9176422 0.5681691 0.9172293 0.5695825 0.9176422 0.5715225 0.9148396 0.5683348 0.9137143 0.5677365 0.9148306 0.5715225 0.9137143 0.5677365 0.9148396 0.5683348 0.9157909 0.5677365 0.5920054 0.3629943 0.5911536 0.364467 0.5913941 0.3868064 0.5913941 0.3868064 0.5920054 0.4212243 0.5920054 0.3629943 0.5920054 0.4212243 0.5913941 0.3868064 0.5909657 0.4197641 0.9059723 0.8710943 0.9078295 0.8705503 0.9069942 0.8703128 0.9067078 0.85192 0.9058396 0.8505778 0.9059723 0.8710943 0.9059723 0.8710943 0.9069942 0.8703128 0.9067078 0.85192 0.9058396 0.8505778 0.9067078 0.85192 0.9078295 0.8501946 0.5546759 0.7866837 0.5552785 0.7881223 0.5568634 0.7727882 0.5568634 0.7727882 0.5559399 0.7745744 0.5546759 0.7866837 0.870215 0.7324441 0.8713284 0.7319324 0.8706532 0.7309836 0.8682404 0.7249054 0.870215 0.7324441 0.8706532 0.7309836 0.870684 0.6724159 0.8704384 0.653991 0.8682404 0.7249054 0.8682404 0.7249054 0.8698655 0.7116302 0.870684 0.6724159 0.665891 0.4503573 0.6654289 0.505895 0.6666623 0.4724291 0.9078295 0.8705503 0.9059723 0.8710943 0.9073615 0.8719925 0.8822026 0.7579602 0.8819742 0.8106094 0.8834677 0.8121028 0.8834677 0.8121028 0.8834677 0.7567487 0.8822026 0.7579602 0.5804424 0.2888361 0.5823358 0.2884929 0.581647 0.2871508 0.6784466 0.5319262 0.6802324 0.5306124 0.6789191 0.5301511 0.8706532 0.7309836 0.8698655 0.7116302 0.8682404 0.7249054 0.6030375 0.4402868 0.667979 0.4406547 0.6673641 0.4374494 0.6673641 0.4374494 0.6089153 0.4389514 0.6030375 0.4402868 0.667979 0.4406547 0.6706573 0.4365757 0.6673641 0.4374494 0.7181982 0.3422098 0.7183792 0.4206809 0.7201542 0.4199913 0.6473195 0.3686942 0.6473653 0.42601 0.6489942 0.424947 0.6489942 0.424947 0.6489939 0.3684247 0.6473195 0.3686942 0.9796174 0.5603882 0.9795928 0.4963937 0.9778743 0.4972261 0.9778743 0.4972261 0.9778903 0.5598084 0.9796174 0.5603882 0.8205651 0.7321861 0.8135938 0.735997 0.8147746 0.7369061 0.8147746 0.7369061 0.8211399 0.7337023 0.8205651 0.7321861 0.8881581 0.7359336 0.8855112 0.7318097 0.8846502 0.7333497 0.8846502 0.7333497 0.8866834 0.7365842 0.8881581 0.7359336 0.6490113 0.3588387 0.6473259 0.3580179 0.6473195 0.3686942 0.6473195 0.3686942 0.6489939 0.3684247 0.6490113 0.3588387 0.7199761 0.3428082 0.7181982 0.3422098 0.7201542 0.4199913 0.8140056 0.7916781 0.8140041 0.7587051 0.8122789 0.746344 0.8122789 0.746344 0.8121116 0.8029859 0.8140056 0.7916781 0.8199957 0.7369595 0.8276756 0.73568 0.8211399 0.7337023 0.8276756 0.73568 0.8813764 0.7355002 0.8846502 0.7333497 0.8846502 0.7333497 0.8211399 0.7337023 0.8276756 0.73568 0.8157107 0.7414668 0.8171936 0.7385351 0.8147746 0.7369061 0.8171936 0.7385351 0.8199957 0.7369595 0.8211399 0.7337023 0.8211399 0.7337023 0.8147746 0.7369061 0.8171936 0.7385351 0.8835505 0.7364588 0.8846522 0.7386944 0.8866834 0.7365842 0.8866834 0.7365842 0.8846502 0.7333497 0.8835505 0.7364588 0.8145872 0.7463715 0.8157107 0.7414668 0.8147746 0.7369061 0.8147746 0.7369061 0.8122789 0.746344 0.8145872 0.7463715 0.8140041 0.7587051 0.8145872 0.7463715 0.8122789 0.746344 0.8813764 0.7355002 0.8835505 0.7364588 0.8846502 0.7333497 0.6089205 0.3553475 0.6085593 0.3536645 0.5975975 0.356216 0.5962841 0.3614696 0.6089205 0.3553475 0.5975975 0.356216 0.6673665 0.3568506 0.6706573 0.3578551 0.6679844 0.3536506 0.173896 0.2486593 0.1722249 0.2494485 0.1721811 0.3129238 0.1721811 0.3129238 0.1738438 0.3135691 0.173896 0.2486593 0.8205685 0.8181816 0.8211432 0.8166741 0.8147776 0.8134706 0.1722035 0.3191885 0.1738765 0.3204209 0.1738438 0.3135691 0.8881581 0.8144399 0.8866812 0.8138018 0.8846536 0.8170263 0.7201542 0.3395243 0.7184014 0.3380146 0.7181982 0.3422098 0.8147776 0.8134706 0.8121116 0.8029859 0.8107386 0.803952 0.6473653 0.42601 0.6473259 0.4362105 0.6490113 0.435226 0.8211432 0.8166741 0.8276787 0.8146964 0.8199986 0.8134171 0.8276787 0.8146964 0.8211432 0.8166741 0.8846536 0.8170263 0.8846536 0.8170263 0.8813796 0.8148756 0.8276787 0.8146964 0.8147776 0.8134706 0.8171965 0.8118416 0.8157134 0.8089098 0.8171965 0.8118416 0.8147776 0.8134706 0.8211432 0.8166741 0.8211432 0.8166741 0.8199986 0.8134171 0.8171965 0.8118416 0.8835535 0.8139172 0.8846536 0.8170263 0.8866812 0.8138018 0.8866812 0.8138018 0.8846601 0.8116715 0.8835535 0.8139172 0.8145895 0.8040049 0.8121116 0.8029859 0.8147776 0.8134706 0.8147776 0.8134706 0.8157134 0.8089098 0.8145895 0.8040049 0.8846601 0.8116715 0.8866812 0.8138018 0.8866834 0.7365842 0.8866834 0.7365842 0.8846522 0.7386944 0.8846601 0.8116715 0.8121116 0.8029859 0.8145895 0.8040049 0.8140056 0.7916781 0.8846536 0.8170263 0.8835535 0.8139172 0.8813796 0.8148756 0.5975975 0.356216 0.5934121 0.3646281 0.5962841 0.3614696 0.5959622 0.43641 0.5950932 0.4276385 0.5930256 0.4255242 0.529828 0.9865747 0.5257557 0.9865747 0.5224455 0.9895858 0.5224455 0.9895858 0.5330582 0.9884797 0.529828 0.9865747 0.5180119 0.9787928 0.510741 0.9772068 0.517154 0.9824309 0.4133754 0.5109239 0.4177441 0.5031831 0.4126142 0.5035539 0.521577 0.7789649 0.5213953 0.7819481 0.524128 0.7823352 0.524128 0.7823352 0.5242511 0.7758178 0.521577 0.7789649 0.5217279 0.7762829 0.521577 0.7789649 0.5242511 0.7758178 0.4132733 0.5143019 0.415871 0.5140011 0.4133754 0.5109239 0.5213953 0.7819481 0.5212659 0.7844174 0.523989 0.7870737 0.523989 0.7870737 0.524128 0.7823352 0.5213953 0.7819481 0.517154 0.9824309 0.510741 0.9772068 0.5104286 0.9830301 0.523989 0.7870737 0.5306136 0.7826952 0.524128 0.7823352 0.5310944 0.7758178 0.5306136 0.7826952 0.5323587 0.7804061 0.4608303 0.5029219 0.4544053 0.5073376 0.4606984 0.5069758 0.1613094 0.5491846 0.165228 0.5554119 0.165228 0.5488779 0.1613094 0.5491846 0.1610713 0.555617 0.165228 0.5554119 0.1604226 0.53983 0.1644043 0.5406964 0.1644043 0.5343859 0.517154 0.9824309 0.5104286 0.9830301 0.5121215 0.9867457 0.5121215 0.9867457 0.5165258 0.9868167 0.517154 0.9824309 0.1605353 0.5351631 0.1604226 0.53983 0.1644043 0.5343859 0.4608303 0.5029219 0.4537786 0.5029219 0.4544053 0.5073376 0.5330582 0.9884797 0.5224455 0.9895858 0.5279942 0.9936467 0.5224455 0.9895858 0.5214046 0.9954521 0.5279942 0.9936467 0.5306136 0.7826952 0.523989 0.7870737 0.5320333 0.7859255 0.5320333 0.7859255 0.5323587 0.7804061 0.5306136 0.7826952 0.5078685 0.9785165 0.5080335 0.9811469 0.5104286 0.9830301 0.5104286 0.9830301 0.510741 0.9772068 0.5078685 0.9785165 0.1394003 0.5303911 0.1399194 0.5363726 0.1399194 0.5299157 0.1350749 0.5306916 0.1394003 0.5303911 0.1399194 0.5299157 0.5340138 0.9985896 0.5339637 0.9919068 0.5301981 1.000257 0.2772817 0.6262692 0.278907 0.6319505 0.278907 0.6254099 0.5188322 0.9726811 0.5171146 0.9715511 0.5184092 0.9750461 0.2772817 0.6426447 0.2772173 0.6387111 0.2704655 0.6430553 0.1633481 0.4917324 0.1616871 0.493945 0.1680293 0.4962082 0.421422 0.5144523 0.4226322 0.5117085 0.4188579 0.5142168 0.1616871 0.493945 0.1633481 0.4917324 0.1606576 0.4895713 0.1606576 0.4895713 0.1597814 0.4922201 0.1616871 0.493945 0.4177441 0.5031831 0.4188579 0.5142168 0.4226322 0.5117085 0.4226322 0.5117085 0.4226322 0.5037859 0.4177441 0.5031831 0.1633481 0.4917324 0.1680293 0.4869942 0.1606576 0.4895713 0.5506143 0.9937096 0.544632 0.9943569 0.5506143 0.9975849 0.544632 0.9943569 0.5442909 0.9987492 0.5506143 0.9975849 0.5199705 0.8157867 0.5241957 0.8164528 0.5193544 0.8117023 0.5121297 0.9672026 0.5104727 0.9708499 0.5171146 0.9715511 0.5256493 0.8128337 0.5193544 0.8117023 0.5241957 0.8164528 0.5164881 0.9672142 0.5121297 0.9672026 0.5171146 0.9715511 0.2772173 0.6387111 0.2709507 0.6387111 0.2704655 0.6430553 0.5279942 0.9936467 0.5246988 1.000065 0.5301981 1.000257 0.5279942 0.9936467 0.5301981 1.000257 0.5339637 0.9919068 0.510741 0.9772068 0.5184092 0.9750461 0.5171146 0.9715511 0.5171146 0.9715511 0.5104727 0.9708499 0.510741 0.9772068 0.1663781 0.483642 0.1606576 0.4895713 0.1680293 0.4869942 0.5078471 0.9755244 0.510741 0.9772068 0.5104727 0.9708499 0.5259593 0.7791221 0.5282331 0.7783433 0.5289953 0.7754625 0.5078471 0.9755244 0.5078685 0.9785165 0.510741 0.9772068 0.5180119 0.9787928 0.5184092 0.9750461 0.510741 0.9772068 0.5339637 0.9919068 0.5330582 0.9884797 0.5279942 0.9936467 0.5246988 1.000065 0.5279942 0.9936467 0.5214046 0.9954521 0.4133754 0.5109239 0.4188579 0.5142168 0.4177441 0.5031831 0.4188579 0.5142168 0.4133754 0.5109239 0.415871 0.5140011 0.1640312 0.4958091 0.1680293 0.4962082 0.1616871 0.493945 0.5259593 0.7791221 0.5289953 0.7811825 0.5282331 0.7783433 0.19721 0.8619886 0.19721 0.8431444 0.1790622 0.8431202 0.19721 0.8431444 0.1966417 0.8395951 0.1793287 0.8389305 0.1793287 0.8389305 0.1790622 0.8431202 0.19721 0.8431444 0.2439476 0.6021642 0.235704 0.5987448 0.2358323 0.6246435 0.9565246 0.2100592 0.9623632 0.186761 0.956579 0.187007 0.2548394 0.585389 0.2548561 0.6091532 0.2598545 0.5842794 0.8953706 0.6757122 0.895805 0.651977 0.8727683 0.6517434 0.8727683 0.6517434 0.8724771 0.675572 0.8953706 0.6757122 0.1707869 0.903075 0.1560495 0.903245 0.1533175 0.9074612 0.2598545 0.5842794 0.2582712 0.5828267 0.2548394 0.585389 0.1702313 0.866333 0.1575335 0.8667725 0.1559252 0.8765175 0.1496961 0.8726999 0.1559252 0.8765175 0.1575335 0.8667725 0.1707869 0.903075 0.1533175 0.9074612 0.169583 0.9073321 0.195528 0.838178 0.1793287 0.8389305 0.1966417 0.8395951 0.8908321 0.605063 0.9143759 0.6051424 0.9120343 0.5930462 0.2439476 0.6021642 0.2456193 0.5979688 0.235704 0.5987448 0.9143759 0.6051424 0.915607 0.5916015 0.9120343 0.5930462 0.915607 0.5916015 0.9143759 0.6051424 0.9166781 0.6012731 0.1683737 0.9167332 0.169583 0.9073321 0.1533175 0.9074612 0.1533175 0.9074612 0.1521445 0.917377 0.1683737 0.9167332 0.9166781 0.6012731 0.917015 0.592422 0.915607 0.5916015 0.1533175 0.9074612 0.1516982 0.9074472 0.1521445 0.917377 0.1545437 0.8496354 0.1421747 0.8496489 0.1496961 0.8726999 0.1496961 0.8726999 0.1575335 0.8667725 0.1545437 0.8496354 0.1544374 0.8267757 0.1421747 0.8496489 0.1545437 0.8496354 0.1545437 0.8496354 0.1668636 0.8266931 0.1544374 0.8267757 0.8724771 0.675572 0.872751 0.6966831 0.895805 0.6968751 0.895805 0.6968751 0.8953706 0.6757122 0.8724771 0.675572 0.1668443 0.7933062 0.154293 0.7933515 0.1544374 0.8267757 0.895805 0.6968751 0.872751 0.6966831 0.8728705 0.7298577 0.1668443 0.7933062 0.1544374 0.8267757 0.1668636 0.8266931 0.4648559 0.5011274 0.4649773 0.5276529 0.4886084 0.5011391 0.1559252 0.8765175 0.1560495 0.903245 0.1707869 0.903075 0.1707869 0.903075 0.1702313 0.866333 0.1559252 0.8765175 0.19721 0.8619886 0.1791295 0.8620098 0.1968327 0.8645734 0.19721 0.8619886 0.1790622 0.8431202 0.1791295 0.8620098 0.1794347 0.8663311 0.1968327 0.8645734 0.1791295 0.8620098 0.2439839 0.6210434 0.2358323 0.6246435 0.2456193 0.6253551 0.2439839 0.6210434 0.2439476 0.6021642 0.2358323 0.6246435 0.2548561 0.6091532 0.2598545 0.6101893 0.2598545 0.5842794 0.4886084 0.5277404 0.4886084 0.5011391 0.4649773 0.5276529 0.1406819 0.7132703 0.1432324 0.717456 0.1581217 0.7177514 0.2548561 0.6091532 0.2582521 0.6115971 0.2598545 0.6101893 0.1431469 0.7442655 0.1447799 0.7539704 0.157292 0.7543943 0.1447799 0.7539704 0.1431469 0.7442655 0.1368612 0.7480856 0.1568952 0.7133808 0.1406819 0.7132703 0.1581217 0.7177514 0.1968327 0.8645734 0.1794347 0.8663311 0.1961567 0.8668141 0.8908321 0.605063 0.9120343 0.5930462 0.8931897 0.5929406 0.8931897 0.5929406 0.8906255 0.5916015 0.8908321 0.605063 0.8885072 0.6011067 0.8908321 0.605063 0.8906255 0.5916015 0.8906255 0.5916015 0.8883819 0.5919052 0.8885072 0.6011067 0.1406819 0.7132703 0.1568952 0.7133808 0.1562438 0.7037541 0.1562438 0.7037541 0.1394675 0.7034024 0.1406819 0.7132703 0.1394675 0.7034024 0.1389779 0.7132054 0.1406819 0.7132703 0.1417931 0.771114 0.1447799 0.7539704 0.1368612 0.7480856 0.1368612 0.7480856 0.1293718 0.7710557 0.1417931 0.771114 0.1416758 0.7939714 0.1541042 0.7940422 0.1417931 0.771114 0.1417931 0.771114 0.1293718 0.7710557 0.1416758 0.7939714 0.895805 0.6968751 0.8728705 0.7298577 0.8957688 0.7300388 0.1416802 0.8274082 0.1541094 0.8274315 0.1541042 0.7940422 0.1541042 0.7940422 0.1416758 0.7939714 0.1416802 0.8274082 0.9623632 0.186761 0.9565246 0.2100592 0.9623633 0.2104052 0.1431469 0.7442655 0.157292 0.7543943 0.1581217 0.7177514 0.1581217 0.7177514 0.1432324 0.717456 0.1431469 0.7442655 0.4941571 0.8143629 0.4917809 0.8143819 0.4925819 0.8203962 0.4925819 0.8203962 0.4941571 0.82044 0.4941571 0.8143629 0.486208 0.8170872 0.4810779 0.8170872 0.4813585 0.8224471 0.4813585 0.8224471 0.4860845 0.822339 0.486208 0.8170872 0.1694518 0.5025373 0.1679279 0.5025815 0.1671267 0.5087409 0.1671267 0.5087409 0.1694518 0.5086573 0.1694518 0.5025373 0.3154207 0.6468281 0.3180822 0.6468505 0.3154194 0.6407306 0.3180922 0.6407306 0.3154194 0.6407306 0.3180822 0.6468505 0.9417815 0.3533778 0.9414467 0.3326913 0.9221494 0.3330019 0.9221494 0.3330019 0.9222127 0.3534505 0.9417815 0.3533778 0.9412028 0.2824481 0.9053052 0.2824481 0.9041331 0.3059858 0.9041331 0.3059858 0.9410492 0.305939 0.9412028 0.2824481 0.9041331 0.3059858 0.9053052 0.2824481 0.9000955 0.2828618 0.9000955 0.2828618 0.8988255 0.3101916 0.9041331 0.3059858 0.9668924 0.2900871 0.963242 0.2954323 0.9869686 0.282827 0.8988255 0.3101916 0.8915453 0.3327205 0.9221494 0.3330019 0.9221494 0.3330019 0.9410492 0.305939 0.8988255 0.3101916 0.8915453 0.3327205 0.8910573 0.3545427 0.9221494 0.3330019 0.2495719 0.6936436 0.2495719 0.6810623 0.2482393 0.6821981 0.4925743 0.565391 0.5048147 0.5690742 0.5045019 0.5468121 0.4900441 0.5120267 0.4925743 0.565391 0.5045019 0.5468121 0.5045019 0.5468121 0.5042721 0.4982621 0.4900441 0.5120267 0.8910573 0.3545427 0.9217676 0.3545549 0.9221494 0.3330019 0.4094666 0.5218356 0.4094666 0.4995598 0.3969892 0.5176469 0.5245194 0.5275293 0.5245194 0.4997128 0.5042721 0.4982621 0.5042721 0.4982621 0.5045019 0.5468121 0.5245194 0.5275293 0.9410492 0.305939 0.9221494 0.3330019 0.9414467 0.3326913 0.9041331 0.3059858 0.8988255 0.3101916 0.9410492 0.305939 0.935373 0.4306468 0.9396229 0.4251467 0.9397247 0.3545549 0.8922032 0.3554444 0.8921614 0.4090153 0.9126637 0.4084507 0.9126637 0.4084507 0.9129751 0.3551469 0.8922032 0.3554444 0.9631797 0.3547216 0.9397247 0.3545549 0.9396229 0.4251467 0.9396229 0.4251467 0.9631797 0.4242607 0.9631797 0.3547216 0.9396229 0.4251467 0.935373 0.4306468 0.962745 0.4297292 0.962745 0.4297292 0.9631797 0.4242607 0.9396229 0.4251467 0.9565246 0.1869925 0.941806 0.1925743 0.9417815 0.3490051 0.9417815 0.3490051 0.9565246 0.3545549 0.9565246 0.1869925 0.9869687 0.4392517 0.9631797 0.3571529 0.9632796 0.4267284 0.9869687 0.4392517 0.9632796 0.4267284 0.966924 0.4320678 0.9126637 0.4084507 0.9129315 0.43906 0.935373 0.4306468 0.9126637 0.4084507 0.8910834 0.4392517 0.9129315 0.43906 0.8384347 0.5824217 0.8387787 0.5601426 0.8262891 0.5639012 0.8237179 0.6172198 0.8382306 0.6309177 0.8384347 0.5824217 0.8384347 0.5824217 0.8262891 0.5639012 0.8237179 0.6172198 0.9126637 0.4084507 0.8910573 0.4085498 0.8910834 0.4392517 0.2771974 0.6538662 0.2898763 0.6575026 0.2898763 0.6354826 0.8588052 0.6014928 0.8384347 0.5824217 0.8382306 0.6309177 0.8382306 0.6309177 0.8588052 0.6293258 0.8588052 0.6014928 0.9126637 0.4084507 0.935373 0.4306468 0.9397247 0.3545549 0.9126637 0.4084507 0.9397247 0.3545549 0.9129751 0.3551469 0.963242 0.2954323 0.9631862 0.3313522 0.9869686 0.282827 0.9631797 0.3571529 0.9869687 0.4392517 0.9836862 0.3563459 0.9836258 0.3320681 0.9869686 0.282827 0.9631862 0.3313522 0.9869687 0.4392517 0.9869686 0.282827 0.9836258 0.3320681 0.9836258 0.3320681 0.9836862 0.3563459 0.9869687 0.4392517 0.4372323 0.5003272 0.4372738 0.5077905 0.4393367 0.5000734 0.439467 0.5117589 0.4393367 0.5000734 0.4372738 0.5077905 0.4273316 0.4992378 0.4235978 0.5105356 0.4284304 0.5000945 0.4279758 0.5202571 0.4235978 0.5105356 0.4276767 0.5207117 0.4235978 0.5105356 0.4284304 0.5155368 0.4284304 0.5000945 0.4279758 0.5202571 0.4284304 0.5155368 0.4235978 0.5105356 0.4372796 0.5177282 0.439467 0.5117589 0.4372738 0.5077905 0.4372796 0.5177282 0.439467 0.521322 0.439467 0.5117589 0.4316199 0.5075049 0.4316815 0.500494 0.4294591 0.5000773 0.4294896 0.5133202 0.4316199 0.5075049 0.4294591 0.5000773 0.4294896 0.5133202 0.4317136 0.5178233 0.4316199 0.5075049 0.4317136 0.5178233 0.4294896 0.5133202 0.4294201 0.5210067 0.1690802 0.534529 0.1703119 0.518168 0.1653985 0.5216804 0.1703119 0.518168 0.1690802 0.534529 0.1703119 0.5335779 0.1698 0.5133578 0.1653985 0.5216804 0.1703119 0.518168 0.4372796 0.5177282 0.4317136 0.5178233 0.4294201 0.5210067 0.4294201 0.5210067 0.439467 0.521322 0.4372796 0.5177282 0.4372738 0.5077905 0.4316199 0.5075049 0.4317136 0.5178233 0.4317136 0.5178233 0.4372796 0.5177282 0.4372738 0.5077905 0.4372323 0.5003272 0.4316815 0.500494 0.4316199 0.5075049 0.4316199 0.5075049 0.4372738 0.5077905 0.4372323 0.5003272 0.1308914 0.5176008 0.1325774 0.5176605 0.1312698 0.5085834 0.2369837 0.5879859 0.2354741 0.5881245 0.2369837 0.5973297 0.1417232 0.9237623 0.1400231 0.92352 0.1403046 0.9327862 0.1403046 0.9327862 0.141736 0.9327166 0.1417232 0.9237623 0.3175938 0.6538192 0.3154194 0.6539696 0.3175938 0.6631157 0.1327083 0.5083674 0.1312698 0.5085834 0.1325774 0.5176605 0.4569342 0.5013405 0.4600945 0.5025833 0.4579983 0.4995298 0.4584152 0.5029219 0.4600945 0.5025833 0.4569342 0.5013405 0.4579983 0.4995298 0.4600945 0.5025833 0.4600945 0.4996047 0.1306731 0.5243369 0.1325774 0.5176605 0.1308914 0.5176008 0.9631119 0.242228 0.9631119 0.2353037 0.9610111 0.2358416 0.1417232 0.9237623 0.1412504 0.9169707 0.1397934 0.9169467 0.1397934 0.9169467 0.1400231 0.92352 0.1417232 0.9237623 0.3157942 0.6472907 0.3154194 0.6539696 0.3175938 0.6538192 0.3175938 0.6538192 0.3175014 0.6468505 0.3157942 0.6472907 0.1325774 0.5176605 0.1306731 0.5243369 0.1327083 0.5246366 0.1412504 0.9169707 0.1417232 0.9237623 0.1433055 0.9169467 0.5359424 0.5852968 0.5563481 0.5808665 0.5303485 0.5620812 0.7470646 0.8123467 0.7526339 0.8356019 0.726723 0.8167313 0.7347858 0.8632225 0.726723 0.8167313 0.7526339 0.8356019 0.7347858 0.8632225 0.726723 0.8843109 0.726723 0.8167313 0.5303485 0.5620812 0.5563481 0.5808665 0.5482429 0.5344624 0.5563481 0.5132886 0.5482429 0.5344624 0.5563481 0.5808665 0.301902 0.6596938 0.3068726 0.6408157 0.3034377 0.6398921 0.5361448 0.9990572 0.5395842 0.9980865 0.5345515 0.9793594 0.5345515 0.9793594 0.5308744 0.9791259 0.5361448 0.9990572 0.5190453 0.7285342 0.5190453 0.717031 0.5172799 0.7172012 0.1544268 0.8888201 0.1408681 0.8888201 0.1415249 0.9026053 0.1415249 0.9026053 0.1538653 0.9026705 0.1544268 0.8888201 0.1647881 0.5993561 0.1647708 0.612915 0.1665054 0.6127493 0.1665054 0.6127493 0.1665054 0.599347 0.1647881 0.5993561 0.1695299 0.555617 0.1695299 0.5432881 0.1673789 0.5445868 0.1673789 0.5445868 0.1674343 0.554497 0.1695299 0.555617 0.3034377 0.6398921 0.2980632 0.6600153 0.301902 0.6596938 0.3038462 0.6709225 0.301902 0.6596938 0.2980632 0.6600153 0.3038462 0.6709225 0.3068726 0.6701308 0.301902 0.6596938 0.5395842 0.9688472 0.5308744 0.9791259 0.5345515 0.9793594 0.5356828 0.9688452 0.5308744 0.9791259 0.5395842 0.9688472 0.5174391 0.7004379 0.5172799 0.7172012 0.5190453 0.717031 0.2616245 0.5993697 0.2617232 0.5823001 0.2599515 0.5823102 0.2599515 0.5823102 0.2598545 0.5992603 0.2616245 0.5993697 0.2616245 0.5993697 0.2599362 0.6105907 0.2617232 0.6115971 0.4238612 0.4994342 0.4256399 0.502759 0.4257674 0.4994342 0.2598545 0.5992603 0.2599362 0.6105907 0.2616245 0.5993697 0.2312853 0.5907413 0.2260338 0.6109777 0.2297753 0.6104437 0.2297753 0.6104437 0.2347233 0.5916539 0.2312853 0.5907413 0.5402345 0.999568 0.5436769 0.9986081 0.5387544 0.9796823 0.5387544 0.9796823 0.5349683 0.9795792 0.5402345 0.999568 0.516407 0.8272347 0.5182734 0.8102553 0.5165016 0.810266 0.258002 0.5796715 0.2597998 0.5828267 0.2597998 0.5793487 0.4537786 0.5068498 0.4402199 0.5068498 0.4408767 0.520635 0.4408767 0.520635 0.4532171 0.5207003 0.4537786 0.5068498 0.160166 0.51803 0.1601486 0.531589 0.1618831 0.531423 0.1618831 0.531423 0.1618831 0.5180211 0.160166 0.51803 0.1673789 0.555617 0.1673789 0.5432881 0.165228 0.5445868 0.165228 0.5445868 0.1652832 0.554497 0.1673789 0.555617 0.2297753 0.6104437 0.2260338 0.6109777 0.2314691 0.6218214 0.2314691 0.6218214 0.2347233 0.6211649 0.2297753 0.6104437 0.5387544 0.9796823 0.5436769 0.9691713 0.5398674 0.9693548 0.5349683 0.9795792 0.5387544 0.9796823 0.5398674 0.9693548 0.5165048 0.8786892 0.5176401 0.8672694 0.5158805 0.8669691 0.5176401 0.8504082 0.5158805 0.8669691 0.5176401 0.8672694 0.5182734 0.8102553 0.516407 0.8272347 0.5181791 0.8274359 0.5182734 0.8394892 0.5181791 0.8274359 0.516407 0.8272347 0.516407 0.8272347 0.5164918 0.8385463 0.5182734 0.8394892 0.588623 0.3843775 0.588623 0.3545624 0.5777451 0.3561624 0.5777451 0.3561624 0.5777447 0.3859745 0.588623 0.3843775 0.5141869 0.8786892 0.5158805 0.8786042 0.5158805 0.8474372 0.5158805 0.8474372 0.5141823 0.8476198 0.5141869 0.8786892 0.2624097 0.6526317 0.2641029 0.6525525 0.2641029 0.6216085 0.2641029 0.6216085 0.262405 0.6217859 0.2624097 0.6526317 0.1618831 0.5205032 0.1619821 0.5314983 0.1634494 0.531589 0.1634494 0.531589 0.1634494 0.5203833 0.1618831 0.5205032 0.5371373 0.775996 0.5370541 0.7869808 0.5387178 0.7870737 0.5387178 0.7870737 0.5387178 0.7758702 0.5371373 0.775996 0.2513803 0.5803179 0.2465882 0.6005565 0.2503442 0.6001014 0.2503442 0.6001014 0.2548394 0.5811473 0.2513803 0.5803179 0.2571217 0.6489695 0.2605683 0.6480891 0.2561504 0.6291987 0.2561504 0.6291987 0.2523991 0.6287072 0.2571217 0.6489695 0.5260587 0.8535303 0.5260641 0.8625032 0.5278311 0.8637265 0.5278311 0.8637265 0.5278311 0.8535647 0.5260587 0.8535303 0.9612469 0.2623886 0.961324 0.2724973 0.9631119 0.273536 0.9631119 0.273536 0.9630177 0.2623206 0.9612469 0.2623886 0.2503442 0.6001014 0.2465882 0.6005565 0.2527954 0.6115971 0.2527954 0.6115971 0.2548394 0.6092447 0.2503442 0.6001014 0.260568 0.6188905 0.2575179 0.6187633 0.2523991 0.6287072 0.2523991 0.6287072 0.2561504 0.6291987 0.260568 0.6188905 0.5270597 0.8344237 0.5260587 0.8535303 0.5278311 0.8535647 0.9630177 0.2623206 0.9631119 0.2422283 0.9613401 0.242228 0.9613401 0.242228 0.9612469 0.2623886 0.9630177 0.2623206 0.1454949 0.9288145 0.1456905 0.9378648 0.1473673 0.9376866 0.1473673 0.9376866 0.1469097 0.9285805 0.1454949 0.9288145 0.5305685 0.843744 0.5293417 0.8528329 0.5310551 0.8528573 0.5310551 0.8528573 0.5316359 0.843735 0.5305685 0.843744 0.4121056 0.5150761 0.4121056 0.5057895 0.4099369 0.5060065 0.4099369 0.5060065 0.410463 0.5151848 0.4121056 0.5150761 0.4192137 0.502759 0.4192137 0.4995113 0.4161145 0.5010457 0.1473673 0.9376866 0.1456905 0.9378648 0.1473673 0.9447068 0.1678996 0.5336871 0.1644043 0.5343886 0.1678996 0.5406964 0.5310551 0.8528573 0.5293417 0.8528329 0.5288492 0.859454 0.4099369 0.5060065 0.4121056 0.5057895 0.4106188 0.4992759 0.1444763 0.944394 0.1473673 0.9447068 0.1456905 0.9378648 0.5316359 0.8598273 0.5310551 0.8528573 0.5288492 0.859454 0.9003337 0.7556948 0.944783 0.755731 0.9568559 0.6827262 0.2305178 0.3031566 0.2250568 0.305557 0.2306692 0.3102935 0.5202965 0.8733879 0.513163 0.8873341 0.5149179 0.8817032 0.5456966 0.8972167 0.5416246 0.8917282 0.5501691 0.8403788 0.5501691 0.8403788 0.5563885 0.8342617 0.5456966 0.8972167 0.5265394 0.9384197 0.5223186 0.9361864 0.5233134 0.928223 0.3916014 0.9577893 0.4145566 0.9809295 0.5070667 0.9925882 0.4081284 0.9785367 0.4145566 0.9809295 0.3916014 0.9577893 0.5416246 0.8917282 0.513163 0.8873341 0.5202965 0.8733879 0.5072228 0.9301416 0.5233134 0.928223 0.5142994 0.9321702 0.5233134 0.928223 0.5223186 0.9361864 0.5142994 0.9321702 0.5202965 0.8733879 0.5501691 0.8403788 0.5416246 0.8917282 0.5660933 0.9969263 0.5517884 0.9979161 0.5516779 0.984046 0.5521436 0.9656387 0.548875 0.9704124 0.5436353 0.9580269 0.3675001 0.9862067 0.3685726 0.9582822 0.3337686 0.9592272 0.3337686 0.9592272 0.3351003 0.9978318 0.3675001 0.9862067 0.3916014 0.9577893 0.3914812 0.9792764 0.4081284 0.9785367 0.3916014 0.9577893 0.3598666 0.858042 0.359867 0.9577831 0.3495054 0.9581159 0.359867 0.9577831 0.3598666 0.858042 0.3598666 0.858042 0.3495187 0.8577094 0.3495054 0.9581159 0.3495054 0.9581159 0.3495187 0.8577094 0.3264716 0.9593747 0.5635814 0.9600446 0.5558084 0.964214 0.5563998 0.971908 0.5563998 0.971908 0.5664971 0.9857965 0.5635814 0.9600446 0.5201631 0.8732648 0.5147767 0.8815842 0.5130178 0.8872187 0.5454974 0.8970381 0.5564193 0.83428 0.5501658 0.840377 0.5501658 0.840377 0.5414457 0.8915848 0.5454974 0.8970381 0.5232672 0.9281271 0.5222953 0.9361078 0.5265313 0.9383324 0.5070667 0.9925882 0.4145926 0.8348891 0.3916074 0.8580359 0.3916074 0.8580359 0.4145926 0.8348891 0.4081439 0.8373079 0.5201631 0.8732648 0.5130178 0.8872187 0.5414457 0.8915848 0.5070667 0.82309 0.4145926 0.8348891 0.5070667 0.9925882 0.5232672 0.9281271 0.5142494 0.9321071 0.5222953 0.9361078 0.5414457 0.8915848 0.5501658 0.840377 0.5201631 0.8732648 0.5517498 0.983941 0.5518276 0.9978318 0.566156 0.9968746 0.3683957 0.829807 0.3352688 0.8177857 0.3338113 0.8564459 0.3338113 0.8564459 0.3685725 0.8575415 0.3683957 0.829807 0.5624038 0.948916 0.5594767 0.9320173 0.5517007 0.9278526 0.4081439 0.8373079 0.3915028 0.8365409 0.3916074 0.8580359 0.3916014 0.9577893 0.5070667 0.9925882 0.3916074 0.8580359 0.3916014 0.9577893 0.3916074 0.8580359 0.3598666 0.858042 0.3352688 0.8177857 0.3331301 0.8565349 0.3338113 0.8564459 0.3495187 0.8577094 0.3264875 0.8564411 0.3264716 0.9593747 0.5594767 0.9320173 0.5522873 0.9201685 0.5517007 0.9278526 0.5594767 0.9320173 0.5624038 0.9062957 0.5522873 0.9201685 0.5425578 0.9009937 0.5416246 0.8917282 0.5456966 0.8972167 0.5414457 0.8915848 0.5423913 0.9008215 0.5454974 0.8970381 0.5558084 0.964214 0.5635814 0.9600446 0.5664971 0.9431487 0.5071552 0.9300955 0.5142494 0.9321071 0.5232672 0.9281271 0.223658 0.8197525 0.2116739 0.8145678 0.2097653 0.8188558 0.7905238 0.03018552 0.7493301 0.04317313 0.805505 0.04318696 0.195436 0.8354762 0.2048272 0.8303614 0.1902355 0.8194881 0.1902355 0.8194881 0.1739758 0.8303037 0.195436 0.8354762 0.171593 0.3525396 0.1894195 0.3527233 0.171082 0.3213346 0.4949241 0.2275084 0.4926903 0.2271746 0.4909748 0.2308713 0.4909748 0.2308713 0.4921533 0.2322393 0.4949241 0.2275084 0.4926903 0.2271746 0.4949241 0.2275084 0.4949426 0.2150005 0.4949426 0.2150005 0.4928562 0.2150074 0.4926903 0.2271746 0.2152817 0.834847 0.2217209 0.8241005 0.2097653 0.8188558 0.2097653 0.8188558 0.2048272 0.8303614 0.2152817 0.834847 0.7475139 0.05808359 0.8429291 0.05858761 0.805505 0.04318696 0.805505 0.04318696 0.7493301 0.04317313 0.7475139 0.05808359 0.2048272 0.8303614 0.2097653 0.8188558 0.1902355 0.8194881 0.2097653 0.8188558 0.2116739 0.8145678 0.1945024 0.8145678 0.1945024 0.8145678 0.1902355 0.8194881 0.2097653 0.8188558 0.8431307 0.04313498 0.8431399 0.03008753 0.7905238 0.03018552 0.7905238 0.03018552 0.805505 0.04318696 0.8431307 0.04313498 0.1897552 0.3212074 0.1894195 0.3527233 0.1958278 0.3496348 0.171082 0.3213346 0.1894195 0.3527233 0.1897552 0.3212074 0.8431307 0.04313498 0.805505 0.04318696 0.8429291 0.05858761 0.2097653 0.8188558 0.2217209 0.8241005 0.223658 0.8197525 0.1833043 0.7979987 0.1853334 0.8026672 0.1953924 0.7930534 0.7905238 0.03018552 0.6970414 0.03008753 0.7493301 0.04317313 0.1897552 0.3212074 0.1958278 0.3496348 0.1973459 0.254224 0.1973459 0.254224 0.1895889 0.2321181 0.1897552 0.3212074 0.211765 0.8138354 0.2331795 0.8084264 0.2236795 0.8034895 0.2236795 0.8034895 0.2023186 0.8088226 0.211765 0.8138354 0.1915078 0.813566 0.2023186 0.8088226 0.1853334 0.8026672 0.3429176 0.2275356 0.3460584 0.2325903 0.3468648 0.2308216 0.3468648 0.2308216 0.3451483 0.2271243 0.3429176 0.2275356 0.3449268 0.2150005 0.3429176 0.2275356 0.3451483 0.2271243 0.1973244 0.7973712 0.1853334 0.8026672 0.2023186 0.8088226 0.2165411 0.7973926 0.1973244 0.7973712 0.2023186 0.8088226 0.2023186 0.8088226 0.2236795 0.8034895 0.2165411 0.7973926 0.1973244 0.7973712 0.2165411 0.7973926 0.2126759 0.7930534 0.2126759 0.7930534 0.1953924 0.7930534 0.1973244 0.7973712 0.6966752 0.04312664 0.7493301 0.04317313 0.6970414 0.03008753 0.1953436 0.2034581 0.189607 0.200654 0.1895889 0.2321181 0.1895889 0.2321181 0.1973459 0.254224 0.1953436 0.2034581 0.1806124 0.200699 0.171082 0.2322489 0.1895889 0.2321181 0.1895889 0.2321181 0.189607 0.200654 0.1806124 0.200699 0.171082 0.2322489 0.1806124 0.200699 0.1713105 0.2010598 0.7475139 0.05808359 0.7493301 0.04317313 0.6966752 0.04312664 0.6966752 0.04312664 0.6967404 0.05859476 0.7475139 0.05808359 0.1973244 0.7973712 0.1953924 0.7930534 0.1853334 0.8026672 0.07763242 0.5220711 0.09147644 0.5272915 0.08776938 0.5288212 0.09147644 0.5272915 0.07763242 0.5220711 0.07792395 0.5140643 0.3698024 0.3492459 0.3540366 0.3495387 0.3704255 0.3457846 0.3540366 0.3495387 0.3698024 0.3492459 0.3540618 0.3531348 0.1275138 0.5289567 0.1406401 0.5238984 0.1279464 0.5367199 0.1406401 0.5238984 0.1275138 0.5289567 0.1369319 0.522377 0.1043916 0.6188085 0.100852 0.610934 0.1046887 0.6106193 0.100852 0.610934 0.1043916 0.6188085 0.100852 0.6197453 0.08776938 0.5288212 0.09015417 0.5638962 0.08651155 0.5621652 0.09015417 0.5638962 0.08776938 0.5288212 0.09147644 0.5272915 0.3191601 0.3494862 0.3540366 0.3495387 0.3540618 0.3531348 0.1358637 0.489184 0.1406401 0.5238984 0.1369319 0.522377 0.4365533 0.2255597 0.40494 0.2287539 0.4039429 0.2255597 0.40494 0.2287539 0.4365533 0.2255597 0.4362786 0.2291238 0.4039429 0.2255597 0.40494 0.2287539 0.4035564 0.2292604 0.09015417 0.5638962 0.07763242 0.5661485 0.08651155 0.5621652 0.07763242 0.5661485 0.09015417 0.5638962 0.07765132 0.5742491 0.1580993 0.6840915 0.1431125 0.6875738 0.1423804 0.6840915 0.1431125 0.6875738 0.1580993 0.6840915 0.1583762 0.6879369 0.1395614 0.4875152 0.1275138 0.4850802 0.1275622 0.4771944 0.1275138 0.4850802 0.1395614 0.4875152 0.1358637 0.489184 0.2711065 0.2962409 0.2806087 0.2999591 0.2706706 0.3001219 0.2806087 0.2999591 0.2711065 0.2962409 0.2815381 0.2962411 0.40494 0.2287539 0.4362786 0.2291238 0.4035564 0.2292604 0.3540366 0.3495387 0.3191601 0.3494862 0.3189986 0.3457846 0.1406401 0.5238984 0.1358637 0.489184 0.1395614 0.4875152 0.2884671 0.2815945 0.2884688 0.2736421 0.300279 0.2815945 0.181716 0.3527233 0.18967 0.3527241 0.18967 0.3645361 0.3191193 0.273642 0.3088795 0.2815944 0.304579 0.2815944 0.18967 0.3731368 0.18967 0.3833754 0.1817159 0.3833745 0.3191193 0.273642 0.3191176 0.2815944 0.3088795 0.2815944 0.18967 0.3731368 0.1973459 0.3688371 0.1945315 0.3731371 0.1610074 0.751616 0.1602005 0.7873167 0.1710681 0.7872117 0.1610074 0.751616 0.1710681 0.7872117 0.1716693 0.7516788 0.2381801 0.6824682 0.2381801 0.7109134 0.2439331 0.7118089 0.2381801 0.6824682 0.2439331 0.7118089 0.2439331 0.6833638 0.1539561 0.6438975 0.1549705 0.6438586 0.1549705 0.63766 0.1539561 0.6438975 0.1549705 0.63766 0.153878 0.6383903 0.1422618 0.6438975 0.1531545 0.643884 0.1531545 0.6273362 0.1422618 0.6438975 0.1531545 0.6273362 0.1423059 0.6273497 0.1716693 0.7516788 0.1774427 0.7528163 0.177456 0.7430433 0.1716693 0.7516788 0.177456 0.7430433 0.1724296 0.7409145 0.2515776 0.7162759 0.25919 0.6842457 0.2536723 0.6811824 0.2515776 0.7162759 0.2536723 0.6811824 0.2460401 0.7141527 0.1921393 0.752903 0.1875101 0.7904648 0.2174018 0.7709797 0.1921393 0.752903 0.2174018 0.7709797 0.2376832 0.7531719 0.1716693 0.7516788 0.1710681 0.7872117 0.1766312 0.7909711 0.1716693 0.7516788 0.1766312 0.7909711 0.1774427 0.7528163 0.2578404 0.7483206 0.2574735 0.7491793 0.2707086 0.7657012 0.2578404 0.7483206 0.2707086 0.7657012 0.2710309 0.7649183 0.2376831 0.6433948 0.2381801 0.6824682 0.2439331 0.6833638 0.2376831 0.6433948 0.2439331 0.6833638 0.2434362 0.6442903 0.2710309 0.6609199 0.2632435 0.663172 0.2536723 0.6811824 0.2710309 0.6609199 0.2536723 0.6811824 0.25919 0.6842457 0.2376832 0.7531719 0.2374116 0.7669313 0.243195 0.7661477 0.2376832 0.7531719 0.243195 0.7661477 0.2434363 0.7540674 0.2815276 0.690425 0.2658477 0.6757376 0.2606838 0.6965889 0.2815276 0.690425 0.2606838 0.6965889 0.2845691 0.710942 0.1869528 0.6612113 0.1775035 0.6521305 0.1763855 0.6546911 0.1869528 0.6612113 0.1763855 0.6546911 0.1854168 0.6626213 0.2815276 0.690425 0.2881645 0.6841287 0.2692727 0.6666204 0.2815276 0.690425 0.2692727 0.6666204 0.2658477 0.6757376 0.1854168 0.7323563 0.1763855 0.7408862 0.177456 0.7430433 0.1854168 0.7323563 0.177456 0.7430433 0.1869529 0.7334126 0.1600023 0.7015689 0.1602171 0.7298927 0.1750521 0.7262311 0.1600023 0.7015689 0.1750521 0.7262311 0.1748781 0.7010554 0.1843843 0.700102 0.1844924 0.6792934 0.175052 0.6746088 0.1843843 0.700102 0.175052 0.6746088 0.1748781 0.7010554 0.1844925 0.7200593 0.1843843 0.700102 0.1748781 0.7010554 0.1844925 0.7200593 0.1748781 0.7010554 0.1750521 0.7262311 0.1724296 0.6555423 0.1610497 0.6511687 0.1602171 0.6718 0.1724296 0.6555423 0.1602171 0.6718 0.175052 0.6746088 0.2815276 0.7313937 0.2845691 0.710942 0.2606838 0.7248659 0.2815276 0.7313937 0.2606838 0.7248659 0.2658478 0.7458195 0.2658477 0.6757376 0.2643709 0.6746296 0.2591648 0.6961821 0.2658477 0.6757376 0.2591648 0.6961821 0.2606838 0.6965889 0.2376832 0.7531719 0.2381801 0.7109134 0.1923907 0.7117442 0.2376832 0.7531719 0.1923907 0.7117442 0.1921393 0.752903 0.1921393 0.752903 0.1869529 0.7334126 0.177456 0.7430433 0.1921393 0.752903 0.177456 0.7430433 0.1774427 0.7528163 0.1923907 0.7117442 0.1872043 0.7111907 0.1869529 0.7334126 0.1923907 0.7117442 0.1869529 0.7334126 0.1921393 0.752903 0.1610498 0.7455359 0.1610074 0.751616 0.1716693 0.7516788 0.1610498 0.7455359 0.1716693 0.7516788 0.1724296 0.7409145 0.2477285 0.750433 0.2537136 0.754572 0.2574735 0.7491793 0.2477285 0.750433 0.2574735 0.7491793 0.254157 0.7412125 0.2504871 0.7388054 0.254157 0.7412125 0.2525997 0.7329044 0.2504871 0.7388054 0.2525997 0.7329044 0.2469463 0.7294684 0.1423704 0.6272091 0.1502187 0.6273362 0.1502187 0.6165692 0.1423704 0.6272091 0.1502187 0.6165692 0.1422618 0.6164081 0.2707086 0.7657012 0.2574735 0.7491793 0.2537136 0.754572 0.2707086 0.7657012 0.2537136 0.754572 0.2705305 0.7659568 0.2535098 0.7330517 0.2525997 0.7329044 0.254157 0.7412125 0.2535098 0.7330517 0.254157 0.7412125 0.2549689 0.7412905 0.2376832 0.7531719 0.2434363 0.7540674 0.2439331 0.7118089 0.2376832 0.7531719 0.2439331 0.7118089 0.2381801 0.7109134 0.1730227 0.8377144 0.1673577 0.8403686 0.169193 0.8537585 0.1730227 0.8377144 0.169193 0.8537585 0.1785537 0.8423152 0.1923907 0.681455 0.2381801 0.6824682 0.2376831 0.6433948 0.1923907 0.681455 0.2376831 0.6433948 0.1921392 0.643126 0.1716693 0.6454429 0.171068 0.6143429 0.1602004 0.6141323 0.1716693 0.6454429 0.1602004 0.6141323 0.1610074 0.64538 0.2709202 0.660853 0.259187 0.684234 0.2536462 0.6811971 0.2709202 0.660853 0.2536462 0.6811971 0.26313 0.6631398 0.2705731 0.7651487 0.2576018 0.7490783 0.2579721 0.7482216 0.2705731 0.7651487 0.2579721 0.7482216 0.2709202 0.7643857 0.1024736 0.6205393 0.09540218 0.6206162 0.09529489 0.6314151 0.1024736 0.6205393 0.09529489 0.6314151 0.1024736 0.6312844 0.2174016 0.6274312 0.18751 0.610216 0.1921392 0.643126 0.2174016 0.6274312 0.1921392 0.643126 0.2376831 0.6433948 0.2444509 0.7476545 0.2505744 0.7387481 0.2542363 0.7411264 0.2444509 0.7476545 0.2542363 0.7411264 0.2478696 0.7503865 0.2431949 0.6336026 0.2374116 0.6312243 0.2376831 0.6433948 0.2431949 0.6336026 0.2376831 0.6433948 0.2434362 0.6442903 0.2536462 0.6811971 0.259187 0.684234 0.2516413 0.716257 0.2536462 0.6811971 0.2516413 0.716257 0.2460808 0.7141577 0.18751 0.610216 0.1766312 0.6096577 0.1773951 0.6431953 0.18751 0.610216 0.1773951 0.6431953 0.1921392 0.643126 0.2705731 0.7651487 0.2702953 0.7654783 0.2538781 0.7544946 0.2705731 0.7651487 0.2538781 0.7544946 0.2576018 0.7490783 0.2815276 0.7313937 0.2658478 0.7458195 0.2692727 0.7532444 0.2815276 0.7313937 0.2692727 0.7532444 0.2881645 0.7360077 0.1872042 0.6819786 0.1856406 0.6826981 0.1856406 0.7108355 0.1872042 0.6819786 0.1856406 0.7108355 0.1872043 0.7111907 0.1748781 0.7010554 0.175052 0.6746088 0.1602171 0.6718 0.1748781 0.7010554 0.1602171 0.6718 0.1600023 0.7015689 0.2606838 0.7248659 0.2591648 0.7255396 0.2643709 0.74719 0.2606838 0.7248659 0.2643709 0.74719 0.2658478 0.7458195 0.1869528 0.6612113 0.1921392 0.643126 0.1773951 0.6431953 0.1869528 0.6612113 0.1773951 0.6431953 0.1775035 0.6521305 0.1673577 0.8403686 0.1730227 0.8377144 0.1723076 0.8005326 0.1673577 0.8403686 0.1723076 0.8005326 0.1675295 0.8008999 0.1869528 0.6612113 0.1872042 0.6819786 0.1923907 0.681455 0.1869528 0.6612113 0.1923907 0.681455 0.1921392 0.643126 0.1610497 0.6511687 0.1724296 0.6555423 0.1716693 0.6454429 0.1610497 0.6511687 0.1716693 0.6454429 0.1610074 0.64538 0.1743158 0.7899898 0.1677088 0.7904576 0.1675295 0.8008999 0.1743158 0.7899898 0.1675295 0.8008999 0.1723076 0.8005326 0.05832433 0.6224589 0.0474326 0.6223078 0.04749649 0.6382799 0.05832433 0.6224589 0.04749649 0.6382799 0.05832433 0.6384302 0.2525876 0.7327554 0.2469909 0.7294332 0.2460808 0.7141577 0.2525876 0.7327554 0.2460808 0.7141577 0.2516413 0.716257 0.2381801 0.6824682 0.1923907 0.681455 0.1923907 0.7117442 0.2381801 0.6824682 0.1923907 0.7117442 0.2381801 0.7109134 0.468124 0.6442522 0.4765185 0.6439133 0.4764853 0.6841307 0.468124 0.6442522 0.4764853 0.6841307 0.4676239 0.6844884 0.4987559 0.6435232 0.5163353 0.644385 0.5116735 0.6840975 0.4987559 0.6435232 0.5116735 0.6840975 0.4917414 0.6831243 0.3850047 0.5860825 0.3683226 0.5871708 0.3670183 0.5604006 0.3850047 0.5860825 0.3670183 0.5604006 0.3853707 0.5592518 0.4676239 0.6844884 0.4764853 0.6841307 0.4769963 0.710919 0.4676239 0.6844884 0.4769963 0.710919 0.4678121 0.7112898 0.465003 0.6441907 0.459642 0.6439804 0.4598023 0.6171421 0.465003 0.6441907 0.4598023 0.6171421 0.4654567 0.6173639 0.4611396 0.6861084 0.4576224 0.6860118 0.456595 0.6460309 0.4611396 0.6861084 0.456595 0.6460309 0.460076 0.6461265 0.4251424 0.6728997 0.4216861 0.6730658 0.4171922 0.6333222 0.4251424 0.6728997 0.4171922 0.6333222 0.4204904 0.633163 0.46596 0.6000941 0.4603056 0.5998722 0.4608319 0.5829548 0.46596 0.6000941 0.4608319 0.5829548 0.4665085 0.583158 0.3189578 0.2580804 0.3128622 0.2621619 0.3130237 0.2606777 0.3189578 0.2580804 0.3130237 0.2606777 0.3191193 0.2565962 0.4683714 0.728045 0.4781304 0.7419125 0.4675875 0.7415614 0.4683714 0.728045 0.4675875 0.7415614 0.4670668 0.7287492 0.3889664 0.5423531 0.3680065 0.543665 0.3679155 0.5421853 0.3889664 0.5423531 0.3679155 0.5421853 0.3888754 0.5408735 0.2622317 0.562424 0.2997975 0.562424 0.2997951 0.5669222 0.2622317 0.562424 0.2997951 0.5669222 0.2622293 0.5671411 0.4666576 0.5783656 0.4521033 0.5778862 0.4521436 0.576662 0.4666576 0.5783656 0.4521436 0.576662 0.4666979 0.5771414 0.3888754 0.5408735 0.3679155 0.5421853 0.3691491 0.5294221 0.3888754 0.5408735 0.3691491 0.5294221 0.3999612 0.5274989 0.4921359 0.7266205 0.5165262 0.7277476 0.5252556 0.7422708 0.4921359 0.7266205 0.5252556 0.7422708 0.4935112 0.7408039 0.4665085 0.583158 0.4608319 0.5829548 0.4521033 0.5778862 0.4665085 0.583158 0.4521033 0.5778862 0.4666576 0.5783656 0.4572841 0.5840741 0.4567942 0.6019266 0.4554094 0.601397 0.4572841 0.5840741 0.4554094 0.601397 0.4559565 0.5840325 0.4603039 0.6020229 0.4567942 0.6019266 0.4572841 0.5840741 0.4603039 0.6020229 0.4572841 0.5840741 0.4608319 0.5829548 0.4214839 0.6063432 0.4180021 0.6065024 0.4218803 0.5896663 0.4214839 0.6063432 0.4218803 0.5896663 0.4253619 0.5895071 0.4678121 0.7112898 0.4769963 0.710919 0.4775555 0.7276743 0.4678121 0.7112898 0.4775555 0.7276743 0.4683714 0.728045 0.3853707 0.5592518 0.3670183 0.5604006 0.3680065 0.543665 0.3853707 0.5592518 0.3680065 0.543665 0.3889664 0.5423531 0.4654567 0.6173639 0.4598023 0.6171421 0.4603056 0.5998722 0.4654567 0.6173639 0.4603056 0.5998722 0.46596 0.6000941 0.4602012 0.6839854 0.4650602 0.684176 0.4666979 0.7399045 0.4602012 0.6839854 0.4666979 0.7399045 0.4624862 0.7397375 0.4216861 0.6730658 0.4251424 0.6728997 0.4340628 0.7279818 0.4216861 0.6730658 0.4340628 0.7279818 0.4306066 0.7282372 0.4765185 0.6439133 0.468124 0.6442522 0.4703809 0.587656 0.4765185 0.6439133 0.4703809 0.587656 0.4781304 0.5873431 0.5163353 0.644385 0.4987559 0.6435232 0.5105227 0.5881671 0.5163353 0.644385 0.5105227 0.5881671 0.5252556 0.5893513 0.3759834 0.6266742 0.3901491 0.6257458 0.3999612 0.6807641 0.3759834 0.6266742 0.3999612 0.6807641 0.388654 0.6818799 0.4599471 0.6192955 0.4564372 0.6191993 0.4567942 0.6019266 0.4599471 0.6192955 0.4567942 0.6019266 0.4603039 0.6020229 0.4650602 0.684176 0.4602012 0.6839854 0.459642 0.6439804 0.4650602 0.684176 0.459642 0.6439804 0.465003 0.6441907 0.460076 0.6461265 0.456595 0.6460309 0.4564372 0.6191993 0.460076 0.6461265 0.4564372 0.6191993 0.4599471 0.6192955 0.3759834 0.6266742 0.3683226 0.5871708 0.3850047 0.5860825 0.3759834 0.6266742 0.3850047 0.5860825 0.3901491 0.6257458 0.4611396 0.6861084 0.4641531 0.7419125 0.4606323 0.7418158 0.4611396 0.6861084 0.4606323 0.7418158 0.4576224 0.6860118 0.4180021 0.6065024 0.4214839 0.6063432 0.4204904 0.633163 0.4180021 0.6065024 0.4204904 0.633163 0.4171922 0.6333222 0.3128622 0.2621619 0.2754735 0.2580804 0.2756349 0.2565962 0.3128622 0.2621619 0.2756349 0.2565962 0.3130237 0.2606777 0.4917414 0.6831243 0.5116735 0.6840975 0.512655 0.7109099 0.4917414 0.6831243 0.512655 0.7109099 0.4908744 0.7099034 0.4908744 0.7099034 0.512655 0.7109099 0.5165262 0.7277476 0.4908744 0.7099034 0.5165262 0.7277476 0.4921359 0.7266205 0.8248321 0.90876 0.8666452 0.9088314 0.8649966 0.8565328 0.8248321 0.90876 0.8649966 0.8565328 0.8249284 0.8564385 0.7942486 0.8412802 0.7939652 0.8563841 0.8001345 0.8563948 0.7942486 0.8412802 0.8001345 0.8563948 0.8084646 0.841003 0.9626449 0.9311808 0.9626498 0.998292 0.964279 0.9980622 0.9626449 0.9311808 0.964279 0.9980622 0.964274 0.9311333 0.9327884 0.863119 0.9327687 0.8389863 0.9143269 0.8388425 0.9327884 0.863119 0.9143269 0.8388425 0.9088596 0.8622627 0.7752992 0.7816141 0.7458075 0.7768695 0.7423376 0.799176 0.7752992 0.7816141 0.7423376 0.799176 0.7701436 0.8127091 0.964279 0.8395247 0.9626498 0.838896 0.9626436 0.8631279 0.964279 0.8395247 0.9626436 0.8631279 0.9642728 0.8632652 0.9018341 0.9764968 0.863081 0.9766567 0.8515457 0.9982011 0.9018341 0.9764968 0.8515457 0.9982011 0.8781318 0.998292 0.8515457 0.9982011 0.863081 0.9766567 0.8266847 0.9768236 0.8515457 0.9982011 0.8266847 0.9768236 0.8270238 0.9979014 0.9088571 0.9089037 0.9020661 0.841287 0.8649966 0.8565328 0.9088571 0.9089037 0.8649966 0.8565328 0.8666452 0.9088314 0.709454 0.4136666 0.7094514 0.3615239 0.6973848 0.3613016 0.709454 0.4136666 0.6973848 0.3613016 0.6979815 0.4135053 0.8248321 0.90876 0.8249284 0.8564385 0.8043271 0.85648 0.8248321 0.90876 0.8043271 0.85648 0.8039597 0.9087243 0.7850219 0.8453752 0.7661499 0.8426039 0.7755753 0.8588318 0.7850219 0.8453752 0.7755753 0.8588318 0.7834469 0.8589733 0.7886082 0.8213692 0.7918769 0.7953246 0.7752992 0.7816141 0.7886082 0.8213692 0.7752992 0.7816141 0.7701436 0.8127091 0.8100683 0.9903584 0.8082322 0.9764589 0.7940172 0.9761317 0.8100683 0.9903584 0.7940172 0.9761317 0.7971169 0.9903819 0.9327911 0.9311683 0.9327884 0.863119 0.9088596 0.8622627 0.9327911 0.9311683 0.9088596 0.8622627 0.9088571 0.9301817 0.8084646 0.841003 0.8097254 0.8456714 0.8267967 0.8482342 0.8084646 0.841003 0.8267967 0.8482342 0.8269183 0.8407031 0.7458075 0.7768695 0.7441326 0.7769477 0.7410809 0.7974694 0.7458075 0.7768695 0.7410809 0.7974694 0.7423376 0.799176 0.7755753 0.8588318 0.7661499 0.8426039 0.764953 0.8436581 0.7755753 0.8588318 0.764953 0.8436581 0.7753755 0.8610499 0.764953 0.8436581 0.7661499 0.8426039 0.7423376 0.799176 0.764953 0.8436581 0.7423376 0.799176 0.741618 0.8007058 0.799955 0.9610377 0.7999595 0.9087162 0.7935131 0.9087048 0.799955 0.9610377 0.7935131 0.9087048 0.7937857 0.9610269 0.7094614 0.3025192 0.7026059 0.2990223 0.6979815 0.3091046 0.7094614 0.3025192 0.6979815 0.3091046 0.709454 0.309419 0.8633138 0.8409944 0.8269183 0.8407031 0.8267967 0.8482342 0.8633138 0.8409944 0.8267967 0.8482342 0.8649966 0.8565328 0.8273296 0.8196276 0.8103484 0.8271111 0.8084646 0.841003 0.8273296 0.8196276 0.8084646 0.841003 0.8269183 0.8407031 0.7026059 0.4248538 0.7094614 0.4215691 0.709454 0.4136666 0.7026059 0.4248538 0.709454 0.4136666 0.6979815 0.4135053 0.7942486 0.8412802 0.8084646 0.841003 0.8103484 0.8271111 0.7942486 0.8412802 0.8103484 0.8271111 0.7973971 0.8270423 0.8266847 0.9768236 0.8082322 0.9764589 0.8100683 0.9903584 0.8266847 0.9768236 0.8100683 0.9903584 0.8270238 0.9979014 0.8248321 0.90876 0.8247489 0.9610815 0.8648172 0.9611241 0.8248321 0.90876 0.8648172 0.9611241 0.8666452 0.9088314 0.7918769 0.8768761 0.7897974 0.8638611 0.7834469 0.8589733 0.7918769 0.8768761 0.7834469 0.8589733 0.7823469 0.8685601 0.848468 0.2554482 0.8484126 0.2822252 0.8243821 0.2678903 0.848468 0.2554482 0.8243821 0.2678903 0.8299422 0.2444849 0.8782662 0.2822086 0.8484126 0.2822252 0.848468 0.2554482 0.8782662 0.2822086 0.848468 0.2554482 0.8783488 0.2554284 0.8783488 0.2554284 0.848468 0.2554482 0.84878 0.2233896 0.8783488 0.2554284 0.84878 0.2233896 0.8783518 0.232448 0.8265889 0.9692921 0.8095089 0.971795 0.8082322 0.9764589 0.8265889 0.9692921 0.8082322 0.9764589 0.8266847 0.9768236 0.9327687 0.8389863 0.9327884 0.863119 0.9626436 0.8631279 0.9327687 0.8389863 0.9626436 0.8631279 0.9626498 0.838896 0.9088658 0.9971594 0.9327946 0.9982756 0.9327911 0.9311683 0.9088658 0.9971594 0.9327911 0.9311683 0.9088571 0.9301817 0.9626449 0.9311808 0.9327911 0.9311683 0.9327946 0.9982756 0.9626449 0.9311808 0.9327946 0.9982756 0.9626498 0.998292 0.8518524 0.8194121 0.8273296 0.8196276 0.8269183 0.8407031 0.8518524 0.8194121 0.8269183 0.8407031 0.8633138 0.8409944 0.8248321 0.90876 0.8039597 0.9087243 0.8041478 0.9609695 0.8248321 0.90876 0.8041478 0.9609695 0.8247489 0.9610815 0.9018341 0.9764968 0.9088571 0.9089037 0.8666452 0.9088314 0.9018341 0.9764968 0.8666452 0.9088314 0.8648172 0.9611241 0.863081 0.9766567 0.8648172 0.9611241 0.8265889 0.9692921 0.863081 0.9766567 0.8265889 0.9692921 0.8266847 0.9768236 0.8289595 0.1933389 0.828408 0.1794911 0.8362353 0.1782609 0.8289595 0.1933389 0.8362353 0.1782609 0.8480899 0.1928704 0.8299422 0.2444849 0.8291401 0.2179027 0.84878 0.2233896 0.8299422 0.2444849 0.84878 0.2233896 0.848468 0.2554482 0.8783488 0.2554284 0.8799684 0.2551687 0.8798885 0.2815127 0.8783488 0.2554284 0.8798885 0.2815127 0.8782662 0.2822086 0.9327884 0.863119 0.9327911 0.9311683 0.9626449 0.9311808 0.9327884 0.863119 0.9626449 0.9311808 0.9626436 0.8631279 0.8799684 0.2551687 0.8783488 0.2554284 0.8783518 0.232448 0.8799684 0.2551687 0.8783518 0.232448 0.8798327 0.2340485 0.8362353 0.1782609 0.836064 0.1761063 0.8490867 0.1917079 0.8362353 0.1782609 0.8490867 0.1917079 0.8480899 0.1928704 0.8480899 0.1928704 0.8490867 0.1917079 0.8788027 0.2308902 0.8480899 0.1928704 0.8788027 0.2308902 0.8783518 0.232448 0.828408 0.1794911 0.8211082 0.1766425 0.8170408 0.1639481 0.828408 0.1794911 0.8170408 0.1639481 0.8279857 0.1698188 0.4051626 0.7712514 0.3872247 0.7604473 0.3779021 0.7706536 0.4051626 0.7712514 0.3779021 0.7706536 0.4003161 0.7841906 0.5932561 0.5428164 0.6002994 0.4648298 0.5960185 0.4644384 0.5932561 0.5428164 0.5960185 0.4644384 0.5889716 0.5424376 0.5674616 0.4294011 0.5594586 0.5231673 0.5666384 0.5237484 0.5674616 0.4294011 0.5666384 0.5237484 0.57464 0.430022 0.3522663 0.7854105 0.3543583 0.7837468 0.34372 0.7639485 0.3522663 0.7854105 0.34372 0.7639485 0.3412295 0.7648991 0.6239406 0.7513397 0.6273032 0.7512572 0.6255652 0.6730933 0.6239406 0.7513397 0.6255652 0.6730933 0.6222028 0.6731764 0.5594586 0.5231673 0.557923 0.5497379 0.5651159 0.5500395 0.5594586 0.5231673 0.5651159 0.5500395 0.5666384 0.5237484 0.3689552 0.7998713 0.3702796 0.7975487 0.3543583 0.7837468 0.3689552 0.7998713 0.3543583 0.7837468 0.3522663 0.7854105 0.557923 0.5497379 0.5578259 0.5759226 0.5650157 0.5758863 0.557923 0.5497379 0.5650157 0.5758863 0.5651159 0.5500395 0.3898763 0.8065117 0.3902575 0.8038759 0.3702796 0.7975487 0.3898763 0.8065117 0.3702796 0.7975487 0.3689552 0.7998713 0.5916477 0.5652104 0.5873521 0.5649283 0.586655 0.5860568 0.5916477 0.5652104 0.586655 0.5860568 0.590965 0.5862084 0.5578259 0.5759226 0.5589582 0.6018574 0.5661343 0.6015041 0.5578259 0.5759226 0.5661343 0.6015041 0.5650157 0.5758863 0.4356673 0.8098334 0.4357973 0.8071779 0.3902575 0.8038759 0.4356673 0.8098334 0.3902575 0.8038759 0.3898763 0.8065117 0.590965 0.5862084 0.586655 0.5860568 0.586868 0.6070806 0.590965 0.5862084 0.586868 0.6070806 0.591178 0.6070857 0.5589582 0.6018574 0.5621426 0.6485832 0.5693151 0.6482177 0.5589582 0.6018574 0.5693151 0.6482177 0.5661343 0.6015041 0.4852893 0.8107255 0.4852492 0.8080663 0.4357973 0.8071779 0.4852893 0.8107255 0.4357973 0.8071779 0.4356673 0.8098334 0.591178 0.6070857 0.586868 0.6070806 0.5886754 0.6528543 0.591178 0.6070857 0.5886754 0.6528543 0.592985 0.6527418 0.5621426 0.6485832 0.5650405 0.6986613 0.5722122 0.6983524 0.5621426 0.6485832 0.5722122 0.6983524 0.5693151 0.6482177 0.5396784 0.8079252 0.5390011 0.8053163 0.4852492 0.8080663 0.5396784 0.8079252 0.4852492 0.8080663 0.4852893 0.8107255 0.592985 0.6527418 0.5886754 0.6528543 0.5917465 0.7023816 0.592985 0.6527418 0.5917465 0.7023816 0.5960515 0.7021138 0.5650405 0.6986613 0.5674707 0.7552351 0.57464 0.754906 0.5650405 0.6986613 0.57464 0.754906 0.5722122 0.6983524 0.5933322 0.4491019 0.5929463 0.4596097 0.5936769 0.4576072 0.5933322 0.4491019 0.5936769 0.4576072 0.5941264 0.4491442 0.6009141 0.7557175 0.5960515 0.7021138 0.5917465 0.7023816 0.6009141 0.7557175 0.5917465 0.7023816 0.5966219 0.7561579 0.3518423 0.646812 0.337277 0.6356649 0.3694964 0.7240424 0.3518423 0.646812 0.3694964 0.7240424 0.3786143 0.7202641 0.3826539 0.746855 0.3902122 0.7404689 0.3786143 0.7202641 0.3826539 0.746855 0.3786143 0.7202641 0.3694964 0.7240424 0.6219642 0.6498851 0.6222028 0.6731764 0.6255652 0.6730933 0.6219642 0.6498851 0.6255652 0.6730933 0.6253267 0.6497975 0.6222231 0.6278041 0.6219642 0.6498851 0.6253267 0.6497975 0.6222231 0.6278041 0.6253267 0.6497975 0.6255856 0.6277109 0.6227884 0.6058617 0.6222231 0.6278041 0.6255856 0.6277109 0.6227884 0.6058617 0.6255856 0.6277109 0.6261509 0.6057632 0.6239064 0.5599642 0.6227884 0.6058617 0.6261509 0.6057632 0.6239064 0.5599642 0.6261509 0.6057632 0.6272695 0.5598642 0.6242856 0.5103377 0.6239064 0.5599642 0.6272695 0.5598642 0.6242856 0.5103377 0.6272695 0.5598642 0.6276489 0.5102369 0.6235127 0.4558873 0.6242856 0.5103377 0.6276489 0.5102369 0.6235127 0.4558873 0.6276489 0.5102369 0.6268761 0.4557843 0.402651 0.763231 0.4072851 0.7544832 0.3902122 0.7404689 0.402651 0.763231 0.3902122 0.7404689 0.3826539 0.746855 0.4272703 0.7704011 0.428376 0.7605828 0.4072851 0.7544832 0.4272703 0.7704011 0.4072851 0.7544832 0.402651 0.763231 0.4740391 0.7726312 0.4742367 0.7627694 0.428376 0.7605828 0.4740391 0.7726312 0.428376 0.7605828 0.4272703 0.7704011 0.5242567 0.7723828 0.5238666 0.7625296 0.4742367 0.7627694 0.5242567 0.7723828 0.4742367 0.7627694 0.4740391 0.7726312 0.5807116 0.7682584 0.5781866 0.7586254 0.5238666 0.7625296 0.5807116 0.7682584 0.5238666 0.7625296 0.5242567 0.7723828 0.337277 0.6356649 0.3518423 0.646812 0.3530369 0.6421067 0.337277 0.6356649 0.3530369 0.6421067 0.3490273 0.6313816 0.5932561 0.5428164 0.5889716 0.5424376 0.5873521 0.5649283 0.5932561 0.5428164 0.5873521 0.5649283 0.5916477 0.5652104 0.3872247 0.7604473 0.3751208 0.7435191 0.362744 0.7495793 0.3872247 0.7604473 0.362744 0.7495793 0.3779021 0.7706536 0.3751208 0.7435191 0.3579512 0.7013374 0.3450822 0.7062032 0.3751208 0.7435191 0.3450822 0.7062032 0.362744 0.7495793 0.3579512 0.7013374 0.3418389 0.6547399 0.3286917 0.6587949 0.3579512 0.7013374 0.3286917 0.6587949 0.3450822 0.7062032 0.3278054 0.602961 0.3139651 0.6041173 0.3286917 0.6587949 0.3278054 0.602961 0.3286917 0.6587949 0.3418389 0.6547399 0.6239406 0.7513397 0.6243093 0.7561579 0.6276489 0.7560997 0.6239406 0.7513397 0.6276489 0.7560997 0.6273032 0.7512572 0.986222 0.2071202 0.986222 0.1935637 0.9793527 0.1951187 0.986222 0.2071202 0.9793527 0.1951187 0.9793505 0.2073437 0.4271863 0.7752223 0.4051626 0.7712514 0.4003161 0.7841906 0.4271863 0.7752223 0.4003161 0.7841906 0.4264955 0.7889854 0.596896 0.4580482 0.5962372 0.4604349 0.5960185 0.4644384 0.596896 0.4580482 0.5960185 0.4644384 0.6002994 0.4648298 0.5936769 0.4576072 0.5929463 0.4596097 0.5962372 0.4604349 0.5936769 0.4576072 0.5962372 0.4604349 0.596896 0.4580482 0.5206004 0.78965 0.505235 0.7757691 0.4271863 0.7752223 0.5206004 0.78965 0.4271863 0.7752223 0.4264955 0.7889854 0.866741 0.09738099 0.8619543 0.09738337 0.8619657 0.1292132 0.866741 0.09738099 0.8619657 0.1292132 0.866741 0.1292132 0.4113657 0.8166037 0.4568599 0.8144028 0.4567251 0.8116139 0.4113657 0.8166037 0.4567251 0.8116139 0.4113574 0.8138087 0.8073796 0.1292129 0.8295007 0.1292129 0.8295007 0.09738314 0.8073796 0.1292129 0.8295007 0.09738314 0.8073796 0.09738314 0.8294719 0.1312044 0.8295007 0.1292129 0.8073796 0.1292129 0.8294719 0.1312044 0.8073796 0.1292129 0.8077167 0.1311863 0.8076905 0.1630162 0.8294457 0.163034 0.8294719 0.1312044 0.8076905 0.1630162 0.8294719 0.1312044 0.8077167 0.1311863 0.7849974 0.1292129 0.8073796 0.1292129 0.8073796 0.09738314 0.7849974 0.1292129 0.8073796 0.09738314 0.7849974 0.09738314 0.7861577 0.1629983 0.8076905 0.1630162 0.8077167 0.1311863 0.7861577 0.1629983 0.8077167 0.1311863 0.7861839 0.1311689 0.7628086 0.1292129 0.7849974 0.1292129 0.7849974 0.09738314 0.7628086 0.1292129 0.7849974 0.09738314 0.7628086 0.09738314 0.7648205 0.1629809 0.7861577 0.1629983 0.7861839 0.1311689 0.7648205 0.1629809 0.7861839 0.1311689 0.7648468 0.1311513 0.7405477 0.09738361 0.7405477 0.1292129 0.7628086 0.1292129 0.7405477 0.09738361 0.7628086 0.1292129 0.7628086 0.09738314 0.7433933 0.162963 0.7648205 0.1629809 0.7648468 0.1311513 0.7433933 0.162963 0.7648468 0.1311513 0.7434195 0.1311336 0.4113657 0.8166037 0.4113574 0.8138087 0.3808265 0.8134819 0.4113657 0.8166037 0.3808265 0.8134819 0.3803214 0.8162462 0.9771569 0.05176025 0.9771571 0.01992815 0.9754858 0.01992815 0.9771569 0.05176025 0.9754858 0.01992815 0.9754858 0.05176025 0.8295007 0.1292129 0.8619657 0.1292132 0.8619543 0.09738337 0.8295007 0.1292129 0.8619543 0.09738337 0.8295007 0.09738314 0.8294457 0.163034 0.861809 0.1630605 0.8618466 0.1312309 0.8294457 0.163034 0.8618466 0.1312309 0.8294719 0.1312044 0.3808265 0.8134819 0.3529746 0.8017518 0.3513702 0.8040554 0.3808265 0.8134819 0.3513702 0.8040554 0.3803214 0.8162462 0.3529746 0.8017518 0.3324977 0.7799017 0.3300782 0.781331 0.3529746 0.8017518 0.3300782 0.781331 0.3513702 0.8040554 0.3324977 0.7799017 0.323688 0.7511493 0.3209081 0.7514655 0.3324977 0.7799017 0.3209081 0.7514655 0.3300782 0.781331 0.7405477 0.09738361 0.7116789 0.09738314 0.7116789 0.1292129 0.7405477 0.09738361 0.7116789 0.1292129 0.7405477 0.1292129 0.323688 0.7511493 0.3214519 0.7108729 0.3191095 0.7109899 0.323688 0.7511493 0.3191095 0.7109899 0.3209081 0.7514655 0.4568599 0.8144028 0.4635553 0.8138554 0.4634418 0.8115125 0.4568599 0.8144028 0.4634418 0.8115125 0.4567251 0.8116139 0.861809 0.1630605 0.8665956 0.1630667 0.8666218 0.131235 0.861809 0.1630605 0.8666218 0.131235 0.8618466 0.1312309 0.8429601 0.08319789 0.688175 0.08319789 0.6880221 0.09557491 0.8429601 0.08319789 0.6880221 0.09557491 0.8431399 0.09557491 0.4044798 0.2535317 0.4046263 0.2528106 0.3424341 0.2528107 0.4044798 0.2535317 0.3424341 0.2528107 0.3423801 0.2535321 0.6883015 0.07872205 0.688175 0.08319789 0.8429601 0.08319789 0.6883015 0.07872205 0.8429601 0.08319789 0.842943 0.07872205 0.688678 0.06121546 0.6883015 0.07872205 0.842943 0.07872205 0.688678 0.06121546 0.842943 0.07872205 0.8425164 0.06121546 0.1297371 0.01236575 0.130388 0.01222306 0.130388 0.00219798 0.1297371 0.01236575 0.130388 0.00219798 0.1297347 0.002195894 0.1297371 0.1472387 0.1359134 0.1411048 0.1359134 0.01849019 0.1297371 0.1472387 0.1359134 0.01849019 0.1297371 0.01236575 0.4044839 0.2892684 0.3423829 0.2892684 0.3424327 0.2900165 0.4044839 0.2892684 0.3424327 0.2900165 0.4046263 0.2900165 0.1538974 0.6323665 0.1591525 0.6323401 0.1591525 0.4772094 0.1538974 0.6323665 0.1591525 0.4772094 0.1538974 0.4771974 0.8424341 0.05859476 0.6887211 0.05859476 0.688678 0.06121546 0.8424341 0.05859476 0.688678 0.06121546 0.8425164 0.06121546 0.1359134 0.1411048 0.1297371 0.1472387 0.130388 0.1473994 0.1359134 0.1411048 0.130388 0.1473994 0.1360942 0.1417505 0.4949331 0.1986514 0.4949426 0.1970509 0.3417152 0.1970509 0.4949331 0.1986514 0.3417152 0.1970509 0.3417212 0.1986514 0.4946775 0.2003265 0.3414472 0.2003265 0.3412165 0.2150005 0.4946775 0.2003265 0.3412165 0.2150005 0.4949426 0.2150005 0.1359134 0.01849019 0.1359134 0.1411048 0.1980121 0.1411799 0.1359134 0.01849019 0.1980121 0.1411799 0.1980122 0.0183252 0.1297371 0.1472387 0.1297347 0.1574085 0.130388 0.1574245 0.1297371 0.1472387 0.130388 0.1574245 0.130388 0.1473994 0.2062742 0.9973434 0.205012 0.9970263 0.222325 0.978457 0.2062742 0.9973434 0.222325 0.978457 0.2229921 0.9797432 0.288666 0.9630085 0.2888054 0.9644659 0.2531954 0.9661153 0.288666 0.9630085 0.2531954 0.9661153 0.2520867 0.964896 0.2696361 0.7680985 0.288804 0.7681314 0.28867 0.7694389 0.2696361 0.7680985 0.28867 0.7694389 0.2694821 0.769406 0.2901676 0.9631094 0.288666 0.9630085 0.28867 0.7694389 0.2901676 0.9631094 0.28867 0.7694389 0.2901676 0.7694666 0.2362462 0.7694463 0.2373237 0.7681379 0.2696361 0.7680985 0.2362462 0.7694463 0.2696361 0.7680985 0.2694821 0.769406 0.318861 0.9977918 0.322635 0.9969646 0.3212723 0.9978829 0.318861 0.9977918 0.3212723 0.9978829 0.3174984 0.99871 0.3225479 0.80391 0.3186004 0.8041325 0.317017 0.7873931 0.3225479 0.80391 0.317017 0.7873931 0.3209651 0.7872323 0.322635 0.9969646 0.318861 0.9977918 0.3125883 0.9578337 0.322635 0.9969646 0.3125883 0.9578337 0.3165115 0.957754 0.9921408 0.02637749 0.9983502 0.02637749 0.9983502 0.001130878 0.9921408 0.02637749 0.9983502 0.001130878 0.9921408 0.001130878 0.9863909 0.1262006 0.9552071 0.1262167 0.955213 0.1374014 0.9863909 0.1262006 0.955213 0.1374014 0.9804595 0.1373883 0.97952 0.2636457 0.97952 0.2788005 0.9857295 0.2788005 0.97952 0.2636457 0.9857295 0.2788005 0.9857295 0.2636457 0.5120023 0.5805639 0.5253944 0.5876573 0.5306296 0.5777737 0.5120023 0.5805639 0.5306296 0.5777737 0.5224839 0.573459 0.9236915 0.1796541 0.9176909 0.1685035 0.9089157 0.1755481 0.9236915 0.1796541 0.9089157 0.1755481 0.9182733 0.1819017 0.9863909 0.1262006 0.9804595 0.1373883 0.9858916 0.1396023 0.9863909 0.1262006 0.9858916 0.1396023 0.9952095 0.1331907 0.9983502 0.02637749 0.9921408 0.02637749 0.9921408 0.03224331 0.9983502 0.02637749 0.9921408 0.03224331 0.9983502 0.03224331 0.7382898 0.5603049 0.7382898 0.5665144 0.752233 0.5665144 0.7382898 0.5603049 0.752233 0.5665144 0.752233 0.5603049 0.9985046 0.1614389 0.9996215 0.145271 0.9883444 0.1452769 0.9985046 0.1614389 0.9883444 0.1452769 0.9874769 0.1514575 0.9983501 0.04466664 0.9983501 0.03842544 0.9921408 0.03842544 0.9983501 0.04466664 0.9921408 0.03842544 0.9921408 0.04466664 0.9983501 0.050987 0.9983501 0.04466664 0.9921408 0.04466664 0.9983501 0.050987 0.9921408 0.04466664 0.9921408 0.050987 0.9897494 0.1722906 0.9985046 0.1614389 0.9874769 0.1514575 0.9897494 0.1722906 0.9874769 0.1514575 0.9826275 0.1555106 0.752233 0.5603049 0.752233 0.5665144 0.7684395 0.5665144 0.752233 0.5603049 0.7684395 0.5665144 0.7684395 0.5603049 0.7925531 0.5665144 0.7925531 0.5603049 0.7813003 0.5603049 0.7925531 0.5665144 0.7813003 0.5603049 0.7813 0.5665144 0.9057958 0.2038161 0.9167613 0.1937666 0.9158556 0.1875914 0.9057958 0.2038161 0.9158556 0.1875914 0.9045785 0.1876555 0.9146181 0.2146134 0.9216359 0.1977897 0.9167613 0.1937666 0.9146181 0.2146134 0.9167613 0.1937666 0.9057958 0.2038161 0.7813 0.5665144 0.7813003 0.5603049 0.7684395 0.5603049 0.7813 0.5665144 0.7684395 0.5603049 0.7684395 0.5665144 0.9983502 0.03224331 0.9921408 0.03224331 0.9921408 0.03842544 0.9983502 0.03224331 0.9921408 0.03842544 0.9983501 0.03842544 0.9952095 0.1331907 0.9858916 0.1396023 0.9883444 0.1452769 0.9952095 0.1331907 0.9883444 0.1452769 0.9996215 0.145271 0.9182733 0.1819017 0.9089157 0.1755481 0.9045785 0.1876555 0.9182733 0.1819017 0.9045785 0.1876555 0.9158556 0.1875914 0.9185658 0.2285524 0.908084 0.2214477 0.9035685 0.2317548 0.9185658 0.2285524 0.9035685 0.2317548 0.9148043 0.2330533 0.5120023 0.5805639 0.5224839 0.573459 0.5187222 0.5689583 0.5120023 0.5805639 0.5187222 0.5689583 0.5074864 0.5702567 0.9374697 0.2412016 0.9312602 0.2412016 0.9312602 0.2470676 0.9374697 0.2412016 0.9312602 0.2470676 0.9374697 0.2470676 0.9857295 0.2093821 0.97952 0.2093821 0.97952 0.2233253 0.9857295 0.2093821 0.97952 0.2233253 0.9857295 0.2233253 0.5178105 0.5437571 0.5092486 0.5575172 0.5192141 0.5627958 0.5178105 0.5437571 0.5192141 0.5627958 0.5228762 0.5577418 0.9374697 0.2594909 0.9374697 0.2532497 0.9312602 0.2532497 0.9374697 0.2594909 0.9312602 0.2532497 0.9312602 0.2594908 0.9374697 0.2658113 0.9374697 0.2594909 0.9312602 0.2594908 0.9374697 0.2658113 0.9312602 0.2594908 0.9312602 0.2658113 0.5306296 0.5382723 0.5178105 0.5437571 0.5228762 0.5577418 0.5306296 0.5382723 0.5228762 0.5577418 0.5290595 0.5564333 0.9857295 0.2233253 0.97952 0.2233253 0.97952 0.2395317 0.9857295 0.2233253 0.97952 0.2395317 0.9857295 0.2395317 0.97952 0.2636457 0.9857295 0.2636457 0.9857295 0.2523927 0.97952 0.2636457 0.9857295 0.2523927 0.97952 0.2523927 0.9138925 0.2582546 0.9189581 0.2442696 0.9152963 0.2392159 0.9138925 0.2582546 0.9152963 0.2392159 0.9053305 0.2444944 0.9267115 0.2637394 0.9251416 0.2455783 0.9189581 0.2442696 0.9267115 0.2637394 0.9189581 0.2442696 0.9138925 0.2582546 0.9374697 0.2319839 0.9312602 0.2319839 0.9312602 0.2412016 0.9374697 0.2319839 0.9312602 0.2412016 0.9374697 0.2412016 0.97952 0.2523927 0.9857295 0.2523927 0.9857295 0.2395317 0.97952 0.2523927 0.9857295 0.2395317 0.97952 0.2395317 0.8237369 0.5603049 0.7925531 0.5603049 0.7925531 0.5665144 0.8237369 0.5603049 0.7925531 0.5665144 0.8237369 0.5665144 0.8917932 0.1638092 0.8917934 0.2665007 0.902978 0.2605634 0.8917932 0.1638092 0.902978 0.2605634 0.902978 0.1697463 0.9983503 0.0624479 0.9983503 0.05126321 0.9921408 0.05126321 0.9983503 0.0624479 0.9921408 0.05126321 0.9921407 0.0624479 0.1272127 0.6216606 0.1272128 0.613713 0.1254224 0.6137211 0.1272127 0.6216606 0.1254224 0.6137211 0.1254224 0.6216685 0.1313253 0.6744669 0.1313438 0.6764136 0.1392908 0.6764136 0.1313253 0.6744669 0.1392908 0.6764136 0.1392723 0.6744669 0.08585107 0.6330284 0.08585107 0.6354339 0.08825606 0.6354334 0.08585107 0.6330284 0.08825606 0.6354334 0.08825606 0.6330278 0.1392806 0.6670361 0.1392908 0.6652079 0.1313434 0.6652079 0.1392806 0.6670361 0.1313434 0.6652079 0.1313331 0.6670361 0.1236321 0.6137211 0.123632 0.6216685 0.1254224 0.6216606 0.1236321 0.6137211 0.1254224 0.6216606 0.1254224 0.613713 0.2786553 0.2856125 0.2786656 0.2837848 0.2707181 0.2837848 0.2786553 0.2856125 0.2707181 0.2837848 0.2707076 0.2856126 0.07838374 0.6243592 0.07838374 0.6267648 0.08078825 0.6267639 0.07838374 0.6243592 0.08078825 0.6267639 0.08078825 0.6243583 0.618187 0.07324558 0.6261346 0.07324558 0.626138 0.0714665 0.618187 0.07324558 0.626138 0.0714665 0.6181904 0.0714665 0.1313253 0.6725202 0.1313438 0.6744669 0.1392908 0.6744669 0.1313253 0.6725202 0.1392908 0.6744669 0.1392723 0.6725202 0.2779175 0.2700839 0.2699699 0.270084 0.2699663 0.2718631 0.2779175 0.2700839 0.2699663 0.2718631 0.277914 0.2718631 0.2779175 0.268305 0.2699699 0.268305 0.2699663 0.270084 0.2779175 0.268305 0.2699663 0.270084 0.277914 0.2700839 0.09480249 0.6185851 0.09674966 0.6185666 0.09674966 0.6106193 0.09480249 0.6185851 0.09674966 0.6106193 0.09480255 0.6106383 0.4861929 0.5789282 0.4894099 0.5789298 0.4894264 0.5745078 0.4861929 0.5789282 0.4894264 0.5745078 0.486209 0.5745063 0.09885138 0.6419341 0.09884458 0.6387171 0.09503722 0.6386845 0.09885138 0.6419341 0.09503722 0.6386845 0.09504365 0.6419014 0.1218419 0.6137211 0.1218418 0.6216685 0.123632 0.6216606 0.1218419 0.6137211 0.123632 0.6216606 0.1236317 0.613713 0.09885138 0.6386845 0.09884458 0.6354675 0.09503722 0.6354348 0.09885138 0.6386845 0.09503722 0.6354348 0.09504365 0.6386518 0.1947951 0.1942658 0.1915774 0.1942665 0.1915774 0.1991605 0.1947951 0.1942658 0.1915774 0.1991605 0.1947951 0.1991597 0.4908566 0.6157898 0.494074 0.6157916 0.4940901 0.6113696 0.4908566 0.6157898 0.4940901 0.6113696 0.4908728 0.6113678 0.4908728 0.6113678 0.4940901 0.6113696 0.494074 0.6073281 0.4908728 0.6113678 0.494074 0.6073281 0.4908566 0.6073262 0.09309786 0.6354344 0.08988088 0.6354339 0.08988088 0.6403297 0.09309786 0.6354344 0.08988088 0.6403297 0.09309786 0.6403301 0.1034278 0.6386518 0.103421 0.6354348 0.09884458 0.6354675 0.1034278 0.6386518 0.09884458 0.6354675 0.09885138 0.6386845 0.486209 0.5745063 0.4894264 0.5745078 0.4894099 0.5704663 0.486209 0.5745063 0.4894099 0.5704663 0.4861929 0.5704646 0.626138 0.06790834 0.6181904 0.06790834 0.618187 0.06968694 0.626138 0.06790834 0.618187 0.06968694 0.6261346 0.06968694 0.08344608 0.6330284 0.08344608 0.6354339 0.08585107 0.6354334 0.08344608 0.6330284 0.08585107 0.6354334 0.08585107 0.6330278 0.1989506 0.1975816 0.2021676 0.197581 0.2021676 0.192687 0.1989506 0.1975816 0.2021676 0.192687 0.1989506 0.1926876 0.2707181 0.2856125 0.2707076 0.2874403 0.2786553 0.2874404 0.2707181 0.2856125 0.2786553 0.2874404 0.2786656 0.2856125 0.08319437 0.62436 0.08078825 0.6243592 0.08078825 0.6267639 0.08319437 0.62436 0.08078825 0.6267639 0.08319437 0.6267648 0.2085977 0.1975827 0.2118151 0.1975831 0.2118151 0.1926874 0.2085977 0.1975827 0.2118151 0.1926874 0.2085977 0.192687 0.1200506 0.6216606 0.1200507 0.613713 0.1182611 0.6137211 0.1200506 0.6216606 0.1182611 0.6137211 0.1182611 0.6216685 0.1034278 0.6419014 0.103421 0.6386845 0.09884458 0.6387171 0.1034278 0.6419014 0.09884458 0.6387171 0.09885138 0.6419341 0.1313434 0.6688638 0.1313331 0.670692 0.1392806 0.670692 0.1313434 0.6688638 0.1392806 0.670692 0.1392908 0.6688638 0.1313253 0.6764136 0.1313438 0.6783608 0.1392908 0.6783608 0.1313253 0.6764136 0.1392908 0.6783608 0.1392723 0.6764136 0.6852895 0.6240006 0.6494199 0.6305726 0.6613333 0.7044463 0.6852895 0.6240006 0.6613333 0.7044463 0.6852895 0.7056988 0.7816917 0.5677471 0.7816917 0.5877032 0.822414 0.5877032 0.7816917 0.5677471 0.822414 0.5877032 0.8182792 0.5677471 0.7818757 0.6738557 0.7818211 0.6916888 0.79381 0.6916807 0.7818757 0.6738557 0.79381 0.6916807 0.8055675 0.6733335 0.7816917 0.5877032 0.7816917 0.6089552 0.822952 0.6089552 0.7816917 0.5877032 0.822952 0.6089552 0.822414 0.5877032 0.7818111 0.6411762 0.7818728 0.6566484 0.8182218 0.6566484 0.7818111 0.6411762 0.8182218 0.6566484 0.819476 0.6411761 0.7816917 0.6089552 0.7816917 0.6260514 0.8228179 0.6260514 0.7816917 0.6089552 0.8228179 0.6260514 0.822952 0.6089552 0.7816917 0.6260514 0.7818111 0.6411762 0.819476 0.6411761 0.7816917 0.6260514 0.819476 0.6411761 0.822817 0.6260514 0.7175439 0.7035917 0.7236607 0.7042298 0.7405073 0.6240006 0.7175439 0.7035917 0.7405073 0.6240006 0.7165512 0.6252531 0.8061349 0.780172 0.81027 0.760216 0.7695474 0.760216 0.8061349 0.780172 0.7695474 0.760216 0.7695474 0.780172 0.81027 0.760216 0.8108079 0.738964 0.7695474 0.738964 0.81027 0.760216 0.7695474 0.738964 0.7695474 0.760216 0.75793 0.6732396 0.7695112 0.6916333 0.7815427 0.6866506 0.75793 0.6732396 0.7815427 0.6866506 0.7816257 0.6738563 0.8108079 0.738964 0.8106738 0.7218678 0.7695474 0.7218678 0.8108079 0.738964 0.7695474 0.7218678 0.7695474 0.738964 0.7457453 0.6539353 0.7816917 0.6566492 0.7816917 0.6411769 0.7457453 0.6539353 0.7816917 0.6411769 0.7440271 0.6410266 0.4949334 0.3531348 0.4948983 0.3461372 0.3704255 0.3461372 0.4949334 0.3531348 0.3704255 0.3461372 0.3704606 0.3531348 0.1812786 0.3851541 0.1812786 0.5096177 0.2681149 0.5095558 0.1812786 0.3851541 0.2681149 0.5095558 0.2681149 0.3850923 0.1958542 0.1575867 0.1958542 0.1942658 0.1980121 0.1941034 0.1958542 0.1575867 0.1980121 0.1941034 0.1980121 0.1574245 0.6598315 0.03809767 0.6965106 0.03809767 0.6966752 0.0359686 0.6598315 0.03809767 0.6966752 0.0359686 0.6599962 0.0359686 0.4698359 0.5652733 0.4698359 0.5862117 0.476976 0.586188 0.4698359 0.5652733 0.476976 0.586188 0.476976 0.5652489 0.1272128 0.613713 0.1272128 0.5927757 0.1203852 0.5927205 0.1272128 0.613713 0.1203852 0.5927205 0.1203852 0.613658 0.2734709 0.2487548 0.2944102 0.2487548 0.2944028 0.2415062 0.2734709 0.2487548 0.2944028 0.2415062 0.2734638 0.241506 0.3024942 0.2932025 0.2815554 0.2932025 0.2815381 0.3004264 0.3024942 0.2932025 0.2815381 0.3004264 0.3024768 0.3004264 0.2734652 0.2562908 0.2944043 0.2562908 0.2944102 0.2487548 0.2734652 0.2562908 0.2944102 0.2487548 0.2734709 0.2487548 0.1203852 0.613658 0.1203852 0.5927205 0.1125954 0.592745 0.1203852 0.613658 0.1125954 0.592745 0.1125954 0.6136825 0.3024768 0.3004264 0.2815381 0.3004264 0.2815514 0.3079816 0.3024768 0.3004264 0.2815514 0.3079816 0.3024902 0.3079816 0.476976 0.5652489 0.476976 0.586188 0.484592 0.5862042 0.476976 0.5652489 0.484592 0.5862042 0.484592 0.5652657 0.4216304 0.502759 0.4238612 0.5024777 0.4238612 0.4997971 0.4216304 0.502759 0.4238612 0.4997971 0.4216304 0.5000786 0.1634274 0.4965498 0.1638324 0.5004086 0.166557 0.5004086 0.1634274 0.4965498 0.166557 0.5004086 0.1668974 0.4965498 0.5721303 0.780759 0.5715215 0.7800921 0.5591197 0.7997242 0.5721303 0.780759 0.5591197 0.7997242 0.5597283 0.8003911 0.1463267 0.8785119 0.144995 0.8785707 0.1446358 0.8888201 0.1463267 0.8785119 0.1446358 0.8888201 0.1491931 0.8886184 0.5042573 0.8224471 0.506341 0.8222812 0.506341 0.8168534 0.5042573 0.8224471 0.506341 0.8168534 0.5042573 0.8166841 0.1695974 0.5645307 0.1695974 0.5588881 0.1652663 0.5580599 0.1695974 0.5645307 0.1652663 0.5580599 0.1652665 0.5637024 0.2482393 0.6810623 0.2496508 0.6808929 0.2496508 0.6754497 0.2482393 0.6810623 0.2496508 0.6754497 0.2482393 0.6752829 0.4402199 0.5068498 0.4419443 0.5066675 0.4419442 0.5012246 0.4402199 0.5068498 0.4419442 0.5012246 0.4402201 0.5010709 0.2449266 0.5895121 0.2429002 0.5897324 0.2429002 0.5951424 0.2449266 0.5895121 0.2429002 0.5951424 0.2449266 0.5952559 0.1636775 0.5042026 0.1641675 0.5087409 0.1668757 0.5087409 0.1636775 0.5042026 0.1668757 0.5087409 0.1671267 0.5042026 0.1404635 0.9397465 0.1408312 0.9444121 0.1435484 0.9444121 0.1404635 0.9397465 0.1435484 0.9444121 0.143924 0.9397465 0.4419443 0.5066675 0.4434143 0.5056821 0.4434143 0.5022118 0.4419443 0.5066675 0.4434143 0.5022118 0.4419442 0.5012246 0.5004476 0.8165304 0.4990121 0.8174417 0.4990121 0.8208556 0.5004476 0.8165304 0.4990121 0.8208556 0.5004476 0.8218849 0.3316307 0.5741054 0.3324682 0.5745389 0.3487339 0.5582165 0.3316307 0.5741054 0.3487339 0.5582165 0.3478962 0.5577831 0.5727601 0.7812701 0.5721303 0.780759 0.5597283 0.8003911 0.5727601 0.7812701 0.5597283 0.8003911 0.5603581 0.800902 0.258002 0.5793566 0.2548394 0.579732 0.2548394 0.582457 0.258002 0.5793566 0.2548394 0.582457 0.258002 0.5828267 0.506341 0.8222812 0.5075193 0.8212308 0.5075193 0.8177704 0.506341 0.8222812 0.5075193 0.8177704 0.506341 0.8168534 0.5004476 0.8218849 0.4990121 0.8208556 0.4961711 0.821214 0.5004476 0.8218849 0.4961711 0.821214 0.4959914 0.8224471 0.2686385 0.6219373 0.269603 0.6218987 0.2700955 0.6150701 0.2686385 0.6219373 0.2700955 0.6150701 0.2691777 0.6144096 0.1621154 0.5979606 0.1634609 0.5980989 0.1645808 0.5890082 0.1621154 0.5979606 0.1645808 0.5890082 0.1599763 0.5885347 0.9625463 0.3058105 0.9631119 0.2737031 0.9621149 0.273536 0.9625463 0.3058105 0.9621149 0.273536 0.9615494 0.3056434 0.5791832 0.7771814 0.5715215 0.7800921 0.5721303 0.780759 0.5791832 0.7771814 0.5721303 0.780759 0.5791317 0.7781006 0.3305919 0.5814566 0.3401257 0.612948 0.3410639 0.6126827 0.3305919 0.5814566 0.3410639 0.6126827 0.3315303 0.5811911 0.5791317 0.7781006 0.6119399 0.7806077 0.6119913 0.7796883 0.5791317 0.7781006 0.6119913 0.7796883 0.5791832 0.7771814 0.9615494 0.3056434 0.9621747 0.3129456 0.9631119 0.3123704 0.9615494 0.3056434 0.9631119 0.3123704 0.9625463 0.3058105 0.2671601 0.6221284 0.2676693 0.6548289 0.2686385 0.6547324 0.2671601 0.6221284 0.2686385 0.6547324 0.2681292 0.6220321 0.5338767 0.7870737 0.5352786 0.7870737 0.5370541 0.7769874 0.5338767 0.7870737 0.5370541 0.7769874 0.5322564 0.7769874 0.3310582 0.573584 0.3316307 0.5741054 0.3478962 0.5577831 0.3310582 0.573584 0.3478962 0.5577831 0.3473238 0.5572615 0.144995 0.8785707 0.1438941 0.8785117 0.1408681 0.8886184 0.144995 0.8785707 0.1408681 0.8886184 0.1446358 0.8888201 0.3315303 0.5811911 0.3324682 0.5745389 0.3316307 0.5741054 0.3315303 0.5811911 0.3316307 0.5741054 0.3305919 0.5814566 0.5481551 0.9702879 0.5467393 0.9702879 0.5442909 0.9802675 0.5481551 0.9702879 0.5442909 0.9802675 0.549137 0.9802675 0.1645808 0.5890082 0.1634609 0.5980989 0.1645332 0.5979607 0.1645808 0.5890082 0.1645332 0.5979607 0.1682505 0.5885347 0.3324301 0.582093 0.33327 0.5818296 0.3342188 0.574453 0.3324301 0.582093 0.3342188 0.574453 0.3334761 0.573961 0.2186808 0.575358 0.2132736 0.5753099 0.2132736 0.5988731 0.2186808 0.575358 0.2132736 0.5988731 0.2186808 0.5989212 0.1865164 0.5331748 0.191913 0.53326 0.191913 0.5097029 0.1865164 0.5331748 0.191913 0.5097029 0.1865164 0.5096177 0.3119536 0.2702921 0.311955 0.266042 0.2982132 0.266042 0.3119536 0.2702921 0.2982132 0.266042 0.2982121 0.2702921 0.1426655 0.6508302 0.1426655 0.646579 0.1289233 0.646579 0.1426655 0.6508302 0.1289233 0.646579 0.1289238 0.6508302 0.2704422 0.3300818 0.2704835 0.3326448 0.2817261 0.3326448 0.2704422 0.3300818 0.2817261 0.3326448 0.2816848 0.3300818 0.2704571 0.3172459 0.2704805 0.3198043 0.2817261 0.3198043 0.2704571 0.3172459 0.2817261 0.3198043 0.2817023 0.3172459 0.1811454 0.5332614 0.1865164 0.5331748 0.1865164 0.5096177 0.1811454 0.5332614 0.1865164 0.5096177 0.1811454 0.5097043 0.2694992 0.2081266 0.2695004 0.2143427 0.2929397 0.2143427 0.2694992 0.2081266 0.2929397 0.2143427 0.2929384 0.2081266 0.1446 0.6912426 0.1446201 0.6952165 0.1583608 0.6952165 0.1446 0.6912426 0.1583608 0.6952165 0.1583407 0.6912426 0.2704799 0.3146654 0.2704571 0.3172459 0.2817023 0.3172459 0.2704799 0.3146654 0.2817023 0.3172459 0.2817255 0.3146654 0.1406401 0.6106488 0.1376734 0.6106474 0.1376734 0.6218417 0.1406401 0.6106488 0.1376734 0.6218417 0.1406401 0.621843 0.2709542 0.2352899 0.2709512 0.2415062 0.2944072 0.241506 0.2709542 0.2352899 0.2944072 0.241506 0.2944102 0.2352899 0.2132736 0.5753099 0.207914 0.5753595 0.207914 0.5989224 0.2132736 0.5753099 0.207914 0.5989224 0.2132736 0.5988731 0.6249844 0.05124622 0.6250004 0.05475479 0.638742 0.05475479 0.6249844 0.05124622 0.638742 0.05475479 0.638726 0.05124622 0.6250004 0.05475479 0.6249882 0.05859476 0.6387297 0.05859476 0.6250004 0.05475479 0.6387297 0.05859476 0.638742 0.05475479 0.1446354 0.6879369 0.1446 0.6912426 0.1583407 0.6912426 0.1446354 0.6879369 0.1583407 0.6912426 0.1583762 0.6879369 0.1317401 0.6218343 0.1347065 0.6218338 0.1347066 0.6106474 0.1317401 0.6218343 0.1347066 0.6106474 0.1317402 0.6106479 0.2704835 0.3326448 0.2704428 0.3352195 0.2816853 0.3352195 0.2704835 0.3326448 0.2816853 0.3352195 0.2817261 0.3326448 0.1392908 0.670692 0.1313434 0.670692 0.1313331 0.6725202 0.1392908 0.670692 0.1313331 0.6725202 0.1392806 0.6725202 0.4973071 0.6073281 0.4940901 0.6073262 0.4941062 0.6113678 0.4973071 0.6073281 0.4941062 0.6113678 0.4973233 0.6113696 0.05893409 0.6118192 0.05893403 0.6197664 0.06088101 0.6197478 0.05893409 0.6118192 0.06088101 0.6197478 0.06088101 0.6118006 0.08988088 0.6354344 0.08666348 0.6354339 0.08666348 0.6403297 0.08988088 0.6354344 0.08666348 0.6403297 0.08988088 0.6403301 0.2754887 0.1726168 0.2754955 0.1758334 0.2800719 0.1758006 0.2754887 0.1726168 0.2800719 0.1758006 0.2800654 0.1725841 0.2699699 0.2718631 0.2699663 0.273642 0.277914 0.2736421 0.2699699 0.2718631 0.277914 0.2736421 0.2779175 0.2718631 0.2716814 0.1725841 0.2716881 0.1758006 0.2754955 0.1758334 0.2716814 0.1725841 0.2754955 0.1758334 0.2754887 0.1726168 0.0731998 0.6336823 0.0731998 0.6360878 0.07560509 0.6360873 0.0731998 0.6336823 0.07560509 0.6360873 0.07560509 0.6336819 0.2021676 0.1975816 0.205385 0.197581 0.205385 0.192687 0.2021676 0.1975816 0.205385 0.192687 0.2021676 0.1926876 0.4973233 0.6113696 0.4941062 0.6113678 0.4940901 0.6157898 0.4973233 0.6113696 0.4940901 0.6157898 0.4973071 0.6157916 0.2708086 0.2081266 0.278756 0.2081266 0.2787666 0.2062984 0.2708086 0.2081266 0.2787666 0.2062984 0.270819 0.2062984 0.4926599 0.5745078 0.4894425 0.5745063 0.4894264 0.5789282 0.4926599 0.5745078 0.4894264 0.5789282 0.4926438 0.5789298 0.1182611 0.613713 0.11647 0.6137211 0.11647 0.6216685 0.1182611 0.613713 0.11647 0.6216685 0.1182611 0.6216606 0.1980121 0.1942658 0.1947951 0.1942665 0.1947951 0.1991605 0.1980121 0.1942658 0.1947951 0.1991605 0.1980121 0.1991597 0.07560509 0.6336823 0.07560509 0.6360878 0.07801049 0.6360873 0.07560509 0.6336823 0.07801049 0.6360873 0.07801049 0.6336819 0.09503698 0.6321854 0.09504365 0.6354024 0.09885138 0.6354348 0.09503698 0.6321854 0.09885138 0.6354348 0.09884458 0.6322178 0.6181904 0.06968694 0.618187 0.0714665 0.6261346 0.0714665 0.6181904 0.06968694 0.6261346 0.0714665 0.626138 0.06968694 0.09884458 0.6322178 0.09885138 0.6354348 0.1034278 0.6354024 0.09884458 0.6322178 0.1034278 0.6354024 0.103421 0.6321854 0.08344608 0.6403297 0.08666348 0.6403301 0.08666348 0.6354344 0.08344608 0.6403297 0.08666348 0.6354344 0.08344608 0.6354339 0.6232497 0.03234297 0.6311969 0.03234297 0.6311782 0.0303958 0.6232497 0.03234297 0.6311782 0.0303958 0.6232312 0.0303958 0.4926438 0.5704663 0.4894264 0.5704646 0.4894425 0.5745063 0.4926438 0.5704663 0.4894425 0.5745063 0.4926599 0.5745078 0.2707099 0.281994 0.2707179 0.2837848 0.2786656 0.2837848 0.2707099 0.281994 0.2786656 0.2837848 0.2786576 0.281994 0.2737789 0.310047 0.2817261 0.310047 0.2817075 0.3080999 0.2737789 0.310047 0.2817075 0.3080999 0.2737606 0.3080999 0.1129007 0.6216606 0.1146796 0.6216642 0.1146797 0.6137166 0.1129007 0.6216606 0.1146797 0.6137166 0.1129008 0.613713 0.07597798 0.6267644 0.07838374 0.6267648 0.07838374 0.6243594 0.07597798 0.6267644 0.07838374 0.6243594 0.07597798 0.6243592 0.11647 0.613713 0.1146797 0.6137211 0.1146796 0.6216685 0.11647 0.613713 0.1146796 0.6216685 0.11647 0.6216606 0.6932071 0.1442655 0.4308236 0.1442655 0.430828 0.146354 0.6932071 0.1442655 0.430828 0.146354 0.6932114 0.146354 0.04419481 0.321966 0.04419505 0.5821949 0.04628401 0.5821956 0.04419481 0.321966 0.04628401 0.5821956 0.04628407 0.321967 0.03870803 0.5866815 0.03870803 0.321011 0.03703695 0.3248777 0.03870803 0.5866815 0.03703695 0.3248777 0.03703689 0.5858898 0.03036278 0.3180245 0.03036278 0.5836897 0.0320335 0.5828984 0.03036278 0.3180245 0.0320335 0.5828984 0.0320335 0.3218916 0.2139074 0.03188592 0.234965 0.03188592 0.2349721 0.02246409 0.2139074 0.03188592 0.2349721 0.02246409 0.2139146 0.02246409 0.2139165 0.04094821 0.234974 0.04094821 0.234965 0.03188592 0.2139165 0.04094821 0.234965 0.03188592 0.2139074 0.03188592 0.2139061 0.01392799 0.2349619 0.01392799 0.2349314 0.004188835 0.2139061 0.01392799 0.2349314 0.004188835 0.2138755 0.004188835 0.2138371 0.02246385 0.2348932 0.02246385 0.2349619 0.01392799 0.2138371 0.02246385 0.2349619 0.01392799 0.2139061 0.01392799 0.6597996 0.04914861 0.638742 0.04914861 0.6387587 0.05859476 0.6597996 0.04914861 0.6387587 0.05859476 0.659816 0.05859476 0.6598213 0.0401166 0.6387637 0.0401166 0.638742 0.04914861 0.6598213 0.0401166 0.638742 0.04914861 0.6597996 0.04914861 0.01396697 0.2591111 0.01396703 0.002195894 0.01187801 0.002200067 0.01396697 0.2591111 0.01187801 0.002200067 0.01187801 0.2591153 0.2662456 0.5448709 0.24755 0.5448709 0.2475485 0.5469601 0.2662456 0.5448709 0.2475485 0.5469601 0.266244 0.5469601 0.01187801 0.258128 0.01187801 0.002196848 0.009789288 0.002195894 0.01187801 0.258128 0.009789288 0.002195894 0.009789228 0.2581269 0.196781 0.5873827 0.1946921 0.587388 0.1946921 0.6037802 0.196781 0.5873827 0.1946921 0.6037802 0.196781 0.603775 0.009789228 0.2623298 0.009789288 0.002195894 0.008117914 0.005468785 0.009789228 0.2623298 0.008117914 0.005468785 0.008117854 0.2621702 0.006446778 0.002195894 0.006446778 0.2623243 0.008117854 0.2621656 0.006446778 0.002195894 0.008117854 0.2621656 0.008117914 0.005469322 0.6339827 0.0646134 0.6359384 0.0630961 0.6171031 0.0630961 0.6339827 0.0646134 0.6171031 0.0630961 0.6172799 0.06475764 0.2475361 0.5693643 0.2477136 0.5677028 0.2288777 0.5677023 0.2475361 0.5693643 0.2288777 0.5677023 0.2308328 0.5692196 0.4046263 0.2525891 0.4046452 0.2892684 0.4949426 0.2892684 0.4046263 0.2525891 0.4949426 0.2892684 0.4949235 0.2525891 0.4926599 0.5704653 0.4926599 0.5816518 0.4956264 0.5816511 0.4926599 0.5704653 0.4956264 0.5816511 0.4956264 0.5704646 0.2704805 0.3249425 0.2817261 0.3249425 0.2817023 0.3223851 0.2704805 0.3249425 0.2817023 0.3223851 0.2704571 0.3223851 0.2704571 0.3223851 0.2817023 0.3223851 0.2817255 0.3198043 0.2704571 0.3223851 0.2817255 0.3198043 0.2704799 0.3198043 0.1376734 0.621843 0.1376734 0.6106488 0.1347066 0.6106474 0.1376734 0.621843 0.1347066 0.6106474 0.1347065 0.6218417 0.2817255 0.3249426 0.2704829 0.3249425 0.2704422 0.3275186 0.2817255 0.3249426 0.2704422 0.3275186 0.2816848 0.3275186 0.2816848 0.3275186 0.2704422 0.3275186 0.2704835 0.3300818 0.2816848 0.3275186 0.2704835 0.3300818 0.2817261 0.3300818 0.2137349 0.3506469 0.2495167 0.3506467 0.2495166 0.3481534 0.2137349 0.3506469 0.2495166 0.3481534 0.2137349 0.3481534 0.2137349 0.3631134 0.2495166 0.3631135 0.2495166 0.3606202 0.2137349 0.3631134 0.2495166 0.3606202 0.2137349 0.3606201 0.2137349 0.3606201 0.2495166 0.3606202 0.2495167 0.3581269 0.2137349 0.3606201 0.2495167 0.3581269 0.2137349 0.3581267 0.2137349 0.3581267 0.2495167 0.3581269 0.2495167 0.3556334 0.2137349 0.3581267 0.2495167 0.3556334 0.2137349 0.3556334 0.2137349 0.3556334 0.2495167 0.3556334 0.2495167 0.3531401 0.2137349 0.3556334 0.2495167 0.3531401 0.2137349 0.3531401 0.2137349 0.3531401 0.2495167 0.3531401 0.2495167 0.3506467 0.2137349 0.3531401 0.2495167 0.3506467 0.2137349 0.3506469 0.3421337 0.4986841 0.3421337 0.3554387 0.3182595 0.3554387 0.9626436 0.8631279 0.9626449 0.9311808 0.964274 0.9311333 0.9626436 0.8631279 0.964274 0.9311333 0.9642728 0.8632652 0.8480899 0.1928704 0.84878 0.2233896 0.8291401 0.2179027 0.8480899 0.1928704 0.8291401 0.2179027 0.8289595 0.1933389 0.7661499 0.8426039 0.7850219 0.8453752 0.7886082 0.8213692 0.7661499 0.8426039 0.7886082 0.8213692 0.7701436 0.8127091 0.7146507 0.1629396 0.7433933 0.162963 0.7434195 0.1311336 0.7146507 0.1629396 0.7434195 0.1311336 0.7146769 0.1311103 0.2103627 0.6167911 0.2186808 0.6167935 0.2186808 0.5989248 0.2103627 0.6167911 0.2186808 0.5989248 0.2103627 0.5989224 0.1093446 0.6106193 0.1093446 0.5927523 0.09412723 0.5927205 0.1093446 0.6106193 0.09412723 0.5927205 0.09412723 0.6105876 0.9902383 0.09203273 0.9989361 0.07683759 0.9906113 0.07662945 0.2929373 0.2226607 0.2929397 0.2143427 0.2750714 0.2143427 0.2929373 0.2226607 0.2750714 0.2143427 0.275069 0.2226608 0.6426081 0.01487046 0.624741 0.01487046 0.6247093 0.03008753 0.6426081 0.01487046 0.6247093 0.03008753 0.6425763 0.03008753 0.6846936 0.4295284 0.6933913 0.414333 0.6850666 0.4141256 0.08641797 0.7202 0.001345157 0.7201967 0.001345157 0.7631047 0.08641797 0.7202 0.001345157 0.7631047 0.07873398 0.7631078 0.1305032 0.7158133 0.1287209 0.7158133 0.1278756 0.7587213 0.1305032 0.7158133 0.1278756 0.7587213 0.1296581 0.7587213 0.07873398 0.7631078 0.06649535 0.7983874 0.07368195 0.7963396 0.07873398 0.7631078 0.07368195 0.7963396 0.08592128 0.7631081 0.0953741 0.7202609 0.08752936 0.7631644 0.09436321 0.7631643 0.0953741 0.7202609 0.09436321 0.7631643 0.1024011 0.7202609 0.1275684 0.7217466 0.1033337 0.7217468 0.1029198 0.7646645 0.1275684 0.7217466 0.1029198 0.7646645 0.126275 0.7646643 0.2932777 0.7696327 0.2897245 0.7630454 0.2930735 0.7573927 0.2932777 0.7696327 0.2930735 0.7573927 0.2981302 0.7647992 0.07873398 0.7631078 0.001345157 0.7631047 0.001347362 0.8017573 0.07873398 0.7631078 0.001347362 0.8017573 0.06649535 0.7983874 0.126275 0.7646643 0.1029198 0.7646645 0.1024011 0.7979117 0.126275 0.7646643 0.1024011 0.7979117 0.1244182 0.792953 0.2897245 0.7630454 0.2702211 0.7583738 0.2713615 0.7517842 0.2897245 0.7630454 0.2713615 0.7517842 0.2930735 0.7573927 0.2702178 0.760065 0.2702211 0.7583738 0.2897245 0.7630454 0.2702178 0.760065 0.2897245 0.7630454 0.2892192 0.765216 0.2897245 0.7630454 0.2932777 0.7696327 0.2914145 0.7708911 0.2897245 0.7630454 0.2914145 0.7708911 0.2892192 0.765216 0.07777065 0.6772915 0.08641797 0.7202 0.09360533 0.7202003 0.07777065 0.6772915 0.09360533 0.7202003 0.08495789 0.6772919 0.2932965 0.8298557 0.2932777 0.7696327 0.2981302 0.7647992 0.2932965 0.8298557 0.2981302 0.7647992 0.2981306 0.8294064 0.2914145 0.7708911 0.2932777 0.7696327 0.2932965 0.8298557 0.2914145 0.7708911 0.2932965 0.8298557 0.2914382 0.8298662 0.1259531 0.7973738 0.1277354 0.7973738 0.1296581 0.7587213 0.1259531 0.7973738 0.1296581 0.7587213 0.1278756 0.7587213 0.08641797 0.7202 0.07777065 0.6772915 0.001348435 0.6772885 0.08641797 0.7202 0.001348435 0.6772885 0.001345157 0.7201967 0.1305032 0.7158133 0.1296581 0.6729051 0.1278756 0.6729051 0.1305032 0.7158133 0.1278756 0.6729051 0.1287209 0.7158133 0.06650137 0.6420111 0.07777065 0.6772915 0.08495789 0.6772919 0.06650137 0.6420111 0.08495789 0.6772919 0.07368785 0.6440594 0.08752936 0.7631644 0.07730561 0.7941033 0.08495837 0.7914337 0.08752936 0.7631644 0.08495837 0.7914337 0.09436321 0.7631643 0.1275684 0.7217466 0.1261168 0.6788493 0.1027615 0.6788496 0.1275684 0.7217466 0.1027615 0.6788496 0.1033337 0.7217468 0.08840602 0.6773486 0.09523981 0.6773485 0.08495843 0.6490678 0.08840602 0.6773486 0.08495843 0.6490678 0.07730567 0.6463974 0.2932777 0.7696326 0.2981302 0.7647992 0.2930736 0.7573926 0.2932777 0.7696326 0.2930736 0.7573926 0.2897244 0.7630453 0.07777065 0.6772915 0.06650137 0.6420111 0.001353681 0.6386361 0.07777065 0.6772915 0.001353681 0.6386361 0.001348435 0.6772885 0.1261168 0.6788493 0.1244183 0.6505872 0.1024011 0.6456316 0.1261168 0.6788493 0.1024011 0.6456316 0.1027615 0.6788496 0.2897244 0.7630453 0.2930736 0.7573926 0.2713614 0.7517842 0.2897244 0.7630453 0.2713614 0.7517842 0.270221 0.7583739 0.2702178 0.760065 0.2892192 0.765216 0.2897244 0.7630453 0.2702178 0.760065 0.2897244 0.7630453 0.270221 0.7583739 0.2892192 0.765216 0.2914145 0.7708911 0.2932777 0.7696326 0.2892192 0.765216 0.2932777 0.7696326 0.2897244 0.7630453 0.2932964 0.8298557 0.2981306 0.8294063 0.2981302 0.7647992 0.2932964 0.8298557 0.2981302 0.7647992 0.2932777 0.7696326 0.2914145 0.7708911 0.2914382 0.8298662 0.2932964 0.8298557 0.2914145 0.7708911 0.2932964 0.8298557 0.2932777 0.7696326 0.1259531 0.6342526 0.1278756 0.6729051 0.1296581 0.6729051 0.1259531 0.6342526 0.1296581 0.6729051 0.1277354 0.6342526 0.541254 0.7085065 0.5388207 0.6817845 0.5421225 0.6817437 0.541254 0.7085065 0.5421225 0.6817437 0.544739 0.7084545 0.4500237 0.6743839 0.4504773 0.7012106 0.4448229 0.7014325 0.4500237 0.6743839 0.4448229 0.7014325 0.4446623 0.6745942 0.3934752 0.6321778 0.3926082 0.6053986 0.4143887 0.6043922 0.3934752 0.6321778 0.4143887 0.6043922 0.4134072 0.6312046 0.4790564 0.6447672 0.4792447 0.6179658 0.4884287 0.6183367 0.4790564 0.6447672 0.4884287 0.6183367 0.4879179 0.6451249 0.5362359 0.6840097 0.5395056 0.7106429 0.5211368 0.7114887 0.5362359 0.6840097 0.5211368 0.7114887 0.5195338 0.6847347 0.4450964 0.6724479 0.4449673 0.6992788 0.4414578 0.6993752 0.4450964 0.6724479 0.4414578 0.6993752 0.4416157 0.6725435 0.522871 0.6446338 0.5370539 0.6440226 0.5362359 0.6840097 0.522871 0.6446338 0.5362359 0.6840097 0.5195338 0.6847347 0.44616 0.6324661 0.4450964 0.6724479 0.4416157 0.6725435 0.44616 0.6324661 0.4416157 0.6725435 0.4426429 0.6325626 0.5443587 0.6417979 0.5421225 0.6817437 0.5388207 0.6817845 0.5443587 0.6417979 0.5388207 0.6817845 0.5408985 0.6418415 0.4500807 0.6343985 0.4500237 0.6743839 0.4446623 0.6745942 0.4500807 0.6343985 0.4446623 0.6745942 0.4452216 0.6345893 0.4004896 0.6717787 0.3934752 0.6321778 0.4134072 0.6312046 0.4004896 0.6717787 0.4134072 0.6312046 0.418069 0.670917 0.4795565 0.6850035 0.4790564 0.6447672 0.4879179 0.6451249 0.4795565 0.6850035 0.4879179 0.6451249 0.487951 0.6853424 0.44616 0.6324661 0.4426429 0.6325626 0.4456526 0.5767574 0.44616 0.6324661 0.4456526 0.5767574 0.4491734 0.5766608 0.522871 0.6446338 0.5294876 0.5883808 0.5408493 0.5882653 0.522871 0.6446338 0.5408493 0.5882653 0.5370539 0.6440226 0.487951 0.6853424 0.4895628 0.7419125 0.4818134 0.7415996 0.487951 0.6853424 0.4818134 0.7415996 0.4795565 0.6850035 0.418069 0.670917 0.4269891 0.7259507 0.4122564 0.727135 0.418069 0.670917 0.4122564 0.727135 0.4004896 0.6717787 0.4452216 0.6345893 0.4475065 0.5788372 0.4517184 0.5786702 0.4452216 0.6345893 0.4517184 0.5786702 0.4500807 0.6343985 0.5408985 0.6418415 0.5464602 0.5862324 0.5499253 0.5862779 0.5408985 0.6418415 0.5499253 0.5862779 0.5443587 0.6417979 0.5395056 0.7106429 0.5449105 0.7270527 0.5239318 0.7280187 0.5395056 0.7106429 0.5239318 0.7280187 0.5211368 0.7114887 0.4504773 0.7012106 0.4509805 0.7184804 0.445326 0.7187022 0.4504773 0.7012106 0.445326 0.7187022 0.4448229 0.7014325 0.544739 0.7084545 0.5496301 0.7250248 0.5461451 0.7250769 0.544739 0.7084545 0.5461451 0.7250769 0.541254 0.7085065 0.4792447 0.6179658 0.4798039 0.6012105 0.4889879 0.6015813 0.4792447 0.6179658 0.4889879 0.6015813 0.4884287 0.6183367 0.3926082 0.6053986 0.3938695 0.5886815 0.4182599 0.5875545 0.3926082 0.6053986 0.4182599 0.5875545 0.4143887 0.6043922 0.4449673 0.6992788 0.4453243 0.7165516 0.4418146 0.7166479 0.4449673 0.6992788 0.4418146 0.7166479 0.4414578 0.6993752 0.4509805 0.7184804 0.451529 0.7354163 0.4458524 0.7356196 0.4509805 0.7184804 0.4458524 0.7356196 0.445326 0.7187022 0.3938695 0.5886815 0.3952449 0.5744981 0.4269891 0.5730313 0.3938695 0.5886815 0.4269891 0.5730313 0.4182599 0.5875545 0.4423046 0.7345004 0.4409769 0.7345419 0.44043 0.7171773 0.4423046 0.7345004 0.44043 0.7171773 0.4418146 0.7166479 0.4453243 0.7165516 0.4458524 0.7356196 0.4423046 0.7345004 0.4453243 0.7165516 0.4423046 0.7345004 0.4418146 0.7166479 0.451529 0.7354163 0.4516782 0.7402088 0.4371238 0.7406882 0.451529 0.7354163 0.4371238 0.7406882 0.4458524 0.7356196 0.5449804 0.7285336 0.5574495 0.7406287 0.5266103 0.7420542 0.5449804 0.7285336 0.5266103 0.7420542 0.5240017 0.7294996 0.5449105 0.7270527 0.5449804 0.7285336 0.5240017 0.7294996 0.5449105 0.7270527 0.5240017 0.7294996 0.5239318 0.7280187 0.4798039 0.6012105 0.4784993 0.6005063 0.47902 0.5876942 0.4798039 0.6012105 0.47902 0.5876942 0.4895628 0.5873431 0.3736128 0.2900652 0.3736181 0.2947821 0.3360521 0.2945633 0.3736128 0.2900652 0.3360521 0.2945633 0.3360471 0.2900651 0.6531791 0.0318883 0.6530172 0.03040438 0.6591215 0.03448396 0.6531791 0.0318883 0.6591215 0.03448396 0.6592836 0.0359686 0.4516782 0.7402088 0.4517184 0.741433 0.437164 0.7419125 0.4516782 0.7402088 0.437164 0.7419125 0.4371238 0.7406882 0.6592836 0.0359686 0.6591215 0.03448396 0.6965131 0.03040438 0.6592836 0.0359686 0.6965131 0.03040438 0.6966752 0.0318883 0.7241879 0.9673112 0.7308107 0.9664003 0.7301029 0.9042196 0.7241879 0.9673112 0.7301029 0.9042196 0.724258 0.9044935 0.7199772 0.9610478 0.7212555 0.8994172 0.7231506 0.8995506 0.7199772 0.9610478 0.7231506 0.8995506 0.7218549 0.9622889 0.7267519 0.9679843 0.7241879 0.9673112 0.7221242 0.9927303 0.7267519 0.9679843 0.7221242 0.9927303 0.7262888 0.9935166 0.7281146 0.997679 0.7861688 0.9978667 0.7868759 0.9936664 0.7281146 0.997679 0.7868759 0.9936664 0.7262888 0.9935166 0.7908366 0.96667 0.790835 0.9040914 0.7301029 0.9042196 0.7908366 0.96667 0.7301029 0.9042196 0.7308107 0.9664003 0.6465388 0.8108336 0.6598912 0.80765 0.6604582 0.7909426 0.6465388 0.8108336 0.6604582 0.7909426 0.61615 0.8035356 0.5932059 0.89686 0.5994355 0.8350118 0.5966524 0.8355132 0.5932059 0.89686 0.5966524 0.8355132 0.5906136 0.8970021 0.6641378 0.9111605 0.661152 0.9106878 0.6606494 0.977626 0.6641378 0.9111605 0.6606494 0.977626 0.6641378 0.9807764 0.6661608 0.8048795 0.6671739 0.7908358 0.6604582 0.7909426 0.6661608 0.8048795 0.6604582 0.7909426 0.6598912 0.80765 0.6661608 0.8048795 0.6598912 0.80765 0.6577544 0.8109037 0.6661608 0.8048795 0.6577544 0.8109037 0.6640036 0.8090381 0.6377429 0.7848011 0.5783404 0.7797208 0.5768492 0.7841411 0.6377429 0.7848011 0.5768492 0.7841411 0.6604582 0.7909426 0.6950346 0.9406808 0.6952824 0.9406801 0.6931597 0.9360926 0.6950346 0.9406808 0.6931597 0.9360926 0.6928817 0.9360924 0.5906136 0.8970021 0.5627252 0.8956608 0.5682864 0.9536569 0.5906136 0.8970021 0.5682864 0.9536569 0.5966523 0.9550776 0.6952824 0.9406801 0.6950346 0.9406808 0.696529 0.9430944 0.6952824 0.9406801 0.696529 0.9430944 0.6967587 0.9429188 0.698001 0.943934 0.7069318 0.944413 0.7069634 0.9441328 0.698001 0.943934 0.7069634 0.9441328 0.6980441 0.9436495 0.6843963 0.9786827 0.6843963 0.9186751 0.6826602 0.9146418 0.6843963 0.9786827 0.6826602 0.9146418 0.6804614 0.9782137 0.7267519 0.9679843 0.7262888 0.9935166 0.7868759 0.9936664 0.7267519 0.9679843 0.7868759 0.9936664 0.7903515 0.9692163 0.7181515 0.9642503 0.7169163 0.9635765 0.7199772 0.9610478 0.7181515 0.9642503 0.7199772 0.9610478 0.7218549 0.9622889 0.7234194 0.8649422 0.7234194 0.7962429 0.7220602 0.8002669 0.7234194 0.8649422 0.7220602 0.8002669 0.7219231 0.8652243 0.6808488 0.7843039 0.6819485 0.8115091 0.706349 0.8117147 0.6808488 0.7843039 0.706349 0.8117147 0.7070372 0.7912723 0.668347 0.7817034 0.6675274 0.8116794 0.6819485 0.8115091 0.668347 0.7817034 0.6819485 0.8115091 0.6808488 0.7843039 0.6153073 0.825652 0.6093089 0.8358755 0.6447613 0.8377528 0.6153073 0.825652 0.6447613 0.8377528 0.6449452 0.8305131 0.6928817 0.9360924 0.6931597 0.9360926 0.6908921 0.9271693 0.6928817 0.9360924 0.6908921 0.9271693 0.6906018 0.9271692 0.6090663 0.8233227 0.6210823 0.8188351 0.6211888 0.8167788 0.6090663 0.8233227 0.6211888 0.8167788 0.6076263 0.821828 0.6534023 0.8436966 0.7168136 0.8418611 0.7132474 0.8174679 0.6534023 0.8436966 0.7132474 0.8174679 0.6528258 0.8181917 0.6568332 0.9073339 0.7175028 0.9069064 0.7175028 0.8444379 0.6568332 0.9073339 0.7175028 0.8444379 0.6575419 0.8452571 0.7123684 0.8132483 0.6544834 0.813988 0.6528258 0.8181917 0.7123684 0.8132483 0.6528258 0.8181917 0.7132474 0.8174679 0.6604582 0.9981507 0.6598912 0.9839977 0.6465386 0.9805233 0.6604582 0.9981507 0.6465386 0.9805233 0.61615 0.9846331 0.6759468 0.912897 0.676595 0.9797846 0.6797867 0.9793304 0.6759468 0.912897 0.6797867 0.9793304 0.6797867 0.9097632 0.6509149 0.907099 0.6508194 0.8443878 0.6485314 0.8189889 0.6509149 0.907099 0.6485314 0.8189889 0.6463189 0.9064195 0.6604582 0.9981507 0.6671739 0.9972655 0.6661608 0.9856517 0.6604582 0.9981507 0.6661608 0.9856517 0.6598912 0.9839977 0.6930671 0.9182441 0.6952824 0.9136505 0.6950346 0.9136503 0.6930671 0.9182441 0.6950346 0.9136503 0.6928213 0.9182437 0.5681311 0.8340218 0.5627252 0.8956608 0.5906136 0.8970021 0.5681311 0.8340218 0.5906136 0.8970021 0.5966524 0.8355132 0.6952824 0.9136505 0.6967587 0.9114107 0.696529 0.911235 0.6952824 0.9136505 0.696529 0.911235 0.6950346 0.9136503 0.7656354 0.8735979 0.7667953 0.9007449 0.7406132 0.8937418 0.7656354 0.8735979 0.7406132 0.8937418 0.741267 0.8732925 0.6641378 0.9228295 0.6669075 0.9807764 0.676595 0.9797846 0.6641378 0.9228295 0.676595 0.9797846 0.6759468 0.912897 0.6508194 0.8443878 0.6509149 0.907099 0.6568332 0.9073339 0.6508194 0.8443878 0.6568332 0.9073339 0.6575419 0.8452571 0.6908921 0.9271693 0.6930671 0.9182441 0.6928213 0.9182437 0.6908921 0.9271693 0.6928213 0.9182437 0.6906018 0.9271692 0.7200739 0.9098792 0.7181666 0.9086841 0.7151681 0.9112867 0.7200739 0.9098792 0.7151681 0.9112867 0.7164193 0.9119303 0.7667953 0.9007449 0.7656354 0.8735979 0.7799999 0.8736509 0.7667953 0.9007449 0.7799999 0.8736509 0.7792687 0.9034678 0.6447613 0.954901 0.6093089 0.955871 0.6153073 0.9683579 0.6447613 0.954901 0.6153073 0.9683579 0.6449452 0.9633464 0.6447613 0.954901 0.6446964 0.8961952 0.5944297 0.8958082 0.6447613 0.954901 0.5944297 0.8958082 0.6093089 0.955871 0.7181666 0.9086841 0.7200739 0.9098792 0.7198424 0.847128 0.7181666 0.9086841 0.7198424 0.847128 0.7179444 0.8470407 0.6980441 0.9106782 0.7069634 0.9101809 0.7069318 0.9099003 0.6980441 0.9106782 0.7069318 0.9099003 0.698001 0.9103932 0.6870881 0.9729394 0.6884421 0.9689435 0.6884421 0.9089671 0.6870881 0.9729394 0.6884421 0.9089671 0.6850498 0.9093711 0.7256045 0.8846408 0.7242441 0.8887033 0.7242441 0.8194798 0.7256045 0.8846408 0.7242441 0.8194798 0.7257485 0.8191578 0.6076261 0.9680013 0.6090663 0.9663361 0.5994355 0.9552658 0.6076261 0.9680013 0.5994355 0.9552658 0.5966523 0.9550776 0.5906136 0.8970021 0.5966523 0.9550776 0.5994355 0.9552658 0.5906136 0.8970021 0.5994355 0.9552658 0.5932059 0.89686 0.6508194 0.8443878 0.6534023 0.8436966 0.6528258 0.8181917 0.6508194 0.8443878 0.6528258 0.8181917 0.6485314 0.8189889 0.5732815 0.8015285 0.5681311 0.8340218 0.5966524 0.8355132 0.5732815 0.8015285 0.5966524 0.8355132 0.61615 0.8035356 0.5994355 0.8350118 0.6090663 0.8233227 0.6076263 0.821828 0.5994355 0.8350118 0.6076263 0.821828 0.5966524 0.8355132 0.6446964 0.8961952 0.6447613 0.8377528 0.6093089 0.8358755 0.6446964 0.8961952 0.6093089 0.8358755 0.5944297 0.8958082 0.1923907 0.681455 0.1872042 0.6819786 0.1872043 0.7111907 0.1923907 0.681455 0.1872043 0.7111907 0.1923907 0.7117442 0.2542363 0.7411264 0.2576018 0.7490783 0.2538781 0.7544946 0.2542363 0.7411264 0.2538781 0.7544946 0.2478696 0.7503865 0.2525876 0.7327554 0.2534445 0.7333126 0.2579721 0.7482216 0.2525876 0.7327554 0.2579721 0.7482216 0.2542363 0.7411264 0.1875101 0.7904648 0.1921393 0.752903 0.1774427 0.7528163 0.1875101 0.7904648 0.1774427 0.7528163 0.1766312 0.7909711 0.2542363 0.7411264 0.2505744 0.7387481 0.2469909 0.7294332 0.2542363 0.7411264 0.2469909 0.7294332 0.2525876 0.7327554 0.2443041 0.7476735 0.2477285 0.750433 0.254157 0.7412125 0.2443041 0.7476735 0.254157 0.7412125 0.2504871 0.7388054 0.1086186 0.6263903 0.1054348 0.6444647 0.1191292 0.6488941 0.1086186 0.6263903 0.1191292 0.6488941 0.1191292 0.6279961 0.2460401 0.7141527 0.2469463 0.7294684 0.2525997 0.7329044 0.2460401 0.7141527 0.2525997 0.7329044 0.2515776 0.7162759 0.1559638 0.6426075 0.156024 0.6415359 0.1549705 0.6415359 0.1559638 0.6426075 0.1549705 0.6415359 0.1556575 0.6425945 0.1550588 0.6426972 0.1549705 0.6431007 0.155857 0.6438975 0.1550588 0.6426972 0.155857 0.6438975 0.155857 0.6426075 0.3412295 0.7648991 0.34372 0.7639485 0.3190408 0.6898898 0.3412295 0.7648991 0.3190408 0.6898898 0.3165134 0.6907319 0.6009141 0.4496363 0.5941264 0.4491442 0.5936769 0.4576072 0.6009141 0.4496363 0.5936769 0.4576072 0.596896 0.4580482 0.3682518 0.7694873 0.3576112 0.7783014 0.3777379 0.7950512 0.3682518 0.7694873 0.3777379 0.7950512 0.3843314 0.782902 0.607884 0.6624444 0.6035995 0.6628231 0.6106463 0.7408216 0.607884 0.6624444 0.6106463 0.7408216 0.614927 0.7404302 0.5791075 0.7561579 0.5862861 0.755537 0.5782846 0.6618105 0.5791075 0.7561579 0.5782846 0.6618105 0.5711048 0.6623916 0.4320295 0.7449449 0.4550825 0.7482793 0.4551213 0.7456137 0.4320295 0.7449449 0.4551213 0.7456137 0.4328749 0.7424094 0.6178872 0.4606024 0.6161491 0.5387623 0.6195116 0.5388455 0.6178872 0.4606024 0.6195116 0.5388455 0.6212497 0.4606848 0.5711048 0.6623916 0.5782846 0.6618105 0.5767623 0.6355194 0.5711048 0.6623916 0.5767623 0.6355194 0.5695691 0.6358209 0.4127224 0.7342263 0.4320295 0.7449449 0.4328749 0.7424094 0.4127224 0.7342263 0.4328749 0.7424094 0.4144498 0.7321857 0.5695691 0.6358209 0.5767623 0.6355194 0.576662 0.6096727 0.5695691 0.6358209 0.576662 0.6096727 0.5694722 0.6096363 0.3993105 0.7168503 0.4127224 0.7342263 0.4144498 0.7321857 0.3993105 0.7168503 0.4144498 0.7321857 0.4016557 0.7155884 0.6062757 0.6400505 0.6055929 0.6190527 0.601283 0.6192042 0.6062757 0.6400505 0.601283 0.6192042 0.6019799 0.6403325 0.5694722 0.6096363 0.576662 0.6096727 0.5777807 0.5840547 0.5694722 0.6096363 0.5777807 0.5840547 0.5706046 0.5837014 0.3804881 0.6749734 0.3993105 0.7168503 0.4016557 0.7155884 0.3804881 0.6749734 0.4016557 0.7155884 0.382938 0.6739408 0.6055929 0.6190527 0.6058058 0.5981755 0.6014959 0.5981805 0.6055929 0.6190527 0.6014959 0.5981805 0.601283 0.6192042 0.5706046 0.5837014 0.5777807 0.5840547 0.5809611 0.5373412 0.5706046 0.5837014 0.5809611 0.5373412 0.5737888 0.5369758 0.3626355 0.6286669 0.3804881 0.6749734 0.382938 0.6739408 0.3626355 0.6286669 0.382938 0.6739408 0.3651469 0.6277929 0.6058058 0.5981755 0.6076127 0.5525192 0.6033031 0.5524067 0.6058058 0.5981755 0.6033031 0.5524067 0.6014959 0.5981805 0.5737888 0.5369758 0.5809611 0.5373412 0.5838585 0.4872068 0.5737888 0.5369758 0.5838585 0.4872068 0.5766868 0.486898 0.3466174 0.5766196 0.3626355 0.6286669 0.3651469 0.6277929 0.3466174 0.5766196 0.3651469 0.6277929 0.3493002 0.576361 0.6076127 0.5525192 0.6106793 0.5031468 0.6063743 0.5028791 0.6076127 0.5525192 0.6063743 0.5028791 0.6033031 0.5524067 0.5766868 0.486898 0.5838585 0.4872068 0.5862861 0.4306536 0.5766868 0.486898 0.5862861 0.4306536 0.5791171 0.4303247 0.60796 0.7561579 0.6087542 0.7561156 0.6083047 0.7476527 0.60796 0.7561579 0.6083047 0.7476527 0.6075742 0.7456503 0.6155418 0.4495422 0.6112495 0.4491018 0.6063743 0.5028791 0.6155418 0.4495422 0.6063743 0.5028791 0.6106793 0.5031468 0.5315938 0.7488418 0.4534377 0.7507141 0.4532463 0.7605819 0.5315938 0.7488418 0.4532463 0.7605819 0.5472867 0.7583359 0.4272058 0.7566546 0.4532463 0.7605819 0.4534377 0.7507141 0.4272058 0.7566546 0.4534377 0.7507141 0.4303941 0.7472873 0.6159108 0.562054 0.6192734 0.5621415 0.6195116 0.5388455 0.6159108 0.562054 0.6195116 0.5388455 0.6161491 0.5387623 0.6161695 0.5841354 0.6195321 0.5842284 0.6192734 0.5621415 0.6161695 0.5841354 0.6192734 0.5621415 0.6159108 0.562054 0.6167349 0.606078 0.6200973 0.6061766 0.6195321 0.5842284 0.6167349 0.606078 0.6195321 0.5842284 0.6161695 0.5841354 0.6178529 0.6519762 0.6212158 0.6520762 0.6200973 0.6061766 0.6178529 0.6519762 0.6200973 0.6061766 0.6167349 0.606078 0.6182321 0.7016034 0.6215955 0.7017042 0.6212158 0.6520762 0.6182321 0.7016034 0.6212158 0.6520762 0.6178529 0.6519762 0.6174592 0.756055 0.6208226 0.7561579 0.6215955 0.7017042 0.6174592 0.756055 0.6215955 0.7017042 0.6182321 0.7016034 0.4046627 0.7440106 0.4272058 0.7566546 0.4303941 0.7472873 0.4046627 0.7440106 0.4303941 0.7472873 0.4111167 0.7365044 0.3890044 0.7237042 0.4046627 0.7440106 0.4111167 0.7365044 0.3890044 0.7237042 0.4111167 0.7365044 0.3977426 0.7190926 0.3698647 0.6809733 0.3890044 0.7237042 0.3977426 0.7190926 0.3698647 0.6809733 0.3977426 0.7190926 0.3789746 0.6771909 0.3517741 0.6341267 0.3698647 0.6809733 0.3789746 0.6771909 0.3517741 0.6341267 0.3789746 0.6771909 0.3610905 0.6308949 0.3350168 0.5800583 0.3517741 0.6341267 0.3610905 0.6308949 0.3350168 0.5800583 0.3610905 0.6308949 0.3449072 0.5788948 0.5472867 0.7583359 0.5469875 0.745833 0.535539 0.7460128 0.5472867 0.7583359 0.535539 0.7460128 0.5315938 0.7488418 0.607884 0.6624444 0.6062757 0.6400505 0.6019799 0.6403325 0.607884 0.6624444 0.6019799 0.6403325 0.6035995 0.6628231 0.3843314 0.782902 0.3777379 0.7950512 0.4026123 0.8024781 0.3843314 0.782902 0.4026123 0.8024781 0.4042884 0.7887995 0.4042884 0.7887995 0.4026123 0.8024781 0.4493798 0.8049722 0.4042884 0.7887995 0.4493798 0.8049722 0.449766 0.7912196 0.449766 0.7912196 0.4493798 0.8049722 0.4995416 0.8049457 0.449766 0.7912196 0.4995416 0.8049457 0.4990708 0.7911954 0.552591 0.7875112 0.4990708 0.7911954 0.4995416 0.8049457 0.552591 0.7875112 0.4995416 0.8049457 0.5560277 0.8009678 0.6178872 0.4606024 0.6212497 0.4606848 0.6215955 0.4558427 0.6178872 0.4606024 0.6215955 0.4558427 0.6182562 0.4557846 0.9793465 0.1945728 0.972475 0.1943493 0.9724773 0.2065742 0.9793465 0.1945728 0.9724773 0.2065742 0.9793465 0.2081293 0.3572924 0.7499758 0.3445131 0.7551326 0.3576112 0.7783014 0.3572924 0.7499758 0.3576112 0.7783014 0.3682518 0.7694873 0.6115236 0.7472118 0.614927 0.7404302 0.6106463 0.7408216 0.6115236 0.7472118 0.6106463 0.7408216 0.6108651 0.744825 0.6083047 0.7476527 0.6115236 0.7472118 0.6108651 0.744825 0.6083047 0.7476527 0.6108651 0.744825 0.6075742 0.7456503 0.3130888 0.666427 0.3445131 0.7551326 0.3572924 0.7499758 0.3130888 0.666427 0.3572924 0.7499758 0.3312339 0.6764037 0.4550825 0.7482793 0.5332306 0.7460646 0.5331548 0.7434015 0.4550825 0.7482793 0.5331548 0.7434015 0.4551213 0.7456137 0.6155418 0.7556235 0.6115236 0.7472118 0.6083047 0.7476527 0.6155418 0.7556235 0.6083047 0.7476527 0.6087542 0.7561156 0.6249844 0.04773694 0.638726 0.04773694 0.6387382 0.04389744 0.6249844 0.04773694 0.6387382 0.04389744 0.6249967 0.04389744 0.3740719 0.2293913 0.3878134 0.2293913 0.3878148 0.2251425 0.3740719 0.2293913 0.3878148 0.2251425 0.374073 0.2251425 0.1583762 0.6952165 0.1446354 0.6952165 0.1446 0.6985221 0.1583762 0.6952165 0.1446 0.6985221 0.1583407 0.6985221 0.1583407 0.6985221 0.1446 0.6985221 0.1446201 0.7024955 0.1583407 0.6985221 0.1446201 0.7024955 0.1583608 0.7024955 0.05071115 0.6211354 0.05071121 0.6073934 0.04646033 0.6073939 0.05071115 0.6211354 0.04646033 0.6073939 0.04646027 0.6211357 0.6250004 0.05124574 0.638742 0.05124622 0.638726 0.04773694 0.6250004 0.05124574 0.638726 0.04773694 0.6249844 0.04773694 0.9631155 0.2338451 0.9631155 0.2104271 0.9565246 0.2104052 0.9631155 0.2338451 0.9565246 0.2104052 0.9565246 0.2338231 0.5492502 0.5258175 0.5492502 0.5008324 0.5435813 0.5008649 0.5492502 0.5258175 0.5435813 0.5008649 0.5435813 0.52585 0.5435813 0.52585 0.5435813 0.5008649 0.5378347 0.5008337 0.5435813 0.52585 0.5378347 0.5008337 0.5378347 0.5258189 0.3088291 0.6391447 0.3088291 0.6630831 0.3154194 0.6631157 0.3088291 0.6391447 0.3154194 0.6631157 0.3154194 0.6391772 0.5378347 0.5256388 0.5378347 0.5007004 0.5321968 0.5009115 0.5378347 0.5256388 0.5321968 0.5009115 0.5321968 0.52585 0.5321968 0.52585 0.5321968 0.5009115 0.526421 0.5007152 0.5321968 0.52585 0.526421 0.5007152 0.526421 0.5256536 0.1359134 0.01849019 0.1360942 0.01786357 0.130388 0.01222306 0.1359134 0.01849019 0.130388 0.01222306 0.1297371 0.01236575 0.1297371 0.01236575 0.1272128 0.002226054 0.1272128 0.1573823 0.1297371 0.01236575 0.1272128 0.1573823 0.1297371 0.1472387 0.1021451 0.002195894 0.1021451 0.3219606 0.1272128 0.321966 0.1021451 0.002195894 0.1272128 0.321966 0.1272128 0.002201318 0.06699395 0.002195894 0.06699395 0.3210076 0.0753073 0.3210117 0.06699395 0.002195894 0.0753073 0.3210117 0.0753073 0.002200067 0.3736181 0.3186454 0.6933891 0.3186451 0.6933913 0.2935716 0.3736181 0.3186454 0.6933913 0.2935716 0.3736202 0.2935716 0.0503692 0.002213358 0.0503692 0.3180278 0.05868172 0.3180106 0.0503692 0.002213358 0.05868172 0.3180106 0.05868172 0.002195894 0.3036137 0.2907471 0.3036131 0.29906 0.3286622 0.29906 0.3036137 0.2907471 0.3286622 0.29906 0.328663 0.2907471 0.0503692 0.321011 0.0503692 0.002199232 0.04369485 0.002195894 0.0503692 0.321011 0.04369485 0.002195894 0.04369485 0.3210076 0.007395505 0.3180245 0.007395505 0.6377957 0.01066744 0.6377958 0.007395505 0.3180245 0.01066744 0.6377958 0.01066744 0.3180246 0.4491589 0.2267114 0.4458897 0.2283989 0.4709392 0.2283989 0.4491589 0.2267114 0.4709392 0.2283989 0.4676704 0.2267114 0.37362 0.2935716 0.693391 0.2935716 0.6933913 0.2902998 0.37362 0.2935716 0.6933913 0.2902998 0.3736204 0.2902998 0.02037298 0.6338495 0.02535957 0.6338391 0.02535998 0.3180245 0.02037298 0.6338495 0.02535998 0.3180245 0.02037298 0.3180348 0.6932114 0.146354 0.3734468 0.146354 0.3734415 0.1714221 0.6932114 0.146354 0.3734415 0.1714221 0.693206 0.1714221 0.4458903 0.2217242 0.4458897 0.2283989 0.4491589 0.2267114 0.4458903 0.2217242 0.4491589 0.2267114 0.4491595 0.2217242 0.4676707 0.2217242 0.4676704 0.2267114 0.4709392 0.2283989 0.4676707 0.2217242 0.4709392 0.2283989 0.4709397 0.2217242 0.03702056 0.3180106 0.03702056 0.002195894 0.03034687 0.002209901 0.03702056 0.3180106 0.03034687 0.002209901 0.03034681 0.3180245 0.1708101 0.1574262 0.1522812 0.1574245 0.1522812 0.4771955 0.1708101 0.1574262 0.1522812 0.4771955 0.1708101 0.4771974 0.03034681 0.318027 0.02535998 0.3180245 0.02535998 0.6368362 0.03034681 0.318027 0.02535998 0.6368362 0.03034681 0.6368384 0.6933891 0.3437184 0.6933913 0.3186452 0.3736202 0.3186454 0.6933891 0.3437184 0.3736202 0.3186454 0.3736181 0.3437184 0.08361983 0.002200067 0.0753073 0.002195894 0.0753073 0.3210076 0.08361983 0.002200067 0.0753073 0.3210076 0.08361983 0.3210117 0.1272128 0.4771891 0.1522812 0.4771944 0.1522812 0.1574299 0.1272128 0.4771891 0.1522812 0.1574299 0.1272128 0.1574245 0.05868172 0.3180278 0.06699395 0.3180106 0.06699395 0.002195894 0.05868172 0.3180278 0.06699395 0.002195894 0.05868172 0.002213358 0.2391965 0.5611179 0.2642456 0.5611179 0.2642462 0.5528045 0.2391965 0.5611179 0.2642462 0.5528045 0.239197 0.5528045 0.04369485 0.002199232 0.03702056 0.002195894 0.03702056 0.3210076 0.04369485 0.002199232 0.03702056 0.3210076 0.04369485 0.321011 0.004123747 0.3180252 8.52819e-4 0.3180245 8.52791e-4 0.637789 0.004123747 0.3180252 8.52791e-4 0.637789 0.004123687 0.6377899 0.4923365 0.604057 0.4923365 0.5855453 0.4906489 0.5822765 0.4923365 0.604057 0.4906489 0.5822765 0.4906489 0.6073258 0.007395505 0.3180252 0.004123747 0.3180245 0.004123687 0.637789 0.007395505 0.3180252 0.004123687 0.637789 0.007395505 0.6377899 0.03870803 0.3210214 0.03870797 0.6368362 0.04369479 0.6368256 0.03870803 0.3210214 0.04369479 0.6368256 0.04369485 0.321011 0.6932092 0.1964954 0.6932114 0.1714221 0.3734405 0.1714221 0.6932092 0.1964954 0.3734405 0.1714221 0.3734382 0.1964954 0.4973233 0.6073262 0.4973233 0.6040573 0.4923365 0.604057 0.4973233 0.6073262 0.4923365 0.604057 0.4906489 0.6073258 0.4973233 0.5855458 0.4973233 0.5822771 0.4906489 0.5822765 0.4973233 0.5855458 0.4906489 0.5822765 0.4923365 0.5855453 0.02367293 0.3180245 0.03034681 0.3180106 0.03034687 0.002195894 0.02367293 0.3180245 0.03034687 0.002195894 0.02367293 0.002209901 0.08361983 0.002195894 0.08361983 0.3219606 0.1021451 0.3219645 0.08361983 0.002195894 0.1021451 0.3219645 0.1021451 0.002200067 0.0370205 0.6368384 0.03702056 0.3180271 0.03203374 0.3180245 0.0370205 0.6368384 0.03203374 0.3180245 0.0320335 0.6368362 0.3469766 0.5174186 0.3469766 0.5525511 0.3608677 0.5525511 0.3469766 0.5174186 0.3608677 0.5525511 0.3614898 0.5174186 0.6381824 0.5465085 0.6388046 0.581641 0.6526956 0.581641 0.6381824 0.5465085 0.6526956 0.581641 0.6526956 0.5465085 0.6534887 0.5851103 0.6534887 0.6198566 0.6788797 0.6198566 0.6534887 0.5851103 0.6788797 0.6198566 0.6788797 0.5851103 0.3626762 0.5269801 0.3766388 0.5269801 0.3773503 0.5240267 0.3626762 0.5269801 0.3773503 0.5240267 0.3633876 0.5240267 0.6788797 0.6198566 0.6534887 0.6198566 0.656442 0.6224365 0.6788797 0.6198566 0.656442 0.6224365 0.6759263 0.6224365 0.3773503 0.5240267 0.3773503 0.5045426 0.3633876 0.5045426 0.3773503 0.5240267 0.3633876 0.5045426 0.3633876 0.5240267 0.6485506 0.4582239 0.6290664 0.4582239 0.6290664 0.4719052 0.6485506 0.4582239 0.6290664 0.4719052 0.6485506 0.4719053 0.3766388 0.5015892 0.3626762 0.5015892 0.3633876 0.5045426 0.3766388 0.5015892 0.3633876 0.5045426 0.3773503 0.5045426 0.6534887 0.5851103 0.6788797 0.5851103 0.6759263 0.5825305 0.6534887 0.5851103 0.6759263 0.5825305 0.656442 0.5825305 0.4396617 0.5941173 0.4392668 0.6077929 0.4422318 0.6074268 0.4396617 0.5941173 0.4422318 0.6074268 0.4426268 0.5937513 0.6296781 0.4507266 0.6290664 0.4582239 0.6485506 0.4582239 0.6296781 0.4507266 0.6485506 0.4582239 0.6479389 0.4507267 0.3883453 0.5585324 0.3887404 0.5722081 0.3917055 0.572574 0.3883453 0.5585324 0.3917055 0.572574 0.3913106 0.5588984 0.3883453 0.5585324 0.3913106 0.5588984 0.3917055 0.5513867 0.3883453 0.5585324 0.3917055 0.5513867 0.3888136 0.5471357 0.8838068 0.1663551 0.8830096 0.1933155 0.8802418 0.1907356 0.8838068 0.1663551 0.8802418 0.1907356 0.8808534 0.1637752 0.4422318 0.6074268 0.4392668 0.6077929 0.4397349 0.6191896 0.4422318 0.6074268 0.4397349 0.6191896 0.4426268 0.6149387 0.8613691 0.1637752 0.8619809 0.1907356 0.8592129 0.1933155 0.8613691 0.1637752 0.8592129 0.1933155 0.8584159 0.1663551 0.5713954 0.4257263 0.5599363 0.4250486 0.5602045 0.4160488 0.5713954 0.4257263 0.5602045 0.4160488 0.5713954 0.3905883 0.8808534 0.1637752 0.8802418 0.1907356 0.8619809 0.1907356 0.8808534 0.1637752 0.8619809 0.1907356 0.8613691 0.1637752 0.6388046 0.581641 0.6381824 0.5465085 0.6274441 0.5721632 0.6388046 0.581641 0.6274441 0.5721632 0.6273353 0.5811663 0.6269101 0.4463939 0.6296781 0.4507266 0.6479389 0.4507267 0.6269101 0.4463939 0.6479389 0.4507267 0.6507068 0.446394 0.5720736 0.4144874 0.5809357 0.4144873 0.5809357 0.3906906 0.5720736 0.4144874 0.5809357 0.3906906 0.5720736 0.3906906 0.7149525 0.3138428 0.7149525 0.3321036 0.7123727 0.3348717 0.7149525 0.3138428 0.7123727 0.3348717 0.7123727 0.3110747 0.3955829 0.5098215 0.3922088 0.504278 0.3821052 0.504278 0.3955829 0.5098215 0.3821052 0.504278 0.3785423 0.5098215 0.6621534 0.5028129 0.6451128 0.502813 0.6451128 0.5195993 0.6621534 0.5028129 0.6451128 0.5195993 0.6621534 0.5195993 0.9816284 0.1758651 0.9816284 0.1462991 0.9648559 0.1462991 0.9816284 0.1758651 0.9648559 0.1462991 0.9648559 0.1758651 0.8969996 0.6535083 0.9128971 0.6535083 0.9128971 0.6523547 0.8969996 0.6535083 0.9128971 0.6523547 0.8961802 0.6523547 0.7395549 0.2924749 0.7552208 0.2924749 0.7552208 0.2913212 0.7395549 0.2924749 0.7552208 0.2913212 0.7387474 0.2913212 0.7613096 0.2913212 0.7552208 0.2913212 0.7552208 0.2924749 0.7613096 0.2913212 0.7552208 0.2924749 0.7613096 0.2924749 0.9180937 0.6819207 0.9180937 0.6807671 0.9128971 0.6807671 0.9180937 0.6819207 0.9128971 0.6807671 0.9128971 0.6819207 0.845264 0.06240499 0.8441103 0.06240499 0.8441103 0.06655192 0.845264 0.06240499 0.8441103 0.06655192 0.845264 0.06655192 0.7387474 0.3208871 0.7552208 0.3208871 0.7552208 0.3197335 0.7387474 0.3208871 0.7552208 0.3197335 0.7395548 0.3197335 0.8961802 0.6819207 0.9128971 0.6819207 0.9128971 0.6807671 0.8961802 0.6819207 0.9128971 0.6807671 0.8969996 0.6807671 0.5582902 0.3834391 0.5753308 0.3834391 0.5753308 0.3666527 0.5582902 0.3834391 0.5753308 0.3666527 0.5582902 0.3666527 0.8961802 0.6819207 0.8969996 0.6807671 0.8969996 0.6535083 0.8961802 0.6819207 0.8969996 0.6535083 0.8961802 0.6523547 0.7387474 0.3208871 0.7395548 0.3197335 0.7395549 0.2924749 0.7387474 0.3208871 0.7395549 0.2924749 0.7387474 0.2913212 0.5582902 0.3834391 0.5618531 0.3889827 0.5719568 0.3889827 0.5582902 0.3834391 0.5719568 0.3889827 0.5753308 0.3834391 0.9128971 0.6535083 0.9180937 0.6535083 0.9180937 0.6523547 0.9128971 0.6535083 0.9180937 0.6523547 0.9128971 0.6523547 0.7205418 0.3349595 0.7205418 0.3292441 0.7193881 0.3292441 0.7205418 0.3349595 0.7193881 0.3292441 0.7193881 0.3349595 0.7552208 0.3208871 0.7613095 0.3208871 0.7613095 0.3197335 0.7552208 0.3208871 0.7613095 0.3197335 0.7552208 0.3197335 0.717081 0.3349595 0.7182347 0.3349595 0.7182347 0.3292441 0.717081 0.3349595 0.7182347 0.3292441 0.717081 0.3292441 0.7182347 0.3250972 0.7182347 0.3292441 0.7193881 0.3292441 0.7182347 0.3250972 0.7193881 0.3292441 0.7193881 0.3250972 0.3955827 0.5257851 0.3955829 0.5098215 0.3785423 0.5098215 0.3955827 0.5257851 0.3785423 0.5098215 0.3785421 0.5257852 0.6451128 0.5195993 0.6451128 0.4923406 0.628479 0.4923406 0.6451128 0.5195993 0.628479 0.4923406 0.628479 0.5195993 0.4591736 0.5379021 0.4591736 0.5219385 0.442133 0.5219385 0.4591736 0.5379021 0.442133 0.5219385 0.4421331 0.5379021 0.4557998 0.5434457 0.4591736 0.5379021 0.4421331 0.5379021 0.4557998 0.5434457 0.4421331 0.5379021 0.4456961 0.5434457 0.6587794 0.4972693 0.6486757 0.4972693 0.6451128 0.502813 0.6587794 0.4972693 0.6451128 0.502813 0.6621534 0.5028129 0.6311969 0.0352686 0.6529969 0.0352686 0.6530123 0.03040438 0.6311969 0.0352686 0.6530123 0.03040438 0.6312122 0.03040438 0.2908335 0.2293378 0.2690334 0.2293378 0.2690319 0.234721 0.2908335 0.2293378 0.2690319 0.234721 0.2908321 0.234721 0.1406401 0.6106474 0.1406401 0.5888486 0.1364527 0.588804 0.1406401 0.6106474 0.1364527 0.588804 0.1364527 0.6106026 0.1364527 0.6106026 0.1364527 0.588804 0.131419 0.5888294 0.1364527 0.6106026 0.131419 0.5888294 0.131419 0.610628 0.06729942 0.6226852 0.06729942 0.6008848 0.06191468 0.6008853 0.06729942 0.6226852 0.06191468 0.6008853 0.06191468 0.6226857 0.631217 0.03971344 0.6530172 0.03971344 0.6529969 0.0352686 0.631217 0.03971344 0.6529969 0.0352686 0.6311969 0.0352686 0.474194 0.5291374 0.474194 0.5642698 0.488085 0.5642698 0.474194 0.5291374 0.488085 0.5642698 0.488707 0.5291374 0.6672087 0.581641 0.6665866 0.5465085 0.6526956 0.5465085 0.6672087 0.581641 0.6526956 0.5465085 0.6526956 0.581641 0.6280978 0.5851103 0.6280978 0.6198566 0.6534887 0.6198566 0.6280978 0.5851103 0.6534887 0.6198566 0.6534887 0.5851103 0.9492681 0.1640449 0.9632309 0.1640449 0.9639424 0.1610915 0.9492681 0.1640449 0.9639424 0.1610915 0.9499797 0.1610915 0.6534887 0.6198566 0.6280978 0.6198566 0.6310512 0.6224365 0.6534887 0.6198566 0.6310512 0.6224365 0.6505354 0.6224365 0.9639424 0.1610915 0.9639424 0.1416073 0.9499797 0.1416073 0.9639424 0.1610915 0.9499797 0.1416073 0.9499797 0.1610915 0.6489757 0.5328271 0.6294914 0.532827 0.6294914 0.5465084 0.6489757 0.5328271 0.6294914 0.5465084 0.6489757 0.5465085 0.9632309 0.1386539 0.9492681 0.1386539 0.9499797 0.1416073 0.9632309 0.1386539 0.9499797 0.1416073 0.9639424 0.1416073 0.6280978 0.5851103 0.6534887 0.5851103 0.6505354 0.5825305 0.6280978 0.5851103 0.6505354 0.5825305 0.6310512 0.5825305 0.7748891 0.5718982 0.774494 0.5855738 0.7774592 0.5852078 0.7748891 0.5718982 0.7774592 0.5852078 0.7778542 0.5715323 0.6301032 0.5253298 0.6294914 0.532827 0.6489757 0.5328271 0.6301032 0.5253298 0.6489757 0.5328271 0.6483639 0.5253299 0.3883453 0.5839707 0.3887404 0.5976464 0.3917055 0.5980124 0.3883453 0.5839707 0.3917055 0.5980124 0.3913106 0.5843367 0.3883453 0.5839707 0.3913106 0.5843367 0.3917055 0.5768249 0.3883453 0.5839707 0.3917055 0.5768249 0.3888136 0.572574 0.871311 0.01714968 0.8705136 0.04411017 0.8677458 0.04153025 0.871311 0.01714968 0.8677458 0.04153025 0.8683575 0.01456987 0.7774592 0.5852078 0.774494 0.5855738 0.7749623 0.5969706 0.7774592 0.5852078 0.7749623 0.5969706 0.7778542 0.5927197 0.8488733 0.01456987 0.849485 0.04153025 0.846717 0.04411017 0.8488733 0.01456987 0.846717 0.04411017 0.8459198 0.01714968 0.7803843 0.625148 0.768925 0.6244704 0.7691935 0.6154707 0.7803843 0.625148 0.7691935 0.6154707 0.7803843 0.5900102 0.8683575 0.01456987 0.8677458 0.04153025 0.849485 0.04153025 0.8683575 0.01456987 0.849485 0.04153025 0.8488733 0.01456987 0.6665866 0.5465085 0.6672087 0.581641 0.677947 0.5559862 0.6665866 0.5465085 0.677947 0.5559862 0.6780558 0.5469831 0.6273353 0.5209972 0.6301032 0.5253298 0.6483639 0.5253299 0.6273353 0.5209972 0.6483639 0.5253299 0.6511319 0.5209973 0.4292213 0.6194468 0.4380833 0.6194468 0.4380833 0.59565 0.4292213 0.6194468 0.4380833 0.59565 0.4292213 0.59565 0.42813 0.6063296 0.42813 0.6245904 0.4255501 0.6273583 0.42813 0.6063296 0.4255501 0.6273583 0.4255501 0.6035615 0.3257477 0.5679848 0.3087069 0.5679849 0.3087069 0.5847712 0.3257477 0.5679848 0.3087069 0.5847712 0.3257477 0.5847712 0.7577214 0.5674046 0.7577214 0.5969706 0.774494 0.5969706 0.7577214 0.5674046 0.774494 0.5969706 0.774494 0.5674046 0.7396332 0.2925021 0.7555307 0.2925021 0.7555307 0.2913485 0.7396332 0.2925021 0.7555307 0.2913485 0.7388138 0.2913485 0.7396 0.2924745 0.755266 0.2924745 0.755266 0.2913208 0.7396 0.2924745 0.755266 0.2913208 0.7387927 0.2913208 0.7613547 0.2913208 0.755266 0.2913208 0.755266 0.2924745 0.7613547 0.2913208 0.755266 0.2924745 0.7613547 0.2924745 0.7607273 0.3209145 0.7607273 0.3197609 0.7555307 0.3197609 0.7607273 0.3209145 0.7555307 0.3197609 0.7555307 0.3209145 0.717081 0.3250972 0.7159275 0.3250972 0.7159275 0.3292441 0.717081 0.3250972 0.7159275 0.3292441 0.717081 0.3292441 0.7387927 0.3208869 0.755266 0.3208869 0.755266 0.3197331 0.7387927 0.3208869 0.755266 0.3197331 0.7396 0.3197331 0.7388136 0.3209145 0.7555307 0.3209145 0.7555307 0.3197609 0.7388136 0.3209145 0.7555307 0.3197609 0.7396332 0.3197609 0.2837669 0.6214327 0.3008074 0.6214328 0.3008074 0.6046463 0.2837669 0.6214327 0.3008074 0.6046463 0.2837669 0.6046463 0.7388136 0.3209145 0.7396332 0.3197609 0.7396332 0.2925021 0.7388136 0.3209145 0.7396332 0.2925021 0.7388138 0.2913485 0.7387927 0.3208869 0.7396 0.3197331 0.7396 0.2924745 0.7387927 0.3208869 0.7396 0.2924745 0.7387927 0.2913208 0.2837669 0.6214327 0.28733 0.6269764 0.2974336 0.6269764 0.2837669 0.6214327 0.2974336 0.6269764 0.3008074 0.6214328 0.7555307 0.2925021 0.7607273 0.2925021 0.7607273 0.2913485 0.7555307 0.2925021 0.7607273 0.2913485 0.7555307 0.2913485 0.8464176 0.07226729 0.8464176 0.06655192 0.845264 0.06655192 0.8464176 0.07226729 0.845264 0.06655192 0.845264 0.07226729 0.755266 0.3208869 0.7613547 0.3208869 0.7613547 0.3197331 0.755266 0.3208869 0.7613547 0.3197331 0.755266 0.3197331 0.7159275 0.3349595 0.717081 0.3349595 0.717081 0.3292441 0.7159275 0.3349595 0.717081 0.3292441 0.7159275 0.3292441 0.7193881 0.3250972 0.7193881 0.3292441 0.7205418 0.3292441 0.7193881 0.3250972 0.7205418 0.3292441 0.7205418 0.3250972 0.6602654 0.4743993 0.6443017 0.4743993 0.6443017 0.4914399 0.6602654 0.4743993 0.6443017 0.4914399 0.6602654 0.4914399 0.4588379 0.5752027 0.4588379 0.5479441 0.4422042 0.547944 0.4588379 0.5752027 0.4422042 0.547944 0.4422042 0.5752027 0.6443017 0.4743993 0.6283382 0.4743993 0.6283382 0.4914399 0.6443017 0.4743993 0.6283382 0.4914399 0.6443017 0.4914399 0.3223736 0.5624412 0.3122699 0.5624412 0.3087069 0.5679849 0.3223736 0.5624412 0.3087069 0.5679849 0.3257477 0.5679848 0.3226349 0.8523162 0.3165115 0.957754 0.3125883 0.9578337 0.3226349 0.8523162 0.3125883 0.9578337 0.3187402 0.8518413 0.2961373 0.8522703 0.3187402 0.8518413 0.3125883 0.9578337 0.2961373 0.8522703 0.3125883 0.9578337 0.2901616 0.9564753 0.203978 0.9984719 0.1424542 0.99871 0.1414458 0.9972839 0.203978 0.9984719 0.1414458 0.9972839 0.205012 0.9970263 0.2229921 0.9797432 0.222325 0.978457 0.2520867 0.964896 0.2229921 0.9797432 0.2520867 0.964896 0.2531954 0.9661153 0.1414197 0.9536979 0.222325 0.978457 0.205012 0.9970263 0.1414197 0.9536979 0.205012 0.9970263 0.1414458 0.9972839 0.191913 0.5145712 0.191913 0.5491362 0.2113308 0.5491407 0.191913 0.5145712 0.2113308 0.5491407 0.2113308 0.5118051 0.1753577 0.1766828 0.1739231 0.1765003 0.1715998 0.1842628 0.1753577 0.1766828 0.1715998 0.1842628 0.1732352 0.1839031 0.2498508 0.2183082 0.2125145 0.2183082 0.2125129 0.2373738 0.2498508 0.2183082 0.2125129 0.2373738 0.2470788 0.2373738 0.3075768 0.1986514 0.3417152 0.1986513 0.3417122 0.1972495 0.3075768 0.1986514 0.3417122 0.1972495 0.307574 0.1972495 0.2959412 0.2047921 0.2957583 0.203358 0.2767096 0.2010351 0.2959412 0.2047921 0.2767096 0.2010351 0.2765391 0.2024265 0.1739231 0.1765003 0.1753577 0.1766828 0.1729905 0.1574245 0.1739231 0.1765003 0.1729905 0.1574245 0.1715998 0.1575953 0.1732352 0.1839031 0.1715998 0.1842628 0.1730181 0.1961423 0.1732352 0.1839031 0.1730181 0.1961423 0.1745193 0.1959595 0.2113308 0.5118051 0.2113308 0.5491407 0.2181583 0.5490421 0.2113308 0.5118051 0.2181583 0.5490421 0.2181583 0.5096177 0.2125145 0.2183082 0.2498508 0.2183082 0.2520819 0.2109396 0.2125145 0.2183082 0.2520819 0.2109396 0.2126566 0.2109396 0.2957583 0.203358 0.2959412 0.2047921 0.3032724 0.2026709 0.2957583 0.203358 0.3032724 0.2026709 0.3036313 0.201035 0.3029761 0.3439845 0.2729623 0.3439845 0.2729616 0.345497 0.3029761 0.3439845 0.2729616 0.345497 0.3029754 0.345497 0.2181583 0.5096177 0.2181583 0.5490421 0.229996 0.5428829 0.2181583 0.5096177 0.229996 0.5428829 0.2299953 0.5127794 0.2126566 0.2109396 0.2520819 0.2109396 0.2489255 0.1992542 0.2126566 0.2109396 0.2489255 0.1992542 0.2188212 0.1992542 0.3036313 0.201035 0.3032724 0.2026709 0.3148649 0.203925 0.3036313 0.201035 0.3148649 0.203925 0.3150473 0.2024234 0.2484191 0.1004084 0.2511911 0.08098709 0.2138547 0.08098709 0.2484191 0.1004084 0.2138547 0.08098709 0.2138532 0.1004089 0.1946751 0.8378605 0.201896 0.8357385 0.2022561 0.8341025 0.1946751 0.8378605 0.2022561 0.8341025 0.1944929 0.8364259 0.2511512 0.1194704 0.2483851 0.1004089 0.2138197 0.1004089 0.2511512 0.1194704 0.2138197 0.1004089 0.2138154 0.1194704 0.3966823 0.1434475 0.3966852 0.144849 0.4308236 0.1448489 0.3966823 0.1434475 0.4308236 0.1448489 0.4308206 0.1434475 0.6424505 0.0777058 0.6618536 0.07534867 0.6616851 0.07395738 0.6424505 0.0777058 0.6616851 0.07395738 0.6426351 0.07627254 0.1944929 0.8364259 0.175588 0.8341025 0.1754169 0.8354939 0.1944929 0.8364259 0.1754169 0.8354939 0.1946751 0.8378605 0.201896 0.8357385 0.213949 0.8370482 0.2141324 0.8355469 0.201896 0.8357385 0.2141324 0.8355469 0.2022561 0.8341025 0.2511911 0.08098709 0.2533898 0.07402908 0.2139646 0.07402908 0.2511911 0.08098709 0.2139646 0.07402908 0.2138547 0.08098709 0.2138154 0.1194704 0.2139654 0.1269781 0.2533898 0.126978 0.2138154 0.1194704 0.2533898 0.126978 0.2511512 0.1194704 0.6426351 0.07627254 0.6347674 0.07395738 0.6351241 0.07559305 0.6426351 0.07627254 0.6351241 0.07559305 0.6424505 0.0777058 0.09412723 0.5927215 0.09261471 0.5927205 0.09261465 0.6227344 0.09412723 0.5927215 0.09261465 0.6227344 0.09412723 0.6227353 0.2533898 0.07402908 0.2502324 0.06218039 0.2201279 0.06218039 0.2533898 0.07402908 0.2201279 0.06218039 0.2139646 0.07402908 0.2139654 0.1269781 0.2201264 0.1386619 0.25023 0.1386619 0.2139654 0.1269781 0.25023 0.1386619 0.2533898 0.126978 0.6347674 0.07395738 0.6233451 0.07529264 0.6235254 0.0767942 0.6347674 0.07395738 0.6235254 0.0767942 0.6351241 0.07559305 0.2898155 0.7120836 0.2890632 0.7122815 0.2983228 0.7336448 0.2898155 0.7120836 0.2983228 0.7336448 0.299075 0.7334469 0.1513074 0.8888201 0.1527309 0.8888201 0.1540642 0.8787496 0.1513074 0.8888201 0.1540642 0.8787496 0.1491931 0.8787496 0.146151 0.8666614 0.1449197 0.8667223 0.1449216 0.8769782 0.146151 0.8666614 0.1449216 0.8769782 0.1491354 0.8767693 0.2236812 0.5763469 0.2234848 0.5854367 0.2246925 0.5852983 0.2236812 0.5763469 0.2246925 0.5852983 0.2278145 0.5758733 0.2915643 0.7047975 0.2898155 0.7120836 0.2907302 0.711923 0.2915643 0.7047975 0.2907302 0.711923 0.2923012 0.7053776 0.1449197 0.8667223 0.1436856 0.8666614 0.1406981 0.8767693 0.1449197 0.8667223 0.1406981 0.8767693 0.1449216 0.8769782 0.1632633 0.6029196 0.1618429 0.6029196 0.1599096 0.612915 0.1632633 0.6029196 0.1599096 0.612915 0.1647708 0.612915 0.2222285 0.5852983 0.2234848 0.5854367 0.2236812 0.5763469 0.2222285 0.5852983 0.2236812 0.5763469 0.2193822 0.5758733 0.2864929 0.697754 0.2865221 0.7304337 0.2874108 0.7305306 0.2864929 0.697754 0.2874108 0.7305306 0.2873815 0.697851 0.2923012 0.7053776 0.3129388 0.6797422 0.3122019 0.6791623 0.2923012 0.7053776 0.3122019 0.6791623 0.2915643 0.7047975 0.2873815 0.697851 0.2874108 0.6900766 0.2865229 0.6906496 0.2873815 0.697851 0.2865229 0.6906496 0.2864929 0.697754 0.9625974 0.347286 0.9627249 0.315232 0.9618672 0.3154228 0.9625974 0.347286 0.9618672 0.3154228 0.9617396 0.3474766 0.3324301 0.582093 0.3426273 0.6133841 0.3434672 0.6131208 0.3324301 0.582093 0.3434672 0.6131208 0.33327 0.5818296 0.2671601 0.6221284 0.2681292 0.6220321 0.2686385 0.6149932 0.2671601 0.6221284 0.2686385 0.6149932 0.2677177 0.6143689 0.9617396 0.3474766 0.9618583 0.3540549 0.9627249 0.3545549 0.9617396 0.3474766 0.9627249 0.3545549 0.9625974 0.347286 0.3334761 0.573961 0.3342188 0.574453 0.350505 0.5577711 0.3334761 0.573961 0.350505 0.5577711 0.3497624 0.5572791 0.3342188 0.574453 0.3349143 0.5748868 0.3512005 0.5582048 0.3342188 0.574453 0.3512005 0.5582048 0.350505 0.5577711 0.2907302 0.711923 0.2898155 0.7120836 0.299075 0.7334469 0.2907302 0.711923 0.299075 0.7334469 0.2999898 0.7332863 0.1598766 0.5108777 0.1602461 0.515523 0.162971 0.515523 0.1598766 0.5108777 0.162971 0.515523 0.163347 0.5108777 0.1668976 0.4965646 0.1673139 0.5004086 0.1700383 0.5004086 0.1668976 0.4965646 0.1700383 0.5004086 0.1703673 0.4965646 0.2496763 0.6640604 0.2482393 0.6650475 0.2482393 0.6685179 0.2496763 0.6640604 0.2482393 0.6685179 0.2496763 0.6695036 0.4537786 0.5029219 0.4569342 0.5025183 0.4569342 0.4997934 0.4537786 0.5029219 0.4569342 0.4997934 0.4537786 0.4994515 0.4518231 0.5066935 0.4528665 0.5057526 0.4528665 0.5022855 0.4518231 0.5066935 0.4528665 0.5022855 0.4518231 0.5012552 0.8489129 0.573014 0.8466891 0.5730109 0.8466891 0.5757358 0.8489129 0.573014 0.8466891 0.5757358 0.8489129 0.5757389 0.4476824 0.5012372 0.4466024 0.5022166 0.4466024 0.5056867 0.4476824 0.5012372 0.4466024 0.5056867 0.4476824 0.5066804 0.445132 0.5066621 0.4466024 0.5056772 0.4466024 0.5022074 0.445132 0.5066621 0.4466024 0.5022074 0.445132 0.5012198 0.163347 0.510896 0.1636934 0.515523 0.1664159 0.515523 0.163347 0.510896 0.1664159 0.515523 0.1668141 0.510896 0.4434143 0.5068498 0.445132 0.5066621 0.445132 0.5012198 0.4434143 0.5068498 0.445132 0.5012198 0.4434143 0.5010711 0.4497569 0.5010704 0.4476824 0.5012372 0.4476824 0.5066804 0.4497569 0.5010704 0.4476824 0.5066804 0.4497569 0.5068498 0.4497569 0.5068498 0.4518231 0.5066935 0.4518231 0.5012552 0.4497569 0.5068498 0.4518231 0.5012552 0.4497569 0.5010758 0.2496477 0.6695036 0.2482393 0.6696857 0.2482393 0.6751285 0.2496477 0.6695036 0.2482393 0.6751285 0.2496477 0.6752829 0.5442151 0.7780398 0.5442151 0.7722638 0.5398935 0.7721309 0.5442151 0.7780398 0.5398935 0.7721309 0.5398935 0.7779068 0.2924116 0.6645193 0.2915715 0.6648443 0.3053054 0.6835825 0.2924116 0.6645193 0.3053054 0.6835825 0.3061455 0.6832575 0.5109513 0.8178419 0.5095515 0.8178419 0.5076947 0.8278322 0.5109513 0.8178419 0.5076947 0.8278322 0.5124847 0.8278322 0.1476593 0.91819 0.1463218 0.9181901 0.1457939 0.9282235 0.1476593 0.91819 0.1457939 0.9282235 0.1503708 0.9282229 0.164592 0.5724142 0.1635483 0.5819538 0.1646039 0.5818746 0.164592 0.5724142 0.1646039 0.5818746 0.1682045 0.5721426 0.5183779 0.8639542 0.5189839 0.8711094 0.5199179 0.8704964 0.5183779 0.8639542 0.5199179 0.8704964 0.5193699 0.8640684 0.1463218 0.9181901 0.145231 0.91819 0.1420611 0.9282227 0.1463218 0.9181901 0.1420611 0.9282227 0.1457939 0.9282235 0.2288089 0.5854367 0.2302235 0.5854367 0.2326558 0.5753447 0.2288089 0.5854367 0.2326558 0.5753447 0.2278145 0.5753447 0.1621941 0.5818746 0.1635483 0.5819538 0.164592 0.5724142 0.1621941 0.5818746 0.164592 0.5724142 0.1599574 0.5721426 0.2925016 0.6570299 0.3068557 0.6274233 0.3060226 0.6270411 0.2925016 0.6570299 0.3060226 0.6270411 0.2916683 0.6566481 0.5193699 0.8640684 0.5199179 0.831489 0.518926 0.8313748 0.5193699 0.8640684 0.518926 0.8313748 0.5183779 0.8639542 0.2916683 0.6566481 0.2915715 0.6648443 0.2924116 0.6645193 0.2916683 0.6566481 0.2924116 0.6645193 0.2925016 0.6570299 0.2990738 0.7061122 0.3090997 0.7374539 0.3100289 0.7371724 0.2990738 0.7061122 0.3100289 0.7371724 0.3000031 0.7058305 0.2686385 0.6219373 0.2691311 0.6548289 0.2700955 0.6547903 0.2686385 0.6219373 0.2700955 0.6547903 0.269603 0.6218987 0.3000031 0.7058305 0.3008409 0.6991656 0.3000017 0.6987473 0.3000031 0.7058305 0.3000017 0.6987473 0.2990738 0.7061122 0.2994147 0.6982322 0.3000017 0.6987473 0.3160362 0.6821838 0.2994147 0.6982322 0.3160362 0.6821838 0.3154495 0.6816688 0.3000017 0.6987473 0.3008409 0.6991656 0.3168754 0.6826023 0.3000017 0.6987473 0.3168754 0.6826023 0.3160362 0.6821838 0.2931217 0.6641236 0.2924116 0.6645193 0.3061455 0.6832575 0.2931217 0.6641236 0.3061455 0.6832575 0.3068557 0.6828619 0.1636775 0.5087409 0.1631957 0.5041994 0.1604854 0.5041994 0.1636775 0.5087409 0.1604854 0.5041994 0.1602258 0.5087409 0.1599569 0.4963545 0.1603324 0.5004086 0.1630573 0.5004086 0.1599569 0.4963545 0.1630573 0.5004086 0.1634274 0.4963545 0.4959914 0.8166087 0.4945873 0.8175035 0.4945873 0.8209214 0.4959914 0.8166087 0.4945873 0.8209214 0.4959914 0.8219698 0.237448 0.5952559 0.2408723 0.5948442 0.2408723 0.5921194 0.237448 0.5952559 0.2408723 0.5921194 0.237448 0.591786 0.549569 0.7778731 0.5507428 0.7768236 0.5507428 0.7733626 0.549569 0.7778731 0.5507428 0.7733626 0.5495692 0.7724447 0.27788 0.6584254 0.2802303 0.6581866 0.2802303 0.655503 0.27788 0.6584254 0.2802303 0.655503 0.27788 0.6557418 0.4959914 0.8219698 0.4945873 0.8209214 0.491594 0.8212257 0.4959914 0.8219698 0.491594 0.8212257 0.4912964 0.8224471 0.5460266 0.7778705 0.5474855 0.7768843 0.5474855 0.7734139 0.5460266 0.7778705 0.5474855 0.7734139 0.5460266 0.7724273 0.1403802 0.9339125 0.1407498 0.9385782 0.1434673 0.9385782 0.1403802 0.9339125 0.1434673 0.9385782 0.143841 0.9339125 0.5442151 0.7780398 0.5460266 0.7778705 0.5460266 0.7724273 0.5442151 0.7780398 0.5460266 0.7724273 0.5442151 0.7722604 0.2408723 0.5952559 0.2429002 0.5950392 0.2429002 0.5896251 0.2408723 0.5952559 0.2429002 0.5896251 0.2408723 0.5895078 0.5474855 0.7780398 0.549569 0.7778731 0.5495692 0.7724447 0.5474855 0.7780398 0.5495692 0.7724447 0.5474855 0.7722762 0.2449266 0.5952559 0.2464549 0.5950704 0.2464549 0.5896275 0.2449266 0.5952559 0.2464549 0.5896275 0.2449266 0.5894768 0.1652663 0.5645307 0.1652663 0.5588815 0.1606375 0.5581508 0.1652663 0.5645307 0.1606375 0.5581508 0.1606375 0.5637999 0.2707076 0.2892685 0.2786553 0.2892684 0.2786656 0.2874404 0.2707076 0.2892685 0.2786656 0.2874404 0.2707181 0.2874404 0.1200506 0.6216685 0.1218418 0.6216606 0.1218419 0.613713 0.1200506 0.6216685 0.1218419 0.613713 0.1200507 0.6137211 0.08041584 0.6336823 0.07801049 0.6336819 0.07801049 0.6360873 0.08041584 0.6336823 0.07801049 0.6360873 0.08041584 0.6360878 0.6181904 0.06612902 0.618187 0.06790834 0.6261346 0.06790834 0.6181904 0.06612902 0.6261346 0.06790834 0.626138 0.06612902 0.1814772 0.5332799 0.1814772 0.5412269 0.1834244 0.5412083 0.1814772 0.5332799 0.1834244 0.5412083 0.1834244 0.5332612 0.1313331 0.6688638 0.1392806 0.6688638 0.1392908 0.6670361 0.1313331 0.6688638 0.1392908 0.6670361 0.1313434 0.6670361 0.9051948 0.2659944 0.8987882 0.2753156 0.9108706 0.2797216 0.9051948 0.2659944 0.9108706 0.2797216 0.9108706 0.2684441 0.8917949 0.1638092 0.8917951 0.2665007 0.9029797 0.2605634 0.8917949 0.1638092 0.9029797 0.2605634 0.9029796 0.1697463 0.8987895 0.154994 0.9051961 0.1643155 0.9108721 0.1618655 0.8987895 0.154994 0.9108721 0.1618655 0.9108721 0.1505883 0.9934446 0.6667169 0.9996539 0.6667169 0.9996539 0.6605347 0.9934446 0.6667169 0.9996539 0.6605347 0.9934446 0.6605347 0.9934443 0.8425491 0.9934443 0.9452408 0.9996539 0.9452408 0.9934443 0.8425491 0.9996539 0.9452408 0.9996539 0.8425491 0.9934443 0.831296 0.9996539 0.831296 0.9996539 0.8184354 0.9934443 0.831296 0.9996539 0.8184354 0.9934443 0.8184354 0.9934446 0.7634001 0.9996539 0.7634001 0.9996539 0.6725825 0.9934446 0.7634001 0.9996539 0.6725825 0.9934446 0.6725828 0.9214762 0.214354 0.908084 0.2214477 0.9185658 0.2285524 0.9214762 0.214354 0.9185658 0.2285524 0.9267115 0.2242379 0.937885 0.2698352 0.9211015 0.2627221 0.9170509 0.2675737 0.937885 0.2698352 0.9170509 0.2675737 0.9270379 0.278596 0.9270379 0.278596 0.9170509 0.2675737 0.9108706 0.2684441 0.9270379 0.278596 0.9108706 0.2684441 0.9108706 0.2797216 0.9934443 0.8425491 0.9996539 0.8425491 0.9996539 0.831296 0.9934443 0.8425491 0.9996539 0.831296 0.9934443 0.831296 0.9996539 0.8022291 0.9934443 0.8022289 0.9934443 0.8184354 0.9996539 0.8022291 0.9934443 0.8184354 0.9996539 0.8184354 0.9378867 0.1604744 0.9270396 0.1517136 0.9170522 0.1627359 0.9378867 0.1604744 0.9170522 0.1627359 0.921103 0.1675878 0.9934446 0.6479734 0.9934446 0.6542937 0.9996539 0.6542937 0.9934446 0.6479734 0.9996539 0.6542937 0.9996539 0.6479734 0.9934446 0.6542937 0.9934446 0.6605347 0.9996539 0.6605347 0.9934446 0.6542937 0.9996539 0.6605347 0.9996539 0.6542937 0.9270396 0.1517136 0.9108721 0.1505883 0.9108721 0.1618655 0.9270396 0.1517136 0.9108721 0.1618655 0.9170522 0.1627359 0.9996539 0.7882857 0.9934443 0.7882857 0.9934443 0.8022289 0.9996539 0.7882857 0.9934443 0.8022289 0.9996539 0.8022291 0.9934446 0.6725828 0.9996539 0.6725825 0.9996539 0.6667169 0.9934446 0.6725828 0.9996539 0.6667169 0.9934446 0.6667169 0.8917949 0.1638092 0.9029796 0.1697463 0.9051961 0.1643155 0.8917949 0.1638092 0.9051961 0.1643155 0.8987895 0.154994 0.902978 0.2605634 0.8917934 0.2665007 0.8987882 0.2753156 0.902978 0.2605634 0.8987882 0.2753156 0.9051948 0.2659944 0.9051964 0.2659944 0.89879 0.2753156 0.9108723 0.2797216 0.9051964 0.2659944 0.9108723 0.2797216 0.9108723 0.2684441 0.5074864 0.5702567 0.5187222 0.5689583 0.5192141 0.5627958 0.5074864 0.5702567 0.5192141 0.5627958 0.5092486 0.5575172 0.898788 0.154994 0.9051947 0.1643155 0.9108706 0.1618655 0.898788 0.154994 0.9108706 0.1618655 0.9108706 0.1505883 0.9996539 0.7692659 0.9934446 0.7692659 0.9934443 0.775448 0.9996539 0.7692659 0.9934443 0.775448 0.9996539 0.775448 0.9488743 0.1683264 0.9176909 0.1685035 0.9236915 0.1796541 0.9488743 0.1683264 0.9236915 0.1796541 0.9489377 0.1795108 0.9996539 0.9564937 0.9934443 0.9564937 0.9934443 0.9693545 0.9996539 0.9564937 0.9934443 0.9693545 0.9996539 0.9693545 0.9374697 0.2470676 0.9312602 0.2470676 0.9312602 0.2532497 0.9374697 0.2470676 0.9312602 0.2532497 0.9374697 0.2532497 0.9148043 0.2330533 0.9035685 0.2317548 0.9053305 0.2444944 0.9148043 0.2330533 0.9053305 0.2444944 0.9152963 0.2392159 0.9378867 0.2698352 0.9211031 0.2627221 0.9170525 0.2675737 0.9378867 0.2698352 0.9170525 0.2675737 0.9270396 0.278596 0.9270396 0.278596 0.9170525 0.2675737 0.9108723 0.2684441 0.9270396 0.278596 0.9108723 0.2684441 0.9108723 0.2797216 0.9996539 0.9452408 0.9934443 0.9452408 0.9934443 0.9564937 0.9996539 0.9452408 0.9934443 0.9564937 0.9996539 0.9564937 0.9934443 0.9855608 0.9996537 0.9855608 0.9996539 0.9693545 0.9934443 0.9855608 0.9996539 0.9693545 0.9934443 0.9693545 0.937885 0.1604745 0.9270379 0.1517136 0.9170509 0.1627359 0.937885 0.1604745 0.9170509 0.1627359 0.9211014 0.1675878 0.9996539 0.7880095 0.9996539 0.7816892 0.9934446 0.7816892 0.9996539 0.7880095 0.9934446 0.7816892 0.9934443 0.7880095 0.9996539 0.7816892 0.9996539 0.775448 0.9934443 0.775448 0.9996539 0.7816892 0.9934443 0.775448 0.9934446 0.7816892 0.9270379 0.1517136 0.9108706 0.1505883 0.9108706 0.1618655 0.9270379 0.1517136 0.9108706 0.1618655 0.9170509 0.1627359 0.9934443 0.999504 0.9996537 0.999504 0.9996537 0.9855608 0.9934443 0.999504 0.9996537 0.9855608 0.9934443 0.9855608 0.9996539 0.7634001 0.9934446 0.7634001 0.9934446 0.7692659 0.9996539 0.7634001 0.9934446 0.7692659 0.9996539 0.7692659 0.8917932 0.1638092 0.902978 0.1697463 0.9051947 0.1643155 0.8917932 0.1638092 0.9051947 0.1643155 0.898788 0.154994 0.9029797 0.2605634 0.8917951 0.2665007 0.89879 0.2753156 0.9029797 0.2605634 0.89879 0.2753156 0.9051964 0.2659944 0.9983503 0.07390868 0.9983503 0.06272423 0.9921407 0.06272423 0.9983503 0.07390868 0.9921407 0.06272423 0.9921407 0.07390868 0.2700601 0.3146654 0.2817261 0.3146654 0.2817165 0.310047 0.2700601 0.3146654 0.2817165 0.310047 0.2700505 0.310047 0.2714166 0.3033625 0.2714262 0.3079816 0.2815381 0.3079817 0.2714166 0.3033625 0.2815381 0.3079817 0.2815283 0.3033625 0.07781863 0.6360883 0.0731998 0.6360878 0.0731998 0.6409449 0.07781863 0.6360883 0.0731998 0.6409449 0.07781863 0.6409453 0.06617766 0.6250013 0.06155878 0.6250011 0.06155878 0.6329473 0.06617766 0.6250013 0.06155878 0.6329473 0.06617766 0.6329478 0.1047257 0.6153177 0.1093446 0.6153081 0.1093068 0.6106193 0.1047257 0.6153177 0.1093068 0.6106193 0.1046887 0.6106292 0.07781863 0.6409453 0.08243751 0.640944 0.08243751 0.6360888 0.07781863 0.6409453 0.08243751 0.6360888 0.07781863 0.6360898 0.304579 0.2815944 0.300279 0.2815945 0.3002778 0.2864553 0.304579 0.2815944 0.3002778 0.2864553 0.3045775 0.2892685 0.3088795 0.2815944 0.304579 0.2815944 0.3045775 0.2892685 0.3088795 0.2815944 0.3045775 0.2892685 0.3088784 0.2864553 0.18967 0.3645361 0.18967 0.3731368 0.1973459 0.3688371 0.18967 0.3645361 0.1973459 0.3688371 0.1945316 0.3645365 0.1046887 0.6191233 0.1093067 0.6191138 0.1093446 0.6153081 0.1046887 0.6191233 0.1093446 0.6153081 0.1047257 0.6153177 0.18967 0.3645361 0.181716 0.3527233 0.1817159 0.3833745 0.18967 0.3645361 0.1817159 0.3833745 0.18967 0.3731368 0.2622269 0.5671411 0.2622293 0.5625224 0.2316699 0.5625224 0.2622269 0.5671411 0.2316699 0.5625224 0.2316675 0.5671411 0.2884688 0.2736421 0.300279 0.2815945 0.304579 0.2815944 0.2884688 0.2736421 0.304579 0.2815944 0.3191193 0.273642 0.1416712 0.6644271 0.1416733 0.6603251 0.1331753 0.6603022 0.1416712 0.6644271 0.1331753 0.6603022 0.1331731 0.6644045 0.2719747 0.276661 0.2719758 0.2807628 0.2800366 0.2807801 0.2719747 0.276661 0.2800366 0.2807801 0.2800354 0.2766783 0.2800354 0.2766783 0.2800366 0.2807801 0.2884671 0.2807628 0.2800354 0.2766783 0.2884671 0.2807628 0.2884659 0.276661 0.1333214 0.6561547 0.1333301 0.6602562 0.1409488 0.6603022 0.1333214 0.6561547 0.1409488 0.6603022 0.1409401 0.6562007 0.1409401 0.6562007 0.1409488 0.6603022 0.1496409 0.6602562 0.1409401 0.6562007 0.1496409 0.6602562 0.1496322 0.6561547 0.4956264 0.578553 0.4997287 0.578557 0.4997287 0.5704688 0.4956264 0.578553 0.4997287 0.5704688 0.4956264 0.5704646 0.100852 0.6106193 0.09674966 0.6106225 0.09674966 0.6190316 0.100852 0.6106193 0.09674966 0.6190316 0.100852 0.6190285 0.1496386 0.6644045 0.1496409 0.6603022 0.1416733 0.6603251 0.1496386 0.6644045 0.1416733 0.6603251 0.1416712 0.6644271 0.9727153 0.6971856 0.9762309 0.688495 0.9762309 0.5614712 0.9727153 0.6971856 0.9762309 0.5614712 0.9727156 0.5527808 0.9216823 0.2277103 0.9216823 0.2442467 0.9302655 0.2456101 0.9216823 0.2277103 0.9302655 0.2456101 0.9302655 0.2290735 0.9841876 0.6994646 0.9841875 0.843697 0.9923388 0.8423442 0.9841876 0.6994646 0.9923388 0.8423442 0.9923388 0.7008174 0.9598551 0.7068124 0.9598546 0.8363903 0.9713684 0.8363903 0.9598551 0.7068124 0.9713684 0.8363903 0.9713689 0.7068124 0.9832709 0.1768205 0.9828159 0.1929436 0.9863312 0.1929702 0.9832709 0.1768205 0.9863312 0.1929702 0.9863312 0.1764335 0.9769505 0.6982749 0.9769503 0.8448868 0.9841875 0.843697 0.9769505 0.6982749 0.9841875 0.843697 0.9841876 0.6994646 0.9762309 0.688495 0.9881892 0.688495 0.9881892 0.5614712 0.9762309 0.688495 0.9881892 0.5614712 0.9762309 0.5614712 0.9828159 0.1929436 0.9832709 0.1768205 0.9821121 0.177546 0.9828159 0.1929436 0.9821121 0.177546 0.9804674 0.1848465 0.9815159 0.9977843 0.9815159 0.8655727 0.9655464 0.8681669 0.9815159 0.9977843 0.9655464 0.8681669 0.9655465 0.9951898 0.9743917 0.8449081 0.9769503 0.8448868 0.9769505 0.6982749 0.9743917 0.8449081 0.9769505 0.6982749 0.9743919 0.6982961 0.9636105 0.2078887 0.9721937 0.2065252 0.9721937 0.1899887 0.9636105 0.2078887 0.9721937 0.1899887 0.9636105 0.1913521 0.9771664 0.1935087 0.9802267 0.1938956 0.9802267 0.1773589 0.9771664 0.1935087 0.9802267 0.1773589 0.9767112 0.1773856 0.9767112 0.1773856 0.974363 0.1854827 0.9760075 0.1927832 0.9767112 0.1773856 0.9760075 0.1927832 0.9771664 0.1935087 0.9713689 0.7068124 0.9713684 0.8363903 0.9743917 0.8449081 0.9713689 0.7068124 0.9743917 0.8449081 0.9743919 0.6982961 0.3959887 0.01050847 0.3960275 0.1384839 0.4130052 0.1261042 0.3959887 0.01050847 0.4130052 0.1261042 0.4132255 0.02276116 0.5695133 0.1256492 0.5697541 0.02224165 0.5527135 0.01001077 0.5695133 0.1256492 0.5527135 0.01001077 0.5527426 0.1379981 0.5812162 0.124622 0.5812441 0.02321225 0.5697541 0.02224165 0.5812162 0.124622 0.5697541 0.02224165 0.5695133 0.1256492 0.4132255 0.02276116 0.4130052 0.1261042 0.4238441 0.1251286 0.4132255 0.02276116 0.4238441 0.1251286 0.4238794 0.02368527 0.4729288 0.2173747 0.4729288 0.2198956 0.4887 0.2291405 0.4729288 0.2173747 0.4887 0.2291405 0.4887 0.2266196 0.3960275 0.1384839 0.3959887 0.01050847 0.3759334 0.01051443 0.3960275 0.1384839 0.3759334 0.01051443 0.375972 0.1384899 0.5048251 0.1380088 0.5047964 0.0100215 0.4276239 0.01003891 0.5048251 0.1380088 0.4276239 0.01003891 0.4276526 0.1380262 0.5329057 0.1380026 0.5328767 0.0100153 0.5047964 0.0100215 0.5329057 0.1380026 0.5047964 0.0100215 0.5048251 0.1380088 0.3716406 0.2173741 0.3558688 0.2266195 0.3558688 0.2291405 0.3716406 0.2173741 0.3558688 0.2291405 0.3716406 0.2198953 0.375972 0.1384899 0.3759334 0.01051443 0.3473774 0.01052314 0.375972 0.1384899 0.3473774 0.01052314 0.3474161 0.1384987 0.5527426 0.1379981 0.5527135 0.01001077 0.5328767 0.0100153 0.5527426 0.1379981 0.5328767 0.0100153 0.5329057 0.1380026 0.4729288 0.2173747 0.3716406 0.2173741 0.3716406 0.2198953 0.4729288 0.2173747 0.3716406 0.2198953 0.4729288 0.2198956 0.3474161 0.1384987 0.3473774 0.01052314 0.2702119 0.0105465 0.3474161 0.1384987 0.2702119 0.0105465 0.2702506 0.1385219 0.4408463 0.5347445 0.3957026 0.5347445 0.3956807 0.543776 0.4408463 0.5347445 0.3956807 0.543776 0.4408247 0.543776 0.4408247 0.543776 0.3956807 0.543776 0.3956974 0.5532219 0.4408247 0.543776 0.3956974 0.5532219 0.4408413 0.5532217 0.171082 0.5446898 0.171082 0.5898304 0.1796183 0.5898991 0.171082 0.5446898 0.1796183 0.5898991 0.1796183 0.5447587 0.1796183 0.5447587 0.1796183 0.5898991 0.1893575 0.5898684 0.1796183 0.5447587 0.1893575 0.5898684 0.1893575 0.5447278 0.3957018 0.571706 0.4408463 0.571706 0.4408373 0.5626437 0.3957018 0.571706 0.4408373 0.5626437 0.3956928 0.5626437 0.3956928 0.5626437 0.4408373 0.5626437 0.4408444 0.5532219 0.3956928 0.5626437 0.4408444 0.5532219 0.3957002 0.5532217 0.2062808 0.9973397 0.2229987 0.9797394 0.2223316 0.9784532 0.2062808 0.9973397 0.2223316 0.9784532 0.2050186 0.9970225 0.2886727 0.9630047 0.2520933 0.9648922 0.253202 0.9661115 0.2886727 0.9630047 0.253202 0.9661115 0.288812 0.9644622 0.2696428 0.7680947 0.2694887 0.7694022 0.2886766 0.7694351 0.2696428 0.7680947 0.2886766 0.7694351 0.2888107 0.7681275 0.2901743 0.9631057 0.2901743 0.7694627 0.2886766 0.7694351 0.2901743 0.9631057 0.2886766 0.7694351 0.2886727 0.9630047 0.2362529 0.7694424 0.2694887 0.7694022 0.2696428 0.7680947 0.2362529 0.7694424 0.2696428 0.7680947 0.2373303 0.7681339 0.3188738 0.997788 0.3175111 0.9987062 0.3212851 0.9978792 0.3188738 0.997788 0.3212851 0.9978792 0.3226477 0.9969609 0.3225607 0.8039063 0.3209778 0.7872285 0.3170297 0.7873892 0.3225607 0.8039063 0.3170297 0.7873892 0.3186131 0.8041288 0.3226477 0.9969609 0.3165242 0.9577503 0.3126011 0.9578299 0.3226477 0.9969609 0.3126011 0.9578299 0.3188738 0.997788 0.3226477 0.8523123 0.318753 0.8518376 0.3126011 0.9578299 0.3226477 0.8523123 0.3126011 0.9578299 0.3165242 0.9577503 0.29615 0.8522664 0.2901743 0.9564715 0.3126011 0.9578299 0.29615 0.8522664 0.3126011 0.9578299 0.318753 0.8518376 0.2039846 0.9984681 0.2050186 0.9970225 0.1414524 0.9972801 0.2039846 0.9984681 0.1414524 0.9972801 0.1424608 0.9987062 0.2229987 0.9797394 0.253202 0.9661115 0.2520933 0.9648922 0.2229987 0.9797394 0.2520933 0.9648922 0.2223316 0.9784532 0.1414263 0.9536941 0.1414524 0.9972801 0.2050186 0.9970225 0.1414263 0.9536941 0.2050186 0.9970225 0.2223316 0.9784532 0.2314345 0.8264376 0.2694693 0.953437 0.2694887 0.7694022 0.2314345 0.8264376 0.2694887 0.7694022 0.2361271 0.810158 0.2314278 0.8264414 0.2361206 0.8101618 0.2694821 0.769406 0.2314278 0.8264414 0.2694821 0.769406 0.2694626 0.9534408 0.8667414 0.09738123 0.8667414 0.1292132 0.8619661 0.1292132 0.8667414 0.09738123 0.8619661 0.1292132 0.8619547 0.09738361 0.3159072 0.7451136 0.3186658 0.7446627 0.3133772 0.6995514 0.3159072 0.7451136 0.3133772 0.6995514 0.310604 0.6998765 0.8073799 0.1292132 0.80738 0.09738361 0.8295012 0.09738361 0.8073799 0.1292132 0.8295012 0.09738361 0.8295012 0.1292132 0.8294722 0.1312047 0.8077171 0.1311868 0.8073799 0.1292132 0.8294722 0.1312047 0.8073799 0.1292132 0.8295012 0.1292132 0.8076909 0.1630164 0.8077171 0.1311868 0.8294722 0.1312047 0.8076909 0.1630164 0.8294722 0.1312047 0.8294461 0.1630343 0.7849978 0.1292132 0.7849978 0.09738361 0.80738 0.09738361 0.7849978 0.1292132 0.80738 0.09738361 0.8073799 0.1292132 0.7861581 0.1629987 0.7861842 0.1311691 0.8077171 0.1311868 0.7861581 0.1629987 0.8077171 0.1311868 0.8076909 0.1630164 0.7628089 0.1292132 0.7628089 0.09738361 0.7849978 0.09738361 0.7628089 0.1292132 0.7849978 0.09738361 0.7849978 0.1292132 0.7648209 0.1629813 0.764847 0.1311517 0.7861842 0.1311691 0.7648209 0.1629813 0.7861842 0.1311691 0.7861581 0.1629987 0.740548 0.09738409 0.7628089 0.09738361 0.7628089 0.1292132 0.740548 0.09738409 0.7628089 0.1292132 0.740548 0.1292132 0.7433937 0.1629635 0.7434197 0.1311341 0.764847 0.1311517 0.7433937 0.1629635 0.764847 0.1311517 0.7648209 0.1629813 0.3159072 0.7451136 0.3213602 0.7756769 0.3240039 0.7747245 0.3159072 0.7451136 0.3240039 0.7747245 0.3186658 0.7446627 0.9752094 0.01992815 0.9735383 0.01992815 0.9735383 0.05176025 0.9752094 0.01992815 0.9735383 0.05176025 0.9752094 0.05176025 0.8295012 0.1292132 0.8295012 0.09738361 0.8619547 0.09738361 0.8295012 0.1292132 0.8619547 0.09738361 0.8619661 0.1292132 0.8294461 0.1630343 0.8294722 0.1312047 0.8618468 0.1312311 0.8294461 0.1630343 0.8618468 0.1312311 0.8618095 0.163061 0.3240039 0.7747245 0.3213602 0.7756769 0.3381415 0.8022312 0.3240039 0.7747245 0.3381415 0.8022312 0.3401501 0.8002701 0.3401501 0.8002701 0.3381415 0.8022312 0.364055 0.8195005 0.3401501 0.8002701 0.364055 0.8195005 0.3650675 0.816879 0.3650675 0.816879 0.364055 0.8195005 0.3950222 0.8236395 0.3650675 0.816879 0.3950222 0.8236395 0.3948774 0.8208454 0.740548 0.09738409 0.740548 0.1292132 0.7116793 0.1292132 0.740548 0.09738409 0.7116793 0.1292132 0.7116793 0.09738361 0.3948774 0.8208454 0.3950222 0.8236395 0.435244 0.818764 0.3948774 0.8208454 0.435244 0.818764 0.4349747 0.8164342 0.310604 0.6998765 0.3133772 0.6995514 0.3123735 0.6929089 0.310604 0.6998765 0.3123735 0.6929089 0.3100441 0.693182 0.8618095 0.163061 0.8618468 0.1312311 0.8666222 0.131235 0.8618095 0.163061 0.8666222 0.131235 0.8665961 0.1630672 0.7146511 0.1629401 0.7146771 0.1311105 0.7434197 0.1311341 0.7146511 0.1629401 0.7434197 0.1311341 0.7433937 0.1629635 0.3701218 0.1714221 0.3701162 0.1469545 0.3284935 0.1469544 0.3701218 0.1714221 0.3284935 0.1469544 0.3284989 0.1714221 0.3701184 0.1964954 0.3701131 0.1720281 0.32849 0.1720281 0.3701184 0.1964954 0.32849 0.1720281 0.3284956 0.1964954 0.3736181 0.3192505 0.3736161 0.2947821 0.331984 0.2947821 0.3736181 0.3192505 0.331984 0.2947821 0.3319862 0.3192505 0.3701162 0.1469545 0.3701218 0.1714221 0.3734415 0.16823 0.3701162 0.1469545 0.3734415 0.16823 0.3734375 0.1501466 0.03704297 0.6282735 0.03870797 0.6282735 0.03870803 0.5866816 0.03704297 0.6282735 0.03870803 0.5866816 0.03704297 0.5866815 0.2750896 0.2243505 0.2929499 0.2243875 0.2929499 0.2227226 0.2750896 0.2243505 0.2929499 0.2227226 0.2750894 0.2226859 0.33604 0.291643 0.3360471 0.289978 0.332558 0.289978 0.33604 0.291643 0.332558 0.289978 0.3325509 0.291643 0.2966238 0.2243505 0.2966238 0.2226859 0.2929499 0.2227226 0.2966238 0.2243505 0.2929499 0.2227226 0.2929499 0.2243875 0.3319862 0.3192505 0.331984 0.2947821 0.328663 0.2979747 0.3319862 0.3192505 0.328663 0.2979747 0.3286647 0.3160578 0.328663 0.3192505 0.3286654 0.3437184 0.3702971 0.3437184 0.328663 0.3192505 0.3702971 0.3437184 0.3702951 0.3192505 0.3701131 0.1720281 0.3701184 0.1964954 0.3734382 0.1933037 0.3701131 0.1720281 0.3734382 0.1933037 0.3734342 0.1752198 0.2712422 0.5597308 0.2712419 0.561396 0.3128337 0.561396 0.2712422 0.5597308 0.3128337 0.561396 0.3128337 0.5597308 0.2103261 0.6204566 0.2103627 0.6025964 0.208698 0.6025965 0.2103261 0.6204566 0.208698 0.6025965 0.2086614 0.6204566 0.33604 0.2933085 0.3360471 0.291643 0.332558 0.291643 0.33604 0.2933085 0.332558 0.291643 0.3325509 0.2933084 0.2103261 0.5989224 0.2086614 0.5989226 0.208698 0.6025965 0.2103261 0.5989224 0.208698 0.6025965 0.2103627 0.6025964 0.3702951 0.3192505 0.3702971 0.3437184 0.3736181 0.3405267 0.3702951 0.3192505 0.3736181 0.3405267 0.3736164 0.3224427 0.5531585 0.6895046 0.5539201 0.6891699 0.5465623 0.6724479 0.5531585 0.6895046 0.5465623 0.6724479 0.5457527 0.6726391 0.5457527 0.6726391 0.5465623 0.6724479 0.5456327 0.6651019 0.5457527 0.6726391 0.5456327 0.6651019 0.5448071 0.6652043 0.5507826 0.6380637 0.5515868 0.6382765 0.5593921 0.6217575 0.5507826 0.6380637 0.5593921 0.6217575 0.5586398 0.6214023 0.1392958 0.8033584 0.1387097 0.8033584 0.1387097 0.9986689 0.1392958 0.8033584 0.1387097 0.9986689 0.1392958 0.9986689 0.1059384 0.802408 0.1059383 0.9996192 0.1387097 0.9986689 0.1059384 0.802408 0.1387097 0.9986689 0.1387097 0.8033584 0.09171807 0.9996192 0.09171813 0.802408 0.05126488 0.8020339 0.09171807 0.9996192 0.05126488 0.8020339 0.05126488 0.9994793 0.5515868 0.6382765 0.5507826 0.6380637 0.5496371 0.6454702 0.5515868 0.6382765 0.5496371 0.6454702 0.5504596 0.6455948 0.1059383 0.9996192 0.1059384 0.802408 0.09171813 0.802408 0.1059383 0.9996192 0.09171813 0.802408 0.09171807 0.9996192 0.553016 0.6668002 0.5522 0.6669623 0.5576141 0.6933222 0.553016 0.6668002 0.5576141 0.6933222 0.5584301 0.6931599 0.5448071 0.6652043 0.5456327 0.6651019 0.5487601 0.643974 0.5448071 0.6652043 0.5487601 0.643974 0.5479488 0.6437898 0.5504596 0.6455948 0.5496371 0.6454702 0.5522 0.6669623 0.5504596 0.6455948 0.5522 0.6669623 0.553016 0.6668002 8.42692e-4 0.9985704 0.001259684 0.9985704 0.001259684 0.8029429 8.42692e-4 0.9985704 0.001259684 0.8029429 8.42692e-4 0.8029429 0.05126488 0.9994793 0.05126488 0.8020339 0.001259684 0.8029429 0.05126488 0.9994793 0.001259684 0.8029429 0.001259684 0.9985704 0.5479488 0.6437898 0.5487601 0.643974 0.5548822 0.6177678 0.5479488 0.6437898 0.5548822 0.6177678 0.554071 0.6175836 0.6211254 0.05898588 0.6211263 0.06289321 0.6301582 0.0629118 0.6211254 0.05898588 0.6301582 0.0629118 0.6301571 0.05900532 0.6301571 0.05900532 0.6301582 0.0629118 0.6396041 0.06289321 0.6301571 0.05900532 0.6396041 0.06289321 0.6396029 0.05898576 0.140022 0.6654958 0.1400302 0.669402 0.1485667 0.6694533 0.140022 0.6654958 0.1485667 0.6694533 0.1485586 0.6655465 0.1485586 0.6655465 0.1485667 0.6694533 0.1583058 0.669402 0.1485586 0.6655465 0.1583058 0.669402 0.1582978 0.6654958 0.6387416 0.04388922 0.638742 0.03998309 0.6296796 0.03999048 0.6387416 0.04388922 0.6296796 0.03999048 0.6296792 0.04389744 0.6296792 0.04389744 0.6296796 0.03999048 0.6202576 0.03998309 0.6296792 0.04389744 0.6202576 0.03998309 0.620257 0.0438891 0.08641797 0.7202 0.07873398 0.7631078 0.08592128 0.7631081 0.08641797 0.7202 0.08592128 0.7631081 0.09360533 0.7202003 0.1316565 0.6282892 0.1369995 0.6438975 0.1422618 0.6365767 0.1316565 0.6282892 0.1422618 0.6365767 0.1422618 0.6231974 0.7939652 0.8563841 0.7935131 0.9087048 0.7999595 0.9087162 0.7939652 0.8563841 0.7999595 0.9087162 0.8001345 0.8563948 0.799955 0.9610377 0.7937857 0.9610269 0.7940172 0.9761317 0.799955 0.9610377 0.7940172 0.9761317 0.8082322 0.9764589 0.8518524 0.8194121 0.8633138 0.8409944 0.9020661 0.841287 0.8518524 0.8194121 0.9020661 0.841287 0.8784387 0.8194121 0.0953741 0.7202609 0.1024011 0.7202609 0.09523981 0.6773485 0.0953741 0.7202609 0.09523981 0.6773485 0.08840602 0.6773486 0.585367 0.0994271 0.5853759 0.1399265 0.6338297 0.1399265 0.585367 0.0994271 0.6338297 0.1399265 0.6338208 0.0994271 0.4139451 0.2209185 0.3735672 0.2209185 0.3735656 0.2241107 0.4139451 0.2209185 0.3735656 0.2241107 0.4139435 0.2241107 0.6796142 0.5609508 0.6796177 0.6014503 0.7280822 0.6014503 0.6796142 0.5609508 0.7280822 0.6014503 0.7280787 0.5609508 0.9455952 0.4406871 0.9456041 0.4811851 0.9940579 0.4811851 0.9455952 0.4406871 0.9940579 0.4811851 0.994049 0.4406871 0.2800722 0.1726419 0.2800719 0.1758333 0.3284897 0.1758334 0.2800722 0.1726419 0.3284897 0.1758334 0.32849 0.1726421 0.1714094 0.5898991 0.1714094 0.6302772 0.1746015 0.630279 0.1714094 0.5898991 0.1746015 0.630279 0.1746015 0.589901 0.6338297 0.09942543 0.6338332 0.1399251 0.6822977 0.1399251 0.6338297 0.09942543 0.6822977 0.1399251 0.6822943 0.09942543 0.6396043 0.05972033 0.6396041 0.0629118 0.6880219 0.0629118 0.6396043 0.05972033 0.6880219 0.0629118 0.6880221 0.05972033 0.709454 0.309419 0.6979815 0.3091046 0.6973848 0.3613016 0.709454 0.309419 0.6973848 0.3613016 0.7094514 0.3615239 0.7372039 0.3014886 0.7323433 0.3021305 0.7324196 0.3127539 0.7372039 0.3014886 0.7324196 0.3127539 0.7373796 0.3111516 0.7308593 0.3684636 0.7338017 0.3744164 0.7373796 0.3615466 0.7308593 0.3684636 0.7373796 0.3615466 0.7324422 0.3563796 0.5951125 0.7731865 0.5951352 0.7678953 0.5833683 0.7687976 0.5951125 0.7731865 0.5833683 0.7687976 0.5859026 0.7769128 0.7324422 0.3563796 0.7373796 0.3615466 0.7373796 0.3111516 0.7324422 0.3563796 0.7373796 0.3111516 0.7324196 0.3127539 0.2316028 0.2719622 0.2409378 0.2619943 0.240985 0.260922 0.2316028 0.2719622 0.240985 0.260922 0.2217914 0.2718665 0.7208967 0.8100753 0.7142707 0.8099042 0.7148292 0.8180388 0.7208967 0.8100753 0.7148292 0.8180388 0.7208967 0.8184915 0.5356961 0.8274277 0.5261771 0.8273352 0.5298153 0.8370995 0.5356961 0.8274277 0.5298153 0.8370995 0.5356961 0.8361059 0.691987 0.6184496 0.7016498 0.618627 0.7032521 0.6136664 0.691987 0.6184496 0.7032521 0.6136664 0.6926288 0.6135887 0.2396911 0.980687 0.2272301 0.9857183 0.2327927 0.9775787 0.2396911 0.980687 0.2327927 0.9775787 0.2446715 0.974815 0.8498214 0.5805005 0.8611758 0.5814381 0.8614033 0.5761469 0.8498214 0.5805005 0.8614033 0.5761469 0.8531247 0.5723936 0.7520449 0.618627 0.7468778 0.6136881 0.7032521 0.6136664 0.7520449 0.618627 0.7032521 0.6136664 0.7016498 0.618627 0.678115 0.4502288 0.6789191 0.5301511 0.6802324 0.5306124 0.678115 0.4502288 0.6802324 0.5306124 0.6802324 0.4524174 0.5892137 0.2575976 0.5801745 0.2474929 0.575401 0.2502259 0.5892137 0.2575976 0.575401 0.2502259 0.5894903 0.2587075 0.710981 0.8082826 0.7176069 0.8081116 0.7176069 0.799695 0.710981 0.8082826 0.7176069 0.799695 0.7115395 0.8001475 0.6089153 0.4389514 0.5950932 0.4276385 0.5959622 0.43641 0.6089153 0.4389514 0.5959622 0.43641 0.6030375 0.4402868 0.9795928 0.4963937 0.9883931 0.4963864 0.9883077 0.4900354 0.9795928 0.4963937 0.9883077 0.4900354 0.9794889 0.4901481 0.7183792 0.4206809 0.7095067 0.4208569 0.709846 0.4248538 0.7183792 0.4206809 0.709846 0.4248538 0.7186017 0.4247232 0.1738438 0.3135691 0.182645 0.3080897 0.1826694 0.2485784 0.1738438 0.3135691 0.1826694 0.2485784 0.173896 0.2486593 0.6384909 0.3690134 0.6473195 0.3686942 0.6473259 0.3580179 0.6384909 0.3690134 0.6473259 0.3580179 0.6385061 0.357953 0.9796174 0.5603882 0.9883931 0.5604959 0.9883931 0.4963864 0.9796174 0.5603882 0.9883931 0.4963864 0.9795928 0.4963937 0.7181982 0.3422098 0.7094614 0.3421722 0.7095067 0.4208569 0.7181982 0.3422098 0.7095067 0.4208569 0.7183792 0.4206809 0.5950932 0.4276385 0.5962841 0.3614696 0.5934121 0.3646281 0.5950932 0.4276385 0.5934121 0.3646281 0.5930256 0.4255242 0.6706573 0.4365757 0.6706573 0.3578551 0.6673665 0.3568506 0.6706573 0.4365757 0.6673665 0.3568506 0.6673641 0.4374494 0.6473195 0.3686942 0.6384909 0.3690134 0.638525 0.4297424 0.6473195 0.3686942 0.638525 0.4297424 0.6473653 0.42601 0.6473653 0.42601 0.638525 0.4297424 0.6385138 0.4378503 0.6473653 0.42601 0.6385138 0.4378503 0.6473259 0.4362105 0.7094614 0.3421722 0.7181982 0.3422098 0.7184014 0.3380146 0.7094614 0.3421722 0.7184014 0.3380146 0.7096452 0.3378891 0.1738438 0.3135691 0.1738765 0.3204209 0.1826694 0.3189892 0.1738438 0.3135691 0.1826694 0.3189892 0.182645 0.3080897 0.6673665 0.3568506 0.6679844 0.3536506 0.6085593 0.3536645 0.6673665 0.3568506 0.6085593 0.3536645 0.6089205 0.3553475 0.9939126 0.5634651 0.9956838 0.4854852 0.99689 0.4858098 0.9939126 0.5634651 0.99689 0.4858098 0.99689 0.567214 0.5121297 0.9672026 0.5164881 0.9672142 0.5201693 0.9541959 0.5121297 0.9672026 0.5201693 0.9541959 0.5163814 0.9541857 0.2709507 0.6387111 0.2772173 0.6387111 0.2764849 0.6254099 0.2709507 0.6387111 0.2764849 0.6254099 0.2710389 0.6254099 0.544632 0.9943569 0.5506143 0.9937096 0.5495437 0.9802675 0.544632 0.9943569 0.5495437 0.9802675 0.5443446 0.98083 0.5241957 0.8164528 0.5199705 0.8157867 0.5219772 0.8288518 0.5241957 0.8164528 0.5219772 0.8288518 0.5256493 0.8294306 0.5275285 0.9663096 0.5235742 0.9678496 0.5241499 0.9809594 0.5275285 0.9663096 0.5241499 0.9809594 0.5275285 0.9796435 0.8908321 0.605063 0.8905048 0.6408681 0.9142271 0.6409752 0.8908321 0.605063 0.9142271 0.6409752 0.9143759 0.6051424 0.5131485 0.8669321 0.5131485 0.8488814 0.5080196 0.8487387 0.5131485 0.8669321 0.5080196 0.8487387 0.5080594 0.8669223 0.51337 0.8851879 0.51337 0.8669321 0.5080196 0.8669581 0.51337 0.8851879 0.5080196 0.8669581 0.5080471 0.8851466 0.5482584 0.7595441 0.5536687 0.7595929 0.5536687 0.7414473 0.5482584 0.7595441 0.5536687 0.7414473 0.5482331 0.7414891 0.5130096 0.8465709 0.5130096 0.8284822 0.5082849 0.8286441 0.5130096 0.8465709 0.5082849 0.8286441 0.5081819 0.8466265 0.4863126 0.8223904 0.4911404 0.8224471 0.4912964 0.8170561 0.4863126 0.8223904 0.4912964 0.8170561 0.486208 0.8170561 0.5199179 0.8502737 0.5199182 0.8711094 0.5228549 0.8690879 0.5199179 0.8502737 0.5228549 0.8690879 0.5228549 0.8503019 0.2457279 0.5803536 0.2270538 0.5881074 0.2293646 0.5901296 0.2457279 0.5803536 0.2293646 0.5901296 0.2460014 0.5832222 0.5565387 0.7595929 0.5565387 0.7433646 0.5536687 0.7411782 0.5565387 0.7595929 0.5536687 0.7411782 0.5536687 0.7593939 0.2846908 0.6312796 0.2788282 0.6120526 0.2756347 0.611485 0.2846908 0.6312796 0.2756347 0.611485 0.2821372 0.6328098 0.9575264 0.2338451 0.9565246 0.2543409 0.9597359 0.2544288 0.9575264 0.2338451 0.9597359 0.2544288 0.9606392 0.2359496 0.2270538 0.5881074 0.2193186 0.6068579 0.2224735 0.6068345 0.2270538 0.5881074 0.2224735 0.6068345 0.2293646 0.5901296 0.9615494 0.3109015 0.959995 0.2941768 0.9565246 0.2941727 0.9615494 0.3109015 0.9565246 0.2941727 0.9582693 0.3129456 0.2788282 0.6120526 0.2883288 0.5941329 0.286172 0.5916103 0.2788282 0.6120526 0.286172 0.5916103 0.2756347 0.611485 0.9565246 0.2543409 0.9575264 0.2754297 0.9606392 0.273443 0.9565246 0.2543409 0.9606392 0.273443 0.9597359 0.2544288 0.2193186 0.6068579 0.2270538 0.6256218 0.2293646 0.6235511 0.2193186 0.6068579 0.2293646 0.6235511 0.2224735 0.6068345 0.959995 0.2941768 0.9615494 0.2774791 0.9582693 0.2754297 0.959995 0.2941768 0.9582693 0.2754297 0.9565246 0.2941727 0.2883288 0.5941329 0.3076276 0.588018 0.3075762 0.5848281 0.2883288 0.5941329 0.3075762 0.5848281 0.286172 0.5916103 0.4608303 0.4993812 0.4608303 0.5207003 0.4637475 0.520505 0.4608303 0.4993812 0.4637475 0.520505 0.4637475 0.5012831 0.2270538 0.6256218 0.2457279 0.6334072 0.2460014 0.630487 0.2270538 0.6256218 0.2460014 0.630487 0.2293646 0.6235511 0.5305297 0.9837757 0.5305297 0.9670889 0.5276784 0.9671168 0.5305297 0.9837757 0.5276784 0.9671168 0.5276785 0.9858473 0.3076276 0.588018 0.3254194 0.5972896 0.3273096 0.5951113 0.3076276 0.588018 0.3273096 0.5951113 0.3075762 0.5848281 0.3022845 0.6260973 0.2815728 0.6346969 0.2838837 0.6367192 0.3022845 0.6260973 0.2838837 0.6367192 0.302558 0.6289655 0.5257059 0.8502737 0.5257059 0.8314878 0.5227691 0.8335094 0.5257059 0.8502737 0.5227691 0.8335094 0.5227691 0.8502455 0.2729043 0.6581751 0.2564063 0.65121 0.2539245 0.6532981 0.2729043 0.6581751 0.2539245 0.6532981 0.2724429 0.6611164 0.127803 0.5042346 0.127803 0.5224502 0.1306731 0.5246366 0.127803 0.5042346 0.1306731 0.5246366 0.1306731 0.5044333 0.2815728 0.6346969 0.2729938 0.6554933 0.2761486 0.6554699 0.2815728 0.6346969 0.2761486 0.6554699 0.2838837 0.6367192 0.2451267 0.6561502 0.2442234 0.6746294 0.2474346 0.6747175 0.2451267 0.6561502 0.2474346 0.6747175 0.2482393 0.6582545 0.2564063 0.65121 0.249573 0.6344826 0.246254 0.6345223 0.2564063 0.65121 0.246254 0.6345223 0.2539245 0.6532981 0.9617396 0.3525109 0.959995 0.3337379 0.9565246 0.3337336 0.9617396 0.3525109 0.9565246 0.3337336 0.9584596 0.3545549 0.2729938 0.6554933 0.2815728 0.6763045 0.2838837 0.6742336 0.2729938 0.6554933 0.2838837 0.6742336 0.2761486 0.6554699 0.2442234 0.6746294 0.2451268 0.6936436 0.2482393 0.6916571 0.2442234 0.6746294 0.2482393 0.6916571 0.2474346 0.6747175 0.249573 0.6344826 0.2564066 0.6177919 0.2539245 0.6157874 0.249573 0.6344826 0.2539245 0.6157874 0.246254 0.6345223 0.959995 0.3337379 0.9617396 0.3149949 0.9584596 0.3129456 0.959995 0.3337379 0.9584596 0.3129456 0.9565246 0.3337336 0.2815728 0.6763045 0.3022847 0.6849394 0.302558 0.6820192 0.2815728 0.6763045 0.302558 0.6820192 0.2838837 0.6742336 0.5130096 0.8274048 0.5130096 0.8466265 0.5159268 0.846431 0.5130096 0.8274048 0.5159268 0.846431 0.5159268 0.8293065 0.2564066 0.6177919 0.2729043 0.6109148 0.2724429 0.608068 0.2564066 0.6177919 0.2724429 0.608068 0.2539245 0.6157874 0.5199179 0.8315433 0.5199179 0.8502737 0.5227691 0.8502458 0.5199179 0.8315433 0.5227691 0.8502458 0.5227691 0.8294716 0.5042573 0.822251 0.504169 0.8171216 0.5004642 0.8171216 0.5042573 0.822251 0.5004642 0.8171216 0.5004476 0.8224471 0.5165258 0.9868167 0.5121215 0.9867457 0.516406 0.9996017 0.5165258 0.9868167 0.516406 0.9996017 0.5201693 0.9996623 0.1558371 0.9186244 0.1498861 0.9182077 0.1507522 0.9316595 0.1558371 0.9186244 0.1507522 0.9316595 0.1558371 0.9320155 0.4606984 0.5069758 0.4544053 0.5073376 0.4551541 0.5207003 0.4606984 0.5069758 0.4551541 0.5207003 0.4605313 0.520391 0.9184266 0.444014 0.9192673 0.511533 0.9435334 0.5115206 0.9184266 0.444014 0.9435334 0.5115206 0.9443962 0.444014 0.9714391 0.511533 0.9184266 0.5127364 0.9184342 0.6802987 0.9714391 0.511533 0.9184342 0.6802987 0.9714392 0.6815236 0.1703474 0.5816674 0.1703474 0.567276 0.1682045 0.5681433 0.1703474 0.5816674 0.1682045 0.5681433 0.1686505 0.5819538 0.2662004 0.6236698 0.2644535 0.6236936 0.2641031 0.6375712 0.2662004 0.6236698 0.2641031 0.6375712 0.2662004 0.6381506 0.1703933 0.5978125 0.1703934 0.5834211 0.1682505 0.5842885 0.1703933 0.5978125 0.1682505 0.5842885 0.1686965 0.5980989 0.2662004 0.6381506 0.2644535 0.6381745 0.2641031 0.6520524 0.2662004 0.6381506 0.2641031 0.6520524 0.2662004 0.6526317 0.6060781 0.4262565 0.6144268 0.4214298 0.6138741 0.4180319 0.6060781 0.4262565 0.6138741 0.4180319 0.6055059 0.4203283 0.5117382 0.8973991 0.513163 0.8873341 0.5416246 0.8917282 0.5117382 0.8973991 0.5416246 0.8917282 0.5425578 0.9009937 0.4145566 0.9809295 0.4239656 0.9892919 0.4282121 0.9925673 0.4145566 0.9809295 0.4282121 0.9925673 0.5070667 0.9925882 0.5265394 0.9384197 0.5233134 0.928223 0.5511466 0.9245458 0.5265394 0.9384197 0.5511466 0.9245458 0.5489774 0.9410373 0.5425578 0.9009937 0.5456966 0.8972167 0.5546274 0.9002394 0.5425578 0.9009937 0.5546274 0.9002394 0.5541416 0.9030998 0.5072228 0.9301416 0.5088284 0.9115543 0.5252529 0.9141606 0.5072228 0.9301416 0.5252529 0.9141606 0.5233134 0.928223 0.5520371 0.9177964 0.5252529 0.9141606 0.5425578 0.9009937 0.5520371 0.9177964 0.5425578 0.9009937 0.5541416 0.9030998 0.3914812 0.9792764 0.3916014 0.9577893 0.3685726 0.9582822 0.3914812 0.9792764 0.3685726 0.9582822 0.3675001 0.9862067 0.5511466 0.9245458 0.5233134 0.928223 0.5252529 0.9141606 0.5511466 0.9245458 0.5252529 0.9141606 0.5520371 0.9177964 0.5115996 0.8972887 0.5423913 0.9008215 0.5414457 0.8915848 0.5115996 0.8972887 0.5414457 0.8915848 0.5130178 0.8872187 0.5546209 0.8985468 0.5454974 0.8970381 0.5423913 0.9008215 0.5546209 0.8985468 0.5423913 0.9008215 0.5540137 0.9027876 0.5251764 0.9140424 0.5232672 0.9281271 0.5511449 0.9243298 0.5251764 0.9140424 0.5511449 0.9243298 0.5520113 0.9175359 0.5423913 0.9008215 0.5251764 0.9140424 0.5520113 0.9175359 0.5423913 0.9008215 0.5520113 0.9175359 0.5540137 0.9027876 0.5232672 0.9281271 0.5265313 0.9383324 0.5490277 0.9408584 0.5232672 0.9281271 0.5490277 0.9408584 0.5511449 0.9243298 0.5117382 0.8973991 0.5425578 0.9009937 0.5252529 0.9141606 0.5117382 0.8973991 0.5252529 0.9141606 0.5088284 0.9115543 0.5070667 0.82309 0.4298573 0.8232617 0.425908 0.8250776 0.5070667 0.82309 0.425908 0.8250776 0.4145926 0.8348891 0.5087136 0.9114714 0.5251764 0.9140424 0.5423913 0.9008215 0.5087136 0.9114714 0.5423913 0.9008215 0.5115996 0.8972887 0.5071552 0.9300955 0.5232672 0.9281271 0.5251764 0.9140424 0.5071552 0.9300955 0.5251764 0.9140424 0.5087136 0.9114714 0.3685725 0.8575415 0.3916074 0.8580359 0.3915028 0.8365409 0.3685725 0.8575415 0.3915028 0.8365409 0.3683957 0.829807 0.5265313 0.9383324 0.5489758 0.9702803 0.5529085 0.9646186 0.5265313 0.9383324 0.5529085 0.9646186 0.5490277 0.9408584 0.2137352 0.3736016 0.2137352 0.376945 0.2495162 0.376945 0.2137352 0.3736016 0.2495162 0.376945 0.2495162 0.3736016 0.2137352 0.376945 0.2137352 0.3802883 0.2495162 0.3802883 0.2137352 0.376945 0.2495162 0.3802883 0.2495162 0.376945 0.2137352 0.3802883 0.2137352 0.3836317 0.2495162 0.3836317 0.2137352 0.3802883 0.2495162 0.3836317 0.2495162 0.3802883 0.2137352 0.3635714 0.2137352 0.3669148 0.2495162 0.3669149 0.2137352 0.3635714 0.2495162 0.3669149 0.2495162 0.3635715 0.2137352 0.3669148 0.2137352 0.3702582 0.2495162 0.3702583 0.2137352 0.3669148 0.2495162 0.3702583 0.2495162 0.3669149 0.2137352 0.3702582 0.2137352 0.3736016 0.2495162 0.3736016 0.2137352 0.3702582 0.2495162 0.3736016 0.2495162 0.3702583 0.2700601 0.3146654 0.2700505 0.310047 0.2817165 0.310047 0.2700601 0.3146654 0.2817165 0.310047 0.2817261 0.3146654 0.2714166 0.3033625 0.2815283 0.3033625 0.2815381 0.3079817 0.2714166 0.3033625 0.2815381 0.3079817 0.2714262 0.3079816 0.07781863 0.6360883 0.07781863 0.6409453 0.0731998 0.6409449 0.07781863 0.6360883 0.0731998 0.6409449 0.0731998 0.6360878 0.06617766 0.6250013 0.06617766 0.6329478 0.06155878 0.6329473 0.06617766 0.6250013 0.06155878 0.6329473 0.06155878 0.6250011 0.1047257 0.6153177 0.1046887 0.6106292 0.1093068 0.6106193 0.1047257 0.6153177 0.1093068 0.6106193 0.1093446 0.6153081 0.07781863 0.6409453 0.07781863 0.6360898 0.08243751 0.6360888 0.07781863 0.6409453 0.08243751 0.6360888 0.08243751 0.640944 0.304579 0.2815944 0.3045775 0.2892685 0.3002778 0.2864553 0.304579 0.2815944 0.3002778 0.2864553 0.300279 0.2815945 0.3088795 0.2815944 0.3088784 0.2864553 0.3045775 0.2892685 0.3088795 0.2815944 0.3045775 0.2892685 0.304579 0.2815944 0.18967 0.3645361 0.1945316 0.3645365 0.1973459 0.3688371 0.18967 0.3645361 0.1973459 0.3688371 0.18967 0.3731368 0.1046887 0.6191233 0.1047257 0.6153177 0.1093446 0.6153081 0.1046887 0.6191233 0.1093446 0.6153081 0.1093067 0.6191138 0.18967 0.3645361 0.18967 0.3731368 0.1817159 0.3833745 0.18967 0.3645361 0.1817159 0.3833745 0.181716 0.3527233 0.2622269 0.5671411 0.2316675 0.5671411 0.2316699 0.5625224 0.2622269 0.5671411 0.2316699 0.5625224 0.2622293 0.5625224 0.2884688 0.2736421 0.3191193 0.273642 0.304579 0.2815944 0.2884688 0.2736421 0.304579 0.2815944 0.300279 0.2815945 0.9760208 0.2822378 0.9741905 0.277465 0.9743495 0.2822378 0.9741905 0.277465 0.9760208 0.2822378 0.9761798 0.277465 0.9741905 0.277465 0.9761798 0.277465 0.9741905 0.2450901 0.9741905 0.2450901 0.9761798 0.277465 0.9761798 0.2449998 0.6359384 0.06900173 0.6285865 0.07324558 0.6334865 0.07324558 0.6285865 0.07324558 0.6359384 0.06900173 0.6334901 0.06475764 0.6285865 0.07324558 0.6334901 0.06475764 0.626138 0.06900173 0.626138 0.06900173 0.6334901 0.06475764 0.6285898 0.06475764 0.1575571 0.6559979 0.1575589 0.6644865 0.1600078 0.660242 0.1575589 0.6644865 0.1575571 0.6559979 0.1526576 0.6559979 0.1575589 0.6644865 0.1526576 0.6559979 0.1526595 0.6644865 0.1526595 0.6644865 0.1526576 0.6559979 0.150209 0.660242 0.01721006 0.3155142 0.003535389 0.3098508 0.009199678 0.3155137 0.003535389 0.3098508 0.01721006 0.3155142 0.02287399 0.3098508 0.003535389 0.3098508 0.02287399 0.3098508 0.003535389 0.3018416 0.003535389 0.3018416 0.02287399 0.3098508 0.02287369 0.3018416 0.003535389 0.3018416 0.02287369 0.3018416 0.009199261 0.2961786 0.009199261 0.2961786 0.02287369 0.3018416 0.01720958 0.2961786 0.01701754 0.2946058 0.003342926 0.2889438 0.009007334 0.2946058 0.003342926 0.2889438 0.01701754 0.2946058 0.02268099 0.2889438 0.003342926 0.2889438 0.02268099 0.2889438 0.003342151 0.2809368 0.003342151 0.2809368 0.02268099 0.2889438 0.02268069 0.2809368 0.003342151 0.2809368 0.02268069 0.2809368 0.009005963 0.2752748 0.009005963 0.2752748 0.02268069 0.2809368 0.01701623 0.2752748 0.4216304 0.5020304 0.4192137 0.5020684 0.4204221 0.502759 0.4192137 0.5020684 0.4216304 0.5020304 0.4192137 0.5006492 0.4192137 0.5006492 0.4216304 0.5020304 0.4216304 0.5006113 0.4192137 0.5006492 0.4216304 0.5006113 0.4204221 0.4999207 0.1536266 0.6544296 0.1536257 0.6470591 0.1514987 0.6507441 0.1536257 0.6470591 0.1536266 0.6544296 0.1578813 0.6544296 0.1536257 0.6470591 0.1578813 0.6544296 0.1578809 0.6470591 0.1578809 0.6470591 0.1578813 0.6544296 0.1600083 0.6507441 0.05071121 0.6095214 0.05808186 0.6095196 0.05439639 0.6073934 0.05808186 0.6095196 0.05071121 0.6095214 0.05071121 0.6137753 0.05808186 0.6095196 0.05071121 0.6137753 0.0580815 0.6137738 0.0580815 0.6137738 0.05071121 0.6137753 0.05439639 0.6159014 0.08966982 0.6474018 0.09899407 0.6420183 0.09277814 0.6420183 0.09899407 0.6420183 0.08966982 0.6474018 0.1021019 0.6474018 0.1021019 0.6474018 0.08966982 0.6474018 0.09277719 0.6527855 0.1021019 0.6474018 0.09277719 0.6527855 0.09899336 0.6527855 0.2786656 0.2850247 0.2860172 0.2807802 0.2811165 0.2807802 0.2860172 0.2807802 0.2786656 0.2850247 0.2811152 0.2892684 0.2860172 0.2807802 0.2811152 0.2892684 0.2884671 0.2850247 0.2884671 0.2850247 0.2811152 0.2892684 0.2860159 0.2892685 0.1876685 0.5332612 0.191913 0.5406129 0.191913 0.5357124 0.191913 0.5406129 0.1876685 0.5332612 0.1834244 0.535711 0.191913 0.5406129 0.1834244 0.535711 0.1876685 0.5430628 0.1876685 0.5430628 0.1834244 0.535711 0.1834244 0.5406118 0.3248286 0.339888 0.3063246 0.339888 0.3155758 0.3437184 0.3063246 0.339888 0.3248286 0.339888 0.328663 0.3306385 0.3063246 0.339888 0.328663 0.3306385 0.3024942 0.3306385 0.3024942 0.3306385 0.328663 0.3306385 0.3248328 0.3213896 0.3024942 0.3306385 0.3248328 0.3213896 0.3063286 0.3213894 0.2322733 0.7932158 0.2137688 0.7932158 0.2230207 0.7970474 0.2137688 0.7932158 0.2322733 0.7932158 0.2361066 0.7839646 0.2137688 0.7932158 0.2361066 0.7839646 0.209937 0.7839646 0.209937 0.7839646 0.2361066 0.7839646 0.2322748 0.7747138 0.209937 0.7839646 0.2322748 0.7747138 0.2137705 0.7747138 0.61615 0.9846331 0.5682864 0.9536569 0.5732815 0.982621 0.5682864 0.9536569 0.61615 0.9846331 0.5966523 0.9550776 0.5966523 0.9550776 0.61615 0.9846331 0.6076261 0.9680013 0.696529 0.9430944 0.6980441 0.9436495 0.6967587 0.9429188 0.6980441 0.9436495 0.696529 0.9430944 0.6971507 0.9436786 0.6980441 0.9436495 0.6971507 0.9436786 0.698001 0.943934 0.6971507 0.9106498 0.6980441 0.9106782 0.698001 0.9103932 0.6980441 0.9106782 0.6971507 0.9106498 0.696529 0.911235 0.6980441 0.9106782 0.696529 0.911235 0.6967587 0.9114107 0.1451974 0.6521942 0.1451965 0.6448232 0.1430696 0.6485087 0.1451965 0.6448232 0.1451974 0.6521942 0.1494522 0.6521942 0.1451965 0.6448232 0.1494522 0.6521942 0.1494516 0.6448232 0.1494516 0.6448232 0.1494522 0.6521942 0.1515792 0.6485087 0.629069 0.03234297 0.6290706 0.03971344 0.6311969 0.0360282 0.6290706 0.03971344 0.629069 0.03234297 0.624815 0.03234297 0.6290706 0.03971344 0.624815 0.03234297 0.6248165 0.03971344 0.6248165 0.03971344 0.624815 0.03234297 0.6226888 0.0360282 0.1456134 0.9172115 0.1400483 0.9073223 0.1400483 0.9139136 0.1400483 0.9073223 0.1456134 0.9172115 0.1456134 0.9040292 0.1456134 0.9040292 0.1456134 0.9172115 0.1511785 0.9139184 0.1456134 0.9040292 0.1511785 0.9139184 0.1511785 0.9073273 0.8442698 0.575007 0.8454794 0.5729063 0.8442698 0.5735908 0.8454794 0.5729063 0.8442698 0.575007 0.8466891 0.5736383 0.8466891 0.5736383 0.8442698 0.575007 0.8454794 0.5757389 0.8466891 0.5736383 0.8454794 0.5757389 0.8466891 0.5750545 0.3178693 0.6400104 0.3154194 0.6400321 0.3166443 0.6407306 0.3154194 0.6400321 0.3178693 0.6400104 0.3154194 0.6386129 0.3154194 0.6386129 0.3178693 0.6400104 0.3178693 0.6385912 0.3154194 0.6386129 0.3178693 0.6385912 0.3166443 0.6378926 0.8606051 0.06624555 0.8453468 0.05992698 0.851667 0.06624555 0.8453468 0.05992698 0.8606051 0.06624555 0.866925 0.05992698 0.8453468 0.05992698 0.866925 0.05992698 0.8453465 0.05098938 0.8453465 0.05098938 0.866925 0.05992698 0.866925 0.05098938 0.8453465 0.05098938 0.866925 0.05098938 0.8516665 0.04467082 0.8516665 0.04467082 0.866925 0.05098938 0.8606045 0.04467082 0.3007299 0.234721 0.3159886 0.2410384 0.3096678 0.234721 0.3159886 0.2410384 0.3007299 0.234721 0.2944102 0.2410383 0.3159886 0.2410384 0.2944102 0.2410383 0.3159891 0.2499734 0.3159891 0.2499734 0.2944102 0.2410383 0.294411 0.2499734 0.3159891 0.2499734 0.294411 0.2499734 0.3096694 0.2562908 0.3096694 0.2562908 0.294411 0.2499734 0.3007317 0.2562908 0.3373833 0.2188291 0.3188788 0.2188291 0.3281309 0.2226607 0.3188788 0.2188291 0.3373833 0.2188291 0.3412165 0.2095776 0.3188788 0.2188291 0.3412165 0.2095776 0.3150473 0.2095776 0.3150473 0.2095776 0.3412165 0.2095776 0.3373849 0.2003265 0.3150473 0.2095776 0.3373849 0.2003265 0.3188804 0.2003265 0.3248286 0.3175587 0.3063246 0.3175587 0.3155758 0.3213894 0.3063246 0.3175587 0.3248286 0.3175587 0.328663 0.3083094 0.3063246 0.3175587 0.328663 0.3083094 0.3024942 0.3083094 0.3024942 0.3083094 0.328663 0.3083094 0.3248328 0.29906 0.3024942 0.3083094 0.3248328 0.29906 0.3063286 0.29906 0.9784458 0.2774652 0.9766154 0.2822378 0.9782865 0.2822378 0.9766154 0.2822378 0.9784458 0.2774652 0.9764562 0.2774652 0.9764562 0.2774652 0.9784458 0.2774652 0.9784458 0.24509 0.9764562 0.2774652 0.9784458 0.24509 0.9764562 0.2449997 0.2261636 0.5529739 0.2261636 0.5714784 0.229996 0.5622264 0.2261636 0.5714784 0.2261636 0.5529739 0.2169125 0.5491407 0.2261636 0.5714784 0.2169125 0.5491407 0.2169125 0.5753099 0.2169125 0.5753099 0.2169125 0.5491407 0.2076615 0.5529721 0.2169125 0.5753099 0.2076615 0.5529721 0.2076615 0.5714768 0.6841881 0.09174376 0.6656836 0.09174364 0.6749351 0.09557491 0.6656836 0.09174364 0.6841881 0.09174376 0.6880221 0.08249455 0.6656836 0.09174364 0.6880221 0.08249455 0.6618536 0.08249455 0.6618536 0.08249455 0.6880221 0.08249455 0.6841922 0.07324558 0.6618536 0.08249455 0.6841922 0.07324558 0.6656878 0.07324558 0.5436353 0.9580269 0.5526646 0.9656801 0.5521436 0.9656387 0.5526646 0.9656801 0.5436353 0.9580269 0.5489774 0.9410373 0.5489774 0.9410373 0.5436353 0.9580269 0.5265394 0.9384197 0.5516779 0.984046 0.5671538 0.9968589 0.5660933 0.9969263 0.5671538 0.9968589 0.5516779 0.984046 0.5526646 0.9656801 0.5526646 0.9656801 0.5516779 0.984046 0.548875 0.9704124 0.5526646 0.9656801 0.548875 0.9704124 0.5521436 0.9656387 0.5456966 0.8972167 0.5671538 0.8228735 0.5546274 0.9002394 0.5671538 0.8228735 0.5456966 0.8972167 0.5563885 0.8342617 0.5671538 0.8228735 0.5563885 0.8342617 0.5659421 0.8237952 0.5672214 0.9968327 0.5517498 0.983941 0.566156 0.9968746 0.5517498 0.983941 0.5672214 0.9968327 0.5529085 0.9646186 0.5517498 0.983941 0.5529085 0.9646186 0.5489758 0.9702803 0.5672214 0.8229577 0.5454974 0.8970381 0.5546209 0.8985468 0.5454974 0.8970381 0.5672214 0.8229577 0.5564193 0.83428 0.5564193 0.83428 0.5672214 0.8229577 0.5660567 0.8237767 0.3460584 0.2325903 0.4909748 0.2308713 0.3468648 0.2308216 0.4909748 0.2308713 0.3460584 0.2325903 0.4921533 0.2322393 0.4921533 0.2322393 0.3460584 0.2325903 0.4395436 0.234721</float_array>
          <technique_common>
            <accessor source="#Loader_car_Loader_car_Material_0-mesh-map-0-array" count="11607" stride="2">
              <param name="S" type="float"/>
              <param name="T" type="float"/>
            </accessor>
          </technique_common>
        </source>
        <vertices id="Loader_car_Loader_car_Material_0-mesh-vertices">
          <input semantic="POSITION" source="#Loader_car_Loader_car_Material_0-mesh-positions"/>
        </vertices>
        <triangles material="Loader_car_Material-material" count="3869">
          <input semantic="VERTEX" source="#Loader_car_Loader_car_Material_0-mesh-vertices" offset="0"/>
          <input semantic="NORMAL" source="#Loader_car_Loader_car_Material_0-mesh-normals" offset="1"/>
          <input semantic="TEXCOORD" source="#Loader_car_Loader_car_Material_0-mesh-map-0" offset="2" set="0"/>
          <p>0 0 0 1 1 1 2 2 2 3 3 3 4 4 4 5 5 5 6 6 6 7 7 7 8 8 8 9 9 9 10 10 10 11 11 11 12 12 12 13 13 13 14 14 14 15 15 15 16 16 16 17 17 17 18 18 18 19 19 19 20 20 20 21 21 21 22 22 22 23 23 23 24 24 24 25 25 25 26 26 26 27 27 27 28 28 28 29 29 29 30 30 30 31 31 31 32 32 32 33 33 33 34 34 34 35 35 35 36 36 36 37 36 37 38 36 38 30 37 39 39 38 40 31 39 41 40 40 42 39 38 43 30 37 44 41 41 45 42 42 46 43 43 47 44 44 48 45 45 49 46 46 50 44 44 51 47 47 52 45 45 53 48 48 54 49 49 55 50 50 56 51 51 57 52 52 58 53 53 59 54 54 60 55 55 61 56 56 62 57 57 63 58 58 64 59 59 65 60 60 66 61 61 67 62 62 68 63 63 69 52 52 70 51 51 71 64 64 72 65 65 73 66 66 74 67 67 75 68 68 76 69 69 77 70 70 78 71 71 79 72 72 80 67 67 81 69 69 82 73 73 83 74 74 84 75 75 85 76 76 86 77 77 87 78 78 88 61 61 89 72 72 90 79 79 91 70 70 92 80 80 93 81 81 94 82 82 95 83 83 96 84 84 97 85 85 98 86 86 99 87 87 100 88 88 101 89 89 102 90 90 103 91 91 104 89 89 105 91 91 106 92 92 107 93 93 108 94 94 109 95 95 110 96 96 111 97 97 112 98 98 113 99 99 114 100 100 115 90 90 116 90 90 117 98 98 118 99 99 119 101 101 120 102 102 121 103 103 122 100 100 123 104 104 124 90 90 125 105 105 126 106 106 127 107 107 128 108 108 129 109 109 130 110 110 131 110 110 132 111 111 133 108 108 134 112 112 135 113 113 136 114 114 137 114 114 138 115 115 139 112 112 140 114 114 141 113 113 142 116 116 143 117 117 144 118 118 145 109 109 146 109 109 147 108 108 148 117 117 149 119 119 150 120 119 151 121 119 152 119 120 153 122 120 154 123 120 155 124 121 156 125 122 157 126 123 158 126 123 159 127 124 160 124 121 161 121 125 162 128 125 163 119 125 164 128 126 165 129 126 166 119 126 167 130 127 168 131 128 169 132 129 170 132 129 171 133 130 172 130 127 173 119 131 174 123 131 175 120 131 176 131 128 177 134 132 178 135 133 179 135 133 180 132 129 181 131 128 182 136 134 183 137 134 184 138 135 185 139 136 186 140 136 187 141 136 188 142 137 189 143 138 190 144 139 191 145 140 192 146 140 193 147 140 194 147 141 195 148 141 196 145 141 197 149 142 198 150 142 199 151 142 200 151 143 201 150 143 202 152 143 203 153 144 204 154 144 205 151 144 206 154 145 207 155 145 208 151 145 209 156 146 210 157 146 211 158 146 212 151 147 213 155 147 214 159 147 215 160 148 216 161 149 217 162 149 218 163 150 219 164 150 220 165 150 221 163 151 222 166 151 223 167 151 224 163 152 225 165 152 226 168 152 227 163 153 228 169 153 229 166 153 230 170 154 231 171 155 232 172 156 233 172 156 234 173 157 235 170 154 236 173 157 237 172 156 238 174 158 239 175 159 240 176 160 241 177 161 242 177 161 243 178 162 244 175 159 245 179 163 246 180 164 247 181 165 248 181 165 249 182 166 250 179 163 251 178 162 252 177 161 253 183 167 254 183 167 255 184 168 256 178 162 257 138 169 258 185 170 259 186 171 260 186 171 261 144 139 262 138 169 263 187 172 264 188 172 265 185 173 266 185 174 267 189 175 268 187 175 269 189 176 270 185 170 271 138 169 272 138 177 273 137 178 274 189 178 275 143 138 276 190 179 277 144 139 278 191 180 279 144 139 280 190 179 281 192 181 282 193 182 283 186 171 284 193 182 285 142 137 286 144 139 287 194 183 288 195 183 289 196 183 290 196 184 291 197 184 292 194 184 293 198 185 294 189 186 295 137 186 296 137 187 297 199 188 298 198 189 299 156 190 300 200 190 301 201 190 302 202 191 303 200 191 304 156 191 305 156 192 306 203 192 307 157 192 308 156 193 309 158 193 310 202 193 311 159 194 312 204 194 313 151 194 314 205 195 315 203 195 316 156 195 317 206 196 318 205 196 319 156 196 320 207 197 321 208 198 322 209 198 323 210 199 324 211 199 325 212 200 326 213 201 327 214 201 328 215 201 329 215 202 330 216 202 331 213 202 332 217 203 333 218 203 334 219 203 335 219 204 336 220 204 337 217 204 338 221 205 339 222 205 340 223 205 341 223 206 342 224 206 343 221 206 344 225 207 345 226 207 346 227 207 347 228 208 348 229 208 349 230 208 350 231 209 351 232 209 352 233 209 353 234 210 354 235 210 355 236 210 356 237 211 357 238 211 358 239 211 359 239 212 360 240 212 361 237 212 362 241 213 363 242 213 364 243 213 365 243 214 366 244 214 367 241 214 368 245 215 369 246 216 370 247 216 371 248 217 372 249 217 373 250 218 374 251 219 375 252 219 376 253 219 377 253 220 378 254 220 379 251 220 380 255 221 381 256 221 382 257 221 383 257 222 384 258 222 385 255 222 386 259 223 387 260 223 388 261 223 389 261 224 390 262 224 391 259 224 392 263 225 393 264 225 394 265 225 395 266 226 396 267 226 397 268 226 398 269 227 399 270 227 400 271 227 401 272 228 402 273 228 403 274 228 404 275 229 405 276 229 406 277 229 407 277 230 408 278 230 409 275 230 410 279 231 411 280 231 412 281 231 413 281 232 414 282 232 415 279 232 416 283 233 417 284 234 418 285 234 419 285 235 420 286 236 421 283 237 422 287 238 423 288 239 424 289 240 425 289 240 426 290 240 427 287 241 428 291 242 429 292 243 430 293 240 431 293 240 432 294 240 433 291 244 434 295 245 435 296 246 436 297 247 437 297 248 438 298 248 439 295 249 440 299 250 441 300 251 442 301 252 443 301 252 444 302 253 445 299 250 446 303 254 447 299 250 448 302 253 449 302 253 450 304 255 451 303 254 452 305 256 453 306 257 454 307 258 455 307 258 456 308 259 457 305 256 458 309 260 459 305 256 460 308 259 461 308 259 462 310 261 463 309 260 464 311 262 465 309 260 466 310 261 467 310 261 468 312 263 469 311 262 470 313 264 471 311 262 472 312 263 473 312 263 474 314 265 475 313 264 476 315 266 477 316 267 478 317 268 479 317 268 480 318 269 481 315 266 482 319 270 483 315 266 484 318 269 485 318 269 486 320 271 487 319 270 488 321 272 489 319 270 490 320 271 491 320 271 492 322 273 493 321 272 494 323 274 495 321 272 496 322 273 497 322 273 498 324 275 499 323 274 500 325 276 501 326 277 502 327 278 503 327 278 504 328 279 505 325 276 506 329 280 507 325 276 508 328 279 509 328 279 510 330 281 511 329 280 512 331 282 513 329 280 514 330 281 515 330 281 516 332 283 517 331 282 518 333 284 519 331 282 520 332 283 521 332 283 522 334 285 523 333 284 524 335 286 525 336 287 526 337 288 527 337 288 528 338 289 529 335 286 530 300 251 531 335 286 532 338 289 533 338 289 534 301 252 535 300 251 536 339 250 537 340 290 538 341 291 539 341 291 540 342 292 541 339 250 542 343 293 543 339 250 544 342 292 545 342 292 546 344 294 547 343 293 548 345 295 549 346 296 550 347 297 551 347 297 552 348 298 553 345 295 554 349 299 555 345 295 556 348 298 557 348 298 558 350 300 559 349 299 560 351 301 561 349 299 562 350 300 563 350 300 564 352 302 565 351 301 566 353 303 567 351 301 568 352 302 569 352 302 570 354 304 571 353 303 572 355 305 573 356 306 574 357 307 575 357 307 576 358 308 577 355 305 578 359 309 579 355 305 580 358 308 581 358 308 582 360 310 583 359 309 584 361 272 585 359 309 586 360 310 587 360 310 588 362 311 589 361 272 590 363 312 591 361 272 592 362 311 593 362 311 594 364 313 595 363 312 596 365 314 597 366 315 598 367 316 599 367 316 600 368 317 601 365 314 602 369 318 603 365 314 604 368 317 605 368 317 606 370 319 607 369 318 608 371 320 609 369 318 610 370 319 611 370 319 612 372 321 613 371 320 614 373 322 615 371 320 616 372 321 617 372 321 618 374 323 619 373 322 620 375 324 621 376 325 622 377 326 623 377 326 624 378 327 625 375 324 626 340 290 627 375 324 628 378 327 629 378 327 630 341 291 631 340 290 632 379 328 633 380 329 634 381 330 635 381 330 636 382 331 637 379 328 638 383 332 639 379 328 640 382 331 641 382 331 642 384 333 643 383 332 644 385 334 645 386 335 646 387 336 647 387 336 648 388 337 649 385 334 650 389 338 651 385 334 652 388 337 653 388 337 654 390 339 655 389 338 656 391 340 657 389 338 658 390 339 659 390 339 660 392 341 661 391 340 662 393 342 663 394 343 664 395 344 665 395 344 666 396 345 667 393 342 668 397 346 669 393 342 670 396 345 671 396 345 672 398 347 673 397 346 674 399 348 675 397 346 676 398 347 677 398 347 678 400 349 679 399 348 680 401 350 681 402 351 682 403 352 683 403 352 684 404 353 685 401 350 686 405 354 687 401 350 688 404 353 689 404 353 690 406 355 691 405 354 692 407 356 693 405 354 694 406 355 695 406 355 696 408 357 697 407 356 698 380 329 699 409 358 700 410 359 701 410 359 702 381 330 703 380 329 704 411 360 705 412 361 706 413 362 707 413 362 708 414 363 709 411 360 710 415 364 711 416 365 712 412 361 713 412 361 714 411 360 715 415 364 716 417 366 717 418 367 718 419 368 719 419 368 720 420 369 721 417 366 722 421 370 723 422 371 724 418 367 725 418 367 726 417 366 727 421 370 728 423 372 729 424 373 730 422 371 731 422 371 732 421 370 733 423 372 734 425 374 735 426 375 736 427 376 737 427 376 738 428 377 739 425 374 740 429 378 741 430 379 742 426 375 743 426 375 744 425 374 745 429 378 746 431 380 747 432 381 748 430 379 749 430 379 750 429 378 751 431 380 752 433 382 753 434 383 754 435 384 755 435 384 756 436 385 757 433 382 758 437 386 759 438 387 760 434 383 761 434 383 762 433 382 763 437 386 764 439 388 765 440 389 766 438 387 767 438 387 768 437 386 769 439 388 770 414 363 771 413 362 772 441 390 773 441 390 774 442 391 775 414 363 776 443 392 777 59 59 778 444 393 779 445 394 780 446 395 781 447 396 782 448 397 783 449 398 784 450 399 785 451 400 786 452 400 787 453 400 788 454 401 789 455 401 790 456 401 791 457 402 792 458 403 793 459 404 794 460 405 795 461 405 796 462 405 797 463 406 798 464 406 799 465 406 800 466 407 801 467 407 802 468 407 803 469 408 804 470 409 805 471 410 806 472 411 807 473 412 808 474 413 809 473 412 810 475 414 811 474 413 812 473 412 813 476 415 814 475 414 815 477 416 816 478 417 817 479 418 818 479 418 819 480 419 820 477 416 821 481 420 822 482 421 823 483 422 824 484 423 825 483 422 826 482 421 827 482 421 828 485 424 829 484 423 830 484 423 831 486 425 832 483 422 833 487 426 834 482 421 835 481 420 836 488 427 837 489 428 838 490 429 839 491 430 840 492 431 841 493 432 842 493 432 843 494 433 844 491 430 845 495 434 846 496 435 847 494 433 848 493 432 849 492 431 850 497 436 851 498 437 852 499 438 853 500 439 854 499 438 855 501 440 856 500 439 857 502 441 858 500 439 859 501 440 860 503 442 861 495 434 862 494 433 863 494 433 864 493 432 865 503 442 866 504 443 867 505 444 868 506 445 869 507 446 870 508 447 871 505 444 872 505 444 873 504 443 874 507 446 875 504 443 876 509 448 877 507 446 878 506 445 879 505 444 880 510 449 881 505 444 882 508 447 883 511 450 884 511 450 885 510 449 886 505 444 887 509 448 888 512 451 889 513 452 890 514 453 891 515 454 892 516 455 893 513 452 894 507 446 895 509 448 896 517 456 897 518 457 898 506 445 899 519 458 900 520 459 901 521 460 902 522 461 903 523 462 904 524 463 905 524 463 906 525 464 907 522 461 908 523 462 909 526 465 910 527 466 911 528 467 912 525 464 913 524 463 914 529 468 915 530 469 916 531 470 917 529 468 918 532 471 919 530 469 920 501 440 921 533 472 922 502 441 923 532 471 924 529 468 925 534 473 926 535 474 927 524 463 928 523 462 929 523 462 930 527 466 931 535 474 932 481 420 933 536 475 934 537 476 935 536 475 936 481 420 937 515 454 938 506 445 939 518 457 940 538 477 941 539 478 942 487 426 943 481 420 944 540 479 945 532 471 946 534 473 947 541 480 948 542 481 949 543 482 950 544 483 951 24 24 952 26 26 953 545 484 954 546 485 955 547 486 956 548 487 957 549 488 958 550 489 959 551 490 960 552 491 961 553 492 962 554 493 963 555 494 964 556 495 965 557 496 966 558 497 967 559 498 968 560 499 969 561 500 970 562 501 971 563 502 972 564 503 973 565 504 974 566 505 975 567 505 976 568 505 977 569 506 978 570 506 979 571 506 980 572 507 981 573 507 982 574 507 983 575 508 984 576 508 985 577 508 986 578 509 987 579 509 988 580 509 989 581 510 990 582 510 991 583 510 992 584 511 993 585 511 994 586 511 995 587 512 996 588 512 997 589 512 998 590 513 999 92 92 1000 91 91 1001 90 90 1002 104 104 1003 91 91 1004 591 514 1005 91 91 1006 104 104 1007 91 91 1008 591 514 1009 590 513 1010 592 509 1011 593 509 1012 594 509 1013 595 508 1014 596 508 1015 597 508 1016 598 509 1017 599 509 1018 600 509 1019 601 508 1020 602 508 1021 603 508 1022 598 509 1023 600 509 1024 604 509 1025 601 508 1026 605 508 1027 606 508 1028 607 515 1029 608 515 1030 609 515 1031 610 516 1032 611 517 1033 612 518 1034 613 519 1035 614 520 1036 615 521 1037 616 515 1038 617 515 1039 618 515 1040 619 522 1041 620 518 1042 621 523 1043 614 520 1044 622 524 1045 615 521 1046 623 525 1047 624 526 1048 625 527 1049 626 528 1050 627 529 1051 628 530 1052 629 531 1053 625 527 1054 630 532 1055 624 526 1056 630 532 1057 625 527 1058 631 533 1059 632 534 1060 614 520 1061 622 524 1062 614 520 1063 632 534 1064 633 535 1065 627 529 1066 626 528 1067 634 536 1068 635 537 1069 636 526 1070 637 538 1071 638 539 1072 635 537 1073 636 526 1074 635 537 1075 638 539 1076 639 540 1077 626 528 1078 640 541 1079 628 530 1080 640 541 1081 626 528 1082 641 542 1083 119 542 1084 642 542 1085 643 543 1086 644 544 1087 645 545 1088 645 545 1089 646 546 1090 643 543 1091 647 547 1092 648 548 1093 649 549 1094 649 549 1095 650 550 1096 647 547 1097 651 551 1098 652 552 1099 653 553 1100 653 553 1101 654 554 1102 651 551 1103 655 555 1104 656 556 1105 657 557 1106 657 557 1107 658 558 1108 655 555 1109 644 544 1110 659 559 1111 660 560 1112 660 560 1113 645 545 1114 644 544 1115 661 561 1116 650 550 1117 649 549 1118 662 562 1119 654 554 1120 653 553 1121 663 563 1122 664 564 1123 665 565 1124 665 565 1125 666 566 1126 663 563 1127 664 564 1128 667 567 1129 665 565 1130 660 560 1131 659 559 1132 668 568 1133 668 568 1134 669 569 1135 660 560 1136 670 570 1137 671 571 1138 672 572 1139 672 572 1140 673 573 1141 670 570 1142 674 574 1143 675 575 1144 676 576 1145 676 576 1146 662 562 1147 674 574 1148 677 577 1149 678 578 1150 679 579 1151 679 579 1152 680 580 1153 677 577 1154 665 565 1155 667 567 1156 666 566 1157 649 549 1158 681 581 1159 661 561 1160 653 553 1161 674 574 1162 662 562 1163 682 582 1164 683 583 1165 684 584 1166 682 582 1167 685 585 1168 683 583 1169 686 586 1170 687 587 1171 688 588 1172 689 589 1173 690 590 1174 691 591 1175 692 592 1176 684 584 1177 693 593 1178 684 584 1179 692 592 1180 690 590 1181 694 594 1182 695 595 1183 696 596 1184 693 593 1185 684 584 1186 697 597 1187 698 598 1188 699 599 1189 700 600 1190 701 601 1191 702 602 1192 703 603 1193 702 602 1194 701 601 1195 704 604 1196 705 605 1197 706 606 1198 707 607 1199 706 606 1200 705 605 1201 708 608 1202 706 606 1203 709 609 1204 707 607 1205 710 610 1206 703 611 1207 711 612 1208 703 603 1209 710 613 1210 701 601 1211 712 614 1212 683 583 1213 685 585 1214 684 584 1215 683 583 1216 697 597 1217 713 615 1218 697 597 1219 683 583 1220 683 583 1221 712 614 1222 713 615 1223 186 171 1224 193 182 1225 144 139 1226 152 616 1227 153 616 1228 151 616 1229 164 617 1230 163 617 1231 714 617 1232 168 618 1233 169 618 1234 163 618 1235 715 619 1236 716 620 1237 717 621 1238 718 622 1239 719 623 1240 720 624 1241 721 625 1242 722 626 1243 723 627 1244 724 240 1245 725 240 1246 726 240 1247 72 72 1248 71 71 1249 727 628 1250 53 53 1251 52 52 1252 728 629 1253 729 240 1254 730 240 1255 731 240 1256 727 628 1257 732 630 1258 733 631 1259 728 629 1260 734 632 1261 735 633 1262 736 634 1263 737 635 1264 738 636 1265 739 637 1266 740 638 1267 741 639 1268 736 634 1269 738 636 1270 742 640 1271 743 641 1272 744 642 1273 745 643 1274 745 643 1275 746 644 1276 743 641 1277 747 645 1278 737 635 1279 748 646 1280 749 647 1281 750 648 1282 751 649 1283 752 650 1284 753 651 1285 754 652 1286 755 653 1287 746 644 1288 756 654 1289 745 643 1290 756 654 1291 746 644 1292 757 655 1293 758 656 1294 759 657 1295 759 657 1296 750 648 1297 757 655 1298 760 658 1299 761 659 1300 762 660 1301 762 660 1302 763 661 1303 760 658 1304 764 662 1305 765 663 1306 766 664 1307 766 664 1308 767 665 1309 764 662 1310 757 655 1311 749 647 1312 768 666 1313 769 667 1314 770 668 1315 771 669 1316 772 670 1317 773 671 1318 774 672 1319 775 673 1320 752 650 1321 754 652 1322 754 652 1323 776 674 1324 775 673 1325 777 675 1326 778 676 1327 736 634 1328 741 639 1329 779 677 1330 739 637 1331 736 634 1332 742 640 1333 777 675 1334 737 635 1335 736 634 1336 778 676 1337 778 676 1338 748 646 1339 737 635 1340 743 641 1341 780 678 1342 781 679 1343 781 679 1344 744 642 1345 743 641 1346 782 680 1347 771 669 1348 770 668 1349 745 643 1350 783 681 1351 756 654 1352 739 637 1353 784 682 1354 785 683 1355 749 647 1356 757 655 1357 750 648 1358 753 651 1359 752 650 1360 786 684 1361 787 685 1362 788 686 1363 773 671 1364 789 687 1365 749 647 1366 751 649 1367 790 688 1368 791 689 1369 792 690 1370 793 691 1371 794 692 1372 795 693 1373 796 694 1374 797 695 1375 798 696 1376 799 697 1377 797 695 1378 796 694 1379 796 694 1380 800 698 1381 799 697 1382 801 699 1383 802 700 1384 803 701 1385 790 688 1386 803 701 1387 804 702 1388 790 688 1389 804 702 1390 791 689 1391 803 701 1392 790 688 1393 801 699 1394 805 703 1395 806 704 1396 807 705 1397 808 706 1398 809 707 1399 810 708 1400 811 709 1401 798 696 1402 797 695 1403 812 710 1404 813 711 1405 814 712 1406 815 713 1407 814 712 1408 813 711 1409 813 711 1410 816 714 1411 815 713 1412 817 715 1413 815 713 1414 816 714 1415 816 714 1416 818 716 1417 817 715 1418 819 717 1419 817 715 1420 818 716 1421 818 716 1422 820 718 1423 819 717 1424 821 719 1425 822 720 1426 823 721 1427 823 721 1428 824 722 1429 821 719 1430 825 723 1431 821 719 1432 824 722 1433 824 722 1434 826 724 1435 825 723 1436 827 725 1437 825 723 1438 826 724 1439 826 724 1440 828 726 1441 827 725 1442 829 727 1443 827 725 1444 828 726 1445 830 728 1446 829 727 1447 828 726 1448 828 726 1449 831 729 1450 830 728 1451 832 730 1452 830 728 1453 831 729 1454 833 731 1455 832 730 1456 831 729 1457 831 729 1458 834 732 1459 833 731 1460 835 733 1461 833 731 1462 834 732 1463 836 734 1464 835 733 1465 834 732 1466 836 734 1467 837 735 1468 838 736 1469 839 737 1470 838 736 1471 837 735 1472 837 735 1473 840 738 1474 839 737 1475 841 739 1476 839 737 1477 840 738 1478 840 738 1479 842 740 1480 841 739 1481 843 741 1482 844 742 1483 845 743 1484 845 743 1485 846 744 1486 843 741 1487 847 745 1488 843 741 1489 846 744 1490 846 744 1491 848 746 1492 847 745 1493 849 747 1494 847 745 1495 848 746 1496 848 746 1497 850 748 1498 849 747 1499 742 640 1500 851 749 1501 852 750 1502 853 751 1503 854 752 1504 855 753 1505 856 754 1506 855 753 1507 854 752 1508 857 755 1509 856 754 1510 854 752 1511 851 749 1512 738 636 1513 737 635 1514 836 734 1515 858 756 1516 837 735 1517 858 756 1518 836 734 1519 834 732 1520 851 749 1521 742 640 1522 738 636 1523 747 645 1524 859 757 1525 737 635 1526 786 684 1527 860 758 1528 861 759 1529 861 759 1530 753 651 1531 786 684 1532 862 760 1533 863 761 1534 864 762 1535 865 763 1536 866 764 1537 867 765 1538 868 766 1539 869 767 1540 870 768 1541 871 769 1542 872 770 1543 873 771 1544 873 771 1545 874 772 1546 871 769 1547 875 773 1548 876 774 1549 877 775 1550 878 776 1551 879 777 1552 880 778 1553 881 779 1554 882 780 1555 883 781 1556 884 782 1557 885 783 1558 886 784 1559 887 785 1560 888 786 1561 889 787 1562 889 787 1563 890 788 1564 887 785 1565 891 789 1566 892 790 1567 893 791 1568 894 792 1569 895 793 1570 896 794 1571 896 794 1572 897 795 1573 894 792 1574 898 796 1575 899 797 1576 875 773 1577 875 773 1578 877 775 1579 898 796 1580 900 798 1581 890 788 1582 889 787 1583 901 799 1584 902 800 1585 903 801 1586 904 802 1587 905 803 1588 906 804 1589 902 800 1590 907 805 1591 908 806 1592 908 806 1593 909 807 1594 902 800 1595 910 808 1596 903 801 1597 902 800 1598 911 809 1599 904 802 1600 906 804 1601 872 770 1602 912 810 1603 913 811 1604 913 811 1605 873 771 1606 872 770 1607 914 812 1608 915 813 1609 916 814 1610 917 815 1611 918 816 1612 868 766 1613 868 766 1614 870 768 1615 917 815 1616 919 817 1617 920 818 1618 914 812 1619 915 813 1620 877 775 1621 876 774 1622 876 774 1623 916 814 1624 915 813 1625 921 819 1626 922 820 1627 923 821 1628 924 822 1629 925 823 1630 884 782 1631 926 824 1632 905 803 1633 904 802 1634 927 825 1635 911 809 1636 906 804 1637 901 799 1638 907 805 1639 902 800 1640 921 819 1641 928 826 1642 922 820 1643 929 827 1644 930 828 1645 928 826 1646 928 826 1647 931 829 1648 929 827 1649 928 826 1650 921 819 1651 931 829 1652 888 786 1653 932 830 1654 889 787 1655 933 831 1656 934 832 1657 935 833 1658 935 833 1659 936 834 1660 933 831 1661 937 835 1662 938 836 1663 939 837 1664 940 838 1665 941 839 1666 942 840 1667 943 841 1668 944 842 1669 945 843 1670 946 844 1671 947 845 1672 948 846 1673 933 831 1674 936 834 1675 949 847 1676 949 847 1677 950 848 1678 933 831 1679 951 849 1680 952 850 1681 953 851 1682 942 840 1683 929 827 1684 931 829 1685 931 829 1686 940 838 1687 942 840 1688 954 852 1689 930 828 1690 929 827 1691 955 853 1692 956 854 1693 957 855 1694 931 829 1695 958 856 1696 940 838 1697 931 829 1698 921 819 1699 958 856 1700 867 765 1701 863 761 1702 959 857 1703 960 858 1704 866 764 1705 865 763 1706 961 859 1707 918 816 1708 962 860 1709 963 861 1710 962 860 1711 964 862 1712 965 863 1713 914 812 1714 920 818 1715 966 864 1716 967 865 1717 968 866 1718 914 812 1719 916 814 1720 919 817 1721 969 867 1722 874 772 1723 873 771 1724 914 812 1725 965 863 1726 915 813 1727 970 868 1728 971 869 1729 886 784 1730 886 784 1731 972 870 1732 970 868 1733 970 868 1734 973 871 1735 971 869 1736 974 872 1737 971 869 1738 973 871 1739 973 871 1740 975 873 1741 974 872 1742 976 874 1743 925 823 1744 974 872 1745 974 872 1746 975 873 1747 976 874 1748 884 782 1749 925 823 1750 976 874 1751 976 874 1752 977 875 1753 884 782 1754 978 876 1755 979 877 1756 966 864 1757 962 860 1758 980 878 1759 981 879 1760 981 879 1761 964 862 1762 962 860 1763 918 816 1764 917 815 1765 980 878 1766 980 878 1767 962 860 1768 918 816 1769 982 880 1770 983 881 1771 984 882 1772 985 883 1773 878 776 1774 880 778 1775 880 778 1776 869 767 1777 985 883 1778 880 778 1779 879 777 1780 986 884 1781 986 884 1782 987 885 1783 880 778 1784 869 767 1785 880 778 1786 987 885 1787 987 885 1788 988 886 1789 869 767 1790 869 767 1791 988 886 1792 870 768 1793 875 773 1794 899 797 1795 989 887 1796 898 796 1797 990 888 1798 899 797 1799 972 870 1800 886 784 1801 885 783 1802 885 783 1803 884 782 1804 991 889 1805 977 875 1806 991 889 1807 884 782 1808 871 769 1809 874 772 1810 992 890 1811 993 891 1812 994 892 1813 995 893 1814 996 894 1815 993 891 1816 995 893 1817 995 893 1818 997 895 1819 996 894 1820 998 896 1821 999 897 1822 901 799 1823 901 799 1824 903 801 1825 998 896 1826 874 772 1827 1000 898 1828 992 890 1829 1001 899 1830 1002 900 1831 1003 901 1832 1001 899 1833 1003 901 1834 1004 902 1835 989 887 1836 899 797 1837 990 888 1838 1005 903 1839 1006 904 1840 1007 905 1841 1007 905 1842 1008 906 1843 1005 903 1844 1008 906 1845 1009 907 1846 1005 903 1847 1010 908 1848 1005 903 1849 1009 907 1850 1009 907 1851 1011 909 1852 1010 908 1853 1011 909 1854 1012 910 1855 1010 908 1856 1013 911 1857 1010 908 1858 1012 910 1859 1012 910 1860 1014 912 1861 1013 911 1862 1015 913 1863 1013 911 1864 1014 912 1865 1016 914 1866 1015 913 1867 1014 912 1868 1017 915 1869 1016 914 1870 1014 912 1871 1014 912 1872 1018 916 1873 1017 915 1874 1018 916 1875 1019 917 1876 1017 915 1877 1017 915 1878 1020 918 1879 1021 919 1880 1022 920 1881 1023 921 1882 1024 922 1883 1025 923 1884 1026 924 1885 1027 925 1886 991 889 1887 977 875 1888 1028 926 1889 1029 927 1890 1028 926 1891 977 875 1892 1030 928 1893 1029 927 1894 977 875 1895 871 769 1896 992 890 1897 1031 929 1898 1032 930 1899 1033 931 1900 1034 932 1901 1035 933 1902 1032 930 1903 1034 932 1904 1036 934 1905 1037 935 1906 1038 936 1907 1039 937 1908 1038 936 1909 1037 935 1910 1040 938 1911 1041 939 1912 1042 940 1913 1042 940 1914 1043 941 1915 1040 938 1916 1044 942 1917 1040 938 1918 1043 941 1919 1045 943 1920 1046 944 1921 1047 945 1922 1048 946 1923 1045 943 1924 1047 945 1925 1047 945 1926 1049 947 1927 1048 946 1928 1050 948 1929 1048 946 1930 1049 947 1931 1051 949 1932 1052 950 1933 1004 902 1934 1004 902 1935 1003 901 1936 1051 949 1937 1053 951 1938 1054 952 1939 1055 953 1940 1053 951 1941 1055 953 1942 885 783 1943 1056 954 1944 1057 955 1945 885 783 1946 885 783 1947 991 889 1948 1056 954 1949 1058 956 1950 1047 945 1951 1046 944 1952 907 805 1953 1059 957 1954 1060 958 1955 1060 958 1956 908 806 1957 907 805 1958 984 882 1959 983 881 1960 883 781 1961 926 824 1962 1061 959 1963 905 803 1964 1020 918 1965 1017 915 1966 1019 917 1967 1062 960 1968 983 881 1969 982 880 1970 885 783 1971 1057 955 1972 1053 951 1973 1063 961 1974 748 646 1975 778 676 1976 1064 962 1977 1063 961 1978 778 676 1979 1065 963 1980 1066 964 1981 1067 965 1982 1067 965 1983 1068 966 1984 1065 963 1985 773 671 1986 772 670 1987 787 685 1988 1069 967 1989 747 645 1990 748 646 1991 1070 968 1992 1071 969 1993 1072 970 1994 1073 971 1995 1074 972 1996 1075 973 1997 1076 974 1998 1066 964 1999 1077 975 2000 1066 964 2001 1076 974 2002 1067 965 2003 1078 976 2004 1071 969 2005 1079 977 2006 1079 977 2007 1080 978 2008 1078 976 2009 1081 979 2010 1082 980 2011 1083 981 2012 1083 981 2013 1084 982 2014 1081 979 2015 1085 983 2016 1086 984 2017 1087 985 2018 1086 984 2019 1085 983 2020 1088 986 2021 1089 987 2022 1090 988 2023 1091 989 2024 1092 990 2025 1093 991 2026 1094 992 2027 772 670 2028 774 672 2029 1095 993 2030 1073 971 2031 1075 973 2032 1096 994 2033 1096 994 2034 1097 995 2035 1073 971 2036 777 675 2037 742 640 2038 1064 962 2039 777 675 2040 1064 962 2041 778 676 2042 1065 963 2043 1068 966 2044 1098 996 2045 1098 996 2046 1099 997 2047 1065 963 2048 1093 991 2049 1092 990 2050 1100 998 2051 1076 974 2052 1101 999 2053 1067 965 2054 739 637 2055 779 677 2056 784 682 2057 1071 969 2058 1078 976 2059 1072 970 2060 1102 1000 2061 1075 973 2062 1074 972 2063 1070 968 2064 1072 970 2065 1103 1001 2066 808 706 2067 1104 1002 2068 1105 1003 2069 1105 1003 2070 809 707 2071 808 706 2072 1106 1004 2073 1107 1005 2074 1108 1006 2075 1109 1007 2076 1110 1008 2077 1111 1009 2078 1112 1010 2079 1113 1011 2080 1114 1012 2081 1115 1013 2082 1116 1014 2083 1111 1009 2084 1111 1009 2085 1110 1008 2086 1115 1013 2087 1117 1015 2088 1118 1016 2089 1119 1017 2090 1120 1018 2091 1117 1015 2092 1108 1006 2093 1107 1005 2094 1120 1018 2095 1108 1006 2096 1119 1017 2097 1108 1006 2098 1117 1015 2099 805 703 2100 1121 1019 2101 806 704 2102 1122 1020 2103 1105 1003 2104 1104 1002 2105 1110 1008 2106 1109 1007 2107 1123 1021 2108 1124 1022 2109 1125 1023 2110 1126 1024 2111 1127 1025 2112 1128 1026 2113 1124 1022 2114 1124 1022 2115 1126 1024 2116 1127 1025 2117 1129 1027 2118 1130 1028 2119 1128 1026 2120 1128 1026 2121 1127 1025 2122 1129 1027 2123 1131 1029 2124 1132 1030 2125 1130 1028 2126 1130 1028 2127 1129 1027 2128 1131 1029 2129 1133 1031 2130 1134 1032 2131 1135 1033 2132 1135 1033 2133 1136 1034 2134 1133 1031 2135 1137 1035 2136 1138 1036 2137 1134 1032 2138 1134 1032 2139 1133 1031 2140 1137 1035 2141 1139 1037 2142 1140 1038 2143 1138 1036 2144 1138 1036 2145 1137 1035 2146 1139 1037 2147 1140 1038 2148 1139 1037 2149 1141 1039 2150 1142 1040 2151 1143 1041 2152 1144 1042 2153 1145 1043 2154 1146 1044 2155 1147 1045 2156 1143 1041 2157 1142 1040 2158 1148 1046 2159 1149 1047 2160 1150 1048 2161 1143 1041 2162 1143 1041 2163 1148 1046 2164 1149 1047 2165 1150 1048 2166 1149 1047 2167 1151 1049 2168 1150 1048 2169 1151 1049 2170 1152 1050 2171 1153 1051 2172 1090 988 2173 1152 1050 2174 1154 1052 2175 1155 1053 2176 1090 988 2177 1090 988 2178 1153 1051 2179 1154 1052 2180 1156 1054 2181 1157 1055 2182 1155 1053 2183 1155 1053 2184 1154 1052 2185 1156 1054 2186 1158 1056 2187 1159 1057 2188 1160 1058 2189 1160 1058 2190 1161 1059 2191 1158 1056 2192 1162 1060 2193 1163 1061 2194 1159 1057 2195 1159 1057 2196 1158 1056 2197 1162 1060 2198 1164 1062 2199 784 682 2200 779 677 2201 1163 1061 2202 1162 1060 2203 1165 1063 2204 1166 1064 2205 1167 1065 2206 1064 962 2207 1168 1066 2208 1169 1067 2209 1170 1068 2210 1169 1067 2211 1168 1066 2212 1171 1069 2213 1125 1023 2214 1124 1022 2215 1169 1067 2216 1169 1067 2217 1171 1069 2218 1125 1023 2219 748 646 2220 1063 961 2221 1167 1065 2222 1090 988 2223 1089 987 2224 1152 1050 2225 1150 1048 2226 1152 1050 2227 1089 987 2228 1063 961 2229 1064 962 2230 1167 1065 2231 1102 1000 2232 1074 972 2233 1172 1070 2234 1172 1070 2235 1173 1071 2236 1102 1000 2237 866 764 2238 864 762 2239 867 765 2240 1174 1072 2241 1175 1073 2242 1176 1074 2243 1176 1074 2244 1177 1075 2245 1174 1072 2246 1178 1076 2247 1179 1077 2248 1180 1078 2249 1180 1078 2250 1181 1079 2251 1178 1076 2252 1182 1080 2253 1183 1081 2254 1184 1082 2255 1185 1083 2256 1186 1084 2257 1187 1085 2258 1187 1085 2259 1188 1086 2260 1185 1083 2261 1189 1087 2262 1190 1088 2263 1191 1089 2264 1192 1090 2265 1193 1091 2266 1194 1092 2267 1195 1093 2268 1196 1094 2269 1197 1095 2270 1198 1096 2271 1199 1097 2272 1200 1098 2273 1200 1098 2274 948 846 2275 1198 1096 2276 1175 1073 2277 1201 1099 2278 1202 1100 2279 1202 1100 2280 1176 1074 2281 1175 1073 2282 891 789 2283 893 791 2284 1203 1101 2285 1204 1102 2286 1205 1103 2287 1206 1104 2288 1206 1104 2289 1207 1105 2290 1204 1102 2291 1208 1106 2292 1189 1087 2293 1191 1089 2294 1191 1089 2295 1209 1107 2296 1208 1106 2297 1200 1098 2298 1199 1097 2299 1210 1108 2300 1211 1109 2301 1212 1110 2302 1213 1111 2303 1214 1112 2304 1215 1113 2305 1216 1114 2306 1212 1110 2307 1217 1115 2308 1218 1116 2309 1218 1116 2310 1219 1117 2311 1212 1110 2312 1212 1110 2313 1211 1109 2314 1220 1118 2315 1214 1112 2316 1216 1114 2317 1221 1119 2318 1188 1086 2319 1187 1085 2320 1222 1120 2321 1222 1120 2322 1223 1121 2323 1188 1086 2324 1224 1122 2325 1225 1123 2326 1226 1124 2327 1227 1125 2328 1182 1080 2329 1184 1082 2330 1184 1082 2331 1228 1126 2332 1227 1125 2333 1226 1124 2334 1229 1127 2335 1230 1128 2336 1225 1123 2337 1224 1122 2338 1190 1088 2339 1190 1088 2340 1189 1087 2341 1225 1123 2342 1231 1129 2343 1232 1130 2344 1233 1131 2345 1234 1132 2346 1235 1133 2347 1236 1134 2348 1216 1114 2349 1215 1113 2350 1237 1135 2351 1214 1112 2352 1221 1119 2353 1238 1136 2354 1212 1110 2355 1219 1117 2356 1213 1111 2357 1232 1130 2358 1239 1137 2359 1233 1131 2360 1240 1138 2361 1241 1139 2362 1239 1137 2363 1242 1140 2364 1243 1141 2365 1244 1142 2366 1241 1139 2367 1233 1131 2368 1239 1137 2369 1200 1098 2370 946 844 2371 948 846 2372 1245 1143 2373 1246 1144 2374 1247 1145 2375 1247 1145 2376 1248 1146 2377 1245 1143 2378 1249 1147 2379 1250 1148 2380 1251 1149 2381 1252 1150 2382 1253 1151 2383 1254 1152 2384 1255 1153 2385 1256 1154 2386 1257 1155 2387 1245 1143 2388 1258 1156 2389 1259 1157 2390 1259 1157 2391 1246 1144 2392 1245 1143 2393 1260 1158 2394 1261 1159 2395 1262 1160 2396 1197 1161 2397 1263 1162 2398 1264 1163 2399 1252 1150 2400 1254 1152 2401 1241 1139 2402 1241 1139 2403 1240 1138 2404 1252 1150 2405 1265 1164 2406 1266 1165 2407 1267 1166 2408 1268 1167 2409 1269 1168 2410 1270 1169 2411 1254 1152 2412 1271 1170 2413 1241 1139 2414 1271 1170 2415 1233 1131 2416 1241 1139 2417 1235 1133 2418 1234 1132 2419 1272 1171 2420 1273 1172 2421 1228 1126 2422 1274 1173 2423 1275 1174 2424 1276 1175 2425 1186 1084 2426 1229 1127 2427 1226 1124 2428 1277 1176 2429 1228 1126 2430 1184 1082 2431 1278 1177 2432 1187 1085 2433 1186 1084 2434 1276 1175 2435 1225 1123 2436 1277 1176 2437 1226 1124 2438 1179 1077 2439 1279 1178 2440 1180 1078 2441 1280 1179 2442 1281 1180 2443 1195 1093 2444 1195 1093 2445 1282 1181 2446 1280 1179 2447 1282 1181 2448 1283 1182 2449 1280 1179 2450 1284 1183 2451 1285 1184 2452 1283 1182 2453 1283 1182 2454 1282 1181 2455 1284 1183 2456 1286 1185 2457 1285 1184 2458 1284 1183 2459 1284 1183 2460 1263 1162 2461 1286 1185 2462 1197 1161 2463 1287 1186 2464 1286 1185 2465 1286 1185 2466 1263 1162 2467 1197 1161 2468 979 877 2469 967 865 2470 966 864 2471 1273 1172 2472 1288 1187 2473 1289 1188 2474 1289 1188 2475 1290 1189 2476 1273 1172 2477 1228 1126 2478 1273 1172 2479 1290 1189 2480 1290 1189 2481 1227 1125 2482 1228 1126 2483 1291 1190 2484 982 880 2485 984 882 2486 984 882 2487 882 780 2488 1291 1190 2489 1292 1191 2490 1183 1081 2491 1192 1090 2492 1192 1090 2493 1194 1092 2494 1292 1191 2495 1293 1192 2496 1202 1100 2497 1201 1099 2498 1201 1099 2499 1294 1193 2500 1293 1192 2501 1192 1090 2502 1295 1194 2503 1296 1195 2504 1296 1195 2505 1193 1091 2506 1192 1090 2507 1183 1081 2508 1297 1196 2509 1295 1194 2510 1295 1194 2511 1192 1090 2512 1183 1081 2513 1182 1080 2514 1297 1196 2515 1183 1081 2516 1292 1191 2517 1194 1092 2518 1298 1197 2519 1209 1107 2520 1299 1198 2521 1208 1106 2522 1196 1094 2523 1195 1093 2524 1281 1180 2525 1300 1199 2526 1197 1095 2527 1196 1094 2528 1301 1200 2529 1302 1201 2530 1303 1202 2531 1185 1083 2532 1304 1203 2533 1186 1084 2534 1305 1204 2535 1306 1205 2536 1307 1206 2537 1308 1207 2538 1309 1208 2539 1305 1204 2540 1305 1204 2541 1307 1206 2542 1308 1207 2543 1310 1209 2544 1211 1109 2545 1213 1111 2546 1213 1111 2547 1311 1210 2548 1310 1209 2549 1304 1203 2550 1275 1174 2551 1186 1084 2552 1312 1211 2553 1313 1212 2554 1314 1213 2555 1315 1214 2556 1312 1211 2557 1314 1213 2558 1299 1198 2559 1209 1107 2560 1316 1215 2561 1317 1216 2562 1318 1217 2563 1319 1218 2564 1319 1218 2565 1320 1219 2566 1317 1216 2567 1318 1217 2568 1317 1216 2569 1321 1220 2570 1322 1221 2571 1323 1222 2572 1318 1217 2573 1318 1217 2574 1321 1220 2575 1322 1221 2576 1324 1223 2577 1325 1224 2578 1323 1222 2579 1323 1222 2580 1322 1221 2581 1324 1223 2582 1325 1224 2583 1324 1223 2584 1326 1225 2585 1326 1225 2586 1327 1226 2587 1325 1224 2588 1328 1227 2589 1329 1228 2590 1327 1226 2591 1329 1228 2592 1328 1227 2593 1330 1229 2594 1330 1229 2595 1331 1230 2596 1329 1228 2597 1330 1229 2598 1332 1231 2599 1331 1230 2600 867 765 2601 864 762 2602 863 761 2603 1332 1231 2604 1330 1229 2605 1333 1232 2606 1333 1232 2607 1334 1233 2608 1332 1231 2609 1335 1234 2610 1336 1235 2611 1334 1233 2612 1334 1233 2613 1333 1232 2614 1335 1234 2615 1335 1234 2616 1337 1236 2617 1336 1235 2618 1338 1237 2619 1339 1238 2620 1340 1239 2621 1339 1238 2622 1338 1237 2623 1341 1240 2624 1342 1241 2625 1304 1203 2626 1185 1083 2627 1339 1238 2628 1341 1240 2629 1343 1242 2630 1344 1243 2631 1345 1244 2632 1346 1245 2633 1344 1243 2634 1346 1245 2635 1347 1246 2636 1348 1247 2637 1349 1248 2638 1350 1249 2639 1349 1248 2640 1348 1247 2641 1351 1250 2642 1352 1251 2643 1353 1252 2644 1354 1253 2645 1354 1253 2646 1355 1254 2647 1352 1251 2648 1355 1255 2649 1354 1256 2650 1356 1257 2651 1357 1258 2652 1358 1259 2653 1359 1260 2654 1360 1261 2655 1361 1262 2656 1357 1258 2657 1357 1258 2658 1359 1260 2659 1360 1261 2660 1361 1262 2661 1360 1261 2662 1362 1263 2663 1363 1264 2664 1314 1213 2665 1313 1212 2666 1313 1212 2667 1364 1265 2668 1363 1264 2669 1365 1266 2670 1366 1267 2671 1367 1268 2672 1196 1094 2673 1365 1266 2674 1367 1268 2675 1368 1269 2676 1300 1199 2677 1196 1094 2678 1196 1094 2679 1369 1270 2680 1368 1269 2681 1329 1228 2682 1325 1224 2683 1327 1226 2684 1358 1259 2685 1357 1258 2686 1370 1271 2687 1219 1117 2688 1218 1116 2689 1371 1272 2690 1371 1272 2691 1372 1273 2692 1219 1117 2693 1215 1113 2694 1373 1274 2695 1237 1135 2696 1319 1218 2697 1374 1275 2698 1320 1219 2699 1367 1268 2700 1369 1270 2701 1196 1094 2702 1375 1276 2703 1376 1277 2704 1377 1278 2705 1377 1278 2706 1378 1279 2707 1375 1276 2708 1376 1277 2709 1379 1280 2710 1377 1278 2711 1380 1281 2712 1381 1282 2713 1382 1283 2714 1383 1284 2715 1384 1285 2716 1385 1286 2717 1385 1286 2718 1386 1287 2719 1383 1284 2720 1387 1288 2721 1388 1289 2722 1389 1290 2723 1389 1290 2724 1390 1291 2725 1387 1288 2726 1391 1292 2727 1392 1293 2728 1393 1294 2729 1393 1294 2730 1394 1295 2731 1391 1292 2732 1395 1296 2733 1396 1297 2734 1397 1298 2735 1397 1298 2736 1398 1299 2737 1395 1296 2738 1399 1300 2739 1400 1301 2740 1383 1284 2741 1383 1284 2742 1386 1287 2743 1399 1300 2744 1401 1302 2745 1380 1281 2746 1382 1283 2747 1402 1303 2748 1403 1304 2749 1404 1305 2750 1404 1306 2751 1405 1307 2752 1402 1308 2753 1406 1309 2754 1407 1310 2755 1394 1295 2756 1407 1311 2757 1408 1312 2758 1397 1298 2759 1397 1313 2760 1394 1314 2761 1407 1315 2762 1409 1316 2763 1410 1317 2764 1393 1294 2765 1410 1317 2766 1406 1309 2767 1394 1295 2768 1394 1295 2769 1393 1294 2770 1410 1317 2771 1411 1318 2772 1412 1319 2773 1398 1299 2774 1398 1299 2775 1397 1298 2776 1411 1318 2777 1413 1320 2778 1409 1316 2779 1393 1294 2780 1393 1294 2781 1404 1305 2782 1413 1320 2783 1403 1304 2784 1413 1320 2785 1404 1305 2786 1408 1312 2787 1411 1318 2788 1397 1298 2789 1414 1321 2790 1415 1322 2791 1416 1323 2792 1417 1324 2793 1414 1321 2794 1416 1323 2795 1418 1325 2796 1419 1326 2797 1420 1327 2798 1421 1328 2799 1422 1329 2800 1423 1330 2801 1423 1330 2802 1424 1331 2803 1421 1328 2804 1425 1332 2805 1426 1333 2806 1427 1334 2807 1428 1335 2808 1429 1336 2809 1424 1331 2810 1430 1337 2811 1431 1338 2812 1432 1339 2813 1433 1340 2814 1434 1341 2815 1380 1281 2816 1427 1334 2817 1405 1342 2818 1435 1343 2819 1384 1285 2820 1436 1344 2821 1437 1345 2822 1426 1333 2823 1438 1346 2824 1439 1347 2825 1438 1346 2826 1426 1333 2827 1432 1339 2828 1432 1339 2829 1440 1348 2830 1438 1346 2831 1427 1334 2832 1441 1349 2833 1442 1350 2834 1441 1349 2835 1427 1334 2836 1426 1333 2837 1426 1333 2838 1439 1347 2839 1441 1349 2840 1443 1351 2841 1432 1339 2842 1431 1338 2843 1431 1338 2844 1444 1352 2845 1443 1351 2846 1445 1353 2847 1405 1342 2848 1427 1334 2849 1427 1334 2850 1442 1350 2851 1445 1353 2852 1444 1352 2853 1431 1338 2854 1398 1354 2855 1398 1355 2856 1412 1356 2857 1444 1356 2858 1405 1357 2859 1445 1358 2860 1402 1359 2861 1432 1339 2862 1443 1351 2863 1440 1348 2864 1416 1323 2865 1446 1360 2866 1417 1324 2867 1447 1361 2868 1448 1362 2869 1449 1363 2870 1450 1364 2871 1451 1365 2872 1452 1366 2873 1452 1366 2874 1453 1367 2875 1450 1364 2876 1454 1368 2877 1455 1369 2878 1456 1370 2879 1457 1371 2880 1458 1372 2881 1459 1373 2882 1460 1374 2883 1461 1375 2884 1462 1376 2885 1462 1376 2886 1463 1377 2887 1460 1374 2888 1464 1378 2889 1460 1374 2890 1463 1377 2891 1465 1379 2892 1466 1380 2893 1457 1371 2894 1461 1375 2895 1467 1381 2896 1468 1382 2897 1468 1382 2898 1462 1376 2899 1461 1375 2900 1456 1370 2901 1455 1369 2902 1469 1383 2903 1468 1382 2904 1470 1384 2905 1462 1376 2906 1471 1385 2907 1470 1384 2908 1472 1386 2909 1473 1387 2910 1474 1388 2911 1475 1389 2912 1476 1390 2913 1477 1391 2914 1478 1392 2915 1476 1390 2916 1479 1393 2917 1477 1391 2918 1480 1394 2919 1481 1395 2920 1482 1396 2921 1456 1370 2922 1469 1383 2923 1483 1397 2924 1483 1397 2925 1484 1398 2926 1456 1370 2927 1485 1399 2928 1480 1394 2929 1482 1396 2930 1473 1387 2931 1486 1400 2932 1474 1388 2933 1453 1367 2934 1452 1366 2935 1487 1401 2936 1452 1366 2937 1488 1402 2938 1487 1401 2939 1470 1384 2940 1468 1382 2941 1489 1403 2942 1489 1403 2943 1472 1386 2944 1470 1384 2945 1490 1404 2946 1491 1405 2947 1469 1383 2948 1469 1383 2949 1455 1369 2950 1490 1404 2951 1492 1406 2952 1493 1407 2953 1494 1408 2954 1495 1409 2955 1492 1406 2956 1494 1408 2957 1496 1410 2958 1497 1411 2959 1498 1412 2960 1499 1413 2961 1500 1414 2962 1501 1415 2963 1502 1416 2964 1503 1417 2965 1504 1418 2966 1505 1419 2967 1506 1420 2968 1507 1421 2969 1508 1422 2970 1509 1423 2971 1510 1424 2972 1511 1425 2973 1512 1426 2974 1513 1427 2975 1509 1423 2976 1508 1422 2977 1514 1428 2978 1514 1428 2979 1515 1429 2980 1509 1423 2981 1458 1372 2982 1513 1427 2983 1512 1426 2984 1512 1426 2985 1516 1430 2986 1458 1372 2987 1508 1422 2988 1517 1431 2989 1514 1428 2990 1518 1432 2991 1519 1433 2992 1520 1434 2993 1519 1433 2994 1521 1435 2995 1520 1434 2996 1522 1436 2997 1523 1437 2998 1524 1438 2999 1525 1439 3000 1526 1440 3001 1503 1417 3002 1527 1441 3003 1524 1438 3004 1523 1437 3005 1528 1442 3006 1525 1439 3007 1503 1417 3008 1506 1420 3009 1529 1443 3010 1507 1421 3011 1487 1401 3012 1530 1444 3013 1498 1412 3014 1487 1401 3015 1498 1412 3016 1497 1411 3017 1455 1369 3018 1504 1418 3019 1503 1417 3020 1503 1417 3021 1526 1440 3022 1455 1369 3023 1531 1445 3024 1514 1428 3025 1517 1431 3026 1532 1446 3027 1455 1369 3028 1526 1440 3029 1533 1447 3030 1534 1448 3031 1535 1449 3032 1532 1446 3033 1490 1404 3034 1455 1369 3035 1454 1368 3036 1504 1418 3037 1455 1369 3038 1497 1411 3039 1453 1367 3040 1487 1401 3041 1530 1444 3042 1487 1401 3043 1488 1402 3044 1457 1371 3045 1513 1427 3046 1458 1372 3047 1513 1427 3048 1457 1371 3049 1466 1380 3050 1536 1450 3051 1510 1424 3052 1509 1423 3053 1533 1447 3054 1537 1451 3055 1534 1448 3056 1538 1452 3057 1539 1453 3058 1540 1454 3059 1539 1453 3060 1541 1455 3061 1542 1456 3062 1542 1456 3063 1540 1454 3064 1539 1453 3065 1543 1457 3066 1544 1458 3067 1545 1459 3068 1546 1460 3069 1547 1461 3070 1548 1462 3071 1549 1463 3072 1550 1464 3073 1551 1465 3074 1552 1466 3075 1553 1467 3076 1554 1468 3077 1554 1468 3078 1555 1469 3079 1552 1466 3080 1556 1470 3081 1557 1471 3082 1558 1472 3083 1551 1465 3084 1559 1473 3085 1549 1463 3086 1560 1474 3087 1561 1475 3088 1562 1476 3089 1563 1477 3090 1562 1476 3091 1561 1475 3092 1556 1470 3093 1558 1472 3094 1564 1478 3095 1565 1479 3096 1542 1456 3097 1541 1455 3098 1566 1480 3099 1567 1481 3100 1568 1482 3101 1543 1457 3102 1569 1483 3103 1544 1458 3104 1567 1481 3105 1570 1484 3106 1568 1482 3107 1570 1484 3108 1567 1481 3109 1571 1485 3110 1572 1486 3111 1564 1478 3112 1558 1472 3113 1558 1472 3114 1573 1487 3115 1572 1486 3116 1571 1485 3117 1574 1488 3118 1570 1484 3119 1558 1472 3120 1575 1489 3121 1573 1487 3122 1576 1490 3123 1577 1491 3124 1563 1477 3125 1563 1477 3126 1561 1475 3127 1576 1490 3128 1578 1492 3129 1577 1491 3130 1576 1490 3131 1576 1490 3132 1579 1493 3133 1578 1492 3134 1555 1469 3135 1580 1494 3136 1581 1495 3137 1581 1495 3138 1552 1466 3139 1555 1469 3140 1582 1496 3141 1583 1497 3142 1578 1492 3143 1581 1495 3144 1580 1494 3145 1584 1498 3146 1582 1496 3147 1578 1492 3148 1579 1493 3149 1585 1499 3150 1586 1500 3151 1587 1501 3152 1562 1476 3153 1557 1471 3154 1556 1470 3155 1556 1470 3156 1560 1474 3157 1562 1476 3158 1538 1452 3159 1588 1502 3160 1589 1503 3161 1538 1452 3162 1540 1454 3163 1588 1502 3164 1590 1504 3165 1589 1503 3166 1588 1502 3167 1591 1505 3168 1545 1459 3169 1592 1506 3170 1591 1505 3171 1543 1457 3172 1545 1459 3173 1550 1464 3174 1593 1507 3175 1551 1465 3176 1594 1508 3177 1587 1501 3178 1586 1500 3179 1595 1509 3180 1596 1510 3181 1597 1511 3182 1550 1464 3183 1598 1512 3184 1593 1507 3185 1599 1513 3186 1600 1514 3187 1601 1515 3188 1600 1514 3189 1599 1513 3190 1602 1516 3191 1603 1517 3192 1595 1509 3193 1597 1511 3194 1589 1503 3195 1590 1504 3196 1604 1518 3197 1566 1480 3198 1568 1482 3199 1605 1519 3200 1605 1519 3201 1606 1520 3202 1566 1480 3203 1607 1521 3204 1566 1480 3205 1606 1520 3206 1606 1520 3207 1608 1522 3208 1607 1521 3209 1595 1509 3210 1603 1517 3211 1609 1523 3212 1609 1523 3213 1610 1524 3214 1595 1509 3215 1610 1524 3216 1611 1525 3217 1595 1509 3218 1612 1526 3219 1600 1514 3220 1602 1516 3221 1602 1516 3222 1613 1527 3223 1612 1526 3224 1614 1528 3225 1615 1529 3226 1612 1526 3227 1612 1526 3228 1613 1527 3229 1614 1528 3230 1581 1495 3231 1584 1498 3232 1616 1530 3233 1617 1531 3234 1618 1532 3235 1615 1529 3236 1615 1529 3237 1614 1528 3238 1617 1531 3239 1547 1461 3240 1546 1460 3241 1619 1533 3242 1599 1513 3243 1601 1515 3244 1597 1511 3245 1597 1511 3246 1596 1510 3247 1599 1513 3248 1620 1534 3249 1621 1535 3250 1622 1536 3251 1622 1536 3252 1623 1537 3253 1620 1534 3254 1624 1538 3255 1625 1539 3256 1626 1540 3257 1626 1540 3258 1627 1541 3259 1624 1538 3260 1628 1542 3261 1629 1543 3262 1630 1544 3263 1630 1544 3264 1631 1545 3265 1628 1542 3266 1632 1546 3267 1633 1547 3268 1634 1548 3269 1635 1549 3270 1634 1548 3271 1633 1547 3272 1636 1550 3273 1637 1551 3274 1638 1552 3275 1638 1552 3276 1639 1553 3277 1636 1550 3278 1640 1554 3279 1641 1555 3280 1642 1556 3281 1642 1556 3282 1643 1557 3283 1640 1554 3284 1642 1556 3285 1641 1555 3286 1644 1558 3287 1644 1558 3288 1645 1559 3289 1642 1556 3290 1646 1560 3291 1647 1561 3292 1648 1562 3293 1645 1559 3294 1649 1563 3295 1638 1552 3296 1638 1552 3297 1643 1557 3298 1645 1559 3299 1649 1563 3300 1650 1564 3301 1638 1552 3302 1651 1565 3303 1652 1565 3304 1653 1565 3305 1654 1566 3306 1655 1567 3307 1656 1568 3308 1657 1569 3309 1654 1566 3310 1656 1568 3311 1656 1568 3312 1658 1570 3313 1657 1569 3314 1650 1564 3315 1659 1571 3316 1638 1552 3317 1660 1572 3318 1661 1572 3319 1662 1572 3320 1663 1573 3321 1664 1574 3322 1658 1570 3323 1658 1570 3324 1656 1568 3325 1663 1573 3326 1643 1557 3327 1638 1552 3328 1637 1551 3329 1642 1556 3330 1645 1559 3331 1643 1557 3332 1665 1575 3333 1666 1576 3334 1667 1577 3335 1668 1578 3336 1669 1579 3337 1670 1580 3338 1670 1580 3339 1671 1581 3340 1668 1578 3341 1672 1582 3342 1667 1577 3343 1666 1576 3344 1666 1576 3345 1673 1583 3346 1672 1582 3347 1666 1576 3348 1665 1575 3349 1674 1584 3350 1674 1584 3351 1673 1583 3352 1666 1576 3353 1675 1585 3354 1676 1586 3355 1677 1587 3356 1677 1588 3357 1678 1588 3358 1675 1589 3359 1679 1590 3360 1680 1591 3361 1681 1592 3362 1679 1593 3363 1681 1594 3364 1682 1595 3365 1670 1580 3366 1683 1596 3367 1665 1575 3368 1670 1580 3369 1684 1597 3370 1683 1596 3371 1685 1598 3372 1686 1599 3373 1687 1600 3374 1688 1601 3375 1689 1602 3376 1685 1598 3377 1685 1598 3378 1687 1600 3379 1688 1601 3380 1670 1580 3381 1690 1603 3382 1684 1597 3383 1691 1604 3384 1692 1604 3385 1693 1604 3386 1694 1605 3387 1685 1598 3388 1689 1602 3389 1689 1602 3390 1695 1606 3391 1694 1605 3392 1670 1580 3393 1665 1575 3394 1667 1577 3395 1670 1580 3396 1667 1577 3397 1671 1581 3398 1647 1561 3399 1696 1607 3400 1648 1562 3401 1680 1591 3402 1679 1590 3403 1697 1608 3404 1698 1609 3405 1648 1562 3406 1696 1607 3407 1679 1590 3408 1648 1562 3409 1698 1609 3410 1698 1609 3411 1697 1608 3412 1679 1590 3413 1699 1610 3414 1700 1611 3415 1701 1612 3416 1702 1613 3417 1701 1612 3418 1700 1611 3419 1703 1614 3420 1704 1615 3421 1705 1616 3422 1706 1617 3423 1704 1615 3424 1707 1618 3425 1704 1615 3426 1708 1619 3427 1705 1616 3428 1706 1617 3429 1708 1619 3430 1704 1615 3431 1709 1620 3432 1702 1613 3433 1700 1611 3434 1709 1620 3435 1710 1621 3436 1702 1613 3437 1711 1622 3438 1712 1623 3439 1713 1624 3440 1714 1625 3441 1711 1622 3442 1713 1624 3443 1714 1625 3444 1715 1626 3445 1711 1622 3446 1715 1626 3447 1714 1625 3448 1716 1627 3449 1717 1628 3450 1718 1629 3451 1719 1630 3452 1718 1631 3453 1717 1632 3454 1720 1633 3455 1721 1634 3456 1719 1630 3457 1718 1629 3458 1709 1620 3459 1715 1626 3460 1716 1627 3461 1716 1627 3462 1710 1621 3463 1709 1620 3464 1700 1611 3465 1711 1622 3466 1715 1626 3467 1715 1626 3468 1709 1620 3469 1700 1611 3470 1699 1610 3471 1712 1623 3472 1711 1622 3473 1711 1622 3474 1700 1611 3475 1699 1610 3476 1722 1635 3477 1723 1636 3478 1724 1637 3479 1725 1638 3480 1726 1639 3481 1727 1640 3482 1728 1641 3483 1729 1642 3484 1730 1643 3485 1730 1643 3486 1731 1644 3487 1728 1641 3488 1732 1645 3489 1733 1646 3490 1734 1647 3491 1735 1648 3492 1724 1637 3493 1723 1636 3494 1736 1649 3495 1737 1650 3496 1738 1651 3497 1739 1652 3498 1737 1650 3499 1736 1649 3500 1738 1651 3501 1737 1650 3502 1740 1653 3503 1741 1654 3504 1723 1636 3505 1722 1635 3506 1742 1655 3507 1743 1656 3508 1744 1657 3509 1728 1641 3510 1745 1658 3511 1746 1659 3512 1746 1659 3513 1729 1642 3514 1728 1641 3515 1747 1660 3516 1733 1646 3517 1732 1645 3518 1732 1645 3519 1748 1661 3520 1747 1660 3521 1723 1636 3522 1741 1654 3523 1749 1662 3524 1745 1658 3525 1728 1641 3526 1750 1663 3527 1751 1664 3528 1752 1664 3529 1753 1664 3530 1754 1665 3531 1755 1665 3532 1756 1665 3533 1757 1666 3534 1758 1666 3535 1759 1666 3536 1760 1667 3537 1761 1667 3538 1762 1667 3539 1763 1668 3540 1764 1668 3541 1765 1668 3542 1766 1669 3543 1767 1669 3544 1768 1669 3545 1769 1670 3546 1770 1671 3547 1771 1672 3548 1772 1673 3549 1773 1674 3550 1774 1675 3551 1774 1675 3552 1775 1676 3553 1772 1673 3554 1776 1677 3555 1777 1678 3556 1778 1679 3557 1779 1680 3558 1780 1681 3559 1781 1682 3560 1781 1682 3561 1782 1683 3562 1779 1680 3563 1783 1684 3564 1784 1685 3565 1785 1686 3566 1785 1686 3567 1786 1687 3568 1783 1684 3569 1787 1688 3570 1788 1689 3571 1789 1690 3572 1789 1690 3573 1790 1691 3574 1787 1688 3575 1771 1672 3576 1791 1692 3577 1769 1670 3578 1792 1693 3579 1769 1670 3580 1791 1692 3581 1792 1693 3582 1793 1694 3583 1769 1670 3584 1794 1695 3585 1775 1676 3586 1774 1675 3587 1795 1696 3588 1775 1676 3589 1794 1695 3590 1796 1697 3591 1778 1679 3592 1777 1678 3593 1797 1698 3594 1798 1699 3595 1799 1700 3596 1799 1700 3597 1800 1701 3598 1797 1698 3599 1797 1698 3600 1801 1702 3601 1802 1703 3602 1803 1704 3603 1804 1705 3604 1805 1706 3605 1800 1701 3606 1801 1702 3607 1797 1698 3608 1806 1707 3609 1807 1708 3610 1808 1709 3611 1808 1709 3612 1809 1710 3613 1806 1707 3614 1810 1711 3615 1811 1712 3616 1812 1713 3617 1812 1713 3618 1813 1714 3619 1810 1711 3620 1814 1715 3621 1815 1716 3622 1816 1717 3623 1817 1718 3624 1818 1719 3625 1819 1720 3626 1820 1721 3627 1821 1722 3628 1822 1723 3629 1822 1723 3630 1823 1724 3631 1820 1721 3632 1824 1725 3633 1825 1726 3634 1826 1727 3635 1826 1727 3636 1827 1728 3637 1824 1725 3638 1828 1729 3639 1829 1730 3640 1830 1731 3641 1830 1731 3642 1831 1732 3643 1828 1729 3644 1808 1709 3645 1807 1708 3646 1832 1733 3647 1832 1733 3648 1833 1734 3649 1808 1709 3650 1812 1713 3651 1834 1735 3652 1835 1736 3653 1813 1714 3654 1812 1713 3655 1835 1736 3656 1836 1737 3657 1837 1738 3658 1838 1739 3659 1839 1740 3660 1838 1739 3661 1837 1738 3662 1815 1716 3663 1814 1715 3664 1840 1741 3665 1841 1742 3666 1840 1741 3667 1814 1715 3668 1814 1715 3669 1842 1743 3670 1841 1742 3671 1843 1744 3672 1844 1745 3673 1845 1746 3674 1845 1746 3675 1846 1747 3676 1843 1744 3677 1847 1748 3678 1848 1749 3679 1849 1750 3680 1849 1750 3681 1850 1751 3682 1847 1748 3683 1851 1752 3684 1852 1753 3685 1853 1754 3686 1853 1754 3687 1854 1755 3688 1851 1752 3689 1855 1756 3690 1856 1757 3691 1857 1758 3692 1857 1758 3693 1858 1759 3694 1855 1756 3695 1859 1760 3696 1860 1761 3697 1861 1762 3698 1861 1762 3699 1862 1763 3700 1859 1760 3701 1863 1764 3702 1864 1765 3703 1865 1766 3704 1865 1766 3705 1866 1767 3706 1863 1764 3707 1867 1768 3708 1868 1769 3709 1869 1770 3710 1869 1770 3711 1870 1771 3712 1867 1768 3713 1871 1772 3714 1872 1773 3715 1873 1774 3716 1873 1774 3717 1874 1775 3718 1871 1772 3719 1875 1776 3720 1876 1777 3721 1877 1778 3722 1877 1778 3723 1878 1779 3724 1875 1776 3725 1865 1766 3726 1864 1765 3727 1879 1780 3728 1879 1780 3729 1880 1781 3730 1865 1766 3731 1881 1782 3732 1882 1783 3733 1870 1771 3734 1870 1771 3735 1869 1770 3736 1881 1782 3737 1883 1784 3738 1871 1772 3739 1874 1775 3740 1878 1779 3741 1884 1785 3742 1885 1786 3743 1885 1786 3744 1875 1776 3745 1878 1779 3746 1886 1787 3747 1887 1788 3748 1888 1789 3749 1888 1789 3750 1889 1790 3751 1886 1787 3752 1890 1791 3753 1891 1792 3754 1892 1793 3755 1892 1793 3756 1893 1794 3757 1890 1791 3758 1894 1795 3759 1895 1796 3760 1896 1797 3761 1896 1797 3762 1897 1798 3763 1894 1795 3764 1898 1799 3765 1899 1800 3766 1900 1801 3767 1888 1789 3768 1887 1788 3769 1901 1802 3770 1902 1803 3771 1903 1804 3772 1904 1805 3773 1892 1793 3774 1891 1792 3775 1905 1806 3776 1896 1797 3777 1895 1796 3778 1906 1807 3779 1907 1808 3780 1901 1802 3781 1887 1788 3782 1908 1809 3783 1892 1793 3784 1905 1806 3785 882 780 3786 984 882 3787 883 781 3788 888 786 3789 1909 1810 3790 932 830 3791 1910 1811 3792 1911 1812 3793 1912 1813 3794 1913 1814 3795 1914 1815 3796 1915 1816 3797 1915 1816 3798 1916 1817 3799 1913 1814 3800 1917 1818 3801 1918 1819 3802 1919 1820 3803 1920 1821 3804 1921 1822 3805 1922 1822 3806 1923 1823 3807 1921 1823 3808 1920 1824 3809 1914 1815 3810 1911 1825 3811 1910 1826 3812 1924 1827 3813 1919 1820 3814 1925 1828 3815 1919 1820 3816 1918 1819 3817 1925 1828 3818 1910 1826 3819 1915 1816 3820 1914 1815 3821 1926 1829 3822 1927 1830 3823 1928 1831 3824 1929 1832 3825 1930 1833 3826 1931 1834 3827 1932 1835 3828 1933 1836 3829 1934 1837 3830 1934 1837 3831 1935 1838 3832 1932 1835 3833 1920 1839 3834 1936 1840 3835 1923 1841 3836 1920 1842 3837 1937 1843 3838 1938 1844 3839 1939 1845 3840 1938 1844 3841 1937 1843 3842 1937 1843 3843 1940 1846 3844 1939 1845 3845 1939 1847 3846 1940 1848 3847 1941 1849 3848 1942 1850 3849 1943 1851 3850 1944 1852 3851 1944 1852 3852 1945 1853 3853 1942 1850 3854 1946 1854 3855 1947 1855 3856 1948 1856 3857 1949 1857 3858 1950 1858 3859 1951 1859 3860 1951 1859 3861 1952 1860 3862 1949 1857 3863 1953 1861 3864 1954 1862 3865 1955 1863 3866 1922 1864 3867 1956 1865 3868 1957 1866 3869 1957 1867 3870 1956 1868 3871 1958 1869 3872 1946 1854 3873 1948 1856 3874 1952 1860 3875 1959 1870 3876 1956 1870 3877 1922 1870 3878 1953 1861 3879 1960 1871 3880 1954 1862 3881 1952 1860 3882 1951 1859 3883 1946 1854 3884 1961 1872 3885 1962 1873 3886 1963 1874 3887 1964 1875 3888 1965 1876 3889 1966 1877 3890 1966 1877 3891 1967 1878 3892 1964 1875 3893 1968 1879 3894 1969 1880 3895 1970 1881 3896 1958 1882 3897 1971 1883 3898 1957 1884 3899 1920 1842 3900 1922 1864 3901 1957 1866 3902 1920 1842 3903 1957 1866 3904 1937 1843 3905 1965 1876 3906 1972 1885 3907 1966 1877 3908 1940 1886 3909 1973 1887 3910 1941 1888 3911 1969 1880 3912 1974 1889 3913 1970 1881 3914 1969 1880 3915 1975 1890 3916 1974 1889 3917 1976 1891 3918 1914 1815 3919 1913 1814 3920 1952 1860 3921 1977 1892 3922 1949 1857 3923 1943 1893 3924 1942 1894 3925 1978 1895 3926 1979 1896 3927 1960 1871 3928 1953 1861 3929 1980 1897 3930 1981 1898 3931 1982 1899 3932 1983 1900 3933 1984 1901 3934 1985 1902 3935 1986 1903 3936 1987 1904 3937 1988 1905 3938 1988 1905 3939 1989 1906 3940 1986 1903 3941 1990 1907 3942 1991 1908 3943 1992 1909 3944 1993 1910 3945 1994 1911 3946 1995 1912 3947 1995 1912 3948 1996 1913 3949 1993 1910 3950 1994 1911 3951 1993 1910 3952 1997 1914 3953 1997 1914 3954 1998 1915 3955 1994 1911 3956 1999 1916 3957 2000 1917 3958 2001 1918 3959 2001 1918 3960 1987 1904 3961 1999 1916 3962 2002 1919 3963 2003 1920 3964 2004 1921 3965 2004 1921 3966 2005 1922 3967 2002 1919 3968 1987 1904 3969 2001 1918 3970 1988 1905 3971 2006 1923 3972 2007 1924 3973 2008 1925 3974 2008 1925 3975 2009 1926 3976 2006 1923 3977 2010 1927 3978 2011 1928 3979 1983 1900 3980 1983 1900 3981 1985 1902 3982 2010 1927 3983 2012 1929 3984 1991 1908 3985 2013 1930 3986 1992 1909 3987 1991 1908 3988 2012 1929 3989 2014 1931 3990 2004 1921 3991 2003 1920 3992 1982 1899 3993 2015 1932 3994 1980 1897 3995 2016 1933 3996 2017 1934 3997 2018 1935 3998 1983 1900 3999 2019 1936 4000 1984 1901 4001 2012 1929 4002 2013 1930 4003 2020 1937 4004 2020 1937 4005 2021 1938 4006 2012 1929 4007 2022 1939 4008 2023 1940 4009 2024 1941 4010 2024 1941 4011 2025 1942 4012 2022 1939 4013 2026 1943 4014 2025 1944 4015 2027 1945 4016 2028 1946 4017 2029 1947 4018 2030 1948 4019 2030 1948 4020 2031 1949 4021 2028 1946 4022 2032 1950 4023 2028 1946 4024 2031 1949 4025 2033 1951 4026 2027 1945 4027 2025 1944 4028 2034 1952 4029 2033 1951 4030 2025 1944 4031 2025 1953 4032 2024 1954 4033 2034 1955 4034 2035 1956 4035 2036 1956 4036 2037 1956 4037 2037 1957 4038 2038 1957 4039 2035 1957 4040 2039 1958 4041 1984 1901 4042 2019 1936 4043 2040 1959 4044 2041 1960 4045 2021 1938 4046 2021 1938 4047 2020 1937 4048 2040 1959 4049 2042 1961 4050 2043 1962 4051 2021 1938 4052 2021 1938 4053 2041 1960 4054 2042 1961 4055 2043 1963 4056 2042 1964 4057 2044 1965 4058 2002 1919 4059 2005 1922 4060 2045 1966 4061 2045 1966 4062 2046 1967 4063 2002 1919 4064 2047 1968 4065 2018 1935 4066 2017 1934 4067 2048 1969 4068 2049 1970 4069 2050 1971 4070 2049 1970 4071 2048 1969 4072 2051 1972 4073 2052 1973 4074 2053 1974 4075 2054 1975 4076 2053 1974 4077 2052 1973 4078 2055 1976 4079 2056 1977 4080 2057 1978 4081 2058 1979 4082 2057 1978 4083 2056 1977 4084 2059 1980 4085 2060 1981 4086 2061 1982 4087 2062 1983 4088 2061 1982 4089 2060 1981 4090 2063 1984 4091 2050 1971 4092 2064 1985 4093 2065 1986 4094 2064 1985 4095 2050 1971 4096 2049 1970 4097 2066 1987 4098 2053 1974 4099 2055 1976 4100 2067 1988 4101 2057 1978 4102 2059 1980 4103 2068 1989 4104 2069 1990 4105 2070 1991 4106 2069 1990 4107 2068 1989 4108 2071 1992 4109 2070 1991 4110 2069 1990 4111 2072 1993 4112 2064 1985 4113 2073 1994 4114 2065 1986 4115 2073 1994 4116 2064 1985 4117 2074 1995 4118 2075 1996 4119 2076 1997 4120 2077 1998 4121 2076 1997 4122 2075 1996 4123 2078 1999 4124 2079 2000 4125 2080 2001 4126 2081 2002 4127 2080 2001 4128 2079 2000 4129 2067 1988 4130 2082 2003 4131 2083 2004 4132 2084 2005 4133 2083 2004 4134 2082 2003 4135 2085 2006 4136 2069 1990 4137 2071 1992 4138 2072 1993 4139 2053 1974 4140 2066 1987 4141 2086 2007 4142 2057 1978 4143 2067 1988 4144 2079 2000 4145 2087 508 4146 2088 508 4147 2089 508 4148 2090 509 4149 2091 509 4150 2092 509 4151 2093 2008 4152 2094 2008 4153 2095 2008 4154 2096 509 4155 2097 509 4156 2098 509 4157 2099 508 4158 2100 508 4159 2101 508 4160 2096 509 4161 2102 509 4162 2103 509 4163 2104 2009 4164 2105 2010 4165 2106 2010 4166 2104 2011 4167 2106 2012 4168 2107 2013 4169 2108 2014 4170 2109 2015 4171 2110 2016 4172 2108 2014 4173 2110 2016 4174 2111 2017 4175 2112 2018 4176 2113 2019 4177 2114 2020 4178 2112 2018 4179 2114 2020 4180 2115 2021 4181 2116 2022 4182 2117 2023 4183 2118 2024 4184 2116 2025 4185 2118 2026 4186 2119 2026 4187 2120 2027 4188 2121 2028 4189 2122 2029 4190 2120 2027 4191 2122 2029 4192 2123 2030 4193 2124 2031 4194 2125 2032 4195 2126 2033 4196 2124 2031 4197 2126 2033 4198 2127 2034 4199 2128 2035 4200 13 13 4201 16 2036 4202 2128 2035 4203 16 2036 4204 15 2037 4205 2120 2027 4206 2129 2038 4207 2130 2039 4208 2120 2027 4209 2130 2039 4210 2121 2028 4211 2131 2040 4212 2132 2041 4213 2133 2042 4214 2131 2040 4215 2133 2042 4216 2134 2043 4217 2135 2044 4218 2108 2014 4219 2111 2017 4220 2135 2044 4221 2111 2017 4222 2136 2045 4223 2137 2046 4224 2138 2047 4225 2126 2033 4226 2137 2046 4227 2126 2033 4228 2125 2032 4229 2139 2048 4230 2140 2049 4231 2141 2050 4232 2139 2048 4233 2141 2050 4234 2142 2051 4235 2143 2052 4236 2144 2053 4237 6 6 4238 2143 2052 4239 6 6 4240 8 8 4241 2145 2054 4242 25 25 4243 24 24 4244 2145 2054 4245 24 24 4246 2146 2055 4247 2147 2056 4248 2148 2057 4249 2149 2058 4250 2147 2056 4251 2149 2058 4252 2150 2059 4253 2151 2060 4254 9 9 4255 11 11 4256 2151 2060 4257 11 11 4258 2152 2061 4259 2153 2062 4260 2154 2063 4261 2155 2064 4262 2153 2062 4263 2155 2064 4264 2156 2065 4265 2157 2066 4266 2158 2067 4267 544 483 4268 2157 2066 4269 544 483 4270 2156 2065 4271 2159 2068 4272 2157 2066 4273 2156 2065 4274 2159 2068 4275 2156 2065 4276 2155 2064 4277 26 26 4278 2160 2069 4279 2161 2070 4280 26 26 4281 2161 2070 4282 544 483 4283 2162 2071 4284 8 8 4285 7 7 4286 2162 2071 4287 7 7 4288 2163 2072 4289 2144 2053 4290 2164 2073 4291 2165 2074 4292 2144 2053 4293 2165 2074 4294 6 6 4295 15 2037 4296 2166 2075 4297 2167 2076 4298 15 2037 4299 2167 2076 4300 2128 2035 4301 2128 2035 4302 2168 2077 4303 2169 2078 4304 2128 2035 4305 2169 2078 4306 2170 2079 4307 2167 2076 4308 2171 2080 4309 2168 2077 4310 2167 2076 4311 2168 2077 4312 2128 2035 4313 2172 2081 4314 2104 2011 4315 2107 2013 4316 2172 2081 4317 2107 2013 4318 10 2082 4319 2173 2083 4320 2174 2084 4321 2175 2085 4322 2173 2083 4323 2175 2085 4324 2176 2086 4325 2177 2087 4326 2178 2088 4327 2179 2089 4328 2177 2087 4329 2179 2089 4330 2180 2090 4331 2181 2091 4332 2182 2092 4333 2183 2093 4334 2181 2091 4335 2183 2093 4336 2184 2094 4337 2185 2095 4338 2175 2085 4339 2174 2084 4340 2185 2096 4341 2174 2097 4342 2186 2096 4343 547 486 4344 546 485 4345 2187 2098 4346 547 486 4347 2187 2098 4348 2188 2099 4349 2139 2048 4350 2142 2051 4351 2110 2016 4352 2139 2048 4353 2110 2016 4354 2109 2015 4355 2189 2100 4356 2190 2101 4357 22 22 4358 2189 2100 4359 22 22 4360 21 21 4361 2191 2102 4362 2192 2103 4363 19 2104 4364 2191 2102 4365 19 2104 4366 2193 2105 4367 2194 2106 4368 2195 2107 4369 2196 2107 4370 2194 2108 4371 2196 2109 4372 2197 2110 4373 2198 2111 4374 2199 2112 4375 2200 2113 4376 2198 2111 4377 2200 2113 4378 2201 2114 4379 2202 2115 4380 2 2 4381 1 1 4382 2202 2115 4383 1 1 4384 2203 2116 4385 2204 2117 4386 2205 2118 4387 2206 2119 4388 2204 2117 4389 2206 2119 4390 2207 2120 4391 18 2121 4392 29 29 4393 2193 2105 4394 18 2121 4395 2193 2105 4396 19 2104 4397 2208 2122 4398 2209 2123 4399 2210 2124 4400 2208 2122 4401 2210 2124 4402 2211 2125 4403 2212 2126 4404 2213 2127 4405 2135 2044 4406 2212 2126 4407 2135 2044 4408 2136 2045 4409 2200 2113 4410 2199 2112 4411 2214 2128 4412 2200 2113 4413 2214 2128 4414 2215 2129 4415 29 29 4416 28 28 4417 2216 2130 4418 29 29 4419 2216 2130 4420 2193 2105 4421 2217 2131 4422 2218 2132 4423 2219 2133 4424 2217 2131 4425 2219 2133 4426 2220 2134 4427 2221 2135 4428 2222 2136 4429 2223 2137 4430 2221 2135 4431 2223 2137 4432 2224 2138 4433 2225 2139 4434 2226 2140 4435 2227 2141 4436 2225 2139 4437 2227 2141 4438 2228 2142 4439 2156 2065 4440 544 483 4441 2161 2070 4442 2156 2065 4443 2161 2070 4444 2153 2062 4445 7 7 4446 2229 2143 4447 2230 2144 4448 7 7 4449 2230 2144 4450 2163 2072 4451 2231 2145 4452 2193 2105 4453 2216 2130 4454 2231 2145 4455 2216 2130 4456 2232 2146 4457 2190 2101 4458 2189 2100 4459 2233 2147 4460 2190 2101 4461 2233 2147 4462 2234 2148 4463 2231 2145 4464 2235 2149 4465 2191 2102 4466 2231 2145 4467 2191 2102 4468 2193 2105 4469 2160 2069 4470 26 26 4471 2194 2108 4472 2160 2069 4473 2194 2108 4474 2197 2110 4475 2236 2150 4476 2237 2151 4477 2234 2148 4478 2236 2150 4479 2234 2148 4480 2233 2147 4481 2238 2152 4482 2239 2153 4483 2240 2154 4484 2238 2155 4485 2240 2156 4486 2241 2156 4487 2242 2157 4488 2243 2158 4489 2215 2129 4490 2242 2157 4491 2215 2129 4492 2214 2128 4493 2192 2103 4494 2191 2102 4495 2167 2076 4496 2192 2103 4497 2167 2076 4498 2166 2075 4499 2244 2159 4500 2245 2160 4501 2246 2161 4502 2244 2159 4503 2246 2161 4504 2247 2162 4505 2248 2163 4506 2249 2163 4507 2250 2163 4508 2248 2164 4509 2250 2164 4510 2251 2164 4511 2252 2165 4512 2253 2166 4513 2254 2167 4514 2252 2165 4515 2254 2167 4516 2255 2168 4517 2247 2162 4518 2246 2161 4519 2256 2169 4520 2247 2162 4521 2256 2169 4522 2257 2170 4523 2258 2171 4524 2259 2172 4525 2260 2173 4526 2258 2171 4527 2260 2173 4528 2261 2174 4529 2262 2175 4530 2263 2176 4531 2264 2177 4532 2262 2175 4533 2264 2177 4534 2265 2178 4535 2266 2179 4536 2267 2179 4537 2268 2179 4538 2266 2180 4539 2268 2180 4540 2269 2180 4541 2270 2181 4542 2271 2182 4543 40 40 4544 2270 2181 4545 40 40 4546 2272 2183 4547 2273 2184 4548 2274 2184 4549 2275 2184 4550 2273 2185 4551 2275 2185 4552 2276 2185 4553 33 33 4554 35 35 4555 2277 2186 4556 33 33 4557 2277 2186 4558 2278 2187 4559 2279 2188 4560 2280 2188 4561 2281 2188 4562 2279 2189 4563 2281 2189 4564 2282 2189 4565 2283 2190 4566 2284 2190 4567 2285 2190 4568 2283 2191 4569 2285 2191 4570 2286 2191 4571 2287 2192 4572 2288 2192 4573 2289 2192 4574 2287 2193 4575 2289 2193 4576 2290 2193 4577 2291 2194 4578 2292 2194 4579 2293 2194 4580 2291 2195 4581 2293 2195 4582 2294 2195 4583 2295 2196 4584 2296 2196 4585 2297 2196 4586 2295 2197 4587 2297 2197 4588 2298 2197 4589 2272 2183 4590 40 40 4591 30 37 4592 2272 2183 4593 30 37 4594 2299 2198 4595 39 38 4596 2300 2199 4597 2301 2200 4598 39 38 4599 2301 2200 4600 31 39 4601 2302 2201 4602 2300 2199 4603 39 38 4604 2302 2201 4605 39 38 4606 40 40 4607 2303 2202 4608 2304 2202 4609 2305 2202 4610 2303 2203 4611 2305 2203 4612 2306 2203 4613 2257 2170 4614 2256 2169 4615 34 34 4616 2257 2170 4617 34 34 4618 33 33 4619 2255 2204 4620 2254 2205 4621 2307 2206 4622 2255 2207 4623 2307 2208 4624 2308 2208 4625 2261 2174 4626 2260 2173 4627 2271 2182 4628 2261 2174 4629 2271 2182 4630 2270 2181 4631 2309 2209 4632 2310 2210 4633 2311 2211 4634 2309 2212 4635 2311 2213 4636 2312 2213 4637 2313 2214 4638 2314 2215 4639 2315 2216 4640 2313 2214 4641 2315 2216 4642 2316 2217 4643 2245 2218 4644 2244 2219 4645 2317 2220 4646 2245 2221 4647 2317 2222 4648 2318 2222 4649 2319 2223 4650 2320 2224 4651 2321 2225 4652 2319 2223 4653 2321 2225 4654 2322 2226 4655 2323 2227 4656 2324 2228 4657 2325 2229 4658 2323 2227 4659 2325 2229 4660 2326 2230 4661 2327 2231 4662 2328 2232 4663 2300 2199 4664 2327 2231 4665 2300 2199 4666 2302 2201 4667 2310 2233 4668 2309 2234 4669 2259 2172 4670 2310 2233 4671 2259 2172 4672 2258 2171 4673 2265 2178 4674 2264 2177 4675 2328 2232 4676 2265 2178 4677 2328 2232 4678 2327 2231 4679 2323 2227 4680 2253 2166 4681 2252 2165 4682 2323 2227 4683 2252 2165 4684 2324 2228 4685 2262 2235 4686 2329 2236 4687 2330 2236 4688 2262 2175 4689 2330 2237 4690 2263 2176 4691 2331 2238 4692 2332 2238 4693 2333 2238 4694 2331 2239 4695 2333 2239 4696 2334 2239 4697 2335 2240 4698 2336 2240 4699 2337 2240 4700 2335 2241 4701 2337 2241 4702 2338 2241 4703 2339 2242 4704 2340 2242 4705 2341 2242 4706 2339 2243 4707 2341 2243 4708 2342 2243 4709 2343 2244 4710 2344 2244 4711 2345 2244 4712 2343 2245 4713 2345 2245 4714 2346 2245 4715 2347 2246 4716 2348 2247 4717 728 629 4718 2347 2246 4719 728 629 4720 52 52 4721 2349 2248 4722 2350 2249 4723 719 623 4724 2349 2248 4725 719 623 4726 718 622 4727 2351 2250 4728 2352 2251 4729 2353 2252 4730 2351 2250 4731 2353 2252 4732 2354 2253 4733 2355 2254 4734 2356 2255 4735 2357 2256 4736 2355 2254 4737 2357 2256 4738 2358 2257 4739 2359 2258 4740 2360 2259 4741 59 59 4742 2359 2258 4743 59 59 4744 443 392 4745 2361 2260 4746 2362 2261 4747 2363 2262 4748 2361 2260 4749 2363 2262 4750 2364 2263 4751 733 631 4752 732 630 4753 2365 2264 4754 733 631 4755 2365 2264 4756 2366 2265 4757 2365 2264 4758 732 630 4759 2367 2266 4760 2365 2264 4761 2367 2266 4762 42 42 4763 2368 2267 4764 734 632 4765 728 629 4766 2368 2267 4767 728 629 4768 2348 2247 4769 2369 2268 4770 2370 2269 4771 2371 2270 4772 2369 2268 4773 2371 2270 4774 2372 2271 4775 2347 2246 4776 52 52 4777 63 63 4778 2347 2246 4779 63 63 4780 2373 2272 4781 2374 2273 4782 444 393 4783 44 44 4784 2374 2273 4785 44 44 4786 46 46 4787 2375 2274 4788 2376 2275 4789 2359 2258 4790 2375 2274 4791 2359 2258 4792 443 392 4793 43 43 4794 54 54 4795 2377 2276 4796 43 43 4797 2377 2276 4798 2378 2277 4799 2379 2278 4800 2355 2254 4801 2358 2257 4802 2379 2278 4803 2358 2257 4804 2380 2279 4805 718 622 4806 720 624 4807 53 53 4808 718 622 4809 53 53 4810 2381 2280 4811 2360 2259 4812 2382 2281 4813 57 57 4814 2360 2259 4815 57 57 4816 59 59 4817 44 44 4818 444 393 4819 2383 2282 4820 44 44 4821 2383 2282 4822 47 47 4823 2383 2282 4824 444 393 4825 59 59 4826 2383 2282 4827 59 59 4828 58 58 4829 56 56 4830 2384 2283 4831 2385 2284 4832 56 56 4833 2385 2284 4834 2386 2285 4835 2387 2286 4836 2388 2287 4837 2389 2288 4838 2387 2286 4839 2389 2288 4840 2390 2289 4841 735 633 4842 2381 2280 4843 53 53 4844 735 633 4845 53 53 4846 728 629 4847 66 66 4848 65 65 4849 718 622 4850 66 66 4851 718 622 4852 2381 2280 4853 2391 2290 4854 2392 2291 4855 2369 2268 4856 2391 2290 4857 2369 2268 4858 2372 2271 4859 2349 2248 4860 718 622 4861 65 65 4862 2349 2248 4863 65 65 4864 2393 2292 4865 2367 2266 4866 54 54 4867 43 43 4868 2367 2266 4869 43 43 4870 42 42 4871 2347 2246 4872 72 72 4873 727 628 4874 2347 2246 4875 727 628 4876 2348 2247 4877 2394 2293 4878 2395 2294 4879 46 46 4880 2394 2293 4881 46 46 4882 45 45 4883 2396 2295 4884 2397 2296 4885 2398 2297 4886 2396 2295 4887 2398 2297 4888 2399 2298 4889 2400 2299 4890 2397 2296 4891 2396 2295 4892 2400 2299 4893 2396 2295 4894 2401 2300 4895 2401 2300 4896 2396 2295 4897 62 62 4898 2401 2300 4899 62 62 4900 61 61 4901 71 71 4902 55 55 4903 54 54 4904 71 71 4905 54 54 4906 2367 2266 4907 2356 2255 4908 2355 2254 4909 2363 2262 4910 2356 2255 4911 2363 2262 4912 2362 2261 4913 2402 2301 4914 2403 2302 4915 2379 2278 4916 2402 2301 4917 2379 2278 4918 2380 2279 4919 2351 2250 4920 2379 2278 4921 2403 2302 4922 2351 2250 4923 2403 2302 4924 2352 2251 4925 2404 2303 4926 66 66 4927 2381 2280 4928 2404 2303 4929 2381 2280 4930 735 633 4931 2347 2246 4932 2373 2272 4933 79 79 4934 2347 2246 4935 79 79 4936 72 72 4937 733 631 4938 2368 2267 4939 2348 2247 4940 733 631 4941 2348 2247 4942 727 628 4943 732 630 4944 727 628 4945 71 71 4946 732 630 4947 71 71 4948 2367 2266 4949 2405 2304 4950 68 68 4951 67 67 4952 2405 2304 4953 67 67 4954 60 60 4955 2399 2298 4956 2406 2305 4957 62 62 4958 2399 2298 4959 62 62 4960 2396 2295 4961 2401 2300 4962 2407 2306 4963 2408 2307 4964 2401 2300 4965 2408 2307 4966 2400 2299 4967 2355 2254 4968 2379 2278 4969 2351 2250 4970 2355 2254 4971 2351 2250 4972 2363 2262 4973 2407 2306 4974 2401 2300 4975 61 61 4976 2407 2306 4977 61 61 4978 78 78 4979 67 67 4980 73 73 4981 2409 2308 4982 67 67 4983 2409 2308 4984 60 60 4985 60 60 4986 2409 2308 4987 77 77 4988 60 60 4989 77 77 4990 61 61 4991 68 68 4992 2410 2309 4993 2411 2310 4994 68 68 4995 2411 2310 4996 69 69 4997 2412 2311 4998 2413 2312 4999 2414 2313 5000 2412 2311 5001 2414 2313 5002 2415 2314 5003 2416 2315 5004 83 83 5005 2417 2316 5006 2416 2315 5007 2417 2316 5008 2418 2317 5009 2419 2318 5010 2420 2319 5011 2421 2320 5012 2419 2318 5013 2421 2320 5014 2422 2321 5015 2423 2322 5016 2424 2323 5017 2425 2324 5018 2423 2322 5019 2425 2324 5020 2426 2325 5021 2427 2326 5022 2428 2327 5023 2429 2328 5024 2427 2326 5025 2429 2328 5026 2430 2329 5027 2420 2319 5028 2431 2330 5029 2432 2331 5030 2420 2319 5031 2432 2331 5032 2421 2320 5033 2433 2332 5034 2434 2333 5035 2424 2323 5036 2433 2332 5037 2424 2323 5038 2423 2322 5039 2431 2330 5040 2435 2334 5041 2436 2335 5042 2431 2330 5043 2436 2335 5044 2432 2331 5045 2437 2336 5046 2438 2337 5047 2434 2333 5048 2437 2336 5049 2434 2333 5050 2433 2332 5051 2439 2338 5052 2440 2339 5053 2441 2340 5054 2439 2338 5055 2441 2340 5056 2442 2341 5057 2435 2334 5058 2443 2342 5059 2444 2343 5060 2435 2334 5061 2444 2343 5062 2436 2335 5063 2445 2344 5064 2446 2345 5065 2438 2337 5066 2445 2344 5067 2438 2337 5068 2437 2336 5069 2442 2341 5070 2441 2340 5071 2447 2346 5072 2442 2341 5073 2447 2346 5074 2448 2347 5075 2443 2342 5076 2449 2348 5077 2450 2349 5078 2443 2342 5079 2450 2349 5080 2444 2343 5081 2451 2350 5082 2452 2351 5083 2446 2345 5084 2451 2350 5085 2446 2345 5086 2445 2344 5087 2448 2347 5088 2447 2346 5089 2453 2352 5090 2448 2347 5091 2453 2352 5092 2454 2353 5093 2449 2348 5094 2455 2354 5095 2456 2355 5096 2449 2348 5097 2456 2355 5098 2450 2349 5099 2457 2356 5100 2458 2357 5101 2452 2351 5102 2457 2356 5103 2452 2351 5104 2451 2350 5105 2454 2353 5106 2453 2352 5107 2459 2358 5108 2454 2353 5109 2459 2358 5110 2460 2359 5111 2455 2354 5112 2461 2360 5113 2462 2361 5114 2455 2354 5115 2462 2361 5116 2456 2355 5117 2463 2362 5118 2464 2363 5119 2465 2364 5120 2463 2362 5121 2465 2364 5122 2466 2365 5123 2467 2366 5124 2460 2359 5125 2459 2358 5126 2467 2366 5127 2459 2358 5128 2468 2367 5129 2469 2368 5130 2470 2369 5131 2471 2370 5132 2469 2368 5133 2471 2370 5134 2472 2371 5135 2473 2372 5136 2474 2373 5137 2472 2371 5138 2473 2372 5139 2472 2371 5140 2471 2370 5141 2475 2374 5142 2430 2329 5143 2429 2328 5144 2475 2374 5145 2429 2328 5146 2476 2375 5147 2477 2376 5148 2475 2374 5149 2476 2375 5150 2477 2376 5151 2476 2375 5152 2478 2377 5153 2479 2378 5154 2477 2376 5155 2478 2377 5156 2479 2378 5157 2478 2377 5158 2480 2379 5159 2481 2380 5160 2479 2378 5161 2480 2379 5162 2481 2380 5163 2480 2379 5164 2482 2381 5165 2483 2382 5166 2481 2380 5167 2482 2381 5168 2483 2382 5169 2482 2381 5170 2484 2383 5171 2485 2384 5172 2483 2382 5173 2484 2383 5174 2485 2384 5175 2484 2383 5176 2486 2385 5177 2487 2386 5178 2488 2387 5179 2474 2373 5180 2487 2386 5181 2474 2373 5182 2473 2372 5183 2489 2388 5184 2490 2389 5185 2488 2387 5186 2489 2388 5187 2488 2387 5188 2487 2386 5189 2491 2390 5190 2492 2391 5191 2490 2389 5192 2491 2390 5193 2490 2389 5194 2489 2388 5195 2493 2392 5196 2494 2393 5197 2492 2391 5198 2493 2392 5199 2492 2391 5200 2491 2390 5201 2495 2394 5202 2496 2395 5203 2494 2393 5204 2495 2394 5205 2494 2393 5206 2493 2392 5207 2470 2369 5208 2469 2368 5209 2497 2396 5210 2470 2369 5211 2497 2396 5212 2498 2397 5213 2416 2315 5214 2418 2317 5215 2440 2339 5216 2416 2315 5217 2440 2339 5218 2439 2338 5219 2413 2312 5220 2499 2398 5221 2500 2399 5222 2413 2312 5223 2500 2399 5224 2414 2313 5225 2499 2398 5226 2501 2400 5227 2502 2401 5228 2499 2398 5229 2502 2401 5230 2500 2399 5231 2501 2400 5232 2503 2402 5233 2504 2403 5234 2501 2400 5235 2504 2403 5236 2502 2401 5237 2505 2404 5238 2506 2405 5239 2504 2403 5240 2505 2404 5241 2504 2403 5242 2503 2402 5243 2427 2326 5244 2507 2406 5245 2508 2407 5246 2427 2326 5247 2508 2407 5248 2428 2327 5249 553 2408 5250 2509 2408 5251 2510 2408 5252 553 492 5253 2510 2409 5254 551 490 5255 2511 2410 5256 2412 2311 5257 2415 2314 5258 2511 2410 5259 2415 2314 5260 2512 2411 5261 85 85 5262 2513 2412 5263 2417 2316 5264 85 85 5265 2417 2316 5266 83 83 5267 2465 2364 5268 2464 2363 5269 2513 2412 5270 2465 2364 5271 2513 2412 5272 85 85 5273 87 87 5274 86 86 5275 2511 2410 5276 87 87 5277 2511 2410 5278 2512 2411 5279 2514 2413 5280 2515 2414 5281 2516 2415 5282 2514 2416 5283 2516 2417 5284 2517 2416 5285 2518 508 5286 2519 508 5287 2520 508 5288 2518 2418 5289 2520 2418 5290 2521 2418 5291 2522 2419 5292 2523 2420 5293 2524 2421 5294 2522 2419 5295 2524 2421 5296 2525 2422 5297 2526 509 5298 2527 509 5299 2528 509 5300 2526 509 5301 2528 509 5302 2529 509 5303 2530 2423 5304 2531 2424 5305 2532 2425 5306 2530 2423 5307 2532 2425 5308 2533 2426 5309 2534 2427 5310 2522 2419 5311 2525 2422 5312 2534 2427 5313 2525 2422 5314 2535 2428 5315 2536 2429 5316 2530 2423 5317 2533 2426 5318 2536 2429 5319 2533 2426 5320 2537 2430 5321 2538 2431 5322 2534 2427 5323 2535 2428 5324 2538 2431 5325 2535 2428 5326 2539 2432 5327 2540 2433 5328 2536 2429 5329 2537 2430 5330 2540 2433 5331 2537 2430 5332 2541 2434 5333 2542 2435 5334 2543 2436 5335 2538 2431 5336 2542 2435 5337 2538 2431 5338 2539 2432 5339 2544 2437 5340 2540 2433 5341 2541 2434 5342 2544 2437 5343 2541 2434 5344 2545 2438 5345 2518 2439 5346 2521 2439 5347 2546 2439 5348 2518 2440 5349 2546 2440 5350 2547 2440 5351 2548 2441 5352 2549 2441 5353 2550 2441 5354 2548 2442 5355 2550 2442 5356 2551 2442 5357 2523 2420 5358 2516 2415 5359 2515 2414 5360 2523 2420 5361 2515 2414 5362 2524 2421 5363 2531 2424 5364 2552 2443 5365 2553 2444 5366 2531 2424 5367 2553 2444 5368 2532 2425 5369 2546 2445 5370 2554 2445 5371 2555 2445 5372 2546 2446 5373 2555 2446 5374 2547 2446 5375 2554 2447 5376 2556 2447 5377 2557 2447 5378 2554 2448 5379 2557 2448 5380 2555 2448 5381 2556 2449 5382 2558 2449 5383 2559 2449 5384 2556 2450 5385 2559 2450 5386 2557 2450 5387 2542 2451 5388 2560 2452 5389 2561 2452 5390 2542 2435 5391 2561 2453 5392 2543 2436 5393 2558 2454 5394 2562 2454 5395 2563 2454 5396 2558 2455 5397 2563 2455 5398 2559 2455 5399 2519 2456 5400 2564 2457 5401 2565 2457 5402 2519 2458 5403 2565 2458 5404 2520 2458 5405 2552 2459 5406 2566 2460 5407 2567 2460 5408 2552 2443 5409 2567 2461 5410 2553 2444 5411 2568 2462 5412 2569 2462 5413 2570 2462 5414 2568 2463 5415 2570 2463 5416 2571 2463 5417 2572 2464 5418 2573 2465 5419 2574 2466 5420 2572 2464 5421 2574 2466 5422 2575 2467 5423 2576 2468 5424 2577 2468 5425 2578 2468 5426 2576 2469 5427 2578 2469 5428 2579 2469 5429 2580 2470 5430 2581 2471 5431 2582 2471 5432 2580 2472 5433 2582 2473 5434 2583 2474 5435 2584 2475 5436 2585 2476 5437 2586 2477 5438 2584 2475 5439 2586 2477 5440 2587 2478 5441 570 2479 5442 2588 2480 5443 2589 2481 5444 570 2482 5445 2589 2483 5446 566 2482 5447 2590 2484 5448 2591 2485 5449 2592 2486 5450 2590 2484 5451 2592 2486 5452 2593 2487 5453 2594 2488 5454 2595 2488 5455 2596 2488 5456 2594 2489 5457 2596 2489 5458 2597 2489 5459 2598 2490 5460 2599 2491 5461 2580 2472 5462 2598 2490 5463 2580 2472 5464 2583 2474 5465 2600 2492 5466 2601 2493 5467 2602 2494 5468 2600 2492 5469 2602 2494 5470 2603 2495 5471 2604 2496 5472 2605 2496 5473 2606 2496 5474 2604 2497 5475 2606 2497 5476 2607 2497 5477 2608 2498 5478 2609 2499 5479 2610 2500 5480 2608 2498 5481 2610 2500 5482 2611 2501 5483 2589 2502 5484 2588 2503 5485 2612 2504 5486 2589 2505 5487 2612 2506 5488 2613 2506 5489 2601 2493 5490 2614 2507 5491 2615 2508 5492 2601 2493 5493 2615 2508 5494 2602 2494 5495 105 105 5496 107 107 5497 2616 2509 5498 105 105 5499 2616 2509 5500 2617 2510 5501 2618 2511 5502 2619 2512 5503 2620 2513 5504 2618 2511 5505 2620 2513 5506 2621 2514 5507 2622 2515 5508 93 93 5509 95 95 5510 2622 2515 5511 95 95 5512 2623 2516 5513 103 103 5514 102 102 5515 95 95 5516 103 103 5517 95 95 5518 94 94 5519 97 2517 5520 2624 2518 5521 2622 2515 5522 97 2517 5523 2622 2515 5524 2623 2516 5525 2625 2519 5526 2626 2520 5527 2627 2521 5528 2625 2522 5529 2627 2523 5530 2628 2524 5531 110 110 5532 109 109 5533 112 112 5534 110 110 5535 112 112 5536 115 115 5537 2626 2520 5538 2625 2519 5539 2629 2525 5540 2626 2520 5541 2629 2525 5542 2630 2526 5543 2631 2527 5544 2632 2528 5545 2633 2529 5546 2631 2530 5547 2633 2529 5548 2634 2529 5549 2635 2531 5550 2636 2531 5551 2637 2531 5552 2635 2531 5553 2637 2531 5554 2638 2531 5555 2639 2532 5556 2640 240 5557 2641 240 5558 2639 2533 5559 2641 240 5560 2642 2534 5561 2643 2535 5562 2644 2535 5563 2645 2535 5564 2643 2535 5565 2645 2535 5566 2646 2535 5567 2647 2535 5568 2648 2535 5569 2649 2535 5570 2647 2535 5571 2649 2535 5572 2650 2535 5573 2651 2531 5574 2652 2531 5575 2653 2531 5576 2651 2536 5577 2653 2536 5578 2654 2536 5579 2632 2537 5580 2631 2538 5581 2655 2539 5582 2632 2537 5583 2655 2539 5584 2656 2540 5585 2657 2541 5586 2658 2542 5587 2659 2543 5588 2657 2541 5589 2659 2543 5590 2660 2544 5591 2661 2531 5592 2662 2531 5593 2663 2531 5594 2661 2545 5595 2663 2545 5596 2664 2545 5597 2665 2546 5598 2666 2547 5599 2667 2548 5600 2665 2546 5601 2667 2548 5602 2668 2549 5603 2669 2550 5604 2665 2546 5605 2668 2549 5606 2669 2551 5607 2668 2552 5608 2670 2551 5609 2671 2531 5610 2672 2531 5611 2673 2531 5612 2671 2531 5613 2673 2531 5614 2674 2531 5615 2660 2544 5616 2659 2543 5617 2675 2553 5618 2660 2544 5619 2675 2553 5620 2676 2554 5621 2677 2555 5622 2678 2556 5623 2679 2557 5624 2677 2555 5625 2679 2557 5626 2680 2558 5627 2681 2535 5628 2682 2535 5629 2683 2535 5630 2681 2535 5631 2683 2535 5632 2684 2535 5633 2685 2559 5634 2686 2559 5635 2687 2559 5636 2685 2560 5637 2687 2560 5638 2688 2560 5639 2680 2558 5640 2679 2557 5641 2676 2554 5642 2680 2558 5643 2676 2554 5644 2675 2553 5645 2656 2540 5646 2655 2539 5647 2667 2548 5648 2656 2540 5649 2667 2548 5650 2666 2547 5651 2689 2531 5652 2690 2531 5653 2691 2531 5654 2689 2531 5655 2691 2531 5656 2692 2531 5657 2693 2535 5658 2694 2535 5659 2695 2535 5660 2693 2535 5661 2695 2535 5662 2696 2535 5663 2697 2561 5664 2698 2561 5665 2699 2561 5666 2697 2531 5667 2699 2531 5668 2700 2531 5669 2701 2562 5670 2702 2562 5671 2703 2562 5672 2701 2563 5673 2703 2563 5674 2704 2563 5675 2705 2564 5676 2706 2565 5677 2707 2566 5678 2705 2564 5679 2707 2566 5680 2708 2567 5681 2709 2568 5682 2710 2569 5683 2711 2570 5684 2709 2568 5685 2711 2570 5686 2712 2571 5687 2713 2535 5688 2714 2535 5689 2715 2535 5690 2713 2535 5691 2715 2535 5692 2716 2535 5693 2717 2572 5694 2718 2573 5695 2719 2574 5696 2717 2572 5697 2719 2574 5698 2720 2575 5699 2721 2576 5700 2717 2572 5701 2720 2575 5702 2721 2577 5703 2720 2578 5704 2722 2577 5705 2723 2579 5706 2724 2579 5707 2725 2579 5708 2723 2580 5709 2725 2580 5710 2726 2580 5711 2712 2571 5712 2711 2570 5713 2727 2581 5714 2712 2571 5715 2727 2581 5716 2728 2582 5717 2639 2533 5718 2642 2534 5719 2729 2583 5720 2639 2533 5721 2729 2583 5722 2730 2584 5723 2731 2585 5724 2732 2585 5725 2733 2585 5726 2731 2531 5727 2733 2531 5728 2734 2531 5729 2735 2531 5730 2736 2531 5731 2732 2531 5732 2735 2531 5733 2732 2531 5734 2731 2531 5735 2737 2529 5736 2738 2529 5737 2706 2565 5738 2737 2529 5739 2706 2565 5740 2705 2564 5741 2730 2584 5742 2729 2583 5743 2728 2582 5744 2730 2584 5745 2728 2582 5746 2727 2581 5747 2739 240 5748 2678 2556 5749 2677 2555 5750 2739 240 5751 2677 2586 5752 2740 240 5753 2741 2531 5754 2742 2531 5755 2743 2531 5756 2741 2531 5757 2743 2531 5758 2744 2531 5759 2745 509 5760 2746 509 5761 2747 509 5762 2745 509 5763 2747 509 5764 2748 509 5765 2749 2587 5766 2750 2588 5767 2751 2589 5768 2749 2587 5769 2751 2589 5770 2752 2590 5771 2753 2591 5772 2754 2592 5773 2755 2593 5774 2753 2591 5775 2755 2593 5776 2756 2594 5777 2757 2595 5778 2758 2595 5779 2759 2595 5780 2757 2596 5781 2759 2596 5782 2760 2596 5783 2761 2597 5784 2762 2598 5785 2763 2599 5786 2761 2597 5787 2763 2599 5788 2764 2600 5789 2765 2587 5790 2766 2588 5791 2767 2589 5792 2765 2587 5793 2767 2589 5794 2768 2601 5795 2769 2602 5796 2770 2603 5797 2771 2604 5798 2769 2602 5799 2771 2604 5800 2772 2600 5801 2773 2595 5802 2774 2595 5803 2775 2595 5804 2773 2596 5805 2775 2596 5806 2776 2596 5807 2777 2605 5808 2778 2606 5809 2779 2607 5810 2777 2605 5811 2779 2607 5812 2780 2608 5813 2781 2591 5814 2782 2592 5815 2783 2609 5816 2781 2591 5817 2783 2609 5818 2784 2594 5819 2785 2610 5820 2786 2606 5821 2787 2611 5822 2785 2610 5823 2787 2611 5824 2788 2612 5825 2789 2610 5826 2790 2606 5827 2791 2611 5828 2789 2610 5829 2791 2611 5830 2792 2612 5831 2793 2591 5832 2794 2592 5833 2795 2609 5834 2793 2591 5835 2795 2609 5836 2796 2594 5837 2797 2613 5838 2798 2614 5839 2799 2615 5840 2797 2613 5841 2799 2615 5842 2800 2616 5843 2801 2617 5844 2802 2618 5845 2803 2619 5846 2801 2617 5847 2803 2619 5848 2804 2620 5849 2805 2587 5850 2806 2588 5851 2807 2589 5852 2805 2587 5853 2807 2589 5854 2808 2601 5855 2809 2617 5856 2810 2618 5857 2811 2619 5858 2809 2617 5859 2811 2619 5860 2812 2620 5861 2813 2621 5862 2814 2622 5863 2815 2623 5864 2813 2621 5865 2815 2623 5866 2816 2624 5867 2817 2613 5868 2818 2614 5869 2819 2615 5870 2817 2613 5871 2819 2615 5872 2820 2616 5873 2820 2616 5874 2819 2615 5875 2821 2625 5876 2820 2616 5877 2821 2625 5878 2822 2626 5879 2823 2627 5880 2824 2628 5881 2825 2629 5882 2823 2627 5883 2825 2629 5884 2826 2630 5885 2827 2631 5886 2828 2632 5887 2810 2618 5888 2827 2631 5889 2810 2618 5890 2809 2617 5891 2800 2616 5892 2799 2615 5893 2829 2625 5894 2800 2616 5895 2829 2625 5896 2830 2626 5897 2831 2605 5898 2832 2606 5899 2833 2607 5900 2831 2605 5901 2833 2607 5902 2834 2608 5903 2835 2633 5904 2836 2633 5905 2837 2633 5906 2835 2634 5907 2837 2634 5908 2838 2634 5909 2839 2621 5910 2840 2635 5911 2841 2623 5912 2839 2621 5913 2841 2623 5914 2842 2624 5915 2843 2602 5916 2844 2603 5917 2845 2604 5918 2843 2602 5919 2845 2604 5920 2846 2600 5921 2847 2633 5922 2848 2633 5923 2849 2633 5924 2847 2634 5925 2849 2634 5926 2850 2634 5927 2851 2627 5928 2852 2628 5929 2853 2629 5930 2851 2627 5931 2853 2629 5932 2854 2636 5933 2855 2587 5934 2856 2588 5935 2857 2589 5936 2855 2587 5937 2857 2589 5938 2858 2590 5939 2859 2631 5940 2860 2632 5941 2802 2618 5942 2859 2631 5943 2802 2618 5944 2801 2617 5945 2861 2597 5946 2862 2598 5947 2863 2599 5948 2861 2597 5949 2863 2599 5950 2864 2600 5951 2865 2591 5952 2866 2592 5953 2867 2593 5954 2865 2591 5955 2867 2593 5956 2868 2594 5957 642 2637 5958 119 2637 5959 129 2637 5960 642 2638 5961 129 2638 5962 2869 2638 5963 2870 2639 5964 2871 2640 5965 2872 2641 5966 2870 2642 5967 2872 2643 5968 2873 2642 5969 133 130 5970 126 123 5971 125 122 5972 133 130 5973 125 122 5974 130 127 5975 2871 2640 5976 2874 2644 5977 2875 2645 5978 2871 2640 5979 2875 2645 5980 2872 2641 5981 2876 2646 5982 135 133 5983 134 132 5984 2876 2646 5985 134 132 5986 2877 2647 5987 2874 2644 5988 2878 2648 5989 2879 2649 5990 2874 2644 5991 2879 2649 5992 2875 2645 5993 2878 2650 5994 2876 2646 5995 2877 2647 5996 2878 2650 5997 2877 2647 5998 2880 2651 5999 163 2652 6000 160 2653 6001 162 2652 6002 163 2654 6003 162 2654 6004 714 2654 6005 2881 2655 6006 2882 2656 6007 2883 2657 6008 2881 2658 6009 2883 2659 6010 2884 2658 6011 2882 2656 6012 2885 2660 6013 2886 2661 6014 2882 2656 6015 2886 2661 6016 2883 2657 6017 175 159 6018 173 157 6019 174 158 6020 175 159 6021 174 158 6022 176 160 6023 2885 2660 6024 2887 2662 6025 2888 2663 6026 2885 2660 6027 2888 2663 6028 2886 2661 6029 184 168 6030 183 167 6031 180 164 6032 184 168 6033 180 164 6034 179 163 6035 2889 2664 6036 2890 2665 6037 2891 2666 6038 2889 2664 6039 2891 2666 6040 2892 2667 6041 2893 2668 6042 2894 2669 6043 2895 2670 6044 2893 2671 6045 2895 2672 6046 2896 2672 6047 292 2673 6048 291 2674 6049 2897 2675 6050 292 2673 6051 2897 2675 6052 2898 2676 6053 288 2677 6054 287 2678 6055 2899 2679 6056 288 2677 6057 2899 2679 6058 2900 2680 6059 2901 2681 6060 2902 2682 6061 2903 2683 6062 2901 2681 6063 2903 2683 6064 2904 2684 6065 2905 2685 6066 2906 2686 6067 2907 2687 6068 2905 2685 6069 2907 2687 6070 2908 2688 6071 2909 2689 6072 2910 2690 6073 2911 2691 6074 2909 2689 6075 2911 2691 6076 2912 2692 6077 2913 2693 6078 2914 2694 6079 2915 2695 6080 2913 2693 6081 2915 2695 6082 2916 2696 6083 2917 2697 6084 2918 2698 6085 2919 2699 6086 2917 2697 6087 2919 2699 6088 2920 2700 6089 2908 2688 6090 2907 2687 6091 2921 2701 6092 2908 2688 6093 2921 2701 6094 2922 2702 6095 2916 2696 6096 2915 2695 6097 2923 2703 6098 2916 2696 6099 2923 2703 6100 2924 2704 6101 2904 2684 6102 2903 2683 6103 2925 2705 6104 2904 2684 6105 2925 2705 6106 2926 2706 6107 2927 2707 6108 2928 2708 6109 2929 2709 6110 2927 2707 6111 2929 2709 6112 2930 2710 6113 2931 2711 6114 2932 2712 6115 2933 2713 6116 2931 2711 6117 2933 2713 6118 2934 2714 6119 2935 2715 6120 2936 2716 6121 2937 2717 6122 2935 2715 6123 2937 2717 6124 2938 2718 6125 2939 2719 6126 2940 2720 6127 2941 2721 6128 2939 2719 6129 2941 2721 6130 2942 2722 6131 2943 2723 6132 2944 2724 6133 2945 2725 6134 2943 2723 6135 2945 2725 6136 2946 2726 6137 2947 2727 6138 2948 2728 6139 2949 2729 6140 2947 2727 6141 2949 2729 6142 2950 2730 6143 2951 2731 6144 2952 2732 6145 2953 2733 6146 2951 2731 6147 2953 2733 6148 2954 2734 6149 2955 2735 6150 2956 2736 6151 2957 2737 6152 2955 2735 6153 2957 2737 6154 2958 2738 6155 2959 2739 6156 2960 2740 6157 2961 2741 6158 2959 2739 6159 2961 2741 6160 2962 2742 6161 2963 2743 6162 2964 2744 6163 2965 2745 6164 2963 2743 6165 2965 2745 6166 2966 2746 6167 2967 2747 6168 2968 2748 6169 2969 2749 6170 2967 2747 6171 2969 2749 6172 2970 2750 6173 2956 2736 6174 2971 2751 6175 2972 2752 6176 2956 2736 6177 2972 2752 6178 2957 2737 6179 2973 2753 6180 2974 2754 6181 2975 2755 6182 2973 2753 6183 2975 2755 6184 2976 2756 6185 2977 2757 6186 2978 2758 6187 2979 2759 6188 2977 2757 6189 2979 2759 6190 2980 2760 6191 2981 2761 6192 2935 2715 6193 2938 2718 6194 2981 2761 6195 2938 2718 6196 2982 2762 6197 2983 2763 6198 2984 2764 6199 2985 2765 6200 2983 2763 6201 2985 2765 6202 2986 2766 6203 2944 2724 6204 2987 2767 6205 2988 2768 6206 2944 2724 6207 2988 2768 6208 2945 2725 6209 2976 2756 6210 2975 2755 6211 2989 2769 6212 2976 2756 6213 2989 2769 6214 2990 2770 6215 2991 2771 6216 2992 2772 6217 2993 2773 6218 2991 2771 6219 2993 2773 6220 2994 2774 6221 2995 2775 6222 2996 2776 6223 2997 2777 6224 2995 2775 6225 2997 2777 6226 2998 2778 6227 2999 2779 6228 3000 2780 6229 3001 2781 6230 2999 2779 6231 3001 2781 6232 3002 2782 6233 3003 2783 6234 2936 2716 6235 2935 2715 6236 3003 2783 6237 2935 2715 6238 3004 2784 6239 3005 2785 6240 3006 2786 6241 3007 2787 6242 3005 2785 6243 3007 2787 6244 3008 2788 6245 3004 2784 6246 3009 2789 6247 3010 2790 6248 3004 2784 6249 3010 2790 6250 3003 2783 6251 3002 2782 6252 3011 2791 6253 3012 2792 6254 3002 2782 6255 3012 2792 6256 2999 2779 6257 3013 2793 6258 3014 2794 6259 3015 2795 6260 3013 2793 6261 3015 2795 6262 3016 2796 6263 3017 2797 6264 3018 2798 6265 3019 2799 6266 3017 2797 6267 3019 2799 6268 3020 2800 6269 3021 2801 6270 2977 2757 6271 2980 2760 6272 3021 2801 6273 2980 2760 6274 3022 2802 6275 2940 2720 6276 3023 2803 6277 3024 2804 6278 2940 2720 6279 3024 2804 6280 2941 2721 6281 3008 2788 6282 2978 2758 6283 2977 2757 6284 3008 2788 6285 2977 2757 6286 3005 2785 6287 3025 2805 6288 3026 2806 6289 3027 2807 6290 3025 2805 6291 3027 2807 6292 3028 2808 6293 2997 2777 6294 2996 2776 6295 3029 2809 6296 2997 2777 6297 3029 2809 6298 3030 2810 6299 3031 2811 6300 3032 2812 6301 3033 2813 6302 3031 2811 6303 3033 2813 6304 3034 2814 6305 3035 2815 6306 3036 2816 6307 3037 2817 6308 3035 2815 6309 3037 2817 6310 3038 2818 6311 3039 2819 6312 3040 2820 6313 3041 2821 6314 3039 2819 6315 3041 2821 6316 3042 2822 6317 3043 2823 6318 3044 2824 6319 3045 2825 6320 3043 2823 6321 3045 2825 6322 3046 2826 6323 3047 2636 6324 3048 2627 6325 3049 2827 6326 3047 2636 6327 3049 2827 6328 3050 2629 6329 3051 2828 6330 3052 2829 6331 3053 2830 6332 3051 2828 6333 3053 2830 6334 3054 2831 6335 3055 2832 6336 3056 2833 6337 3057 2834 6338 3055 2832 6339 3057 2834 6340 3058 2835 6341 3059 2836 6342 3039 2819 6343 3042 2822 6344 3059 2836 6345 3042 2822 6346 3060 2837 6347 3061 2838 6348 3062 2839 6349 3063 2840 6350 3061 2838 6351 3063 2840 6352 3064 2841 6353 3065 2842 6354 3066 2843 6355 3067 2844 6356 3065 2842 6357 3067 2844 6358 3068 2845 6359 3069 2846 6360 3055 2832 6361 3058 2835 6362 3069 2846 6363 3058 2835 6364 3070 2847 6365 3071 2848 6366 3072 2849 6367 3073 2850 6368 3071 2848 6369 3073 2850 6370 3074 2851 6371 3075 2852 6372 3076 2853 6373 3077 2854 6374 3075 2852 6375 3077 2854 6376 3078 2855 6377 3036 2816 6378 3079 2856 6379 3080 2857 6380 3036 2816 6381 3080 2857 6382 3037 2817 6383 3081 2858 6384 3082 2859 6385 3083 2860 6386 3081 2858 6387 3083 2860 6388 3084 2861 6389 3082 2859 6390 3085 2862 6391 3086 2863 6392 3082 2859 6393 3086 2863 6394 3083 2860 6395 3087 2864 6396 3065 2842 6397 3068 2845 6398 3087 2864 6399 3068 2845 6400 3088 2865 6401 3089 2866 6402 3090 2867 6403 3091 2868 6404 3089 2866 6405 3091 2868 6406 3092 2869 6407 3052 2829 6408 3093 2870 6409 3094 2871 6410 3052 2829 6411 3094 2871 6412 3053 2830 6413 3095 2872 6414 3096 2873 6415 3097 2874 6416 3095 2872 6417 3097 2874 6418 3098 2875 6419 3099 2876 6420 3100 2877 6421 3101 2878 6422 3099 2876 6423 3101 2878 6424 3102 2879 6425 3103 2880 6426 3104 2881 6427 3105 2882 6428 3103 2880 6429 3105 2882 6430 3106 2883 6431 3107 2629 6432 3108 2630 6433 3109 2627 6434 3107 2629 6435 3109 2627 6436 3110 2827 6437 3111 2884 6438 3112 2885 6439 3113 2886 6440 3111 2884 6441 3113 2886 6442 3114 2632 6443 3115 2887 6444 3116 2888 6445 3117 2889 6446 3115 2887 6447 3117 2889 6448 3118 2890 6449 3119 2891 6450 3120 2620 6451 3112 2885 6452 3119 2891 6453 3112 2885 6454 3111 2884 6455 3121 508 6456 3122 508 6457 3123 508 6458 3121 508 6459 3123 508 6460 3124 508 6461 3125 2623 6462 3126 2892 6463 3127 2621 6464 3125 2623 6465 3127 2621 6466 3128 2622 6467 3102 2879 6468 3101 2878 6469 3129 2893 6470 3102 2879 6471 3129 2893 6472 3130 2894 6473 3131 2895 6474 3132 2896 6475 3133 2897 6476 3131 2895 6477 3133 2897 6478 3134 2898 6479 3135 2879 6480 3136 2878 6481 3137 2893 6482 3135 2879 6483 3137 2893 6484 3138 2894 6485 3139 2899 6486 3140 2900 6487 3141 2901 6488 3139 2899 6489 3141 2901 6490 3142 2902 6491 3143 2623 6492 3144 2892 6493 3145 2621 6494 3143 2623 6495 3145 2621 6496 3146 2622 6497 3147 508 6498 3148 508 6499 3149 508 6500 3147 508 6501 3149 508 6502 3150 508 6503 3151 2891 6504 3152 2620 6505 3153 2885 6506 3151 2891 6507 3153 2885 6508 3154 2884 6509 3155 2903 6510 3156 2904 6511 3157 2905 6512 3155 2903 6513 3157 2905 6514 3158 2890 6515 3154 2884 6516 3153 2885 6517 3159 2886 6518 3154 2884 6519 3159 2886 6520 3160 2632 6521 3161 2629 6522 3162 2630 6523 3163 2627 6524 3161 2629 6525 3163 2627 6526 3164 2827 6527 3165 2880 6528 3166 2881 6529 3167 2882 6530 3165 2880 6531 3167 2882 6532 3168 2906 6533 3169 2876 6534 3170 2877 6535 3136 2878 6536 3169 2876 6537 3136 2878 6538 3135 2879 6539 3171 2899 6540 3172 2900 6541 3173 2907 6542 3171 2899 6543 3173 2907 6544 3174 2902 6545 3175 2880 6546 3176 2881 6547 3177 2882 6548 3175 2880 6549 3177 2882 6550 3178 2906 6551 3179 2903 6552 3180 2904 6553 3181 2905 6554 3179 2903 6555 3181 2905 6556 3182 2890 6557 3183 508 6558 3184 508 6559 3185 508 6560 3183 508 6561 3185 508 6562 3186 508 6563 3187 2899 6564 3188 2900 6565 3189 2901 6566 3187 2899 6567 3189 2901 6568 3190 2902 6569 3191 2908 6570 3192 2908 6571 3193 2908 6572 3191 2909 6573 3193 2909 6574 3194 2909 6575 3195 2910 6576 3196 2910 6577 3197 2910 6578 3195 2911 6579 3197 2911 6580 3198 2911 6581 3199 2912 6582 3200 2912 6583 3201 2912 6584 3199 2913 6585 3201 2913 6586 3202 2913 6587 3203 2914 6588 3204 2914 6589 3205 2914 6590 3203 2915 6591 3205 2915 6592 3206 2915 6593 3207 2916 6594 3208 2917 6595 3209 2918 6596 3207 2919 6597 3209 2920 6598 3210 2920 6599 3211 2921 6600 3212 2922 6601 3208 2923 6602 3211 2921 6603 3208 2923 6604 3207 2924 6605 3213 2925 6606 3214 2926 6607 3215 2927 6608 3213 2925 6609 3215 2927 6610 3216 2928 6611 3217 2929 6612 3218 2930 6613 3214 2926 6614 3217 2929 6615 3214 2926 6616 3213 2925 6617 3219 2931 6618 3220 2932 6619 3221 2933 6620 3219 2931 6621 3221 2933 6622 3222 2934 6623 3223 2935 6624 3224 2936 6625 3220 2932 6626 3223 2935 6627 3220 2932 6628 3219 2931 6629 3225 2937 6630 3226 2937 6631 3227 2937 6632 3225 2938 6633 3227 2938 6634 3228 2938 6635 3229 2939 6636 3230 2939 6637 3231 2939 6638 3229 2940 6639 3231 2940 6640 3232 2940 6641 3233 2941 6642 3234 2941 6643 3235 2941 6644 3233 2942 6645 3235 2942 6646 3236 2942 6647 3237 2943 6648 3238 2943 6649 3239 2943 6650 3237 2944 6651 3239 2944 6652 3240 2944 6653 3241 2945 6654 3242 2945 6655 3243 2945 6656 3241 2946 6657 3243 2946 6658 3244 2946 6659 3245 2947 6660 3246 2947 6661 3247 2947 6662 3245 2948 6663 3247 2948 6664 3248 2948 6665 3249 2949 6666 3250 2949 6667 3251 2949 6668 3249 2950 6669 3251 2950 6670 3252 2950 6671 3253 2951 6672 3254 2951 6673 3255 2951 6674 3253 2952 6675 3255 2952 6676 3256 2952 6677 3257 2953 6678 3258 2953 6679 3259 2953 6680 3257 2954 6681 3259 2954 6682 3260 2954 6683 3261 2955 6684 3262 2956 6685 3263 2957 6686 3261 2955 6687 3263 2957 6688 3264 2958 6689 3265 2959 6690 3266 2960 6691 3267 2961 6692 3265 2959 6693 3267 2961 6694 3268 2962 6695 3268 2962 6696 3267 2961 6697 3269 2963 6698 3268 2962 6699 3269 2963 6700 3270 2964 6701 3271 2965 6702 3272 2966 6703 3273 2967 6704 3271 2965 6705 3273 2967 6706 3274 2968 6707 3275 2969 6708 3276 2970 6709 3277 2971 6710 3275 2969 6711 3277 2971 6712 3278 2972 6713 3278 2972 6714 3277 2971 6715 3279 2973 6716 3278 2972 6717 3279 2973 6718 3280 2974 6719 3281 2975 6720 3282 2976 6721 3283 2977 6722 3281 2975 6723 3283 2977 6724 3284 2978 6725 3285 2979 6726 3286 2892 6727 3287 2980 6728 3285 2979 6729 3287 2980 6730 3288 2981 6731 3288 2981 6732 3287 2980 6733 3289 2982 6734 3288 2981 6735 3289 2982 6736 3290 2983 6737 3290 2983 6738 3289 2982 6739 3291 2984 6740 3290 2983 6741 3291 2984 6742 3292 2985 6743 3292 2985 6744 3291 2984 6745 3293 2986 6746 3292 2985 6747 3293 2986 6748 3294 2987 6749 3294 2987 6750 3293 2986 6751 3282 2976 6752 3294 2987 6753 3282 2976 6754 3281 2975 6755 3296 2988 6756 3295 2989 6757 3297 2990 6758 2363 2262 6759 2351 2250 6760 2354 2253 6761 2363 2262 6762 2354 2253 6763 2364 2263 6764 60 60 6765 62 62 6766 2406 2305 6767 60 60 6768 2406 2305 6769 2405 2304 6770 444 393 6771 2374 2273 6772 2375 2274 6773 444 393 6774 2375 2274 6775 443 392 6776 3298 2991 6777 2544 2437 6778 2545 2438 6779 3298 2992 6780 2545 2993 6781 3299 2992 6782 3300 2994 6783 3301 2994 6784 3302 2994 6785 3300 2995 6786 3302 2995 6787 3303 2995 6788 3304 2529 6789 3305 2529 6790 3306 2529 6791 3304 2529 6792 3306 2529 6793 3307 2529 6794 3308 2996 6795 3309 2996 6796 3310 2996 6797 3311 2997 6798 3312 2997 6799 3313 2997 6800 3311 2995 6801 3313 2995 6802 3314 2995 6803 3315 2529 6804 3316 2529 6805 3317 2529 6806 3315 2529 6807 3317 2529 6808 3318 2529 6809 3319 2998 6810 3320 2998 6811 3321 2998 6812 3322 2999 6813 3323 3000 6814 3324 3001 6815 3322 2999 6816 3324 3001 6817 3325 3002 6818 3326 2529 6819 3327 2529 6820 3328 2529 6821 3326 2529 6822 3328 2529 6823 3329 2529 6824 3325 3002 6825 3330 3003 6826 3331 3004 6827 3325 3002 6828 3331 3004 6829 3332 3005 6830 3333 3006 6831 3334 3007 6832 3335 3008 6833 3333 3006 6834 3335 3008 6835 3336 3009 6836 3337 3010 6837 3338 3011 6838 3339 3012 6839 3337 3010 6840 3339 3012 6841 3340 3013 6842 3341 3014 6843 3342 3015 6844 3343 3016 6845 3341 3014 6846 3343 3016 6847 3344 3017 6848 3325 3002 6849 3324 3001 6850 3345 3018 6851 3325 3002 6852 3345 3018 6853 3330 3003 6854 3340 3013 6855 3339 3012 6856 3346 3019 6857 3340 3013 6858 3346 3019 6859 3347 3020 6860 3342 3015 6861 449 398 6862 3348 3021 6863 3342 3015 6864 3348 3021 6865 3343 3016 6866 450 399 6867 449 398 6868 3342 3015 6869 450 399 6870 3342 3015 6871 3349 3022 6872 3342 3015 6873 3341 3014 6874 3350 3023 6875 3342 3015 6876 3350 3023 6877 3349 3022 6878 3351 3024 6879 3322 2999 6880 3352 3025 6881 3351 3024 6882 3352 3025 6883 3353 3026 6884 3354 3027 6885 3341 3014 6886 3344 3017 6887 3354 3027 6888 3344 3017 6889 3355 3028 6890 3350 3023 6891 3341 3014 6892 3354 3027 6893 3350 3023 6894 3354 3027 6895 3356 3029 6896 3357 2529 6897 3358 2529 6898 3329 2529 6899 3357 2529 6900 3329 2529 6901 3328 2529 6902 3322 2999 6903 3351 3024 6904 3359 3030 6905 3322 2999 6906 3359 3030 6907 3323 3000 6908 3326 2529 6909 3360 2529 6910 3361 2529 6911 3326 2529 6912 3361 2529 6913 3327 2529 6914 3362 3031 6915 3351 3024 6916 3353 3026 6917 3362 3031 6918 3353 3026 6919 3363 3032 6920 3334 3007 6921 457 402 6922 459 404 6923 3334 3007 6924 459 404 6925 3335 3008 6926 3337 3010 6927 3364 3033 6928 3365 3034 6929 3337 3010 6930 3365 3034 6931 3338 3011 6932 3366 3035 6933 3367 3036 6934 446 395 6935 3366 3035 6936 446 395 6937 445 394 6938 3368 3037 6939 3369 3038 6940 3370 3039 6941 3368 3037 6942 3370 3039 6943 3371 3040 6944 3351 3024 6945 3362 3031 6946 3372 3041 6947 3351 3024 6948 3372 3041 6949 3359 3030 6950 3364 3033 6951 3373 3042 6952 3374 3043 6953 3364 3033 6954 3374 3043 6955 3365 3034 6956 3371 3040 6957 3370 3039 6958 3375 3044 6959 3371 3040 6960 3375 3044 6961 721 625 6962 723 627 6963 3376 3045 6964 3371 3040 6965 723 627 6966 3371 3040 6967 721 625 6968 3376 3045 6969 3377 3046 6970 3368 3037 6971 3376 3045 6972 3368 3037 6973 3371 3040 6974 3378 3047 6975 3379 3048 6976 3369 3038 6977 3378 3047 6978 3369 3038 6979 3368 3037 6980 3377 3046 6981 3380 3049 6982 3378 3047 6983 3377 3046 6984 3378 3047 6985 3368 3037 6986 3381 2529 6987 3361 2529 6988 3360 2529 6989 3381 2529 6990 3360 2529 6991 3382 2529 6992 3383 3050 6993 3384 3051 6994 3385 3052 6995 3383 3053 6996 3385 3053 6997 3386 3053 6998 3387 3054 6999 3388 3055 7000 3389 3056 7001 3387 3054 7002 3389 3056 7003 3390 3057 7004 3391 3058 7005 3392 3058 7006 3393 3058 7007 3391 3059 7008 3393 3059 7009 3394 3059 7010 3395 3060 7011 3396 3061 7012 3397 3062 7013 3395 3060 7014 3397 3062 7015 3398 2161 7016 3399 3063 7017 3400 3064 7018 3401 3065 7019 3399 3063 7020 3401 3065 7021 3402 3066 7022 3403 3067 7023 3404 3068 7024 3405 3069 7025 3403 3067 7026 3405 3069 7027 3406 3070 7028 3407 3071 7029 3408 3072 7030 3399 3063 7031 3407 3071 7032 3399 3063 7033 3402 3066 7034 3409 3073 7035 3403 3067 7036 3406 3070 7037 3409 3073 7038 3406 3070 7039 3410 3074 7040 3411 3075 7041 3412 3075 7042 3413 3075 7043 3411 3076 7044 3413 3076 7045 3414 3076 7046 3415 3077 7047 3387 3054 7048 3390 3057 7049 3415 3077 7050 3390 3057 7051 3416 3078 7052 3417 3079 7053 3418 3079 7054 3419 3079 7055 3417 3080 7056 3419 3080 7057 3420 3080 7058 3421 3081 7059 3395 3060 7060 3398 2161 7061 3421 3081 7062 3398 2161 7063 3422 3082 7064 3409 3083 7065 3410 3084 7066 3423 3085 7067 3409 3086 7068 3423 3087 7069 3424 3087 7070 3407 3071 7071 3425 3088 7072 3426 3089 7073 3407 3071 7074 3426 3089 7075 3408 3072 7076 3422 3090 7077 3427 3091 7078 3428 3091 7079 3422 3082 7080 3428 3092 7081 3421 3081 7082 3429 3093 7083 3430 3094 7084 3431 3095 7085 3429 3093 7086 3431 3095 7087 3432 3096 7088 3416 3097 7089 3433 3098 7090 3434 3099 7091 3416 3078 7092 3434 3100 7093 3415 3077 7094 3435 3101 7095 3436 3102 7096 3437 3103 7097 3435 3101 7098 3437 3103 7099 3438 3104 7100 3400 3105 7101 3439 3106 7102 3440 3106 7103 3400 3064 7104 3440 3107 7105 3401 3065 7106 3388 3055 7107 3441 3108 7108 3442 3109 7109 3388 3055 7110 3442 3109 7111 3389 3056 7112 3443 3110 7113 3444 3110 7114 3445 3110 7115 3443 3111 7116 3445 3111 7117 3446 3111 7118 3396 3061 7119 469 408 7120 471 410 7121 3396 3061 7122 471 410 7123 3397 3062 7124 3447 3112 7125 3448 3112 7126 3449 3112 7127 3447 3113 7128 3449 3113 7129 3450 3113 7130 3404 3068 7131 3451 3114 7132 3452 3115 7133 3404 3068 7134 3452 3115 7135 3405 3069 7136 3441 3108 7137 3453 3116 7138 472 411 7139 3441 3108 7140 472 411 7141 3442 3109 7142 3454 3117 7143 3455 3117 7144 3456 3117 7145 3454 3118 7146 3456 3118 7147 3457 3118 7148 474 413 7149 475 414 7150 3458 3119 7151 474 413 7152 3458 3119 7153 3452 3115 7154 3451 3114 7155 472 411 7156 474 413 7157 3451 3114 7158 474 413 7159 3452 3115 7160 3453 3116 7161 3459 3120 7162 473 412 7163 3453 3116 7164 473 412 7165 472 411 7166 3460 3121 7167 3461 3121 7168 3462 3121 7169 3460 3122 7170 3462 3123 7171 3463 3124 7172 3464 3125 7173 3465 3125 7174 3466 3125 7175 3464 3126 7176 3466 3126 7177 3467 3126 7178 469 408 7179 3468 3127 7180 3469 3128 7181 469 408 7182 3469 3128 7183 470 409 7184 3470 3129 7185 3471 3129 7186 3472 3129 7187 3470 2190 7188 3472 2190 7189 3473 2190 7190 3474 3130 7191 3475 3130 7192 3476 3130 7193 3474 3131 7194 3476 3131 7195 3477 3131 7196 3478 3132 7197 3479 3132 7198 3480 3132 7199 3478 3133 7200 3480 3133 7201 3481 3133 7202 3482 3134 7203 3483 3134 7204 3484 3134 7205 3482 3135 7206 3484 3135 7207 3485 3135 7208 490 429 7209 489 428 7210 3486 3136 7211 490 429 7212 3486 3136 7213 3487 3137 7214 3488 3138 7215 3489 3139 7216 3490 3140 7217 3488 3138 7218 3490 3140 7219 3491 3141 7220 488 427 7221 490 429 7222 3492 3142 7223 488 427 7224 3492 3142 7225 3493 3143 7226 3494 3144 7227 3495 3145 7228 3496 3146 7229 3494 3144 7230 3496 3146 7231 3493 3143 7232 3497 3147 7233 3498 3148 7234 3486 3136 7235 3497 3147 7236 3486 3136 7237 489 428 7238 483 422 7239 486 425 7240 515 454 7241 483 422 7242 515 454 7243 481 420 7244 3499 3149 7245 3500 3150 7246 539 478 7247 3499 3149 7248 539 478 7249 3501 3151 7250 3502 3152 7251 477 416 7252 480 419 7253 3502 3152 7254 480 419 7255 3503 3153 7256 3504 3154 7257 516 455 7258 515 454 7259 3504 3154 7260 515 454 7261 486 425 7262 3504 3154 7263 486 425 7264 484 423 7265 3504 3154 7266 484 423 7267 3505 3155 7268 3506 3156 7269 3507 3157 7270 536 475 7271 3506 3156 7272 536 475 7273 515 454 7274 3508 3158 7275 3509 3159 7276 3510 3160 7277 3508 3158 7278 3510 3160 7279 3511 3161 7280 3501 3151 7281 3512 3162 7282 3513 3163 7283 3501 3151 7284 3513 3163 7285 3514 3164 7286 3509 3159 7287 3508 3158 7288 3515 3165 7289 3509 3159 7290 3515 3165 7291 3516 3166 7292 3517 3167 7293 3518 3168 7294 3519 3169 7295 3517 3167 7296 3519 3169 7297 3520 3170 7298 3521 3171 7299 3522 3172 7300 3523 3173 7301 3521 3171 7302 3523 3173 7303 3524 3174 7304 488 427 7305 3493 3143 7306 3496 3146 7307 488 427 7308 3496 3146 7309 3525 3175 7310 497 436 7311 492 431 7312 3488 3138 7313 497 436 7314 3488 3138 7315 3491 3141 7316 3526 3176 7317 502 441 7318 533 472 7319 3526 3176 7320 533 472 7321 3527 3177 7322 498 437 7323 3528 3178 7324 3529 3179 7325 498 437 7326 3529 3179 7327 499 438 7328 3530 3180 7329 3531 3181 7330 3528 3178 7331 3530 3180 7332 3528 3178 7333 498 437 7334 3532 3182 7335 3533 3183 7336 3534 3184 7337 3532 3182 7338 3534 3184 7339 3535 3185 7340 3511 3161 7341 3510 3160 7342 3536 3186 7343 3511 3161 7344 3536 3186 7345 3537 3187 7346 3538 3188 7347 485 424 7348 482 421 7349 3538 3188 7350 482 421 7351 487 426 7352 520 459 7353 3539 3189 7354 3540 3190 7355 520 459 7356 3540 3190 7357 542 481 7358 3541 3191 7359 3542 3192 7360 3543 3193 7361 3541 3191 7362 3543 3193 7363 519 458 7364 3544 3194 7365 543 482 7366 542 481 7367 3544 3194 7368 542 481 7369 3540 3190 7370 538 477 7371 509 448 7372 504 443 7373 538 477 7374 504 443 7375 506 445 7376 3545 3195 7377 3546 3196 7378 3547 3197 7379 3545 3195 7380 3547 3197 7381 3548 3198 7382 3549 3199 7383 521 460 7384 541 480 7385 3549 3199 7386 541 480 7387 3550 3200 7388 538 477 7389 3551 3201 7390 512 451 7391 538 477 7392 512 451 7393 509 448 7394 3552 3202 7395 3553 3203 7396 3554 3204 7397 3552 3202 7398 3554 3204 7399 3555 3205 7400 3556 3206 7401 3512 3162 7402 3501 3151 7403 3556 3206 7404 3501 3151 7405 539 478 7406 3553 3203 7407 3557 3207 7408 3558 3208 7409 3553 3203 7410 3558 3208 7411 3554 3204 7412 3559 3209 7413 531 470 7414 530 469 7415 3559 3209 7416 530 469 7417 3560 3210 7418 3561 3211 7419 3562 3212 7420 3546 3196 7421 3561 3211 7422 3546 3196 7423 3545 3195 7424 521 460 7425 3549 3199 7426 3541 3191 7427 521 460 7428 3541 3191 7429 519 458 7430 3536 3186 7431 3552 3202 7432 3555 3205 7433 3536 3186 7434 3555 3205 7435 3537 3187 7436 3563 3213 7437 3564 3214 7438 525 464 7439 3563 3213 7440 525 464 7441 528 467 7442 531 470 7443 3559 3209 7444 3565 3215 7445 531 470 7446 3565 3215 7447 3566 3216 7448 3567 3217 7449 3568 3218 7450 3569 3219 7451 3567 3217 7452 3569 3219 7453 3570 3220 7454 3567 3217 7455 3571 3221 7456 3572 3222 7457 3567 3217 7458 3572 3222 7459 3568 3218 7460 3564 3214 7461 3563 3213 7462 3573 3223 7463 3564 3214 7464 3573 3223 7465 3574 3224 7466 3575 3225 7467 3576 3226 7468 3577 3227 7469 3575 3225 7470 3577 3227 7471 3578 3228 7472 3579 3229 7473 3580 3230 7474 3581 3231 7475 3579 3229 7476 3581 3231 7477 3582 3232 7478 540 479 7479 534 473 7480 3583 3233 7481 540 479 7482 3583 3233 7483 3584 3234 7484 510 449 7485 511 450 7486 3585 3235 7487 510 449 7488 3585 3235 7489 3514 3164 7490 3501 3151 7491 3514 3164 7492 3585 3235 7493 3501 3151 7494 3585 3235 7495 3499 3149 7496 521 460 7497 520 459 7498 542 481 7499 521 460 7500 542 481 7501 541 480 7502 537 476 7503 3556 3206 7504 539 478 7505 537 476 7506 539 478 7507 481 420 7508 3500 3150 7509 3538 3188 7510 487 426 7511 3500 3150 7512 487 426 7513 539 478 7514 3571 3221 7515 3534 3184 7516 3533 3183 7517 3571 3221 7518 3533 3183 7519 3572 3222 7520 2191 2102 7521 2235 2149 7522 2171 2080 7523 2191 2102 7524 2171 2080 7525 2167 2076 7526 2210 2124 7527 2220 2134 7528 2219 2133 7529 2210 2124 7530 2219 2133 7531 2211 2125 7532 3586 3236 7533 3587 3237 7534 1 1 7535 3586 3236 7536 1 1 7537 0 0 7538 13 13 7539 2128 2035 7540 2170 2079 7541 13 13 7542 2170 2079 7543 14 14 7544 3588 3238 7545 3589 3239 7546 3590 3240 7547 3588 3238 7548 3590 3240 7549 3591 3241 7550 3592 3242 7551 2173 2083 7552 2176 2086 7553 3592 3242 7554 2176 2086 7555 3593 3243 7556 4 4 7557 3 3 7558 3594 3244 7559 4 4 7560 3594 3244 7561 3595 3245 7562 2127 2034 7563 3596 3246 7564 3597 3247 7565 2127 2034 7566 3597 3247 7567 2124 2031 7568 3598 3248 7569 3599 3249 7570 3600 3250 7571 3598 3248 7572 3600 3250 7573 3601 3251 7574 3602 3252 7575 3603 3253 7576 3604 3254 7577 3602 3252 7578 3604 3254 7579 3605 3255 7580 2426 2325 7581 2425 2324 7582 81 81 7583 2426 2325 7584 81 81 7585 80 80 7586 84 84 7587 2466 2365 7588 2465 2364 7589 84 84 7590 2465 2364 7591 85 85 7592 3606 3256 7593 3607 3257 7594 3608 3258 7595 3606 3256 7596 3608 3258 7597 3609 3259 7598 3610 3260 7599 3611 3261 7600 3612 3262 7601 3610 3260 7602 3612 3262 7603 557 496 7604 3613 3263 7605 3614 3264 7606 3615 3265 7607 3613 3263 7608 3615 3265 7609 3616 3266 7610 3617 3267 7611 3618 3268 7612 3619 3269 7613 3617 3267 7614 3619 3269 7615 3620 3270 7616 3621 3271 7617 3622 3272 7618 3623 3273 7619 3621 3271 7620 3623 3273 7621 3624 3274 7622 3616 3266 7623 3615 3265 7624 3625 3275 7625 3616 3266 7626 3625 3275 7627 3626 3276 7628 3627 3277 7629 3617 3267 7630 3620 3270 7631 3627 3277 7632 3620 3270 7633 3628 3278 7634 3626 3276 7635 3625 3275 7636 3629 3279 7637 3626 3276 7638 3629 3279 7639 3630 3280 7640 3631 3281 7641 3627 3277 7642 3628 3278 7643 3631 3281 7644 3628 3278 7645 3632 3282 7646 3633 3283 7647 3634 3284 7648 3635 3285 7649 3633 3283 7650 3635 3285 7651 3636 3286 7652 3630 3280 7653 3629 3279 7654 3637 3287 7655 3630 3280 7656 3637 3287 7657 3638 3288 7658 3639 3289 7659 3631 3281 7660 3632 3282 7661 3639 3289 7662 3632 3282 7663 3640 3290 7664 3634 3284 7665 3641 3291 7666 3642 3292 7667 3634 3284 7668 3642 3292 7669 3635 3285 7670 3638 3288 7671 3637 3287 7672 3643 3293 7673 3638 3288 7674 3643 3293 7675 3644 3294 7676 3645 3295 7677 3639 3289 7678 3640 3290 7679 3645 3295 7680 3640 3290 7681 3646 3296 7682 3641 3291 7683 3647 3297 7684 3648 3298 7685 3641 3291 7686 3648 3298 7687 3642 3292 7688 3644 3294 7689 3643 3293 7690 3649 3299 7691 3644 3294 7692 3649 3299 7693 3650 3300 7694 3651 3301 7695 3645 3295 7696 3646 3296 7697 3651 3301 7698 3646 3296 7699 3652 3302 7700 3647 3297 7701 3653 3303 7702 3654 3304 7703 3647 3297 7704 3654 3304 7705 3648 3298 7706 3650 3300 7707 3649 3299 7708 3655 3305 7709 3650 3300 7710 3655 3305 7711 3656 3306 7712 3657 3307 7713 3658 3308 7714 3659 3309 7715 3657 3307 7716 3659 3309 7717 3660 3310 7718 3661 3311 7719 3662 3312 7720 3654 3304 7721 3661 3311 7722 3654 3304 7723 3653 3303 7724 3663 3313 7725 3664 3314 7726 3665 3315 7727 3663 3313 7728 3665 3315 7729 3666 3316 7730 3667 3317 7731 3665 3315 7732 3664 3314 7733 3667 3317 7734 3664 3314 7735 3668 3318 7736 3669 3319 7737 3670 3320 7738 3623 3273 7739 3669 3319 7740 3623 3273 7741 3622 3272 7742 3671 3321 7743 3672 3322 7744 3670 3320 7745 3671 3321 7746 3670 3320 7747 3669 3319 7748 3673 3323 7749 3674 3324 7750 3672 3322 7751 3673 3323 7752 3672 3322 7753 3671 3321 7754 3675 3325 7755 3676 3326 7756 3674 3324 7757 3675 3325 7758 3674 3324 7759 3673 3323 7760 3677 3327 7761 3678 3328 7762 3676 3326 7763 3677 3327 7764 3676 3326 7765 3675 3325 7766 3679 3329 7767 3680 3330 7768 3678 3328 7769 3679 3329 7770 3678 3328 7771 3677 3327 7772 3681 3331 7773 3667 3317 7774 3668 3318 7775 3681 3331 7776 3668 3318 7777 3682 3332 7778 3683 3333 7779 3681 3331 7780 3682 3332 7781 3683 3333 7782 3682 3332 7783 3684 3334 7784 3685 3335 7785 3683 3333 7786 3684 3334 7787 3685 3335 7788 3684 3334 7789 3686 3336 7790 3687 3337 7791 3685 3335 7792 3686 3336 7793 3687 3337 7794 3686 3336 7795 3688 3338 7796 3689 3339 7797 3687 3337 7798 3688 3338 7799 3689 3339 7800 3688 3338 7801 3690 3340 7802 3666 3316 7803 3691 3341 7804 3692 3342 7805 3666 3316 7806 3692 3342 7807 3663 3313 7808 3610 3260 7809 3633 3283 7810 3636 3286 7811 3610 3260 7812 3636 3286 7813 3611 3261 7814 3609 3259 7815 3608 3258 7816 3693 3343 7817 3609 3259 7818 3693 3343 7819 3694 3344 7820 3694 3344 7821 3693 3343 7822 3695 3345 7823 3694 3344 7824 3695 3345 7825 3696 3346 7826 3696 3346 7827 3695 3345 7828 3697 3347 7829 3696 3346 7830 3697 3347 7831 3698 3348 7832 3699 3349 7833 3698 3348 7834 3697 3347 7835 3699 3349 7836 3697 3347 7837 3700 3350 7838 3621 3271 7839 3624 3274 7840 3701 3351 7841 3621 3271 7842 3701 3351 7843 3702 3352 7844 564 3353 7845 563 3354 7846 3703 3355 7847 564 3356 7848 3703 3357 7849 3704 3358 7850 3705 3359 7851 3706 3360 7852 3607 3257 7853 3705 3359 7854 3607 3257 7855 3606 3256 7856 558 497 7857 557 496 7858 3612 3262 7859 558 497 7860 3612 3262 7861 3707 3361 7862 3659 3309 7863 558 497 7864 3707 3361 7865 3659 3309 7866 3707 3361 7867 3660 3310 7868 562 501 7869 3706 3360 7870 3705 3359 7871 562 501 7872 3705 3359 7873 560 499 7874 3618 3268 7875 554 493 7876 556 495 7877 3618 3268 7878 556 495 7879 3619 3269 7880 559 498 7881 558 497 7882 3659 3309 7883 559 498 7884 3659 3309 7885 3658 3308 7886 3708 3362 7887 3709 3363 7888 3710 3364 7889 3708 3362 7890 3710 3364 7891 3711 3365 7892 3712 2826 7893 3713 2823 7894 3714 2824 7895 3712 2826 7896 3714 2824 7897 3715 2825 7898 3716 3366 7899 3717 3367 7900 3718 3368 7901 3716 3366 7902 3718 3368 7903 3719 3369 7904 3719 3369 7905 3718 3368 7906 3720 3370 7907 3719 3369 7908 3720 3370 7909 3721 3371 7910 3722 2629 7911 3723 2636 7912 3724 2627 7913 3722 2629 7914 3724 2627 7915 3725 2827 7916 3726 3372 7917 3727 3373 7918 3709 3363 7919 3726 3372 7920 3709 3363 7921 3708 3362 7922 3728 3374 7923 3729 3375 7924 3730 3376 7925 3728 3374 7926 3730 3376 7927 3731 3377 7928 3732 3378 7929 3733 3379 7930 3734 3380 7931 3732 3378 7932 3734 3380 7933 3735 3381 7934 3735 3381 7935 3734 3380 7936 3736 3382 7937 3735 3381 7938 3736 3382 7939 3737 3383 7940 3738 3384 7941 3739 3385 7942 3740 3386 7943 3738 3384 7944 3740 3386 7945 3741 2852 7946 3742 3387 7947 3743 3388 7948 3744 3389 7949 3742 3387 7950 3744 3389 7951 3745 3390 7952 3745 3390 7953 3744 3389 7954 3746 3391 7955 3745 3390 7956 3746 3391 7957 3747 3392 7958 3748 3393 7959 3749 3394 7960 2585 2476 7961 3748 3393 7962 2585 2476 7963 2584 2475 7964 566 3395 7965 568 3395 7966 571 3395 7967 566 3396 7968 571 3396 7969 570 3396 7970 3750 3397 7971 3751 3397 7972 3752 3397 7973 3750 3398 7974 3752 3398 7975 3753 3398 7976 3754 240 7977 3755 240 7978 3756 240 7979 3754 240 7980 3756 240 7981 3757 240 7982 3758 3399 7983 3759 3399 7984 3760 3399 7985 3758 508 7986 3760 508 7987 3761 508 7988 3762 2529 7989 3763 2529 7990 3764 2529 7991 3762 2529 7992 3764 2529 7993 3765 2529 7994 3766 3400 7995 3767 3400 7996 3768 3400 7997 3766 3401 7998 3768 3401 7999 3769 3401 8000 3770 240 8001 3771 240 8002 3772 240 8003 3770 240 8004 3772 240 8005 3773 240 8006 3774 508 8007 3775 508 8008 3776 508 8009 3774 508 8010 3776 508 8011 3777 508 8012 3778 3402 8013 3779 3402 8014 3780 3402 8015 3778 3403 8016 3780 3403 8017 3781 3403 8018 3782 508 8019 3783 508 8020 3784 508 8021 3782 3404 8022 3784 3404 8023 3785 3404 8024 3786 3405 8025 3787 3405 8026 3788 3405 8027 3786 3406 8028 3788 3406 8029 3789 3406 8030 3790 3407 8031 3791 3407 8032 3792 3407 8033 3790 509 8034 3792 509 8035 3793 509 8036 3794 3408 8037 3795 3408 8038 3796 3408 8039 3794 3409 8040 3796 3409 8041 3797 3409 8042 3798 2535 8043 3799 2535 8044 3800 2535 8045 3798 2535 8046 3800 2535 8047 3801 2535 8048 3802 2529 8049 3803 2529 8050 3804 2529 8051 3802 2529 8052 3804 2529 8053 3805 2529 8054 3806 3410 8055 3807 3410 8056 3808 3410 8057 3806 508 8058 3808 508 8059 3809 508 8060 3810 240 8061 3811 240 8062 3812 240 8063 3810 240 8064 3812 240 8065 3813 240 8066 3814 508 8067 3815 508 8068 3816 508 8069 3814 3411 8070 3816 3411 8071 3817 3411 8072 3818 240 8073 3819 240 8074 3820 240 8075 3818 240 8076 3820 240 8077 3821 240 8078 3822 509 8079 3823 509 8080 3824 509 8081 3822 3412 8082 3824 3412 8083 3825 3412 8084 3826 2529 8085 3827 2529 8086 3828 2529 8087 3826 2529 8088 3828 2529 8089 3829 2529 8090 3830 3413 8091 3831 3413 8092 3832 3413 8093 3830 3413 8094 3832 3413 8095 3833 3413 8096 3834 240 8097 3835 240 8098 3836 240 8099 3834 240 8100 3836 240 8101 3837 240 8102 3838 509 8103 3839 509 8104 3840 509 8105 3838 509 8106 3840 509 8107 3841 509 8108 3842 3414 8109 3843 3414 8110 3844 3414 8111 3842 3402 8112 3844 3402 8113 3845 3402 8114 3846 509 8115 3847 509 8116 3848 509 8117 3846 509 8118 3848 509 8119 3849 509 8120 3850 3415 8121 3851 3415 8122 3852 3415 8123 3850 3416 8124 3852 3416 8125 3853 3416 8126 3854 508 8127 3855 508 8128 3856 508 8129 3854 3417 8130 3856 3417 8131 3857 3417 8132 3858 3418 8133 3859 3418 8134 3860 3418 8135 3858 3408 8136 3860 3408 8137 3861 3408 8138 3862 2535 8139 3863 2535 8140 3864 2535 8141 3862 3419 8142 3864 3419 8143 3865 3419 8144 3866 2529 8145 3867 2529 8146 3868 2529 8147 3866 2529 8148 3868 2529 8149 3869 2529 8150 3870 509 8151 3871 509 8152 3872 509 8153 3870 509 8154 3872 509 8155 3873 509 8156 3874 3420 8157 3875 3420 8158 3876 3420 8159 3874 3421 8160 3876 3421 8161 3877 3421 8162 3878 509 8163 3879 509 8164 3880 509 8165 3878 509 8166 3880 509 8167 3881 509 8168 3882 508 8169 3883 508 8170 3884 508 8171 3882 508 8172 3884 508 8173 3885 508 8174 3886 2529 8175 3887 2529 8176 3888 2529 8177 3886 2529 8178 3888 2529 8179 3889 2529 8180 3890 3422 8181 3891 3422 8182 3892 3422 8183 3890 3423 8184 3892 3423 8185 3893 3423 8186 3888 3424 8187 3887 3424 8188 3894 3424 8189 3888 2529 8190 3894 2529 8191 3895 2529 8192 3896 2531 8193 3897 2531 8194 3898 2531 8195 3896 2531 8196 3898 2531 8197 3899 2531 8198 3900 2535 8199 3901 2535 8200 3902 2535 8201 3900 2535 8202 3902 2535 8203 3903 2535 8204 3904 3425 8205 3905 3425 8206 3906 3425 8207 3904 3426 8208 3906 3426 8209 3907 3426 8210 3886 3427 8211 3889 3427 8212 3908 3427 8213 3886 2529 8214 3908 2529 8215 3909 2529 8216 3910 3428 8217 3911 3428 8218 3912 3428 8219 3910 3429 8220 3912 3429 8221 3913 3429 8222 3914 3430 8223 3915 3430 8224 3916 3430 8225 3914 3431 8226 3916 3431 8227 3917 3431 8228 3918 3432 8229 3919 3432 8230 3920 3432 8231 3918 3433 8232 3920 3433 8233 3921 3433 8234 3922 3434 8235 3923 3435 8236 3924 3436 8237 3922 3434 8238 3924 3436 8239 3925 3437 8240 3926 3438 8241 3927 3439 8242 3928 3440 8243 3926 3438 8244 3928 3440 8245 3929 3441 8246 3930 3442 8247 3931 3443 8248 3932 3444 8249 3930 3442 8250 3932 3444 8251 3933 3445 8252 3934 3446 8253 3935 3447 8254 3936 3448 8255 3934 3446 8256 3936 3448 8257 3937 3449 8258 3938 3450 8259 3939 3451 8260 3940 3452 8261 3938 3450 8262 3940 3452 8263 3941 3453 8264 3942 3454 8265 3943 3454 8266 3944 3454 8267 3942 3455 8268 3944 3455 8269 3945 3455 8270 3946 3456 8271 3947 3457 8272 3948 3458 8273 3946 3456 8274 3948 3458 8275 3949 3459 8276 3950 3460 8277 3951 3460 8278 3952 3460 8279 3950 3461 8280 3952 3461 8281 3953 3461 8282 3954 3462 8283 3955 3462 8284 3956 3462 8285 3954 3463 8286 3956 3463 8287 3957 3463 8288 3958 3464 8289 3959 3464 8290 3960 3464 8291 3958 3465 8292 3960 3465 8293 3961 3465 8294 3962 3466 8295 3963 3466 8296 3964 3466 8297 3962 3467 8298 3964 3467 8299 3965 3467 8300 3966 508 8301 3967 508 8302 3968 508 8303 3966 508 8304 3968 508 8305 3969 508 8306 3970 3468 8307 3971 3468 8308 3972 3468 8309 3970 3469 8310 3972 3469 8311 3973 3469 8312 3974 3470 8313 3975 3471 8314 3976 3472 8315 3974 3473 8316 3976 3474 8317 3977 3473 8318 3978 3475 8319 3979 3476 8320 3980 3477 8321 3978 3478 8322 3980 3479 8323 3981 3478 8324 3982 3480 8325 3980 3477 8326 3979 3476 8327 3982 3480 8328 3979 3476 8329 3983 3481 8330 3984 3482 8331 3985 3483 8332 3986 3484 8333 3984 3482 8334 3986 3484 8335 3987 3485 8336 3988 3486 8337 3989 3487 8338 3990 3488 8339 3988 3486 8340 3990 3488 8341 3991 3489 8342 3992 3490 8343 3993 3491 8344 3994 3492 8345 3992 3493 8346 3994 3494 8347 3995 3493 8348 3996 3495 8349 3987 3485 8350 3986 3484 8351 3996 3496 8352 3986 3497 8353 3997 3496 8354 3998 3498 8355 3999 3498 8356 4000 3498 8357 3998 509 8358 4000 509 8359 4001 509 8360 3996 3499 8361 3997 3499 8362 3974 3499 8363 3996 3500 8364 3974 3500 8365 3977 3500 8366 3992 3501 8367 3995 3501 8368 3978 3501 8369 3992 3502 8370 3978 3502 8371 3981 3502 8372 4002 509 8373 4003 509 8374 4004 509 8375 4002 3503 8376 4004 3503 8377 4005 3503 8378 3975 3471 8379 4006 3504 8380 4007 3505 8381 3975 3471 8382 4007 3505 8383 3976 3472 8384 4008 3506 8385 4009 3507 8386 4010 3508 8387 4008 3506 8388 4010 3508 8389 4011 3509 8390 3993 3491 8391 4012 3510 8392 4013 3511 8393 3993 3491 8394 4013 3511 8395 3994 3492 8396 4014 3512 8397 4015 3513 8398 4016 3514 8399 4014 3512 8400 4016 3514 8401 4017 3515 8402 4018 3516 8403 4019 3517 8404 4020 3518 8405 4018 3516 8406 4020 3518 8407 4021 3519 8408 4022 3520 8409 4023 3520 8410 4024 3520 8411 4022 3521 8412 4024 3521 8413 4025 3521 8414 4026 3522 8415 4027 3522 8416 4028 3522 8417 4026 3523 8418 4028 3523 8419 4029 3523 8420 4030 509 8421 4031 509 8422 4032 509 8423 4030 3524 8424 4032 3524 8425 4033 3524 8426 4034 509 8427 4035 509 8428 4036 509 8429 4034 3525 8430 4036 3525 8431 4037 3525 8432 577 3526 8433 576 3526 8434 3967 3526 8435 577 508 8436 3967 508 8437 3966 508 8438 4038 3527 8439 4039 3528 8440 4040 3529 8441 4038 3527 8442 4040 3529 8443 4041 3530 8444 4042 2623 8445 4043 2892 8446 4044 2621 8447 4042 2623 8448 4044 2621 8449 4045 2635 8450 4046 3531 8451 4047 3532 8452 4048 3533 8453 4046 3531 8454 4048 3533 8455 4049 3534 8456 4049 3534 8457 4048 3533 8458 4050 3535 8459 4049 3534 8460 4050 3535 8461 4051 3536 8462 4052 2629 8463 4053 2636 8464 4054 2627 8465 4052 2629 8466 4054 2627 8467 4055 2827 8468 4056 3537 8469 4057 3538 8470 4039 3528 8471 4056 3537 8472 4039 3528 8473 4038 3527 8474 4058 509 8475 4059 509 8476 4060 509 8477 4058 509 8478 4060 509 8479 4061 509 8480 4062 508 8481 4063 508 8482 4064 508 8483 4062 508 8484 4064 508 8485 4065 508 8486 4066 2529 8487 4067 2529 8488 4068 2529 8489 4066 2529 8490 4068 2529 8491 4069 2529 8492 4070 3422 8493 4071 3422 8494 4072 3422 8495 4070 3423 8496 4072 3423 8497 4073 3423 8498 4068 3424 8499 4067 3424 8500 4074 3424 8501 4068 2529 8502 4074 2529 8503 4075 2529 8504 4076 2531 8505 4077 2531 8506 4078 2531 8507 4076 2531 8508 4078 2531 8509 4079 2531 8510 4080 2535 8511 4081 2535 8512 4082 2535 8513 4080 2535 8514 4082 2535 8515 4083 2535 8516 4084 3425 8517 4085 3425 8518 4086 3425 8519 4084 3426 8520 4086 3426 8521 4087 3426 8522 4066 3539 8523 4069 3539 8524 4088 3539 8525 4066 2529 8526 4088 2529 8527 4089 2529 8528 4090 3428 8529 4091 3428 8530 4092 3428 8531 4090 3429 8532 4092 3429 8533 4093 3429 8534 4094 3430 8535 4095 3430 8536 4096 3430 8537 4094 3431 8538 4096 3431 8539 4097 3431 8540 4098 3432 8541 4099 3432 8542 4100 3432 8543 4098 3433 8544 4100 3433 8545 4101 3433 8546 4102 3540 8547 4103 3541 8548 4104 3542 8549 4102 3540 8550 4104 3542 8551 4105 3437 8552 4106 3543 8553 4107 3544 8554 4108 3545 8555 4106 3543 8556 4108 3545 8557 4109 3546 8558 4110 3547 8559 4111 3548 8560 4112 3549 8561 4110 3547 8562 4112 3549 8563 4113 3550 8564 4114 3551 8565 4115 3552 8566 4116 3553 8567 4114 3551 8568 4116 3553 8569 4117 3449 8570 4118 3554 8571 4119 3555 8572 4120 3556 8573 4118 3554 8574 4120 3556 8575 4121 3453 8576 4122 3557 8577 4123 3557 8578 4124 3557 8579 4122 3558 8580 4124 3558 8581 4125 3558 8582 4126 3559 8583 4127 3560 8584 4128 3458 8585 4126 3559 8586 4128 3458 8587 4129 3561 8588 4130 3460 8589 4131 3460 8590 4132 3460 8591 4130 3461 8592 4132 3461 8593 4133 3461 8594 4134 3462 8595 4135 3462 8596 4136 3462 8597 4134 3463 8598 4136 3463 8599 4137 3463 8600 4138 3464 8601 4139 3464 8602 4140 3464 8603 4138 3465 8604 4140 3465 8605 4141 3465 8606 4142 3562 8607 4143 3562 8608 4144 3562 8609 4142 508 8610 4144 508 8611 4145 508 8612 4146 3469 8613 4147 3469 8614 4148 3469 8615 4146 3468 8616 4148 3468 8617 4149 3468 8618 4150 3470 8619 4151 3471 8620 4152 3472 8621 4150 3563 8622 4152 3564 8623 4153 3563 8624 4154 3565 8625 4155 3566 8626 4156 3567 8627 4154 3568 8628 4156 3569 8629 4157 3568 8630 4158 3570 8631 4156 3567 8632 4155 3566 8633 4158 3570 8634 4155 3566 8635 4159 3571 8636 4160 3572 8637 4161 3573 8638 4162 3574 8639 4160 3572 8640 4162 3574 8641 4163 3575 8642 4164 3576 8643 4165 3577 8644 4166 3578 8645 4164 3576 8646 4166 3578 8647 4167 3579 8648 4168 3490 8649 4169 3491 8650 4170 3492 8651 4168 3580 8652 4170 3581 8653 4171 3580 8654 4172 3582 8655 4163 3575 8656 4162 3574 8657 4172 3583 8658 4162 3584 8659 4173 3583 8660 4174 509 8661 4175 509 8662 4176 509 8663 4174 3585 8664 4176 3585 8665 4177 3585 8666 4172 3499 8667 4173 3499 8668 4150 3499 8669 4172 3500 8670 4150 3500 8671 4153 3500 8672 4168 3501 8673 4171 3501 8674 4154 3501 8675 4168 3502 8676 4154 3502 8677 4157 3502 8678 4178 3525 8679 588 3525 8680 587 3525 8681 4178 3586 8682 587 3586 8683 4179 3586 8684 4151 3471 8685 4180 3504 8686 4181 3505 8687 4151 3471 8688 4181 3505 8689 4152 3472 8690 4182 3587 8691 4183 3588 8692 4184 3589 8693 4182 3587 8694 4184 3589 8695 4185 3590 8696 4169 3491 8697 4186 3510 8698 4187 3511 8699 4169 3491 8700 4187 3511 8701 4170 3492 8702 4188 3591 8703 4189 3592 8704 4190 3593 8705 4188 3591 8706 4190 3593 8707 4191 3594 8708 4192 3595 8709 4193 3517 8710 4194 3596 8711 4192 3595 8712 4194 3596 8713 4195 3597 8714 4196 3598 8715 4197 3598 8716 4198 3598 8717 4196 508 8718 4198 508 8719 4199 508 8720 4200 3599 8721 4201 3599 8722 4202 3599 8723 4200 3600 8724 4202 3600 8725 4203 3600 8726 4204 509 8727 4205 509 8728 4206 509 8729 4204 3524 8730 4206 3524 8731 4207 3524 8732 586 3601 8733 585 3601 8734 4208 3601 8735 586 508 8736 4208 508 8737 4209 508 8738 111 111 8739 2630 2526 8740 2629 2525 8741 111 111 8742 2629 2525 8743 108 108 8744 117 117 8745 108 108 8746 2629 2525 8747 117 117 8748 2629 2525 8749 4210 3602 8750 106 106 8751 4211 3603 8752 4212 3604 8753 106 106 8754 4212 3604 8755 107 107 8756 2617 2510 8757 2616 2509 8758 2621 2514 8759 2617 2510 8760 2621 2514 8761 2620 2513 8762 590 513 8763 591 514 8764 107 107 8765 590 513 8766 107 107 8767 4212 3604 8768 4213 509 8769 4214 509 8770 4215 509 8771 4213 509 8772 4215 509 8773 4216 509 8774 4217 3605 8775 4218 3606 8776 4219 3607 8777 4217 3605 8778 4219 3607 8779 4220 3608 8780 4221 508 8781 4222 508 8782 4223 508 8783 4221 3609 8784 4223 3609 8785 4224 3609 8786 4225 2529 8787 4226 2529 8788 4227 2529 8789 4225 2529 8790 4227 2529 8791 4228 2529 8792 4229 3610 8793 4230 3611 8794 4231 3612 8795 4229 3610 8796 4231 3612 8797 4232 3613 8798 4233 2535 8799 4234 2535 8800 4235 2535 8801 4233 2535 8802 4235 2535 8803 4236 2535 8804 4237 3614 8805 4238 3615 8806 4239 3616 8807 4237 3614 8808 4239 3616 8809 4240 3617 8810 4241 3618 8811 4242 3618 8812 4243 3618 8813 4241 3619 8814 4243 3619 8815 4244 3619 8816 4245 3620 8817 4246 3620 8818 4247 3620 8819 4245 3621 8820 4247 3621 8821 4248 3621 8822 4249 3622 8823 4250 3623 8824 4251 3624 8825 4249 3622 8826 4251 3624 8827 4252 3625 8828 4253 3626 8829 4254 3626 8830 4255 3626 8831 4253 3627 8832 4255 3627 8833 4256 3627 8834 4257 3628 8835 4258 3628 8836 4259 3628 8837 4257 3629 8838 4259 3629 8839 4260 3629 8840 4261 3630 8841 4262 3630 8842 4263 3630 8843 4261 3631 8844 4263 3631 8845 4264 3631 8846 4265 3632 8847 4266 3633 8848 4267 3634 8849 4265 3632 8850 4267 3634 8851 4268 3635 8852 4269 3636 8853 4270 3636 8854 4271 3636 8855 4269 508 8856 4271 508 8857 4272 508 8858 4273 3637 8859 4274 3638 8860 4275 3639 8861 4273 3637 8862 4275 3639 8863 4276 3640 8864 4277 3641 8865 4278 3641 8866 4279 3641 8867 4277 509 8868 4279 509 8869 4280 509 8870 4281 2529 8871 4282 2529 8872 4283 2529 8873 4281 2529 8874 4283 2529 8875 4284 2529 8876 4285 3642 8877 4286 3643 8878 4287 3644 8879 4285 3642 8880 4287 3644 8881 4288 3645 8882 4289 2535 8883 4290 2535 8884 4291 2535 8885 4289 2535 8886 4291 2535 8887 4292 2535 8888 4293 3646 8889 4294 3647 8890 4295 3648 8891 4293 3646 8892 4295 3648 8893 4296 3649 8894 4297 3650 8895 4298 3650 8896 4299 3650 8897 4297 3651 8898 4299 3651 8899 4300 3651 8900 4301 3652 8901 4302 3652 8902 4303 3652 8903 4301 3653 8904 4303 3653 8905 4304 3653 8906 4305 3654 8907 4306 3655 8908 4307 3656 8909 4305 3654 8910 4307 3656 8911 4308 3657 8912 4309 3658 8913 4310 3658 8914 4311 3658 8915 4309 3659 8916 4311 3659 8917 4312 3659 8918 4313 3660 8919 4314 3660 8920 4315 3660 8921 4313 3661 8922 4315 3661 8923 4316 3661 8924 4317 3662 8925 4318 3662 8926 4319 3662 8927 4317 3663 8928 4319 3663 8929 4320 3663 8930 4321 3664 8931 4322 3665 8932 4323 3666 8933 4321 3664 8934 4323 3666 8935 4324 3667 8936 4325 3668 8937 4326 3669 8938 4327 3670 8939 4325 3668 8940 4327 3670 8941 4328 3671 8942 4329 3672 8943 4330 3673 8944 4331 3674 8945 4329 3672 8946 4331 3674 8947 4332 3675 8948 4333 3676 8949 4334 3677 8950 4335 3678 8951 4333 3676 8952 4335 3678 8953 4336 3679 8954 4337 3680 8955 4338 3681 8956 4339 3682 8957 4337 3680 8958 4339 3682 8959 4340 3683 8960 4341 3684 8961 4325 3668 8962 4342 3685 8963 4341 3684 8964 4342 3685 8965 4343 3686 8966 4334 3677 8967 4344 3687 8968 4345 3688 8969 4334 3677 8970 4345 3688 8971 4335 3678 8972 4346 3689 8973 4347 3690 8974 4348 3691 8975 4346 3689 8976 4348 3691 8977 4349 3692 8978 4350 3693 8979 4338 3681 8980 4337 3680 8981 4350 3693 8982 4337 3680 8983 4351 3694 8984 4352 3695 8985 4353 3696 8986 4354 3697 8987 4352 3695 8988 4354 3697 8989 4355 3698 8990 4343 3686 8991 4356 3699 8992 4357 3700 8993 4343 3686 8994 4357 3700 8995 4341 3684 8996 4355 3698 8997 4358 3701 8998 4359 3702 8999 4355 3698 9000 4359 3702 9001 4352 3695 9002 4360 3703 9003 4361 3704 9004 4362 3705 9005 4360 3703 9006 4362 3705 9007 4363 3706 9008 3031 2811 9009 4364 3707 9010 4365 3708 9011 3031 2811 9012 4365 3708 9013 3032 2812 9014 3013 2793 9015 3016 2796 9016 4366 3709 9017 3013 2793 9018 4366 3709 9019 4367 3710 9020 4363 3706 9021 4368 3711 9022 4369 3712 9023 4363 3706 9024 4369 3712 9025 4360 3703 9026 3034 2814 9027 3033 2813 9028 4370 3713 9029 3034 2814 9030 4370 3713 9031 4371 3714 9032 3033 2813 9033 4372 3715 9034 4373 3716 9035 3033 2813 9036 4373 3716 9037 4370 3713 9038 4342 3685 9039 4325 3668 9040 4328 3671 9041 4342 3685 9042 4328 3671 9043 4374 3717 9044 4375 3718 9045 4376 3719 9046 4377 3720 9047 4375 3718 9048 4377 3720 9049 4378 3721 9050 4379 3722 9051 4380 3723 9052 4381 3724 9053 4379 3722 9054 4381 3724 9055 4382 3725 9056 4383 3726 9057 4384 3727 9058 4385 3728 9059 4383 3726 9060 4385 3728 9061 4386 3729 9062 4387 3730 9063 4388 3731 9064 4389 3732 9065 4387 3730 9066 4389 3732 9067 4390 3733 9068 4391 3734 9069 4392 3735 9070 4393 3736 9071 4391 3734 9072 4393 3736 9073 4394 3737 9074 4395 3738 9075 4396 3739 9076 4397 3740 9077 4395 3738 9078 4397 3740 9079 4398 3741 9080 4399 3742 9081 4400 3743 9082 4401 3744 9083 4399 3742 9084 4401 3744 9085 4402 3745 9086 4403 3746 9087 4404 3747 9088 4405 3748 9089 4403 3746 9090 4405 3748 9091 4406 3749 9092 4407 3750 9093 4408 3751 9094 4409 3752 9095 4407 3750 9096 4409 3752 9097 4410 3753 9098 4411 3754 9099 4403 3746 9100 4406 3749 9101 4411 3754 9102 4406 3749 9103 4412 3755 9104 4413 3756 9105 4399 3742 9106 4402 3745 9107 4413 3756 9108 4402 3745 9109 4414 3757 9110 4415 3758 9111 4391 3734 9112 4394 3737 9113 4415 3758 9114 4394 3737 9115 4416 3759 9116 4417 3760 9117 4418 3761 9118 4419 3762 9119 4417 3760 9120 4419 3762 9121 4420 3763 9122 4421 3764 9123 4422 3765 9124 4423 3766 9125 4421 3764 9126 4423 3766 9127 4424 3767 9128 4425 3768 9129 4426 3769 9130 4427 3770 9131 4425 3768 9132 4427 3770 9133 4428 3771 9134 4429 3772 9135 4430 3773 9136 4431 3774 9137 4429 3772 9138 4431 3774 9139 4432 3775 9140 4433 3776 9141 4434 3777 9142 4435 3778 9143 4433 3776 9144 4435 3778 9145 4436 3779 9146 4437 3780 9147 4438 3781 9148 4439 3782 9149 4437 3780 9150 4439 3782 9151 4440 3783 9152 4441 3784 9153 4442 3785 9154 4443 3786 9155 4441 3784 9156 4443 3786 9157 4444 3787 9158 4434 3777 9159 4445 3788 9160 4446 3789 9161 4434 3777 9162 4446 3789 9163 4435 3778 9164 4447 3790 9165 4448 3791 9166 4449 3792 9167 4447 3790 9168 4449 3792 9169 4450 3793 9170 4451 3794 9171 4438 3781 9172 4437 3780 9173 4451 3794 9174 4437 3780 9175 4452 3795 9176 4453 3796 9177 4454 3797 9178 4455 3798 9179 4453 3796 9180 4455 3798 9181 4456 3799 9182 4444 3787 9183 4457 3800 9184 4458 3801 9185 4444 3787 9186 4458 3801 9187 4441 3784 9188 4456 3799 9189 4426 3769 9190 4425 3768 9191 4456 3799 9192 4425 3768 9193 4453 3796 9194 4459 3802 9195 4460 3803 9196 4461 3804 9197 4459 3802 9198 4461 3804 9199 4462 3805 9200 2991 2771 9201 4463 3806 9202 4464 3807 9203 2991 2771 9204 4464 3807 9205 2992 2772 9206 4462 3805 9207 4465 3808 9208 4466 3809 9209 4462 3805 9210 4466 3809 9211 4459 3802 9212 4467 3810 9213 4466 3809 9214 4468 3811 9215 4467 3810 9216 4468 3811 9217 4469 3812 9218 4466 3809 9219 4465 3808 9220 4470 3813 9221 4466 3809 9222 4470 3813 9223 4468 3811 9224 4471 3814 9225 4425 3768 9226 4428 3771 9227 4471 3814 9228 4428 3771 9229 4472 3815 9230 4473 3816 9231 4474 3817 9232 4475 3818 9233 4473 3816 9234 4475 3818 9235 4476 3819 9236 4477 3820 9237 4478 3821 9238 4479 3822 9239 4477 3820 9240 4479 3822 9241 4480 3823 9242 4481 3824 9243 4482 3825 9244 4483 3826 9245 4481 3824 9246 4483 3826 9247 4484 3827 9248 4485 3828 9249 4486 3829 9250 4487 3830 9251 4485 3828 9252 4487 3830 9253 4488 3831 9254 4489 3832 9255 4490 3833 9256 4491 3834 9257 4489 3832 9258 4491 3834 9259 4492 3835 9260 4493 3836 9261 4494 3837 9262 4495 3838 9263 4493 3836 9264 4495 3838 9265 4496 3839 9266 4484 3827 9267 4483 3826 9268 4497 3840 9269 4484 3827 9270 4497 3840 9271 4498 3841 9272 4499 3842 9273 4500 3843 9274 4501 3844 9275 4499 3842 9276 4501 3844 9277 4502 3845 9278 4503 3846 9279 4504 3847 9280 4505 3848 9281 4503 3846 9282 4505 3848 9283 4506 3849 9284 4507 3850 9285 4499 3842 9286 4502 3845 9287 4507 3850 9288 4502 3845 9289 4508 3851 9290 4509 3852 9291 4510 3853 9292 4511 3854 9293 4509 3852 9294 4511 3854 9295 4512 3855 9296 4513 3856 9297 4489 3832 9298 4492 3835 9299 4513 3856 9300 4492 3835 9301 4514 3857 9302 4515 3858 9303 4516 3859 9304 4517 3860 9305 4515 3858 9306 4517 3860 9307 4518 3861 9308 4519 3862 9309 4520 3863 9310 4521 3864 9311 4519 3862 9312 4521 3864 9313 4522 3865 9314 4523 2895 9315 4524 2896 9316 4525 2897 9317 4523 2895 9318 4525 2897 9319 4526 2898 9320 4527 2899 9321 4528 2900 9322 4529 2907 9323 4527 2899 9324 4529 2907 9325 4530 2902 9326 4531 508 9327 4532 508 9328 4533 508 9329 4531 508 9330 4533 508 9331 4534 508 9332 4535 2887 9333 4536 2888 9334 4537 2889 9335 4535 2887 9336 4537 2889 9337 4538 2890 9338 4539 2880 9339 4540 2881 9340 4541 2882 9341 4539 2880 9342 4541 2882 9343 4542 2883 9344 4543 2872 9345 4544 2873 9346 4545 2874 9347 4543 2872 9348 4545 2874 9349 4546 2875 9350 4547 2531 9351 4548 2531 9352 4549 2531 9353 4547 2531 9354 4549 2531 9355 4550 2531 9356 4551 2535 9357 4552 2535 9358 4553 2535 9359 4551 2535 9360 4553 2535 9361 4554 2535 9362 4555 3866 9363 4556 3866 9364 4557 3866 9365 4555 2535 9366 4557 2535 9367 4558 2535 9368 4559 3867 9369 4560 3868 9370 4561 3869 9371 4559 3867 9372 4561 3869 9373 4562 3870 9374 4563 3871 9375 4564 2556 9376 4565 3872 9377 4563 3871 9378 4565 3872 9379 4566 2534 9380 4567 3873 9381 4568 3874 9382 4569 3875 9383 4567 3873 9384 4569 3875 9385 4570 3876 9386 4571 3877 9387 4572 3878 9388 4573 3879 9389 4571 3877 9390 4573 3879 9391 4574 3880 9392 4575 2531 9393 2698 2531 9394 2697 2531 9395 4575 2531 9396 2697 2531 9397 4576 2531 9398 4577 3881 9399 4578 3881 9400 4579 3881 9401 4577 2531 9402 4579 2531 9403 4580 2531 9404 4581 2531 9405 4582 2531 9406 4583 2531 9407 4581 2531 9408 4583 2531 9409 4584 2531 9410 4563 3871 9411 4566 2534 9412 4568 3874 9413 4563 3871 9414 4568 3874 9415 4567 3873 9416 4585 3882 9417 4586 3883 9418 4570 3876 9419 4585 3882 9420 4570 3876 9421 4569 3875 9422 4587 2579 9423 4588 2579 9424 4589 2579 9425 4587 2535 9426 4589 2535 9427 4590 2535 9428 4591 2577 9429 4592 3884 9430 4593 3885 9431 4591 2576 9432 4593 3886 9433 4594 2576 9434 4592 3884 9435 4562 3870 9436 4561 3869 9437 4592 3884 9438 4561 3869 9439 4593 3885 9440 4595 2535 9441 4596 2535 9442 4597 2535 9443 4595 2535 9444 4597 2535 9445 4598 2535 9446 4599 3887 9447 4600 2569 9448 4586 3883 9449 4599 3887 9450 4586 3883 9451 4585 3882 9452 4574 3880 9453 4573 3879 9454 4560 3868 9455 4574 3880 9456 4560 3868 9457 4559 3867 9458 4551 2562 9459 4554 2562 9460 4601 2562 9461 4551 3888 9462 4601 3888 9463 4602 3888 9464 4603 3889 9465 4604 3889 9466 4605 3889 9467 4603 2531 9468 4605 2531 9469 4606 2531 9470 4607 2535 9471 4608 2535 9472 4609 2535 9473 4607 2535 9474 4609 2535 9475 4610 2535 9476 4611 2535 9477 4612 2535 9478 4613 2535 9479 4611 2535 9480 4613 2535 9481 4614 2535 9482 4615 2531 9483 4616 2531 9484 4617 2531 9485 4615 2531 9486 4617 2531 9487 4618 2531 9488 4619 3890 9489 4620 3891 9490 4621 3892 9491 4619 3890 9492 4621 3892 9493 4622 3893 9494 4623 2535 9495 4624 2535 9496 4625 2535 9497 4623 2535 9498 4625 2535 9499 4626 2535 9500 4627 3894 9501 4628 3895 9502 4629 3896 9503 4627 3894 9504 4629 3896 9505 4630 3897 9506 2708 2567 9507 2707 2566 9508 2719 2574 9509 2708 2567 9510 2719 2574 9511 2718 2573 9512 2700 2531 9513 2699 2531 9514 2734 2531 9515 2700 2531 9516 2734 2531 9517 2733 2531 9518 4631 2535 9519 4632 2535 9520 4633 2535 9521 4631 2560 9522 4633 2560 9523 4634 2560 9524 4635 2535 9525 4636 2535 9526 4637 2535 9527 4635 2535 9528 4637 2535 9529 4638 2535 9530 4565 3872 9531 4564 2556 9532 4628 3895 9533 4565 3872 9534 4628 3895 9535 4627 3894 9536 4639 2544 9537 4640 3898 9538 4630 3897 9539 4639 2544 9540 4630 3897 9541 4629 3896 9542 4641 2531 9543 4642 2531 9544 4643 2531 9545 4641 3899 9546 4643 3899 9547 4644 3899 9548 4645 3900 9549 4646 3901 9550 4647 3902 9551 4645 3903 9552 4647 3904 9553 4648 3903 9554 4646 3901 9555 4622 3893 9556 4621 3892 9557 4646 3901 9558 4621 3892 9559 4647 3902 9560 4649 2531 9561 4650 2531 9562 4651 2531 9563 4649 2531 9564 4651 2531 9565 4652 2531 9566 4653 3905 9567 4654 3906 9568 4640 3898 9569 4653 3905 9570 4640 3898 9571 4639 2544 9572 4572 3878 9573 4571 3877 9574 4620 3891 9575 4572 3878 9576 4620 3891 9577 4619 3890 9578 4655 2531 9579 4656 2531 9580 4657 2531 9581 4655 3907 9582 4657 3907 9583 4658 3907 9584 4659 3908 9585 4660 3908 9586 4661 3908 9587 4659 2535 9588 4661 2535 9589 4662 2535 9590 4663 508 9591 4664 508 9592 4665 508 9593 4663 508 9594 4665 508 9595 4666 508 9596 4667 2529 9597 4668 2529 9598 4669 2529 9599 4667 2529 9600 4669 2529 9601 4670 2529 9602 4671 2529 9603 4672 2529 9604 4673 2529 9605 4671 2529 9606 4673 2529 9607 4674 2529 9608 4675 2535 9609 4676 2535 9610 4677 2535 9611 4675 2535 9612 4677 2535 9613 4678 2535 9614 4679 2535 9615 4680 2535 9616 4681 2535 9617 4679 2535 9618 4681 2535 9619 4682 2535 9620 4683 3909 9621 4684 3910 9622 4685 3911 9623 4683 3912 9624 4685 3913 9625 4686 3914 9626 4687 2531 9627 4688 2531 9628 4689 3915 9629 4687 2531 9630 4689 3915 9631 4690 3916 9632 599 509 9633 593 509 9634 4691 509 9635 599 509 9636 4691 509 9637 4692 509 9638 600 509 9639 599 509 9640 4693 3917 9641 600 509 9642 4693 3917 9643 4694 3918 9644 596 508 9645 601 508 9646 606 508 9647 596 508 9648 606 508 9649 4695 508 9650 4696 3919 9651 4697 3920 9652 4684 3921 9653 4696 3919 9654 4684 3921 9655 4683 3922 9656 4698 3923 9657 4699 3923 9658 4700 3923 9659 4698 508 9660 4700 508 9661 4701 508 9662 4702 240 9663 4703 240 9664 4704 240 9665 4702 240 9666 4704 240 9667 4705 240 9668 594 3924 9669 593 3924 9670 599 3924 9671 594 509 9672 599 509 9673 598 509 9674 4706 3925 9675 4707 3926 9676 4708 3927 9677 4706 3925 9678 4708 3927 9679 4709 3928 9680 4710 3929 9681 4711 3930 9682 4712 3931 9683 4710 3929 9684 4712 3931 9685 4713 3932 9686 4713 3932 9687 4712 3931 9688 4714 3933 9689 4713 3932 9690 4714 3933 9691 4715 3934 9692 4716 3935 9693 4717 3936 9694 4718 3937 9695 4716 3935 9696 4718 3937 9697 4719 3938 9698 4719 3938 9699 4718 3937 9700 4720 3939 9701 4719 3938 9702 4720 3939 9703 4721 3940 9704 4722 3941 9705 4723 3942 9706 4724 3943 9707 4722 3941 9708 4724 3943 9709 4725 3944 9710 4726 3945 9711 4727 3946 9712 4728 3947 9713 4726 3945 9714 4728 3947 9715 4729 3948 9716 4730 3949 9717 4731 3950 9718 4707 3926 9719 4730 3949 9720 4707 3926 9721 4706 3925 9722 4732 3951 9723 4733 3951 9724 4734 3951 9725 4732 3952 9726 4734 3952 9727 4735 3952 9728 4736 3953 9729 4737 3953 9730 4738 3953 9731 4736 3954 9732 4738 3954 9733 4739 3954 9734 4740 3955 9735 4741 3956 9736 4742 3957 9737 4740 3958 9738 4742 3959 9739 4743 3959 9740 4744 2531 9741 4745 2531 9742 619 522 9743 4744 2531 9744 619 522 9745 610 3960 9746 4746 3961 9747 4747 3962 9748 4748 3963 9749 4746 3961 9750 4748 3963 9751 4749 3964 9752 4750 3965 9753 4751 3966 9754 4741 3967 9755 4750 3965 9756 4741 3967 9757 4740 3968 9758 4752 3969 9759 4753 3969 9760 4754 3969 9761 4752 3970 9762 4754 3970 9763 4755 3970 9764 4756 3971 9765 4757 3972 9766 4758 3973 9767 4756 3971 9768 4758 3973 9769 4759 3974 9770 4760 3975 9771 4761 3975 9772 4762 3975 9773 4760 3976 9774 4762 3976 9775 4763 3976 9776 621 523 9777 4751 3966 9778 4750 3965 9779 621 523 9780 4750 3965 9781 611 3977 9782 4764 3954 9783 4765 3954 9784 4766 3954 9785 4764 3953 9786 4766 3953 9787 4767 3953 9788 4768 3978 9789 4769 3979 9790 4770 3980 9791 4768 3978 9792 4770 3980 9793 4771 3981 9794 4772 3982 9795 4773 3983 9796 4774 3984 9797 4772 3982 9798 4774 3984 9799 4775 3985 9800 610 3960 9801 619 522 9802 621 523 9803 610 3960 9804 621 523 9805 611 3977 9806 613 519 9807 633 535 9808 626 528 9809 613 519 9810 626 528 9811 614 520 9812 625 527 9813 635 537 9814 634 536 9815 625 527 9816 634 536 9817 623 525 9818 629 531 9819 637 538 9820 635 537 9821 629 531 9822 635 537 9823 625 527 9824 614 520 9825 626 528 9826 639 540 9827 614 520 9828 639 540 9829 631 533 9830 4776 3986 9831 4777 3986 9832 4778 3986 9833 4776 3987 9834 4778 3987 9835 4779 3987 9836 633 535 9837 613 519 9838 4780 3988 9839 633 535 9840 4780 3988 9841 4781 3989 9842 4782 3990 9843 4783 3991 9844 4784 3992 9845 4782 3993 9846 4784 3992 9847 4785 3992 9848 4786 3994 9849 4787 3995 9850 4783 3996 9851 4786 3994 9852 4783 3996 9853 4782 3997 9854 4788 3998 9855 4789 3998 9856 4790 3998 9857 4788 3999 9858 4790 3999 9859 4791 3999 9860 4781 3989 9861 4780 3988 9862 4792 4000 9863 4781 3989 9864 4792 4000 9865 4793 4001 9866 623 525 9867 634 536 9868 4787 3995 9869 623 525 9870 4787 3995 9871 4786 3994 9872 4794 4002 9873 4795 4002 9874 4796 4002 9875 4794 4003 9876 4796 4003 9877 4797 4003 9878 4793 4004 9879 4792 4005 9880 4798 4006 9881 4793 4007 9882 4798 4008 9883 4799 4008 9884 4800 4009 9885 4801 4010 9886 4802 4011 9887 4800 4009 9888 4802 4011 9889 4803 4012 9890 4803 4012 9891 4802 4011 9892 4804 4013 9893 4803 4012 9894 4804 4013 9895 4805 4014 9896 4806 4015 9897 4807 4016 9898 4808 4017 9899 4806 4015 9900 4808 4017 9901 4809 4018 9902 4809 4018 9903 4808 4017 9904 4810 4019 9905 4809 4018 9906 4810 4019 9907 4811 4020 9908 4812 4021 9909 4813 4022 9910 4814 4023 9911 4812 4021 9912 4814 4023 9913 4815 4024 9914 4815 4025 9915 4814 4026 9916 4816 4027 9917 4815 4028 9918 4816 4029 9919 4817 4029 9920 698 598 9921 4818 4030 9922 4819 4031 9923 698 598 9924 4819 4031 9925 699 599 9926 4820 4032 9927 4821 4033 9928 4822 4034 9929 4820 4032 9930 4822 4034 9931 4823 4035 9932 4824 4036 9933 4825 4037 9934 687 587 9935 4824 4036 9936 687 587 9937 686 586 9938 695 595 9939 688 588 9940 687 587 9941 695 595 9942 687 587 9943 696 596 9944 691 4038 9945 4825 4037 9946 4824 4036 9947 691 4038 9948 4824 4036 9949 4826 4039 9950 4827 4040 9951 4828 4041 9952 4829 4042 9953 4827 4040 9954 4829 4042 9955 4830 4043 9956 702 602 9957 708 608 9958 705 605 9959 702 602 9960 705 605 9961 703 603 9962 4830 4043 9963 4831 4044 9964 4832 4045 9965 4830 4043 9966 4832 4045 9967 4827 4040 9968 704 604 9969 701 601 9970 4832 4045 9971 704 604 9972 4832 4045 9973 4831 4044 9974 710 613 9975 4833 4046 9976 4832 4045 9977 710 613 9978 4832 4045 9979 701 601 9980 700 600 9981 699 599 9982 4834 4047 9983 700 600 9984 4834 4047 9985 4835 4048 9986 4818 4030 9987 4822 4034 9988 4821 4033 9989 4818 4030 9990 4821 4033 9991 4819 4031 9992 712 614 9993 4834 4047 9994 699 599 9995 712 614 9996 699 599 9997 713 615 9998 682 582 9999 684 584 10000 690 590 10001 682 582 10002 690 590 10003 689 589 10004 89 89 10005 96 96 10006 98 98 10007 89 89 10008 98 98 10009 90 90 10010 4836 4049 10011 4837 2416 10012 4838 4050 10013 4836 4049 10014 4838 4050 10015 4839 4051 10016 4840 4052 10017 4841 4052 10018 4842 4052 10019 4840 509 10020 4842 509 10021 4843 509 10022 4844 2419 10023 4845 2422 10024 4846 4053 10025 4844 2419 10026 4846 4053 10027 4847 4054 10028 4848 508 10029 4849 508 10030 4850 508 10031 4848 508 10032 4850 508 10033 4851 508 10034 4852 4055 10035 4853 2426 10036 4854 4056 10037 4852 4055 10038 4854 4056 10039 4855 4057 10040 4856 4058 10041 4857 2428 10042 4845 2422 10043 4856 4058 10044 4845 2422 10045 4844 2419 10046 4858 2429 10047 4859 2430 10048 4853 2426 10049 4858 2429 10050 4853 2426 10051 4852 4055 10052 4860 2431 10053 4861 4059 10054 4857 2428 10055 4860 2431 10056 4857 2428 10057 4856 4058 10058 4862 4060 10059 4863 4061 10060 4859 2430 10061 4862 4060 10062 4859 2430 10063 4858 2429 10064 4864 4062 10065 4861 4059 10066 4860 2431 10067 4864 4062 10068 4860 2431 10069 4865 4063 10070 4866 4064 10071 4867 4065 10072 4863 4061 10073 4866 4064 10074 4863 4061 10075 4862 4060 10076 4840 4066 10077 4868 4066 10078 4869 4066 10079 4840 509 10080 4869 509 10081 4841 509 10082 4870 2441 10083 4871 2441 10084 4872 2441 10085 4870 2442 10086 4872 2442 10087 4873 2442 10088 4847 4054 10089 4846 4053 10090 4839 4051 10091 4847 4054 10092 4839 4051 10093 4838 4050 10094 4855 4057 10095 4854 4056 10096 4874 4067 10097 4855 4057 10098 4874 4067 10099 4875 4068 10100 4869 509 10101 4868 509 10102 4876 509 10103 4869 4069 10104 4876 4069 10105 4877 4069 10106 4877 4070 10107 4876 4070 10108 4878 4070 10109 4877 4071 10110 4878 4071 10111 4879 4071 10112 4879 4072 10113 4878 4072 10114 4880 4072 10115 4879 4073 10116 4880 4073 10117 4881 4073 10118 4864 4074 10119 4865 4075 10120 4882 2453 10121 4864 4076 10122 4882 4077 10123 4883 4077 10124 4881 4078 10125 4880 4078 10126 4884 4078 10127 4881 4079 10128 4884 4079 10129 4885 4079 10130 4843 4080 10131 4842 4080 10132 4886 4080 10133 4843 4081 10134 4886 4082 10135 4887 4082 10136 4875 4083 10137 4874 4084 10138 4888 4085 10139 4875 4086 10140 4888 4087 10141 4889 4087 10142 4890 4088 10143 4891 4089 10144 4867 4065 10145 4890 4088 10146 4867 4065 10147 4866 4064 10148 4892 4090 10149 4893 4090 10150 4894 4090 10151 4892 509 10152 4894 509 10153 4895 509 10154 4896 4091 10155 4897 4091 10156 4898 4091 10157 4896 509 10158 4898 509 10159 4899 509 10160 4900 4092 10161 4901 4092 10162 4902 4092 10163 4900 508 10164 4902 508 10165 4903 508 10166 4893 509 10167 4892 509 10168 4904 509 10169 4893 509 10170 4904 509 10171 4905 509 10172 4906 4093 10173 4907 4093 10174 4908 4093 10175 4906 4094 10176 4908 4094 10177 4909 4094 10178 4910 2529 10179 4911 2529 10180 4912 2529 10181 4910 2529 10182 4912 2529 10183 4913 2529 10184 4914 4095 10185 4915 4095 10186 4916 4095 10187 4914 4096 10188 4916 4096 10189 4917 4096 10190 4918 4097 10191 4919 4097 10192 4920 4097 10193 4918 4098 10194 4920 4098 10195 4921 4098 10196 4922 508 10197 4923 508 10198 4924 508 10199 4922 508 10200 4924 508 10201 4925 508 10202 4926 4099 10203 4927 4099 10204 4928 4099 10205 4926 508 10206 4928 508 10207 4929 508 10208 4897 4100 10209 4896 4100 10210 4930 4100 10211 4897 4101 10212 4930 4101 10213 4931 4101 10214 4932 4093 10215 4933 4093 10216 4934 4093 10217 4932 4094 10218 4934 4094 10219 4935 4094 10220 4936 2529 10221 4937 2529 10222 4938 2529 10223 4936 2529 10224 4938 2529 10225 4939 2529 10226 4940 4095 10227 4941 4095 10228 4942 4095 10229 4940 4096 10230 4942 4096 10231 4943 4096 10232 4944 4097 10233 4945 4097 10234 4946 4097 10235 4944 4098 10236 4946 4098 10237 4947 4098 10238 4929 4102 10239 4928 4102 10240 4948 4102 10241 4929 508 10242 4948 508 10243 4949 508 10244 4950 4103 10245 4951 4104 10246 4952 4105 10247 4950 4103 10248 4952 4105 10249 4953 4106 10250 4954 4107 10251 4955 4107 10252 4956 4107 10253 4954 4108 10254 4956 4108 10255 4957 4108 10256 4958 4109 10257 4959 4110 10258 4960 4111 10259 4958 4109 10260 4960 4111 10261 4961 4112 10262 4962 2529 10263 4963 2529 10264 4964 2529 10265 4962 2529 10266 4964 2529 10267 4965 2529 10268 4966 4113 10269 4967 4114 10270 4968 4115 10271 4966 4116 10272 4968 4117 10273 4969 4117 10274 4970 4118 10275 4971 4119 10276 4972 4120 10277 4970 4118 10278 4972 4120 10279 4973 4121 10280 4974 508 10281 4975 508 10282 4976 508 10283 4974 4122 10284 4976 4122 10285 4977 4122 10286 4967 4123 10287 4966 4124 10288 4971 4119 10289 4967 4123 10290 4971 4119 10291 4970 4118 10292 4978 4125 10293 4979 4125 10294 4980 4125 10295 4978 4126 10296 4980 4126 10297 4981 4126 10298 4982 4127 10299 4983 4127 10300 4984 4127 10301 4982 4128 10302 4984 4129 10303 4985 4130 10304 4986 4131 10305 4987 4132 10306 4988 4133 10307 4986 4131 10308 4988 4133 10309 4989 4134 10310 4990 4135 10311 4991 4135 10312 4992 4135 10313 4990 4136 10314 4992 4136 10315 4993 4136 10316 4973 4137 10317 4972 4138 10318 4994 4139 10319 4973 4140 10320 4994 4141 10321 4995 4141 10322 4996 4142 10323 4997 4142 10324 4998 4142 10325 4996 4143 10326 4998 4143 10327 4999 4143 10328 5000 4144 10329 5001 4145 10330 5002 4146 10331 5000 4144 10332 5002 4146 10333 5003 4147 10334 5003 4147 10335 5002 4146 10336 5004 4148 10337 5003 4147 10338 5004 4148 10339 5005 4149 10340 5006 4150 10341 5007 4151 10342 5008 4152 10343 5006 4150 10344 5008 4152 10345 5009 4153 10346 5009 4153 10347 5008 4152 10348 5010 4154 10349 5009 4153 10350 5010 4154 10351 5011 4155 10352 5012 4156 10353 5013 4157 10354 5014 4158 10355 5012 4156 10356 5014 4158 10357 5015 4159 10358 5015 4160 10359 5014 4161 10360 5016 2918 10361 5015 4162 10362 5016 4163 10363 5017 4163 10364 3322 2999 10365 3325 3002 10366 3332 3005 10367 3322 2999 10368 3332 3005 10369 3352 3025 10370 717 621 10371 5018 4164 10372 5019 4165 10373 717 621 10374 5019 4165 10375 715 619 10376 2350 2249 10377 2385 2284 10378 2384 2283 10379 2350 2249 10380 2384 2283 10381 719 623 10382 56 56 10383 2386 2285 10384 2377 2276 10385 56 56 10386 2377 2276 10387 54 54 10388 2404 2303 10389 735 633 10390 734 632 10391 2404 2303 10392 734 632 10393 5020 4166 10394 3333 3006 10395 3336 3009 10396 3367 3036 10397 3333 3006 10398 3367 3036 10399 3366 3035 10400 5021 509 10401 5022 509 10402 5023 509 10403 5021 509 10404 5023 509 10405 5024 509 10406 5025 240 10407 5026 240 10408 5027 240 10409 5025 240 10410 5027 240 10411 5028 240 10412 5029 508 10413 5030 508 10414 5031 508 10415 5029 508 10416 5031 508 10417 5032 508 10418 5033 509 10419 5034 509 10420 5035 509 10421 5033 509 10422 5035 509 10423 5036 509 10424 5037 2535 10425 5038 2535 10426 5039 2535 10427 5037 2535 10428 5039 2535 10429 5040 2535 10430 5041 240 10431 5042 240 10432 5043 240 10433 5041 240 10434 5043 240 10435 5044 240 10436 5045 508 10437 5046 508 10438 5047 508 10439 5045 508 10440 5047 508 10441 5048 508 10442 5049 2535 10443 5050 2535 10444 5051 2535 10445 5049 2535 10446 5051 2535 10447 5052 2535 10448 2390 2289 10449 2389 2288 10450 2371 2270 10451 2390 2289 10452 2371 2270 10453 2370 2269 10454 762 660 10455 761 659 10456 786 684 10457 762 660 10458 786 684 10459 5053 4167 10460 775 673 10461 5054 4168 10462 5055 4169 10463 775 673 10464 5055 4169 10465 752 650 10466 5056 4170 10467 770 668 10468 769 667 10469 5056 4170 10470 769 667 10471 5057 4171 10472 752 650 10473 5055 4169 10474 5053 4167 10475 752 650 10476 5053 4167 10477 786 684 10478 887 785 10479 890 788 10480 980 878 10481 887 785 10482 980 878 10483 917 815 10484 5058 4172 10485 5059 4173 10486 5060 4174 10487 5058 4172 10488 5060 4174 10489 5061 4175 10490 5062 4176 10491 5063 4177 10492 5064 4178 10493 5062 4176 10494 5064 4178 10495 5065 4179 10496 1083 981 10497 5066 4180 10498 1102 1000 10499 1083 981 10500 1102 1000 10501 1084 982 10502 1065 963 10503 1099 997 10504 5067 4181 10505 1065 963 10506 5067 4181 10507 5068 4182 10508 1094 992 10509 1093 991 10510 5069 4183 10511 1094 992 10512 5069 4183 10513 5070 4184 10514 5071 4185 10515 1075 973 10516 1102 1000 10517 5071 4185 10518 1102 1000 10519 5066 4180 10520 1335 1234 10521 1320 1219 10522 1374 1275 10523 1335 1234 10524 1374 1275 10525 1337 1236 10526 1199 1097 10527 1198 1096 10528 5072 4186 10529 1199 1097 10530 5072 4186 10531 5073 4187 10532 5074 4188 10533 5075 4189 10534 5076 4190 10535 5074 4188 10536 5076 4190 10537 5077 4191 10538 1378 1279 10539 1448 1362 10540 1447 1361 10541 1378 1279 10542 1447 1361 10543 1375 1276 10544 1388 1289 10545 5078 4192 10546 5079 4193 10547 1388 1289 10548 5079 4193 10549 5080 4194 10550 1381 1282 10551 5081 4195 10552 5082 4196 10553 1381 1282 10554 5082 4196 10555 5083 4197 10556 1424 1331 10557 5084 4198 10558 5085 4199 10559 1424 1331 10560 5085 4199 10561 1421 1328 10562 5086 4200 10563 1383 1284 10564 1400 1301 10565 5086 4200 10566 1400 1301 10567 5087 4201 10568 1387 1288 10569 5088 4202 10570 5078 4192 10571 1387 1288 10572 5078 4192 10573 1388 1289 10574 1380 1281 10575 5089 4203 10576 5081 4195 10577 1380 1281 10578 5081 4195 10579 1381 1282 10580 1448 1362 10581 1417 1324 10582 1446 1360 10583 1448 1362 10584 1446 1360 10585 1449 1363 10586 1379 1280 10587 1419 1326 10588 1418 1325 10589 1379 1280 10590 1418 1325 10591 1377 1278 10592 1383 1284 10593 5086 4200 10594 5090 4204 10595 1383 1284 10596 5090 4204 10597 1384 1285 10598 1384 1285 10599 5090 4204 10600 5091 4205 10601 1384 1285 10602 5091 4205 10603 1436 1344 10604 5089 4203 10605 1380 1281 10606 1434 1341 10607 5089 4203 10608 1434 1341 10609 5092 4206 10610 1424 1331 10611 1429 1336 10612 5093 4207 10613 1424 1331 10614 5093 4207 10615 5084 4198 10616 1418 1325 10617 1420 1327 10618 1415 1322 10619 1418 1325 10620 1415 1322 10621 1414 1321 10622 5094 4208 10623 5095 4209 10624 5096 4210 10625 5094 4208 10626 5096 4210 10627 5097 4211 10628 1525 1439 10629 1528 1442 10630 5098 4212 10631 1525 1439 10632 5098 4212 10633 5099 4213 10634 1529 1443 10635 1506 1420 10636 5100 4214 10637 1529 1443 10638 5100 4214 10639 5101 4215 10640 1519 1433 10641 1518 1432 10642 5102 4216 10643 1519 1433 10644 5102 4216 10645 5103 4217 10646 1523 1437 10647 1522 1436 10648 5104 4218 10649 1523 1437 10650 5104 4218 10651 5105 4219 10652 5106 4220 10653 5107 4221 10654 5108 4222 10655 5106 4220 10656 5108 4222 10657 5109 4223 10658 1566 1480 10659 5110 4224 10660 5111 4225 10661 1566 1480 10662 5111 4225 10663 1567 1481 10664 5112 4226 10665 5113 4227 10666 5114 4228 10667 5112 4226 10668 5114 4228 10669 5115 4229 10670 5116 4230 10671 5117 4231 10672 5118 4232 10673 5116 4230 10674 5118 4232 10675 5119 4233 10676 5120 4234 10677 5121 4235 10678 5122 4236 10679 5120 4234 10680 5122 4236 10681 5123 4237 10682 5124 4238 10683 5125 4239 10684 5126 4240 10685 5124 4238 10686 5126 4240 10687 5127 4241 10688 5128 4242 10689 5129 4243 10690 5130 4244 10691 5128 4242 10692 5130 4244 10693 5131 4245 10694 5132 4246 10695 5133 4247 10696 5134 4248 10697 5132 4246 10698 5134 4248 10699 5135 4249 10700 5136 4250 10701 5137 4251 10702 5138 4252 10703 5136 4250 10704 5138 4252 10705 5139 4253 10706 5140 4254 10707 5141 4255 10708 5142 4256 10709 5140 4254 10710 5142 4256 10711 5143 4257 10712 5144 4258 10713 5145 4259 10714 5146 4260 10715 5144 4258 10716 5146 4260 10717 5147 4261 10718 5148 4262 10719 5149 4263 10720 5150 4264 10721 5148 4262 10722 5150 4264 10723 5151 4265 10724 5137 4251 10725 5152 4266 10726 5153 4267 10727 5137 4251 10728 5153 4267 10729 5138 4252 10730 5154 4268 10731 5155 4269 10732 5156 4270 10733 5154 4268 10734 5156 4270 10735 5157 4271 10736 5145 4259 10737 5158 4272 10738 5159 4273 10739 5145 4259 10740 5159 4273 10741 5146 4260 10742 5149 4263 10743 5160 4274 10744 5161 4275 10745 5149 4263 10746 5161 4275 10747 5150 4264 10748 5152 4266 10749 5162 4276 10750 5163 4277 10751 5152 4266 10752 5163 4277 10753 5153 4267 10754 5155 4269 10755 5164 4278 10756 5165 4279 10757 5155 4269 10758 5165 4279 10759 5156 4270 10760 5158 4272 10761 5166 4280 10762 5167 4281 10763 5158 4272 10764 5167 4281 10765 5159 4273 10766 5168 4282 10767 5169 4283 10768 5170 4284 10769 5168 4282 10770 5170 4284 10771 5171 4285 10772 5162 4276 10773 5172 4286 10774 5173 4287 10775 5162 4276 10776 5173 4287 10777 5163 4277 10778 5174 4288 10779 5175 4289 10780 5176 4290 10781 5174 4288 10782 5176 4290 10783 5177 4291 10784 5166 4280 10785 5178 4292 10786 5179 4293 10787 5166 4280 10788 5179 4293 10789 5167 4281 10790 5180 4294 10791 5181 4295 10792 5182 4296 10793 5180 4294 10794 5182 4296 10795 5183 4297 10796 5184 4298 10797 5185 4299 10798 5186 4300 10799 5184 4298 10800 5186 4300 10801 5187 4301 10802 5188 4302 10803 5189 4303 10804 5190 4304 10805 5188 4302 10806 5190 4304 10807 5191 4305 10808 5192 4306 10809 5193 4307 10810 5194 4308 10811 5192 4306 10812 5194 4308 10813 5195 4309 10814 5181 4295 10815 5196 4310 10816 5197 4311 10817 5181 4295 10818 5197 4311 10819 5182 4296 10820 5198 4312 10821 5199 4313 10822 5200 4314 10823 5198 4312 10824 5200 4314 10825 5201 4315 10826 5189 4303 10827 5202 4316 10828 5203 4317 10829 5189 4303 10830 5203 4317 10831 5190 4304 10832 5204 4318 10833 5205 4319 10834 5206 4320 10835 5204 4318 10836 5206 4320 10837 5207 4321 10838 5196 4310 10839 5208 4322 10840 5209 4323 10841 5196 4310 10842 5209 4323 10843 5197 4311 10844 5199 4313 10845 5210 4324 10846 5211 4325 10847 5199 4313 10848 5211 4325 10849 5200 4314 10850 5202 4316 10851 5212 4326 10852 5213 4327 10853 5202 4316 10854 5213 4327 10855 5203 4317 10856 5205 4319 10857 5214 4328 10858 5215 4329 10859 5205 4319 10860 5215 4329 10861 5206 4320 10862 5208 4322 10863 5216 4330 10864 5217 4331 10865 5208 4322 10866 5217 4331 10867 5209 4323 10868 5218 4332 10869 5219 4333 10870 5220 4334 10871 5218 4332 10872 5220 4334 10873 5221 4335 10874 5212 4326 10875 5222 4336 10876 5223 4337 10877 5212 4326 10878 5223 4337 10879 5213 4327 10880 5224 4338 10881 5225 4339 10882 5226 4340 10883 5224 4338 10884 5226 4340 10885 5227 4341 10886 5228 4342 10887 5229 4343 10888 5230 4344 10889 5228 4342 10890 5230 4344 10891 5231 4345 10892 1484 1398 10893 1483 1397 10894 5232 4346 10895 1484 1398 10896 5232 4346 10897 5233 4347 10898 5234 4348 10899 5235 4349 10900 5236 4350 10901 5234 4348 10902 5236 4350 10903 5237 4351 10904 1475 1389 10905 1474 1388 10906 5238 4352 10907 1475 1389 10908 5238 4352 10909 5239 4353 10910 5240 4354 10911 5241 4355 10912 5242 4356 10913 5240 4354 10914 5242 4356 10915 5243 4357 10916 5244 4358 10917 5245 4358 10918 5246 4358 10919 5244 4359 10920 5246 4359 10921 5247 4359 10922 5248 4360 10923 5249 4361 10924 5250 4362 10925 5248 4360 10926 5250 4362 10927 5251 4363 10928 5252 4364 10929 5253 4365 10930 5254 4366 10931 5252 4364 10932 5254 4366 10933 5255 4367 10934 5256 4368 10935 5257 4369 10936 5258 4370 10937 5256 4368 10938 5258 4370 10939 5259 4371 10940 5260 4372 10941 5261 4373 10942 5262 4374 10943 5260 4372 10944 5262 4374 10945 5263 4375 10946 1272 1171 10947 1234 1132 10948 5264 4376 10949 1272 1171 10950 5264 4376 10951 5265 4377 10952 5266 4378 10953 1911 1825 10954 1914 1815 10955 5266 4378 10956 1914 1815 10957 1976 1891 10958 1921 4379 10959 5267 4379 10960 5268 4379 10961 1921 4380 10962 5268 4380 10963 1922 4380 10964 1917 1818 10965 1919 1820 10966 5269 4381 10967 1917 1818 10968 5269 4381 10969 5270 4382 10970 1976 1891 10971 1913 1814 10972 5271 4383 10973 1976 1891 10974 5271 4383 10975 5272 4384 10976 1924 1827 10977 5273 4385 10978 5274 4386 10979 1924 1827 10980 5274 4386 10981 1919 1820 10982 5275 4387 10983 5274 4386 10984 1976 1891 10985 5275 4387 10986 1976 1891 10987 5272 4384 10988 1936 4388 10989 1920 4389 10990 1933 1836 10991 1936 4388 10992 1933 1836 10993 1932 1835 10994 5269 4381 10995 1919 1820 10996 5274 4386 10997 5269 4381 10998 5274 4386 10999 5275 4387 11000 5276 4390 11001 1977 1892 11002 1952 1860 11003 5276 4390 11004 1952 1860 11005 1948 1856 11006 5277 4391 11007 1949 1857 11008 1977 1892 11009 5277 4391 11010 1977 1892 11011 5278 4392 11012 5279 4393 11013 1953 1861 11014 5280 4394 11015 5279 4393 11016 5280 4394 11017 5281 4395 11018 1977 1892 11019 5279 4393 11020 5281 4395 11021 1977 1892 11022 5281 4395 11023 5278 4392 11024 1953 1861 11025 1955 1863 11026 5282 4396 11027 1953 1861 11028 5282 4396 11029 5280 4394 11030 5266 4378 11031 1976 1891 11032 5274 4386 11033 5266 4378 11034 5274 4386 11035 5273 4385 11036 1959 4397 11037 5283 4398 11038 5284 4398 11039 1959 4399 11040 5284 4399 11041 1956 4399 11042 5285 4400 11043 5279 4393 11044 1977 1892 11045 5285 4400 11046 1977 1892 11047 5276 4390 11048 1979 1896 11049 1953 1861 11050 5279 4393 11051 1979 1896 11052 5279 4393 11053 5285 4400 11054 1967 1878 11055 1957 1884 11056 1971 1883 11057 1967 1878 11058 1971 1883 11059 1964 1875 11060 1955 1863 11061 5286 4401 11062 5287 4402 11063 1955 1863 11064 5287 4402 11065 5282 4396 11066 5288 4403 11067 5289 4404 11068 5290 4405 11069 5288 4403 11070 5290 4405 11071 5291 4406 11072 5289 4404 11073 5292 4407 11074 5293 4408 11075 5289 4404 11076 5293 4408 11077 5290 4405 11078 5292 4407 11079 5294 4409 11080 5295 4410 11081 5292 4407 11082 5295 4410 11083 5293 4408 11084 5296 4411 11085 5297 4412 11086 5298 4413 11087 5296 4411 11088 5298 4413 11089 5299 4414 11090 5297 4412 11091 5300 4415 11092 5301 4416 11093 5297 4412 11094 5301 4416 11095 5298 4413 11096 5300 4415 11097 5288 4403 11098 5291 4406 11099 5300 4415 11100 5291 4406 11101 5301 4416 11102 5302 2529 11103 5303 2529 11104 5304 2529 11105 5302 2529 11106 5304 2529 11107 5305 2529 11108 5306 2529 11109 5307 2529 11110 5308 2529 11111 5306 2529 11112 5308 2529 11113 5309 2529 11114 5310 2535 11115 5311 2535 11116 5312 2535 11117 5310 2535 11118 5312 2535 11119 5313 2535 11120 5314 2535 11121 5315 2535 11122 5316 2535 11123 5314 2535 11124 5316 2535 11125 5317 2535 11126 5318 4417 11127 5319 4418 11128 5320 4419 11129 5318 4420 11130 5320 3911 11131 5321 4421 11132 5322 2531 11133 5323 3915 11134 5324 4422 11135 5322 2531 11136 5324 4423 11137 5325 2531 11138 5326 508 11139 5327 508 11140 5328 508 11141 5326 508 11142 5328 508 11143 2089 508 11144 2101 508 11145 5329 4424 11146 5330 4425 11147 2101 508 11148 5330 4426 11149 5326 508 11150 2092 509 11151 5331 509 11152 2102 509 11153 2092 509 11154 2102 509 11155 2096 509 11156 5332 4427 11157 5318 4420 11158 5321 4421 11159 5332 4427 11160 5321 4421 11161 5333 4428 11162 2092 4429 11163 2096 4429 11164 2098 4429 11165 2092 509 11166 2098 509 11167 2090 509 11168 5334 240 11169 5335 240 11170 5336 240 11171 5334 240 11172 5336 240 11173 5337 240 11174 5338 4430 11175 5339 4430 11176 5340 4430 11177 5338 2008 11178 5340 2008 11179 5341 2008 11180 5342 4431 11181 5343 4431 11182 5344 4431 11183 5343 4432 11184 5342 4432 11185 5345 4432 11186 5343 509 11187 5345 509 11188 5346 509 11189 5346 4433 11190 5345 4433 11191 5347 4433 11192 5348 509 11193 5349 509 11194 5350 509 11195 5349 509 11196 5348 509 11197 5351 509 11198 5349 509 11199 5351 509 11200 5352 509 11201 5352 509 11202 5351 509 11203 5353 509 11204 5354 509 11205 5355 509 11206 5356 509 11207 5355 509 11208 5354 509 11209 5357 509 11210 5355 509 11211 5357 509 11212 5358 509 11213 5358 509 11214 5357 509 11215 5359 509 11216 5360 508 11217 5361 508 11218 5362 508 11219 5361 4434 11220 5360 4434 11221 5363 4434 11222 5361 508 11223 5363 508 11224 5364 508 11225 5364 4435 11226 5363 4435 11227 5365 4435 11228 5364 508 11229 5365 508 11230 5366 508 11231 5366 508 11232 5365 508 11233 5367 508 11234 5368 509 11235 5369 509 11236 5370 509 11237 5369 4436 11238 5368 4436 11239 5371 4436 11240 5369 4437 11241 5371 4437 11242 5372 4437 11243 5372 509 11244 5371 509 11245 5373 509 11246 5372 509 11247 5373 509 11248 5374 509 11249 5374 4438 11250 5373 4438 11251 5375 4438 11252 5376 4439 11253 5377 4439 11254 5378 4439 11255 5377 4440 11256 5376 4440 11257 5379 4440 11258 5379 4441 11259 5376 4441 11260 5380 4441 11261 5379 4442 11262 5380 4442 11263 5381 4442 11264 5382 4443 11265 5383 4443 11266 5384 4443 11267 5383 4444 11268 5382 4444 11269 5385 4444 11270 5383 508 11271 5385 508 11272 5386 508 11273 5386 508 11274 5385 508 11275 5387 508 11276 5388 4445 11277 5389 4445 11278 5390 4445 11279 5389 509 11280 5388 509 11281 5391 509 11282 5389 4446 11283 5391 4446 11284 5392 4446 11285 5392 509 11286 5391 509 11287 5393 509 11288 5394 4447 11289 5395 4447 11290 5396 4447 11291 5395 4448 11292 5394 4448 11293 5397 4448 11294 5397 4449 11295 5394 4449 11296 5398 4449 11297 5397 4450 11298 5398 4450 11299 5399 4450 11300 5400 508 11301 5401 508 11302 5402 508 11303 5401 508 11304 5400 508 11305 5403 508 11306 5401 508 11307 5403 508 11308 5404 508 11309 5404 508 11310 5403 508 11311 5405 508 11312 5406 508 11313 5407 508 11314 5408 508 11315 5407 508 11316 5406 508 11317 5409 508 11318 5407 508 11319 5409 508 11320 5410 508 11321 5410 508 11322 5409 508 11323 5411 508 11324 5412 509 11325 5413 509 11326 5414 509 11327 5413 4451 11328 5412 4451 11329 5415 4451 11330 5413 4452 11331 5415 4452 11332 5416 4452 11333 5416 4453 11334 5415 4453 11335 5417 4453 11336 5416 509 11337 5417 509 11338 5418 509 11339 5419 4454 11340 5420 4454 11341 5421 4454 11342 5420 4455 11343 5419 4455 11344 5422 4455 11345 5420 4456 11346 5422 4456 11347 5423 4456 11348 5423 4456 11349 5422 4456 11350 5424 4456 11351 5423 508 11352 5424 508 11353 5425 508 11354 506 445 11355 3513 3163 11356 517 456 11357 3513 3163 11358 506 445 11359 3514 3164 11360 3514 3164 11361 506 445 11362 510 449 11363 3515 3165 11364 3520 3170 11365 3516 3166 11366 3520 3170 11367 3515 3165 11368 5426 4457 11369 3520 3170 11370 5426 4457 11371 3517 3167 11372 5427 4458 11373 3575 3225 11374 3578 3228 11375 3575 3225 11376 5427 4458 11377 3558 3208 11378 3575 3225 11379 3558 3208 11380 3557 3207 11381 5428 4459 11382 5429 4459 11383 5430 4459 11384 5429 4460 11385 5428 4460 11386 5431 4460 11387 5429 508 11388 5431 508 11389 5432 508 11390 5432 508 11391 5431 508 11392 5433 508 11393 5434 509 11394 5435 509 11395 5436 509 11396 5435 509 11397 5434 509 11398 5437 509 11399 5435 509 11400 5437 509 11401 5438 509 11402 5438 509 11403 5437 509 11404 5439 509 11405 5440 4461 11406 5441 4461 11407 5442 4461 11408 5441 4462 11409 5440 4462 11410 5443 4462 11411 5443 4463 11412 5440 4463 11413 5444 4463 11414 5443 4464 11415 5444 4464 11416 5445 4464 11417 5446 4465 11418 5447 4465 11419 5448 4465 11420 5447 4466 11421 5446 4466 11422 5449 4466 11423 5449 4467 11424 5446 4467 11425 5450 4467 11426 5449 4468 11427 5450 4468 11428 5451 4468 11429 5452 4469 11430 5453 4469 11431 5454 4469 11432 5453 4470 11433 5452 4470 11434 5455 4470 11435 5455 4471 11436 5452 4471 11437 5456 4471 11438 5455 4472 11439 5456 4472 11440 5457 4472 11441 5458 508 11442 5459 508 11443 5460 508 11444 5459 508 11445 5458 508 11446 5461 508 11447 5459 4473 11448 5461 4473 11449 5462 4473 11450 5462 4474 11451 5461 4474 11452 5463 4474 11453 5462 508 11454 5463 508 11455 5464 508 11456 5464 508 11457 5463 508 11458 5465 508 11459 5466 509 11460 5467 509 11461 5468 509 11462 5467 4475 11463 5466 4475 11464 5469 4475 11465 5467 509 11466 5469 509 11467 5470 509 11468 5470 4476 11469 5469 4476 11470 5471 4476 11471 5470 509 11472 5471 509 11473 5472 509 11474 5472 509 11475 5471 509 11476 5473 509 11477 5474 4477 11478 5475 4477 11479 5476 4477 11480 5475 4478 11481 5474 4478 11482 5477 4478 11483 5475 4479 11484 5477 4479 11485 5478 4479 11486 5478 4480 11487 5477 4480 11488 5479 4480 11489 5478 4481 11490 5479 4481 11491 5480 4481 11492 5481 4482 11493 5482 4482 11494 5483 4482 11495 5482 4483 11496 5481 4483 11497 5484 4483 11498 5482 509 11499 5484 509 11500 5485 509 11501 5485 4484 11502 5484 4484 11503 5486 4484 11504 5485 509 11505 5486 509 11506 5487 509 11507 5488 508 11508 5489 508 11509 5490 508 11510 5489 4485 11511 5488 4485 11512 5491 4485 11513 5491 4486 11514 5488 4486 11515 5492 4486 11516 5491 508 11517 5492 508 11518 5493 508 11519 5494 508 11520 5495 508 11521 5496 508 11522 5495 4487 11523 5494 4487 11524 5497 4487 11525 5495 508 11526 5497 508 11527 5498 508 11528 5498 4488 11529 5497 4488 11530 5499 4488 11531 5498 4489 11532 5499 4489 11533 5500 4489 11534 5501 4490 11535 5502 4490 11536 5503 4490 11537 5502 4491 11538 5501 4491 11539 5504 4491 11540 5502 509 11541 5504 509 11542 5505 509 11543 5505 4492 11544 5504 4492 11545 5506 4492 11546 5505 509 11547 5506 509 11548 5507 509 11549 1931 1834 11550 5508 4493 11551 1929 1832 11552 5508 4493 11553 1931 1834 11554 5270 4382 11555 5270 4382 11556 1931 1834 11557 1917 1818 11558 1928 1831 11559 5509 4494 11560 1926 1829 11561 5509 4494 11562 1928 1831 11563 5508 4493 11564 5508 4493 11565 1928 1831 11566 1930 1833 11567 5508 4493 11568 1930 1833 11569 1929 1832 11570 1913 1814 11571 5510 4495 11572 5271 4383 11573 5510 4495 11574 1913 1814 11575 1916 1817 11576 5510 4495 11577 1916 1817 11578 5511 4496 11579 5512 4497 11580 1961 1872 11581 1963 1874 11582 1961 1872 11583 5512 4497 11584 5287 4402 11585 1961 1872 11586 5287 4402 11587 5286 4401 11588 5513 4498 11589 1949 1857 11590 5277 4391 11591 1949 1857 11592 5513 4498 11593 1950 1858 11594 1950 1858 11595 5513 4498 11596 5514 4499 11597 2029 1947 11598 1995 1912 11599 2030 1948 11600 1995 1912 11601 2029 1947 11602 1996 1913 11603 1996 1913 11604 2029 1947 11605 5515 4500 11606</p>
        </triangles>
      </mesh>
    </geometry>
  </library_geometries>
  <library_visual_scenes>
    <visual_scene id="Scene" name="Scene">
      <node id="Loader_car_Loader_car_Material_0" name="Loader_car_Loader_car_Material_0" type="NODE">
        <matrix sid="transform">-4.37114e-8 -1 0 0 1 -4.37114e-8 0 0 0 0 1 0 0 0 0 1</matrix>
        <instance_geometry url="#Loader_car_Loader_car_Material_0-mesh" name="Loader_car_Loader_car_Material_0">
          <bind_material>
            <technique_common>
              <instance_material symbol="Loader_car_Material-material" target="#Loader_car_Material-material">
                <bind_vertex_input semantic="TEXCOORD_0" input_semantic="TEXCOORD" input_set="0"/>
              </instance_material>
            </technique_common>
          </bind_material>
        </instance_geometry>
      </node>
    </visual_scene>
  </library_visual_scenes>
  <scene>
    <instance_visual_scene url="#Scene"/>
  </scene>
</COLLADA>