<?xml version="1.0" encoding="utf-8"?>
<COLLADA xmlns="http://www.collada.org/2005/11/COLLADASchema" version="1.4.1" xmlns:xsi="http://www.w3.org/2001/XMLSchema-instance">
  <asset>
    <contributor>
      <author>Blender User</author>
      <authoring_tool>Blender 4.4.0 commit date:2025-03-17, commit time:17:00, hash:05377985c527</authoring_tool>
    </contributor>
    <created>2025-05-05T12:36:36</created>
    <modified>2025-05-05T12:36:36</modified>
    <unit name="meter" meter="1"/>
    <up_axis>Z_UP</up_axis>
  </asset>
  <library_cameras>
    <camera id="Camera-camera" name="Camera">
      <optics>
        <technique_common>
          <perspective>
            <xfov sid="xfov">39.59775</xfov>
            <aspect_ratio>1.777778</aspect_ratio>
            <znear sid="znear">0.1</znear>
            <zfar sid="zfar">100</zfar>
          </perspective>
        </technique_common>
      </optics>
      <extra>
        <technique profile="blender">
          <shiftx sid="shiftx" type="float">0</shiftx>
          <shifty sid="shifty" type="float">0</shifty>
          <dof_distance sid="dof_distance" type="float">10</dof_distance>
        </technique>
      </extra>
    </camera>
  </library_cameras>
  <library_lights>
    <light id="Light-light" name="Light">
      <technique_common>
        <point>
          <color sid="color">1000 1000 1000</color>
          <constant_attenuation>1</constant_attenuation>
          <linear_attenuation>0</linear_attenuation>
          <quadratic_attenuation>0</quadratic_attenuation>
        </point>
      </technique_common>
      <extra>
        <technique profile="blender">
          <type sid="type" type="int">0</type>
          <flag sid="flag" type="int">0</flag>
          <mode sid="mode" type="int">2097153</mode>
          <red sid="red" type="float">1</red>
          <green sid="green" type="float">1</green>
          <blue sid="blue" type="float">1</blue>
          <energy sid="blender_energy" type="float">1000</energy>
          <spotsize sid="spotsize" type="float">75</spotsize>
          <spotblend sid="spotblend" type="float">0.15</spotblend>
          <clipsta sid="clipsta" type="float">0.04999995</clipsta>
          <clipend sid="clipend" type="float">40</clipend>
          <radius sid="radius" type="float">0.1</radius>
          <area_shape sid="area_shape" type="int">1</area_shape>
          <area_size sid="area_size" type="float">0.1</area_size>
          <area_sizey sid="area_sizey" type="float">0.1</area_sizey>
          <area_sizez sid="area_sizez" type="float">1</area_sizez>
        </technique>
      </extra>
    </light>
  </library_lights>
  <library_effects>
    <effect id="Loader_car_Material-effect">
      <profile_COMMON>
        <newparam sid="Image_0_png-surface">
          <surface type="2D">
            <init_from>Image_0_png</init_from>
          </surface>
        </newparam>
        <newparam sid="Image_0_png-sampler">
          <sampler2D>
            <source>Image_0_png-surface</source>
          </sampler2D>
        </newparam>
        <technique sid="common">
          <lambert>
            <emission>
              <color sid="emission">0 0 0 1</color>
            </emission>
            <diffuse>
              <texture texture="Image_0_png-sampler" texcoord="Loader_car_Loader_car_Material_0-mesh-map-0"/>
            </diffuse>
            <index_of_refraction>
              <float sid="ior">1.45</float>
            </index_of_refraction>
          </lambert>
        </technique>
      </profile_COMMON>
    </effect>
  </library_effects>
  <library_images>
    <image id="Image_0_png" name="Image_0_png">
      <init_from>Image_0.png</init_from>
    </image>
  </library_images>
  <library_materials>
    <material id="Loader_car_Material-material" name="Loader_car_Material">
      <instance_effect url="#Loader_car_Material-effect"/>
    </material>
  </library_materials>
  <library_geometries>
    <geometry id="Loader_car_Loader_car_Material_0-mesh" name="Loader_car_Loader_car_Material_0">
      <mesh>
        <source id="Loader_car_Loader_car_Material_0-mesh-positions">
          <float_array id="Loader_car_Loader_car_Material_0-mesh-positions-array" count="16548">-53.62609 90.60833 -9.872757 -53.64976 87.08808 -7.955608 -54.16539 87.08808 -7.570805 12.46863 99.46244 -11.545 20.80501 107.1007 -9.937195 21.00829 108.7254 -11.80529 6.667768 112.5042 -16.17674 -7.232252 112.5042 -16.17674 -0.2822439 100.7714 -16.05892 21.00829 108.7254 -11.80529 20.80501 107.1007 -9.937195 22.13503 109.1823 -12.31008 50.1029 96.34827 -12.34632 44.23994 99.99976 -17.62211 44.50287 99.86574 -12.30111 26.83313 108.2594 -41.8385 35.17479 104.6024 -32.06301 33.23795 105.4654 -41.82396 -35.73927 104.6024 -32.06301 -27.39761 108.2594 -41.8385 -33.80244 105.4654 -41.82396 -43.90353 94.72133 -9.629587 -50.66739 96.34828 -12.34632 -52.10393 92.5113 -9.660837 -21.57278 108.7254 -11.80529 -22.69951 109.7309 -12.31008 -21.36949 107.1007 -9.937195 -50.66739 96.34828 -12.34632 -45.06735 99.86576 -12.30111 -44.80443 99.99977 -17.62211 -56.45333 33.26551 25.22757 -53.50588 36.62949 28.05069 -56.32823 36.62949 28.05069 -52.51897 60.61719 37.7585 -45.81747 60.61719 37.7585 -45.81747 59.1382 27.47479 -49.96162 42.76438 37.7585 -49.97758 45.3055 37.7585 -49.97758 35.94335 27.47479 -52.53758 36.62949 28.05069 -49.97758 35.94335 27.47479 -45.70833 34.64897 31.88098 -45.75657 27.58061 31.64828 -41.9236 36.01337 35.5506 45.52645 35.25983 27.88778 44.78033 39.57598 32.0586 45.14382 34.64895 31.88098 45.16555 36.34902 27.96347 31.88952 36.17007 37.91313 30.1556 35.37476 34.41554 30.59738 27.6596 34.38244 30.1556 35.37476 34.41554 26.41018 28.60743 34.38092 30.59738 27.6596 34.38244 -34.83454 36.80261 38.17282 -32.45403 36.17008 37.91313 -26.9747 40.91749 40.27361 45.72925 6.633163 5.841213 45.75357 8.249722 6.356014 46.08329 7.466339 6.595364 -46.49863 27.77249 21.89541 -46.64781 7.466354 6.595364 -46.6414 12.19757 21.65099 26.37106 39.13484 34.42032 45.14382 34.64895 31.88098 41.35908 36.01335 35.5506 45.19206 27.5806 31.64828 -46.09097 35.25984 27.88778 -45.70833 34.64897 31.88098 -45.34484 39.576 32.0586 -30.72012 35.37477 34.41554 -31.16189 27.65961 34.38244 -26.9747 28.60743 34.38092 -45.73006 36.34903 27.96347 -31.16189 27.65961 34.38244 -30.72012 35.37477 34.41554 -32.45403 36.17008 37.91313 -46.31809 8.249737 6.356014 -46.29377 6.633179 5.841213 -26.93558 39.13484 34.42032 43.693 40.45766 140.9712 43.77935 40.51346 139.0315 43.88427 43.42494 139.0817 40.70481 40.51931 138.4781 41.26575 51.78689 138.8024 43.7242 45.15198 138.6114 40.70481 40.51931 138.4781 39.76777 51.49843 148.7983 41.26575 51.78689 138.8024 57.29447 -24.94625 -17.4864 56.97156 37.10445 -36.04275 57.68179 15.87046 -19.56488 57.78284 -4.840678 -4.751701 52.40682 -53.43677 -45.23521 52.22773 -52.78581 -45.88888 53.4009 -52.78588 -45.24489 57.09381 -32.89539 -19.77536 56.59613 -52.78588 -19.8139 55.95836 -52.78588 -36.04265 53.4009 -52.78588 -45.24489 54.35892 41.76031 -45.24487 53.3454 42.45953 -45.23522 54.35892 41.76031 -45.24487 53.16129 41.79589 -45.88888 57.28754 42.68833 -27.55271 56.575 58.48779 -5.049496 56.56189 59.0368 -3.923504 57.58924 58.34456 -4.508835 56.04469 -5.422998 -4.156757 55.55016 -25.25855 -16.66818 57.29447 -24.94625 -17.4864 57.78284 -4.840678 -4.751701 55.35021 -33.23542 -18.9692 54.8581 -52.78583 -18.96921 56.59613 -52.78588 -19.8139 57.09381 -32.89539 -19.77536 55.57574 -53.43677 -20.26422 44.42634 -5.422997 -4.156757 50.86567 -25.25855 -16.66818 26.39263 97.59943 -18.30223 26.39263 76.48854 -4.360241 26.39262 59.10751 -4.321499 26.39263 93.44292 -12.36679 26.39263 89.1342 -8.72728 32.45693 102.7857 -44.76928 35.29496 101.502 -32.32267 26.39262 101.5052 -32.32796 26.39262 102.7467 -44.88623 26.39262 49.49769 -13.02383 26.39261 42.83727 -27.6991 43.98724 97.09031 -18.22431 50.8464 93.44292 -12.3668 26.39263 93.44292 -12.36679 26.39263 97.59943 -18.30223 53.38364 89.1342 -8.727293 26.39263 89.1342 -8.72728 52.97605 -53.21554 -45.49581 36.95516 -53.21554 -45.4958 26.39261 42.0861 -45.4958 26.39261 42.0861 -45.4958 53.56013 42.08609 -45.49581 52.97605 -53.21554 -45.49581 -7.30835 110.8353 -44.7895 6.743865 110.8353 -44.7895 26.39262 102.7467 -44.88623 55.11808 -53.21554 -37.7151 36.95517 -53.21554 -37.71509 36.95516 -53.21554 -45.4958 52.97605 -53.21554 -45.49581 36.95516 -53.21554 -45.4958 36.95517 -53.21554 -37.71509 36.95516 -101.045 -45.4958 36.95517 -53.9244 -20.27735 36.95517 -57.25017 -7.028759 36.95517 -66.20993 3.336323 36.95518 -79.28212 9.458929 -37.51975 -101.0449 -45.49577 -37.5197 -66.2099 3.336353 -37.5197 -57.25014 -7.028728 36.95518 -94.06113 9.803242 -26.95708 101.5304 -32.3886 -26.95709 102.7468 -44.88621 -26.95711 42.08611 -45.49578 -26.95709 101.011 -27.85155 -26.95709 49.49771 -13.02381 -26.95709 59.10754 -4.321476 -26.95708 93.44293 -12.36677 -26.95708 97.59944 -18.30221 -26.95708 76.48856 -4.360218 -26.95708 89.13422 -8.727253 -33.02142 102.7858 -44.76928 -26.95709 102.7468 -44.88621 -26.95708 101.5304 -32.3886 -35.85944 101.5021 -32.32267 -26.95709 101.011 -27.85155 -44.55173 97.09033 -18.22431 -26.95708 97.59944 -18.30221 -26.95708 93.44293 -12.36677 -51.157 92.70165 -12.55442 -54.92514 76.48857 -4.360207 -26.95708 76.48856 -4.360218 -26.95709 59.10754 -4.321476 -57.49489 59.10754 -4.321461 -26.95708 89.13422 -8.727253 -53.64976 87.08808 -7.955608 -26.95711 42.08611 -45.49578 -26.95709 102.7468 -44.88621 -53.54061 -53.21551 -45.49576 -54.12463 42.08613 -45.49577 -37.51972 -53.21551 -45.49577 26.83313 105.2352 -44.78357 32.45693 102.7857 -44.76928 -33.02142 102.7858 -44.76928 -27.39761 105.2353 -44.78357 -55.68263 -53.21551 -37.71506 -53.54061 -53.21551 -45.49576 -37.51972 -53.21551 -45.49577 -37.51971 -53.21551 -37.71506 -37.51975 -101.0449 -45.49577 36.95516 -101.045 -45.4958 -37.51971 -53.21551 -37.71506 -37.51972 -53.21551 -45.49577 -37.51971 -53.92437 -20.27733 -37.51971 -79.28209 9.458958 36.95516 -104.9984 -41.06605 -37.51972 -94.0611 9.803274 -37.51975 -104.9984 -41.06602 -18.29687 -98.71887 125.6677 -18.29687 -98.8158 114.792 -21.20055 -98.8158 114.792 -21.20055 -98.8158 114.792 -21.20054 -98.71887 125.6677 -18.29687 -98.71887 125.6677 -18.29688 -110.9818 126.2651 -21.20055 -110.9818 126.2652 -21.2006 -111.7223 -29.79724 -18.29693 -111.7224 -29.79724 -21.20055 -99.21578 114.7956 -18.29688 -99.21578 114.7956 -18.29687 -99.11923 125.6301 -21.20054 -99.11922 125.6301 -18.29693 -111.3223 -29.75916 -21.2006 -111.3223 -29.75916 -21.20055 -110.5818 125.3789 -18.29687 -110.5818 125.3789 -18.29687 -98.8158 114.792 -18.29687 -98.71887 125.6677 -18.29687 -99.11923 125.6301 -18.29687 -99.11923 125.6301 -18.29688 -99.21578 114.7956 -18.29687 -98.8158 114.792 -21.20054 -98.71887 125.6677 -21.20055 -98.8158 114.792 -21.20055 -99.21578 114.7956 -21.20055 -99.21578 114.7956 -21.20054 -99.11922 125.6301 -21.20054 -98.71887 125.6677 -21.2006 -111.3223 -29.75916 -21.2006 -111.7223 -29.79724 -21.20055 -110.9818 126.2652 -21.20055 -110.5818 125.3789 -18.29687 -110.5818 125.3789 -18.29688 -110.9818 126.2651 -18.29693 -111.7224 -29.79724 -18.29693 -111.3223 -29.75916 -13.40615 -98.71887 125.6677 -13.40616 -98.8158 114.792 -16.30983 -98.8158 114.792 -16.30983 -98.8158 114.792 -16.30982 -98.71887 125.6677 -13.40615 -98.71887 125.6677 -13.40616 -110.9818 126.2898 -16.30983 -110.9818 126.2898 -16.30989 -111.7223 -29.79724 -13.40621 -111.7223 -29.79724 -16.30983 -99.21578 114.7956 -13.40616 -99.21578 114.7956 -13.40615 -99.11922 125.6301 -16.30982 -99.11922 125.6301 -13.40621 -111.3223 -29.75916 -16.30988 -111.3223 -29.75916 -16.30983 -110.5818 125.5445 -13.40616 -110.5818 125.5445 -13.40616 -98.8158 114.792 -13.40615 -98.71887 125.6677 -13.40615 -99.11922 125.6301 -13.40615 -99.11922 125.6301 -13.40616 -99.21578 114.7956 -13.40616 -98.8158 114.792 -16.30982 -98.71887 125.6677 -16.30983 -98.8158 114.792 -16.30983 -99.21578 114.7956 -16.30983 -99.21578 114.7956 -16.30982 -99.11922 125.6301 -16.30982 -98.71887 125.6677 -16.30988 -111.3223 -29.75916 -16.30989 -111.7223 -29.79724 -16.30983 -110.9818 126.2898 -16.30983 -110.5818 125.5445 -13.40616 -110.5818 125.5445 -13.40616 -110.9818 126.2898 -13.40621 -111.7223 -29.79724 -13.40621 -111.3223 -29.75916 26.73155 92.57488 12.27822 26.73155 88.43072 12.27822 26.73156 88.43073 34.2901 26.73156 92.57488 34.2901 28.01434 93.83505 12.27822 28.01435 93.83505 34.2901 40.27798 93.83505 34.29009 40.27797 93.83505 12.27822 -28.5788 93.83506 34.29012 -28.57881 93.83506 12.27825 -40.84243 93.83506 12.27825 -40.84243 93.83506 34.29012 -27.29603 92.57489 12.27825 -27.29602 92.57489 34.29012 -27.29602 88.43074 34.29012 -27.29603 88.43074 12.27825 -21.86465 -103.9394 126.1629 -21.86465 -103.8334 125.6301 -22.74712 -103.8334 125.6301 -22.74712 -103.9394 126.1629 -21.86465 -104.2412 126.6145 -22.74712 -104.2412 126.6145 -21.86465 -104.6929 126.9163 -21.86465 -104.2412 126.6145 -22.74712 -104.2412 126.6145 -22.74712 -104.6929 126.9163 -21.86465 -105.2257 127.0223 -22.74712 -105.2257 127.0223 -21.86465 -105.7585 126.9163 -22.74712 -105.7585 126.9163 -21.86465 -106.2101 126.6145 -22.74712 -106.2101 126.6145 -21.86465 -106.5119 126.1629 -21.86465 -106.2101 126.6145 -22.74712 -106.2101 126.6145 -22.74712 -106.5119 126.1629 -21.86465 -106.6179 125.6301 -22.74712 -106.6179 125.6301 -21.86465 -106.5119 125.0973 -22.74712 -106.5119 125.0973 -21.86465 -106.2101 124.6456 -22.74712 -106.2101 124.6456 -21.86465 -105.7585 124.3438 -21.86465 -106.2101 124.6456 -22.74712 -106.2101 124.6456 -22.74712 -105.7585 124.3438 -21.86465 -105.2257 124.2378 -22.74712 -105.2257 124.2378 -21.86465 -104.6929 124.3438 -22.74712 -104.6929 124.3438 -21.86465 -104.2412 124.6456 -22.74712 -104.2412 124.6456 -21.86465 -103.9394 125.0973 -21.86465 -104.2412 124.6456 -22.74712 -104.2412 124.6456 -22.74712 -103.9394 125.0973 -16.97256 -103.9394 126.1629 -16.97256 -103.8334 125.6301 -17.62764 -103.8334 125.6301 -17.62764 -103.9394 126.1629 -16.97256 -104.2412 126.6145 -17.62764 -104.2412 126.6145 -16.97256 -104.6929 126.9163 -16.97256 -104.2412 126.6145 -17.62764 -104.2412 126.6145 -17.62764 -104.6929 126.9163 -16.97256 -105.2257 127.0223 -17.62764 -105.2257 127.0223 -16.97256 -105.7585 126.9163 -17.62764 -105.7585 126.9163 -16.97256 -106.2101 126.6145 -17.62764 -106.2101 126.6145 -16.97256 -106.5119 126.1629 -16.97256 -106.2101 126.6145 -17.62764 -106.2101 126.6145 -17.62764 -106.5119 126.1629 -16.97256 -106.6179 125.6301 -17.62764 -106.6179 125.6301 -16.97256 -106.5119 125.0973 -17.62764 -106.5119 125.0973 -16.97256 -106.2101 124.6456 -17.62764 -106.2101 124.6456 -16.97256 -105.7585 124.3438 -16.97256 -106.2101 124.6456 -17.62764 -106.2101 124.6456 -17.62764 -105.7585 124.3438 -16.97256 -105.2257 124.2378 -17.62764 -105.2257 124.2378 -16.97256 -104.6929 124.3438 -17.62764 -104.6929 124.3438 -16.97256 -104.2412 124.6456 -17.62764 -104.2412 124.6456 -16.97256 -103.9394 125.0973 -16.97256 -104.2412 124.6456 -17.62764 -104.2412 124.6456 -17.62764 -103.9394 125.0973 38.92249 -106.0388 17.73188 38.92249 -105.9465 16.97932 38.42249 -105.9465 16.97932 38.42249 -106.0388 17.73188 38.92248 -106.495 18.33747 38.42248 -106.495 18.33747 38.92248 -107.1929 18.63381 38.92248 -106.495 18.33747 38.42248 -106.495 18.33747 38.42248 -107.1929 18.63381 38.92248 -107.9455 18.54151 38.42248 -107.9455 18.54151 38.92248 -108.551 18.0853 38.42248 -108.551 18.0853 38.92248 -108.8474 17.38742 38.92248 -108.551 18.0853 38.42248 -108.551 18.0853 38.42248 -108.8474 17.38742 38.92248 -108.7551 16.63486 38.42248 -108.7551 16.63486 38.92248 -108.2989 16.02927 38.42248 -108.2989 16.02927 38.92248 -107.601 15.73293 38.92248 -108.2989 16.02927 38.42248 -108.2989 16.02927 38.42248 -107.601 15.73293 38.92248 -106.8484 15.82523 38.42248 -106.8484 15.82522 38.92249 -106.2429 16.28144 38.42249 -106.2429 16.28144 38.92249 -106.2429 16.28144 38.42249 -106.2429 16.28144 -39.48705 -106.0388 17.73188 -38.98705 -106.0388 17.73188 -38.98705 -105.9465 16.97933 -39.48705 -105.9465 16.97933 -39.48705 -106.495 18.33747 -38.98705 -106.495 18.33747 -39.48705 -107.1929 18.63382 -38.98705 -107.1929 18.63382 -38.98705 -106.495 18.33747 -39.48705 -106.495 18.33747 -39.48705 -107.9454 18.54152 -38.98705 -107.9454 18.54152 -39.48705 -108.551 18.0853 -38.98705 -108.551 18.0853 -39.48705 -108.8474 17.38743 -38.98705 -108.8474 17.38743 -38.98705 -108.551 18.0853 -39.48705 -108.551 18.0853 -39.48705 -108.7551 16.63486 -38.98705 -108.7551 16.63486 -39.48705 -108.2989 16.02928 -38.98705 -108.2989 16.02928 -39.48705 -107.601 15.73293 -38.98705 -107.601 15.73293 -38.98705 -108.2989 16.02928 -39.48705 -108.2989 16.02928 -39.48705 -106.8484 15.82523 -38.98705 -106.8484 15.82523 -39.48705 -106.2428 16.28144 -38.98705 -106.2428 16.28144 -38.98705 -106.2428 16.28144 -39.48705 -106.2428 16.28144 46.07688 12.19756 21.65099 45.93412 27.77247 21.89541 39.53822 99.57986 29.52494 38.09858 103.4058 31.08299 39.95037 100.1483 30.38656 39.53822 99.57986 29.52494 39.95037 100.1483 30.38656 39.98949 99.22717 30.38657 43.69403 61.77881 45.42093 43.69403 61.77881 44.4599 44.8955 61.77885 42.75001 44.89565 61.77885 41.74683 44.8955 61.77885 42.75001 43.69403 61.77881 44.4599 -40.10272 99.57986 29.52494 -40.51486 100.1483 30.38656 -38.66308 103.4058 31.08299 -44.25853 61.77881 45.42093 -45.45999 61.77885 42.75001 -44.25853 61.77881 44.4599 -45.46015 61.77885 41.74683 -44.25853 61.77881 44.4599 -45.45999 61.77885 42.75001 49.39072 42.76438 37.7585 49.40667 35.94335 27.47479 49.40667 45.3055 37.7585 51.94807 60.61719 37.7585 45.24656 59.1382 27.47479 45.24656 60.61719 37.7585 49.40667 35.94335 27.47479 55.88242 33.26551 25.22757 51.96667 36.62949 28.05069 52.93497 36.62949 28.05069 55.75733 36.62949 28.05069 46.86016 61.75651 42.89405 51.89761 61.51672 41.77173 51.30842 90.30042 41.79015 44.89614 94.90575 42.98603 44.97741 99.32991 18.16005 38.88833 102.3176 21.95296 42.12641 99.83579 34.44698 42.14321 98.25623 39.79362 37.81204 101.9831 21.77074 43.79035 98.03473 40.84213 36.24921 103.8442 15.34338 54.14972 91.09555 27.3499 55.02795 89.11995 26.69831 53.90229 92.35683 26.97454 45.22474 59.43011 27.41901 54.14832 59.42517 27.5164 53.49057 61.23549 39.94625 45.47929 61.68211 41.75098 46.86016 61.75651 42.89405 45.30075 61.86861 42.53963 54.75787 59.56111 27.84032 37.81204 101.9831 21.77074 40.74174 98.70709 34.48805 42.14321 98.25623 39.79362 42.33872 96.87923 40.00802 42.95904 96.3143 42.37319 51.89761 61.51672 41.77173 -42.69091 99.8358 34.44698 -39.45284 102.3176 21.95302 -45.54188 99.32994 18.16008 -42.7077 98.25624 39.79362 -38.37654 101.9832 21.77076 -44.35484 98.03475 40.84212 -36.81368 103.8443 15.34336 -36.02399 103.282 15.89466 -45.46064 94.90578 42.98603 -43.52354 96.31432 42.37319 52.77671 91.27059 39.97036 51.50298 93.2807 39.35404 51.30842 90.30042 41.79015 -45.5417 99.48023 -4.490345 -53.62601 94.44957 -4.492958 -55.59245 89.11995 26.69832 -54.71422 91.09558 27.3499 -54.46678 92.35683 26.97455 -45.78925 59.43013 27.41901 -46.0438 61.68213 41.75098 -54.05508 61.2355 39.94625 -54.71283 59.42518 27.5164 -45.86525 61.86862 42.53964 -47.42467 61.75653 42.89405 -55.32238 59.56113 27.84032 -42.7077 98.25624 39.79362 -41.30623 98.70709 34.48806 -38.37654 101.9832 21.77076 -42.90321 96.87924 40.00802 43.01814 94.27919 41.71163 -43.52354 96.31432 42.37319 -52.46212 61.51674 41.77173 53.06152 94.44954 -4.492958 44.97512 99.48017 -4.490349 -52.06747 93.28072 39.35404 29.59917 107.1475 10.77326 -43.58264 94.27921 41.71163 -52.06747 93.28072 39.35404 -53.34121 91.2706 39.97036 -51.87292 90.30045 41.79015 -13.03312 99.46244 -11.545 43.98724 97.09031 -18.22431 51.09826 93.24695 -12.60565 50.6449 92.75067 -12.73299 -44.55173 97.09033 -18.22431 -51.157 92.70165 -12.55442 -51.61214 93.288 -12.61393 46.35926 51.78085 139.3969 46.3412 51.79666 138.8019 41.26575 51.78689 138.8024 -44.2639 40.45766 140.9712 -44.45518 43.42494 139.0817 -44.35026 40.51346 139.0315 -41.27571 40.5193 138.4781 -44.2951 45.15198 138.6114 -41.83666 51.78689 138.8024 -41.27571 40.5193 138.4781 -41.83666 51.78689 138.8024 -40.33868 51.49843 148.7983 -46.93017 51.78085 139.3969 -41.83666 51.78689 138.8024 -46.91211 51.79666 138.8019 40.06957 -92.42839 19.30118 46.15481 -92.42815 19.30233 46.13796 -92.10715 20.77916 -46.71937 -92.42812 19.30233 -40.63414 -92.42836 19.30118 -46.70253 -92.10712 20.77916 42.90723 -77.87179 107.6313 42.90723 -79.61511 105.9152 42.90723 -79.58229 103.1862 56.30071 -79.61511 105.9152 56.30071 -79.58229 103.1862 56.30071 -77.87179 107.6313 55.75691 -77.87179 107.6313 55.75691 -79.58229 103.1862 55.75691 -79.61511 105.9152 42.36342 -77.87179 107.6313 42.36342 -79.58229 103.1862 42.36342 -79.61511 105.9152 -42.89791 -79.61511 105.9152 -42.89791 -79.58229 103.1862 -42.89791 -77.87179 107.6313 -56.8352 -77.87179 107.6313 -56.8352 -79.58229 103.1862 -56.8352 -79.61511 105.9152 56.95093 37.1232 26.66854 57.60192 49.29037 -12.99576 24.97543 -103.1829 115.9829 24.97543 -103.1829 123.0503 24.97543 -98.4232 115.9829 27.73903 -98.4232 115.9829 27.73903 -103.1829 123.0503 27.73903 -103.1829 115.9829 24.97543 -98.4232 134.3222 24.97543 -103.1829 125.6233 24.97543 -103.1829 128.1963 27.73903 -103.1829 128.1963 27.73903 -98.4232 134.3222 27.73903 -103.1829 134.3222 24.97543 -103.1829 134.3222 27.73903 -106.0921 128.1963 27.73903 -107.776 125.6233 45.08208 53.72985 148.8749 39.62167 51.52101 148.8634 45.08208 51.52101 148.8634 41.25168 51.65317 138.6031 46.71209 53.57227 138.8739 46.71209 51.65317 138.6031 39.88949 -34.4112 142.5934 31.77877 -44.38652 138.6061 40.78819 -44.38652 137.5068 -45.6466 53.72985 148.8749 -45.6466 51.52101 148.8634 -40.18619 51.52101 148.8634 -41.81621 51.65317 138.6031 -47.27661 51.65317 138.6031 -47.27661 53.57227 138.8739 41.62791 -47.32965 134.82 39.88949 -33.98261 140.9671 40.78819 -43.85182 137.0221 31.77877 -43.85182 137.0221 -32.34341 -44.38652 138.6061 -41.35283 -44.38652 137.5068 -42.19255 -47.32965 134.82 31.53658 -51.20773 137.0221 41.44577 -51.26069 131.2134 31.53658 -51.2078 138.6061 41.44577 -51.26077 132.7973 -40.45413 -34.4112 142.5934 -40.45413 -33.98261 140.9671 -32.34341 -43.85182 137.0221 -41.35283 -43.85182 137.0221 -32.10122 -51.20773 137.0221 -42.01041 -51.26069 131.2134 -32.10122 -51.2078 138.6061 -42.01041 -51.26077 132.7973 26.39262 101.5052 -32.32796 26.39262 102.7467 -44.88623 46.61242 -64.01668 87.28429 44.29416 -59.57278 81.52758 43.40336 -57.19402 81.6922 46.20177 -62.34698 91.77356 44.10979 -62.73346 91.55654 46.20177 -62.34698 91.77356 43.40336 -57.19402 81.6922 41.25066 -58.02119 81.90288 44.46088 -64.43579 87.22786 44.10979 -62.73346 91.55654 41.25066 -58.02119 81.90288 42.14562 -60.39081 81.73223 44.46088 -64.43579 87.22786 42.14562 -60.39081 81.73223 44.29416 -59.57278 81.52758 46.61242 -64.01668 87.28429 45.15487 -66.56475 62.83597 44.3314 -64.83661 61.16178 42.12205 -65.48148 61.44369 42.92337 -67.2451 63.08296 42.14562 -60.39081 81.73223 42.92337 -67.2451 63.08296 44.82012 -66.19698 63.60198 44.29416 -59.57278 81.52758 45.15487 -66.56475 62.83597 47.65325 -72.31681 62.26195 47.63941 -73.83507 57.65864 44.3314 -64.83661 61.16178 47.63941 -73.83507 57.65864 45.5363 -74.15429 57.8227 42.12205 -65.48148 61.44369 42.12205 -65.48148 61.44369 45.5363 -74.15429 57.8227 45.39252 -72.69657 62.30993 45.15487 -66.56475 62.83597 42.92337 -67.2451 63.08296 45.39252 -72.69657 62.30993 47.65325 -72.31681 62.26195 44.3314 -64.83661 61.16178 -57.85898 -24.94625 -17.4864 -58.24629 15.87046 -19.56488 -57.53607 37.10445 -36.04275 -58.34735 -4.840679 -4.751701 -52.97133 -53.43677 -45.23521 -53.96541 -52.78588 -45.24489 -52.79224 -52.78581 -45.88888 -57.65832 -32.89539 -19.77536 -56.52287 -52.78588 -36.04265 -57.16064 -52.78588 -19.8139 -53.96541 -52.78588 -45.24489 -54.92343 41.76031 -45.24487 -53.9099 42.45953 -45.23522 -53.7258 41.79589 -45.88888 -54.92343 41.76031 -45.24487 -57.85205 42.68833 -27.55271 -57.13951 58.48779 -5.049496 -58.15374 58.34456 -4.508835 -57.1264 59.0368 -3.923504 -56.6092 -5.423 -4.156757 -57.85898 -24.94625 -17.4864 -56.11466 -25.25856 -16.66818 -58.34735 -4.840679 -4.751701 -55.91472 -33.23542 -18.9692 -57.16064 -52.78588 -19.8139 -55.42261 -52.78583 -18.96921 -57.65832 -32.89539 -19.77536 -56.14025 -53.43677 -20.26422 -44.99085 -5.422996 -4.156757 -51.43017 -25.25855 -16.66818 -57.51544 37.1232 26.66854 -58.16643 49.29037 -12.99576 -26.9571 42.83729 -27.69908 44.50287 99.86574 -12.30111 42.41701 98.12556 -9.650999 43.62903 94.39038 -9.639229 34.27002 36.8026 38.17282 26.41019 40.91748 40.27361 31.88952 36.17007 37.91313 -40.51486 100.1483 30.38656 -40.10272 99.57986 29.52494 -40.55399 99.22717 30.38657 -56.17855 59.1382 28.04676 -53.48727 59.1382 28.04676 -56.17855 59.1382 27.15369 -26.96157 8.127223 34.38376 26.39705 8.127216 34.38376 55.60764 59.1382 28.04676 55.60764 59.1382 27.15369 52.91636 59.1382 28.04676 -34.88721 9.000906 34.38509 -34.77174 -10.78997 34.11278 34.20721 -10.78998 34.11278 34.32269 9.000895 34.38509 17.87195 -5.054726 50.47145 23.52152 -7.255586 50.70598 23.30278 4.239099 50.83453 23.55037 28.42141 45.90834 23.56435 26.80867 40.02661 -5.319319 26.86805 40.06941 23.37181 27.46409 47.436 31.70954 -6.399067 48.28214 31.69464 -5.255647 40.32821 31.63215 26.73097 40.05989 31.75775 19.15814 51.54769 23.49019 -13.5749 47.95115 -5.278532 -7.546717 50.6609 23.93829 28.45923 46.07801 31.50003 29.72929 51.20433 31.63215 26.73097 40.05989 29.19526 -3.936141 51.2509 23.90757 5.816456 50.62946 23.90969 -7.383785 50.64878 31.6769 23.81435 56.14365 31.66295 28.43655 54.74363 28.95455 29.58081 51.20456 29.19464 28.26129 55.0274 31.66295 28.43655 54.74363 29.19464 28.26129 55.0274 29.19652 23.49073 56.14691 31.6769 23.81435 56.14365 31.66295 28.43655 54.74363 29.19652 23.49073 56.14691 29.19464 28.26129 55.0274 28.95455 29.58081 51.20456 29.22566 18.3061 52.16239 24.05271 27.59179 47.61378 29.87212 -12.81396 45.68717 23.96102 -14.3511 45.21261 30.05632 -10.74413 40.00414 -5.272531 -14.41813 45.35157 23.48129 -14.43993 44.92397 23.49019 -13.5749 47.95115 28.37631 -10.0233 49.82505 23.90648 -13.47329 47.91228 9.115993 11.82337 48.32843 0.2835163 -5.010011 50.48471 -5.319815 28.419 45.90004 29.87212 -12.81396 45.68717 30.05632 -10.74413 40.00414 23.90701 -13.38119 40.02839 31.50003 29.72929 51.20433 -5.136905 27.4478 47.4486 23.37181 27.46409 47.436 29.22566 18.3061 52.16239 -5.284016 -13.53693 40.08422 23.54223 -13.42045 40.0083 23.89661 26.79247 40.04473 30.05632 -10.74413 40.00414 29.75123 -9.226919 39.82955 30.44195 -5.08066 39.81726 30.05632 -10.74413 40.00414 30.44195 -5.08066 39.81726 30.5426 25.69091 39.83521 30.5426 25.69091 39.83521 31.63215 26.73097 40.05989 30.05632 -10.74413 40.00414 23.89661 26.79247 40.04473 24.01695 25.66924 39.8828 23.90701 -13.38119 40.02839 23.86137 -12.22691 39.85295 26.91643 -11.70135 39.85423 28.90075 -10.73955 39.84484 23.48502 25.6682 39.86997 -5.319319 26.86805 40.06941 23.56435 26.80867 40.02661 23.54223 -13.42045 40.0083 18.01717 -12.46163 39.85408 23.36141 -12.26836 39.85524 31.69464 -5.255647 40.32821 23.83655 -11.7555 48.39075 23.49019 -13.5749 47.95115 23.75531 -13.28501 47.11742 23.73216 -13.75907 45.17533 23.48129 -14.43993 44.92397 23.62551 -12.9699 40.5192 23.54223 -13.42045 40.0083 23.69216 -12.39132 40.45523 23.36141 -12.26836 39.85524 23.74189 -12.95787 40.51166 23.59255 -12.40022 40.45523 23.86137 -12.22691 39.85295 23.90701 -13.38119 40.02839 23.64964 -13.76474 45.17667 23.96102 -14.3511 45.21261 23.65622 -13.29082 47.1169 23.90648 -13.47329 47.91228 23.67179 -11.74208 48.38092 23.68567 -8.680433 49.66097 23.90969 -7.383785 50.64878 23.70066 -4.802158 50.31861 23.73377 3.776669 50.26342 23.90757 5.816456 50.62946 23.81864 16.01905 48.59616 23.80377 27.22098 46.84664 23.93829 28.45923 46.07801 23.62423 27.84819 45.81264 23.78997 26.40152 40.52664 23.89661 26.79247 40.04473 23.68906 25.81828 40.46651 24.01695 25.66924 39.8828 23.69383 26.40003 40.5224 23.78906 25.81841 40.46651 23.48502 25.6682 39.86997 23.56435 26.80867 40.02661 23.84049 27.84676 45.88913 23.55037 28.42141 45.90834 24.10546 27.20133 46.99471 23.37181 27.46409 47.436 23.93866 3.970659 50.31226 24.10546 27.20133 46.99471 23.93866 3.970659 50.31226 23.52152 -7.255586 50.70598 23.80067 -4.802914 50.32329 23.78545 -8.686635 49.65973 23.83655 -11.7555 48.39075 24.05271 27.59179 47.61378 23.83655 -11.7555 48.39075 28.95455 29.58081 51.20456 24.05271 27.59179 47.61378 -5.348772 36.18615 85.92961 23.58087 36.18614 85.92961 -5.337688 38.10166 87.93468 23.12308 44.54813 88.03566 -4.894118 43.81698 88.30786 23.40289 39.78146 88.29978 33.27199 19.32828 69.61861 32.20945 21.17886 62.89436 32.56046 22.65383 69.29082 23.97344 38.02782 87.92821 28.52215 27.25208 86.42577 32.47928 28.93441 86.59647 27.68291 42.78877 88.2862 30.34078 21.89099 59.96446 32.20945 21.17886 62.89436 25.97983 21.02297 60.23645 28.72933 22.30259 51.62104 27.98538 29.36555 50.98717 29.69306 27.76542 53.76446 -5.348772 36.18615 85.92961 -4.984677 20.37331 49.28481 23.58087 36.18614 85.92961 25.35049 31.9771 82.06336 23.97815 21.16648 52.84039 25.37843 24.40575 66.28752 30.14217 33.56266 81.04438 30.13381 26.8515 66.58396 28.09922 30.99396 58.60482 29.07462 39.82129 83.91448 -4.834806 44.38327 84.27161 23.08594 44.35829 84.28412 22.99501 43.32787 83.99877 31.17955 25.57997 63.08116 29.71179 30.11242 59.11141 28.09922 30.99396 58.60482 30.19232 25.5171 63.19507 23.97815 21.16648 52.84039 28.00818 21.37859 52.44454 27.81343 42.05416 83.95928 23.39454 32.80897 57.12671 28.09922 30.99396 58.60482 28.02341 32.19796 57.38068 27.81343 42.05416 83.95928 23.54946 44.26992 84.25063 28.04134 43.53327 84.24062 23.69202 32.2911 57.84297 23.96844 43.30436 83.91802 27.81343 42.05416 83.95928 29.71179 30.11242 59.11141 29.07462 39.82129 83.91448 29.49263 23.75546 83.72025 33.46049 25.46523 84.09845 31.61792 18.58802 71.98337 28.64295 18.16779 67.70516 33.27199 19.32828 69.61861 32.48957 29.28856 82.97066 33.46049 25.46523 84.09845 33.46049 25.46523 84.09845 29.49263 23.75546 83.72025 31.24576 23.95281 66.5067 31.17955 25.57997 63.08116 30.19232 25.5171 63.19507 26.24854 31.45623 80.98258 27.22386 28.54361 83.47052 23.96844 43.30436 83.91802 29.95367 40.20415 84.38745 32.56046 22.65383 69.29082 32.1312 28.33852 81.78121 32.48957 29.28856 82.97066 31.98784 23.04578 69.60413 30.19232 25.5171 63.19507 26.24854 31.45623 80.98258 25.35049 31.9771 82.06336 25.37843 24.40575 66.28752 26.25061 24.95456 67.58126 27.54487 20.44739 68.35894 28.18158 21.75229 70.37581 27.61402 21.84082 67.8011 28.18158 21.75229 70.37581 27.54487 20.44739 68.35894 27.79538 26.59504 82.09241 27.54487 20.44739 68.35894 27.61402 21.84082 67.8011 25.37843 24.40575 66.28752 -11.96024 25.51711 63.19511 -13.01368 23.95283 66.50672 -11.90174 26.85151 66.58399 30.13381 26.8515 66.58396 30.14217 33.56266 81.04438 25.37843 24.40575 66.28752 27.61402 21.84082 67.8011 26.25061 24.95456 67.58126 27.22386 28.54361 83.47052 32.1312 28.33852 81.78121 27.79538 26.59504 82.09241 27.22386 28.54361 83.47052 27.61402 21.84082 67.8011 23.89381 38.44058 87.03069 -4.856939 45.14719 87.21652 32.47928 28.93441 86.59647 29.68232 41.33795 87.36879 27.68291 42.78877 88.2862 27.86796 44.41799 87.1042 29.33774 18.45979 72.04465 23.04353 45.16571 86.19591 -4.856939 45.14719 87.21652 23.12308 44.54813 88.03566 29.68232 41.33795 87.36879 28.64295 18.16779 67.70516 27.54487 20.44739 68.35894 25.97983 21.02297 60.23645 29.33774 18.45979 72.04465 27.79538 26.59504 82.09241 29.49263 23.75546 83.72025 28.52215 27.25208 86.42577 23.97344 38.02782 87.92821 23.08594 44.35829 84.28412 -4.834806 44.38327 84.27161 29.95367 40.20415 84.38745 28.04134 43.53327 84.24062 23.50452 21.02169 48.25363 23.32687 20.37269 49.36235 17.70728 20.8451 48.81208 30.34078 21.89099 59.96446 28.02341 32.19796 57.38068 29.71179 30.11242 59.11141 31.17955 25.57997 63.08116 28.72933 22.30259 51.62104 23.93808 20.58989 48.90667 23.77183 36.57946 85.64658 23.54882 44.49047 87.95722 23.0332 44.62369 86.2334 23.54882 44.49047 87.95722 27.86796 44.41799 87.1042 23.54946 44.26992 84.25063 28.04134 43.53327 84.24062 27.98538 29.36555 50.98717 23.91996 28.47273 47.5625 27.86796 44.41799 87.1042 27.98538 29.36555 50.98717 28.72933 22.30259 51.62104 23.93808 20.58989 48.90667 23.91996 28.47273 47.5625 23.7135 27.95569 48.08597 23.87307 21.10211 49.24361 23.50452 21.02169 48.25363 23.51968 27.65724 47.15728 23.46188 28.85742 47.85325 23.10144 32.03599 57.171 22.90512 32.89962 57.06965 22.66003 32.29627 57.86163 22.96136 31.69055 58.15734 22.99501 43.32787 83.99877 23.1945 38.55146 74.0197 23.19937 42.65991 84.15091 23.33356 44.02282 85.72135 23.08594 44.35829 84.28412 23.04353 45.16571 86.19591 23.12308 44.54813 88.03566 23.44499 43.58279 87.69853 23.89381 38.44058 87.03069 23.44499 43.58279 87.69853 23.12308 44.54813 88.03566 23.12308 44.54813 88.03566 23.40289 39.78146 88.29978 23.89381 38.44058 87.03069 23.91155 37.77457 87.0862 23.66077 39.64443 87.64441 23.34813 43.57292 87.70638 23.34813 43.57292 87.70638 23.27278 44.34288 87.22438 23.34813 43.57292 87.70638 23.54882 44.49047 87.95722 23.0332 44.62369 86.2334 23.0332 44.62369 86.2334 23.54946 44.26992 84.25063 23.28493 43.90788 84.75768 23.2026 43.3464 84.67597 23.08552 38.372 73.58046 23.1 42.6656 84.14752 23.2026 43.3464 84.67597 23.03784 31.87663 57.25308 22.86356 31.69705 58.14079 23.12157 32.20744 56.96979 23.03784 31.87663 57.25308 23.39454 32.80897 57.12671 23.62055 28.39455 48.36135 23.91996 28.47273 47.5625 23.54736 27.5141 47.79109 23.55555 21.28769 48.91281 23.54736 27.5141 47.79109 23.80099 21.11678 49.49989 23.55555 21.28769 48.91281 23.93808 20.58989 48.90667 24.00515 32.93359 76.96311 24.0312 24.61415 58.73944 23.69202 32.2911 57.84297 23.03784 31.87663 57.25308 23.2026 43.3464 84.67597 23.2026 43.3464 84.67597 23.87307 21.10211 49.24361 -5.070737 4.239077 50.83454 -5.136905 27.4478 47.4486 -13.47749 -6.399083 48.28217 -13.52568 19.15819 51.54772 -13.40009 26.731 40.05991 -13.4626 -5.255656 40.32823 -5.29241 -13.53206 47.95435 -13.40009 26.731 40.05991 -13.26796 29.72931 51.20435 -5.706231 28.45924 46.07803 -5.677641 -7.383784 50.64879 -5.675525 5.816395 50.62948 -10.9632 -3.936112 51.25091 -13.43088 28.43656 54.74366 -13.44483 23.81436 56.14366 -10.72248 29.58082 51.20458 -13.43088 28.43656 54.74366 -10.96257 28.2613 55.02743 -10.96257 28.2613 55.02743 -13.43088 28.43656 54.74366 -13.44483 23.81436 56.14366 -10.96446 23.49074 56.14694 -10.96446 23.49074 56.14694 -10.72248 29.58082 51.20458 -10.96257 28.2613 55.02743 -10.9936 18.30611 52.16241 -5.820638 27.5918 47.61378 -5.706231 28.45924 46.07803 -10.72248 29.58082 51.20458 -11.82429 -10.74413 40.00415 -5.728979 -14.3511 45.21262 -11.64008 -12.81396 45.68718 -5.29241 -13.53206 47.95435 -10.14426 -10.02334 49.82504 -5.674446 -13.47328 47.9123 -11.82429 -10.74413 40.00415 -11.64008 -12.81396 45.68718 -5.674983 -13.38118 40.02841 -13.26796 29.72931 51.20435 -10.9936 18.30611 52.16241 -5.664554 26.79247 40.04473 -5.284016 -13.53693 40.08422 0.2186703 -12.46177 39.85408 -12.20991 -5.080649 39.81723 -11.51919 -9.22691 39.82956 -11.82429 -10.74413 40.00415 -11.82429 -10.74413 40.00415 -13.40009 26.731 40.05991 -12.31054 25.69093 39.83523 -12.31054 25.69093 39.83523 -12.20991 -5.080649 39.81723 -11.82429 -10.74413 40.00415 -5.664554 26.79247 40.04473 -5.784887 25.66925 39.88281 -8.684392 -11.70134 39.85431 -5.629346 -12.2269 39.85295 -5.674983 -13.38118 40.02841 -10.66871 -10.73954 39.84487 -5.255471 25.66886 39.87222 -5.129373 -12.26836 39.85525 -13.4626 -5.255656 40.32823 -5.29241 -13.53206 47.95435 -5.538943 -11.74694 48.37589 -5.523269 -13.285 47.11743 -5.50011 -13.75906 45.17532 -5.272531 -14.41813 45.35157 -5.393499 -12.9699 40.51921 -5.284016 -13.53693 40.08422 -5.460124 -12.39131 40.45523 -5.129373 -12.26836 39.85525 -5.509846 -12.95787 40.51168 -5.674983 -13.38118 40.02841 -5.629346 -12.2269 39.85295 -5.36051 -12.40021 40.45523 -5.417609 -13.76473 45.17667 -5.728979 -14.3511 45.21262 -5.42418 -13.29081 47.1169 -5.674446 -13.47328 47.9123 -5.439751 -11.74207 48.38092 -5.453629 -8.680424 49.66098 -5.677641 -7.383784 50.64879 -5.674446 -13.47328 47.9123 -5.674446 -13.47328 47.9123 -5.439751 -11.74207 48.38092 -5.453629 -8.680424 49.66098 -5.468616 -4.802151 50.31861 -5.501717 3.776676 50.26342 -5.675525 5.816395 50.62948 -5.586582 16.01906 48.59616 -5.571709 27.22098 46.84664 -5.392176 27.8482 45.81266 -5.557933 26.40152 40.52664 -5.664554 26.79247 40.04473 -5.457004 25.81829 40.46652 -5.784887 25.66925 39.88281 -5.461767 26.40003 40.52239 -5.319319 26.86805 40.06941 -5.255471 25.66886 39.87222 -5.557003 25.81841 40.46652 -5.608424 27.84676 45.88915 -5.319815 28.419 45.90004 -5.87342 27.20134 46.99474 -5.87342 27.20134 46.99474 -5.87342 27.20134 46.99474 -5.706613 3.970652 50.31226 -5.568621 -4.802906 50.32331 -5.278532 -7.546717 50.6609 -5.706613 3.970652 50.31226 -5.553402 -8.686628 49.65973 -5.820638 27.5918 47.61378 -10.72248 29.58082 51.20458 22.99501 43.32787 83.99877 22.66003 32.29627 57.86163 -4.433846 32.28956 57.87258 -4.686282 43.30373 83.99265 -5.282665 20.95389 48.31222 -5.309299 28.48274 47.38101 23.51968 27.65724 47.15728 23.50452 21.02169 48.25363 -14.32838 22.65384 69.29084 -13.97738 21.17886 62.89438 -15.03992 19.32829 69.61864 -5.741349 38.02781 87.92821 -9.450826 42.78875 88.2862 -14.24719 28.93441 86.59648 -10.29008 27.25206 86.42577 -7.747761 21.02298 60.23645 -13.97738 21.17886 62.89438 -12.1087 21.89101 59.96448 -11.46099 27.76543 53.76448 -9.753295 29.36556 50.98715 -10.49726 22.30261 51.62105 -7.146348 24.40577 66.28754 -5.746086 21.1665 52.8404 -7.118397 31.97712 82.06337 -11.91008 33.56267 81.04441 -10.84251 39.82129 83.91448 -9.867136 30.99398 58.60484 22.90512 32.89962 57.06965 -4.695135 32.86436 57.08489 -4.686282 43.30373 83.99265 -12.94748 25.57998 63.08119 -11.96024 25.51711 63.19511 -9.867136 30.99398 58.60484 -11.4797 30.11244 59.11143 -5.746086 21.1665 52.8404 -9.77611 21.3786 52.44454 -9.581328 42.05417 83.95929 -9.791336 32.19797 57.38069 -9.867136 30.99398 58.60484 -5.162457 32.80898 57.12671 -9.80923 43.5333 84.24063 -5.317362 44.26995 84.25063 -9.581328 42.05417 83.95929 -9.581328 42.05417 83.95929 -5.736337 43.30437 83.91802 -5.459932 32.29111 57.84297 -11.4797 30.11244 59.11143 -10.84251 39.82129 83.91448 -15.2284 25.46524 84.09847 -11.26053 23.75547 83.72028 -15.03992 19.32829 69.61864 -10.41087 18.1678 67.70517 -13.38584 18.58804 71.98337 -14.25748 29.28856 82.97068 -15.2284 25.46524 84.09847 -11.26053 23.75547 83.72028 -15.2284 25.46524 84.09847 -11.96024 25.51711 63.19511 -12.94748 25.57998 63.08119 -13.01368 23.95283 66.50672 -12.58292 31.90823 83.30376 -14.25748 29.28856 82.97068 -11.72156 40.2042 84.38748 -5.736337 43.30437 83.91802 -11.72156 40.2042 84.38748 -14.32838 22.65384 69.29084 -13.89912 28.33855 81.78124 -13.75576 23.0458 69.60416 -14.32838 22.65384 69.29084 -14.25748 29.28856 82.97068 -13.89912 28.33855 81.78124 -8.016446 31.45625 80.98258 -8.018533 24.95457 67.58126 -7.146348 24.40577 66.28754 -7.118397 31.97712 82.06337 -9.381956 21.84083 67.80113 -9.949505 21.7523 70.37583 -9.312799 20.4474 68.35895 -9.56329 26.59506 82.09243 -9.312799 20.4474 68.35895 -9.949505 21.7523 70.37583 -8.018533 24.95457 67.58126 -9.381956 21.84083 67.80113 -7.146348 24.40577 66.28754 -11.91008 33.56267 81.04441 -11.90174 26.85151 66.58399 -7.146348 24.40577 66.28754 -9.381956 21.84083 67.80113 -9.312799 20.4474 68.35895 -8.991773 28.54363 83.47052 -8.016446 31.45625 80.98258 -8.991773 28.54363 83.47052 -9.56329 26.59506 82.09243 -13.89912 28.33855 81.78124 -13.89912 28.33855 81.78124 -14.25748 29.28856 82.97068 -8.991773 28.54363 83.47052 -9.381956 21.84083 67.80113 -8.991773 28.54363 83.47052 -11.45023 41.33793 87.36881 -14.24719 28.93441 86.59648 -9.635864 44.418 87.10422 -11.45023 41.33793 87.36881 -11.10566 18.4598 72.04467 -13.38584 18.58804 71.98337 23.46188 28.85742 47.85325 -10.41087 18.1678 67.70517 -7.747761 21.02298 60.23645 -9.312799 20.4474 68.35895 -11.10566 18.4598 72.04467 -9.56329 26.59506 82.09243 -11.26053 23.75547 83.72028 -10.29008 27.25206 86.42577 -5.741349 38.02781 87.92821 -9.635864 44.418 87.10422 -9.80923 43.5333 84.24063 -11.72156 40.2042 84.38748 -5.282665 20.95389 48.31222 -12.1087 21.89101 59.96448 -5.309299 28.48274 47.38101 23.46188 28.85742 47.85325 -11.4797 30.11244 59.11143 -9.791336 32.19797 57.38069 -12.94748 25.57998 63.08119 -9.77611 21.3786 52.44454 -5.706018 20.58989 48.90668 -5.539735 36.57946 85.64659 -7.118397 31.97712 82.06337 -5.539735 36.57946 85.64659 -5.741349 38.02781 87.92821 -5.316719 44.49048 87.95722 -9.635864 44.418 87.10422 -5.316719 44.49048 87.95722 -4.801094 44.62369 86.2334 -5.317362 44.26995 84.25063 -9.80923 43.5333 84.24063 -9.753295 29.36556 50.98715 -5.687889 28.47273 47.5625 -9.753295 29.36556 50.98715 -5.687889 28.47273 47.5625 -5.706018 20.58989 48.90668 -10.49726 22.30261 51.62105 -10.49726 22.30261 51.62105 -5.421821 27.51419 47.81377 -5.309299 28.48274 47.38101 -5.282665 20.95389 48.31222 -5.641005 21.10212 49.24362 -5.541031 28.39721 48.35818 -4.935951 32.20506 57.02139 -4.695135 32.86436 57.08489 -4.802785 31.86694 57.32064 -4.433846 32.28956 57.87258 -4.72929 31.69056 58.15734 -5.052033 38.4933 73.81029 -4.967267 42.65992 84.15091 -4.686282 43.30373 83.99265 -5.079505 44.0587 85.46942 -4.834806 44.38327 84.27161 -4.856939 45.14719 87.21652 -5.176431 43.96287 87.46134 -4.894118 43.81698 88.30786 -5.756162 37.63333 86.53269 -5.337688 38.10166 87.93468 -5.348772 36.18615 85.92961 -5.67945 37.77458 87.08621 -5.741349 38.02781 87.92821 -5.539735 36.57946 85.64659 -5.428666 39.64444 87.64443 -5.116026 43.57292 87.70638 -5.116026 43.57292 87.70638 -5.316719 44.49048 87.95722 -5.116026 43.57292 87.70638 -5.040677 44.34289 87.22438 -4.801094 44.62369 86.2334 -5.052829 43.90789 84.75771 -5.317362 44.26995 84.25063 -4.801094 44.62369 86.2334 -4.970499 43.34642 84.67598 -4.970499 43.34642 84.67598 -4.867901 42.66561 84.14752 -4.853439 38.37216 73.58084 -4.805767 31.87663 57.25308 -4.631488 31.69705 58.1408 -5.162457 32.80898 57.12671 -4.805767 31.87663 57.25308 -4.889498 32.20745 56.96981 -5.388487 28.39456 48.36135 -5.687889 28.47273 47.5625 -5.315299 27.5141 47.79111 -5.323485 21.28769 48.91283 -5.315299 27.5141 47.79111 -5.706018 20.58989 48.90668 -5.323485 21.28769 48.91283 -5.568912 21.11678 49.49988 -5.773062 32.9336 76.96311 -5.799128 24.61425 58.73967 -5.459932 32.29111 57.84297 -4.970499 43.34642 84.67598 -4.805767 31.87663 57.25308 -4.970499 43.34642 84.67598 -4.984677 20.37331 49.28481 31.1232 -8.076648 39.7214 31.30909 25.1179 39.70384 29.67389 24.7934 39.86814 30.44176 -5.081124 39.8641 29.22806 26.48297 39.76509 -10.91121 26.41714 35.22953 29.13992 26.4187 35.2295 28.81026 25.6774 34.37887 23.74837 -13.0902 35.2323 -5.560438 -13.08224 35.20891 -5.065353 -12.37087 34.3782 23.8313 -12.28437 34.37829 31.24374 25.06834 35.22698 31.05192 -8.0676 35.23212 30.28061 -7.76312 34.37436 30.46037 24.64034 34.3655 31.05192 -8.0676 35.23212 29.10774 -11.62442 35.22937 28.6462 -11.01071 34.36974 30.28061 -7.76312 34.37436 29.13992 26.4187 35.2295 31.24374 25.06834 35.22698 30.46037 24.64034 34.3655 28.81026 25.6774 34.37887 28.6462 -11.01071 34.36974 29.10774 -11.62442 35.22937 -10.58341 25.67478 34.37888 0.703453 -11.4043 34.37865 17.52513 -11.40444 34.37865 23.8313 -12.28437 34.37829 -5.065353 -12.37087 34.3782 28.619 -8.347061 34.37814 29.27169 -4.428661 34.37794 29.36323 22.96982 34.37792 26.31949 -10.53334 34.37863 27.81517 -9.776714 34.37846 28.87427 24.07901 34.37851 27.73366 24.64105 34.37877 23.81725 -11.10663 34.37866 -12.20976 -5.081077 39.8641 -13.06834 -5.25697 39.72252 -11.76647 -10.86001 39.72531 -9.086218 -11.54011 39.86991 -11.44458 24.79203 39.86827 -10.93216 26.48484 39.69519 -13.07707 25.11792 39.70384 -13.01173 25.06836 35.22698 -12.22835 24.64035 34.3655 -12.04862 -7.76311 34.37437 -12.81992 -8.067585 35.23212 -12.81992 -8.067585 35.23212 -12.04862 -7.76311 34.37437 -10.41421 -11.0107 34.36974 -10.41421 -11.0107 34.36974 -10.87575 -11.62441 35.22937 -10.91121 26.41714 35.22953 -10.58341 25.67478 34.37888 -12.22835 24.64035 34.3655 -12.22835 24.64035 34.3655 -13.01173 25.06836 35.22698 -5.560438 -13.08224 35.20891 -10.87575 -11.62441 35.22937 -10.41421 -11.0107 34.36974 -11.0397 -4.428653 34.37794 -10.387 -8.347048 34.37814 -11.13122 22.96982 34.37792 -9.58318 -9.776701 34.37846 -8.087494 -10.53332 34.37863 -10.64225 24.07902 34.37851 -9.496558 24.64367 34.37875 -5.585234 -11.10662 34.37866 -7.474777 -12.99867 39.71901 29.14558 -11.69359 39.72894 24.67072 -12.14669 39.86984 23.59219 -13.19529 39.73635 8.105554 -37.30231 74.47722 6.090211 -38.52167 74.57295 5.288465 -40.06491 76.71923 10.22304 -37.24505 74.70005 8.105554 -37.30231 74.47722 9.004416 -39.31945 70.90224 6.090211 -38.52167 74.57295 6.882395 -46.04921 75.40914 9.267855 -43.85342 79.28725 6.380142 -42.68865 78.54653 6.015508 -43.25145 71.46907 6.013442 -44.63713 72.43637 5.02166 -43.79223 73.75048 5.775215 -40.90433 71.5387 6.858808 -42.05879 70.61922 6.861988 -45.8262 73.27194 8.322862 -46.51502 73.75446 6.861988 -45.8262 73.27194 6.882395 -46.04921 75.40914 5.775215 -40.90433 71.5387 4.931445 -41.67099 76.74103 6.090211 -38.52167 74.57295 5.288465 -40.06491 76.71923 4.931445 -41.67099 76.74103 3.600509 -38.34891 74.08185 2.761504 -41.2194 76.03168 5.775215 -40.90433 71.5387 2.764176 -42.97801 73.89284 3.654489 -39.87681 72.07772 5.02166 -43.79223 73.75048 2.764176 -42.97801 73.89284 5.02166 -43.79223 73.75048 4.931445 -41.67099 76.74103 3.654489 -39.87681 72.07772 3.600509 -38.34891 74.08185 2.761504 -41.2194 76.03168 6.090211 -38.52167 74.57295 9.14169 -40.2858 77.32897 6.380142 -42.68865 78.54653 6.380142 -42.68865 78.54653 8.315025 -41.36286 70.14687 6.858808 -42.05879 70.61922 2.979209 -42.61051 74.01656 3.654489 -39.87681 72.07772 2.764176 -42.97801 73.89284 2.761504 -41.2194 76.03168 13.45462 -41.516 76.7538 11.60841 -38.40777 75.58234 12.03483 -42.67375 78.51221 11.60841 -38.40777 75.58234 13.45462 -41.516 76.7538 12.23419 -38.55089 74.56201 11.60841 -38.40777 75.58234 12.23419 -38.55089 74.56201 10.22304 -37.24505 74.70005 13.45462 -41.516 76.7538 15.58574 -41.21648 76.04149 12.23419 -38.55089 74.56201 13.2721 -43.83749 73.79367 12.30972 -44.63714 72.43637 12.65415 -40.93167 71.57988 11.46119 -45.82619 73.27194 12.11481 -45.49814 74.81995 10.01028 -46.58909 73.6863 12.11481 -45.49814 74.81995 11.46119 -45.82619 73.27194 12.03483 -42.67375 78.51221 13.45462 -41.516 76.7538 14.68871 -39.85573 72.06938 15.51605 -42.58863 73.98857 12.65415 -40.93167 71.57988 13.2721 -43.83749 73.79367 15.51605 -42.58863 73.98857 15.58574 -41.21648 76.04149 13.2721 -43.83749 73.79367 14.68871 -39.85573 72.06938 12.65415 -40.93167 71.57988 13.45462 -41.516 76.7538 14.67038 -38.39715 74.08086 14.67038 -38.39715 74.08086 9.267855 -43.85342 79.28725 12.03483 -42.67375 78.51221 10.00446 -41.36835 70.13574 12.65415 -40.93167 71.57988 11.46434 -42.05878 70.61919 10.00446 -41.36835 70.13574 12.3018 -43.20286 71.54227 12.3018 -43.20286 71.54227 3.830081 -48.74687 75.42322 14.46426 -48.78104 75.44007 14.50501 -40.34721 69.53357 16.47631 -48.08162 76.05374 16.87732 -40.02798 70.43556 14.50501 -40.34721 69.53357 16.46398 -43.05527 65.70558 1.839998 -43.02521 65.7466 2.66108 -53.42177 48.98536 15.8321 -55.06851 52.80526 15.67042 -53.43829 49.01761 15.86765 -46.43541 65.17554 2.455184 -46.40982 65.18686 16.46398 -43.05527 65.70558 2.704061 -57.41939 35.95028 2.66108 -53.42177 48.98536 15.67042 -53.43829 49.01761 15.63206 -57.46387 35.93859 15.82161 -53.28911 69.88745 15.86765 -46.43541 65.17554 17.28035 -43.7884 66.24681 17.28035 -43.7884 66.24681 15.84798 -64.97864 52.75779 16.0004 -58.97694 48.83429 15.8321 -55.06851 52.80526 15.67042 -53.43829 49.01761 17.11021 -51.33521 71.47303 17.2748 -47.71888 75.4184 2.535384 -53.39886 69.89455 15.82161 -53.28911 69.88745 14.46426 -48.78104 75.44007 16.87732 -40.02798 70.43556 16.47631 -48.08162 76.05374 17.11021 -51.33521 71.47303 17.2748 -47.71888 75.4184 16.87732 -40.02798 70.43556 17.2748 -47.71888 75.4184 16.46398 -43.05527 65.70558 15.85576 -63.17127 39.95548 15.63206 -57.46387 35.93859 15.67123 -70.55677 29.37382 15.85601 -76.31343 33.37704 15.67123 -70.55677 29.37382 2.653258 -70.55129 29.37391 15.85576 -87.15969 17.96922 15.52538 -81.35915 13.90664 15.52538 -81.35915 13.90664 15.86765 -46.43541 65.17554 15.8321 -55.06851 52.80526 2.455184 -46.40982 65.18686 3.844971 -40.345 69.53716 2.379177 -48.17626 76.00156 1.413927 -40.0433 70.41721 3.844971 -40.345 69.53716 1.413927 -40.0433 70.41721 1.839998 -43.02521 65.7466 2.488742 -55.07926 52.7872 1.042807 -43.7884 66.24683 2.455184 -46.40982 65.18686 2.535384 -53.39886 69.89455 1.042807 -43.7884 66.24683 2.488742 -55.07926 52.7872 2.322738 -58.97694 48.83429 2.461183 -64.91133 52.71133 2.66108 -53.42177 48.98536 1.212944 -51.3352 71.47304 1.114802 -47.90159 75.70113 3.830081 -48.74687 75.42322 2.379177 -48.17626 76.00156 1.212944 -51.3352 71.47304 1.114802 -47.90159 75.70113 1.114802 -47.90159 75.70113 1.413927 -40.0433 70.41721 1.839998 -43.02521 65.7466 2.467365 -63.17127 39.95548 2.704061 -57.41939 35.95028 2.653258 -70.55129 29.37391 2.467107 -76.31342 33.37706 2.597634 -81.40938 13.94223 2.597634 -81.40938 13.94223 2.467351 -87.15969 17.96923 2.488742 -55.07926 52.7872 32.87479 -58.98551 52.14974 31.56347 -59.70532 52.41173 31.73993 -58.51059 55.64802 32.59859 -57.81583 55.39553 30.91589 -56.67588 65.70769 33.81016 -56.73294 65.64292 33.67558 -53.84533 64.61071 31.00896 -53.84553 64.70107 31.56347 -59.70532 52.41173 32.42213 -60.39996 52.66456 33.05125 -59.23042 55.90991 31.73993 -58.51059 55.64802 32.42213 -60.39996 52.66456 32.87479 -58.98551 52.14974 33.05125 -59.23042 55.90991 32.59859 -57.81583 55.39553 16.65324 -84.10111 19.83734 16.65904 -74.13433 27.78062 27.5549 -74.20333 27.62514 27.6986 -84.012 19.75027 16.49453 -53.575 48.99535 36.76527 -53.60248 49.02149 37.34527 -57.53437 36.07996 16.50031 -57.51846 36.08931 39.7787 -55.53873 49.77957 40.40345 -60.17214 34.78889 39.7787 -55.53873 49.77957 36.76527 -53.60248 49.02149 43.85949 -66.16636 53.97959 44.83551 -74.13069 27.77623 45.0312 -77.67363 15.72374 28.7902 -78.59431 16.20588 28.41731 -84.62667 20.0365 27.6986 -84.012 19.75027 47.68143 -83.62833 19.77774 45.0312 -77.67363 15.72374 44.83551 -74.13069 27.77623 46.99511 -76.09787 48.96316 43.85949 -66.16636 53.97959 27.69307 -77.74053 15.74134 27.6986 -84.012 19.75027 27.5549 -74.20333 27.62514 27.69307 -77.74053 15.74134 40.40345 -60.17214 34.78889 39.7787 -55.53873 49.77957 -40.9646 -60.18342 34.75773 -37.91864 -57.54043 36.07575 1.939836 -57.48784 36.11073 1.98933 -84.10041 19.82191 -28.26314 -84.01197 19.7503 -28.11738 -74.19072 27.6527 1.980037 -74.0969 27.80019 1.934404 -53.56217 49.003 -37.32915 -53.60213 49.02627 -40.34547 -55.5404 49.77062 46.99511 -76.09787 48.96316 43.85949 -66.16636 53.97959 -44.41578 -66.14012 53.97998 -47.56189 -76.0923 48.95655 -44.41578 -66.14012 53.97998 1.934404 -53.56217 49.003 -37.32915 -53.60213 49.02627 -40.34547 -55.5404 49.77062 -45.4006 -74.12538 27.79 -45.59573 -77.6736 15.72379 -45.4006 -74.12538 27.79 -45.59573 -77.6736 15.72379 -48.24596 -83.6283 19.77779 -47.56189 -76.0923 48.95655 -44.41578 -66.14012 53.97998 -28.2576 -77.7405 15.74137 -28.26314 -84.01197 19.7503 -28.2576 -77.7405 15.74137 -28.11738 -74.19072 27.6527 -40.9646 -60.18342 34.75773 -40.34547 -55.5404 49.77062 16.49453 -53.575 48.99535 2.367049 -64.74967 52.69332 16.06781 -64.71997 52.68386 33.93423 -54.44718 48.99272 33.93168 -57.82732 51.58097 35.12516 -54.20837 49.14614 35.16056 -59.36 53.45265 35.12516 -54.20837 49.14614 35.16056 -59.36 53.45265 35.1916 -54.88553 48.74823 35.1916 -65.37019 53.17531 35.09283 -65.54772 53.42576 35.19161 -62.98796 51.95624 33.88716 -63.04343 53.73889 35.09283 -65.54772 53.42576 30.74258 -57.65353 51.51275 30.80011 -54.56578 48.92449 29.55182 -54.13388 49.19871 29.52306 -60.12387 53.80475 30.74737 -62.9834 53.90933 29.42367 -65.4074 53.22446 29.55182 -54.13388 49.19871 29.48254 -62.98797 51.95625 29.52306 -60.12387 53.80475 29.48254 -54.88551 48.74822 29.42367 -65.4074 53.22446 21.6794 -44.81437 72.78553 21.65584 -45.92046 72.67183 16.61254 -45.32564 71.36592 16.61254 -45.32564 71.36592 16.44634 -44.94228 72.11234 21.6794 -44.81437 72.78553 21.47981 -45.3575 73.75852 21.6794 -44.81437 72.78553 16.44634 -44.94228 72.11234 16.42487 -45.81349 72.20876 21.65584 -45.92046 72.67183 21.47981 -45.3575 73.75852 16.42487 -45.81349 72.20876 16.42487 -45.81349 72.20876 25.48052 -44.9452 72.84584 25.33197 -44.81229 74.75605 25.57275 -46.09896 73.11344 25.39962 -44.34516 73.90998 25.25168 -46.41687 74.25128 25.48052 -44.9452 72.84584 21.6794 -44.81437 72.78553 25.39962 -44.34516 73.90998 25.48052 -44.9452 72.84584 25.33197 -44.81229 74.75605 25.39962 -44.34516 73.90998 25.25168 -46.41687 74.25128 25.57275 -46.09896 73.11344 25.57275 -46.09896 73.11344 25.25168 -46.41687 74.25128 1.934404 -53.56217 49.003 2.367049 -64.74967 52.69332 1.939836 -57.48784 36.11073 16.49453 -53.575 48.99535 16.50031 -57.51846 36.08931 16.06781 -64.71997 52.68386 16.65904 -74.13433 27.78062 16.06781 -64.71997 52.68386 16.50031 -57.51846 36.08931 16.65904 -74.13433 27.78062 16.65324 -84.10111 19.83734 16.06781 -64.71997 52.68386 1.939836 -57.48784 36.11073 2.367049 -64.74967 52.69332 1.980037 -74.0969 27.80019 1.98933 -84.10041 19.82191 1.980037 -74.0969 27.80019 2.367049 -64.74967 52.69332 2.45842 -68.40158 19.28243 1.958422 -73.90596 28.82303 2.458421 -75.64492 27.83511 1.458421 -75.64492 27.83511 1.958422 -73.90596 28.82303 1.458419 -68.45486 19.28407 1.458418 -69.83977 17.73285 1.784508 -62.27251 17.06199 1.458419 -68.45486 19.28407 2.45842 -68.40158 19.28243 -1.875912 -66.94695 19.74417 5.775443 -66.98721 19.75203 5.448789 -59.95206 16.39354 -1.515158 -59.89859 16.34087 5.775443 -66.98721 19.75203 -1.875912 -66.94695 19.74417 -1.782274 -67.4153 18.87662 5.780995 -67.28339 18.8272 -1.515158 -59.89859 16.34087 5.448789 -59.95206 16.39354 4.702088 -60.0811 15.08697 -0.8894134 -60.18503 15.15732 2.458418 -69.81401 17.62955 2.45842 -63.1649 15.54993 1.784508 -62.27251 17.06199 1.784508 -62.27251 17.06199 1.45842 -63.82061 15.50508 1.958422 -73.90596 28.82303 2.458418 -69.81401 17.62955 2.458421 -75.64492 27.83511 1.458421 -75.64492 27.83511 1.458418 -69.83977 17.73285 1.45842 -63.82061 15.50508 2.45842 -63.1649 15.54993 1.45842 -63.82061 15.50508 1.784508 -62.27251 17.06199 2.45842 -63.1649 15.54993 16.80335 -75.64493 27.8351 16.80335 -69.75217 17.61406 16.80335 -68.45781 19.30949 16.30335 -73.90596 28.82303 15.80335 -75.64491 27.8351 16.30335 -73.90596 28.82303 15.80335 -68.36156 19.23045 15.80334 -69.8469 17.69312 15.80334 -69.8469 17.69312 16.80335 -75.64493 27.8351 15.80335 -75.64491 27.8351 15.80335 -63.82062 15.50508 16.14818 -62.23227 16.94644 16.80336 -63.2746 15.40137 12.46902 -66.94695 19.74416 20.12037 -66.98722 19.75202 19.79373 -59.95206 16.39354 12.82977 -59.89858 16.34087 20.12037 -66.98722 19.75202 12.46902 -66.94695 19.74416 12.56266 -67.41529 18.87662 20.12591 -67.2834 18.8272 12.82977 -59.89858 16.34087 19.79373 -59.95206 16.39354 19.04703 -60.0811 15.08698 13.45552 -60.18502 15.15732 16.80336 -63.2746 15.40137 16.14818 -62.23227 16.94644 16.14818 -62.23227 16.94644 15.80335 -63.82062 15.50508 16.14818 -62.23227 16.94644 15.80335 -68.36156 19.23045 16.80335 -68.45781 19.30949 16.30335 -73.90596 28.82303 16.80335 -69.75217 17.61406 16.80336 -63.2746 15.40137 15.80335 -63.82062 15.50508 -8.56906 -66.11608 20.08813 -6.004145 -54.09717 7.495647 -12.20883 -54.05474 7.446934 -14.77375 -66.0694 20.04345 -12.20883 -54.05474 7.446934 -12.27133 -54.77488 6.818607 -14.83007 -66.82999 19.45328 -14.77375 -66.0694 20.04345 -8.56906 -66.11608 20.08813 -8.506568 -66.7775 19.39827 -5.947819 -54.72239 6.763592 -6.004145 -54.09717 7.495647 -8.56906 -66.11608 20.08813 -14.77375 -66.0694 20.04345 -14.83007 -66.82999 19.45328 -8.506568 -66.7775 19.39827 -12.20883 -54.05474 7.446934 -6.004145 -54.09717 7.495647 -5.947819 -54.72239 6.763592 -12.27133 -54.77488 6.818607 -10.89405 -79.71646 23.73812 -10.89406 -70.76042 16.15273 -10.89406 -70.02884 18.15883 -11.39405 -78.42026 25.26122 -11.89406 -79.71647 23.73812 -11.39405 -78.42026 25.26122 -11.89405 -69.99842 18.18235 -11.89406 -70.7098 16.1694 -10.89406 -70.02884 18.15883 -10.89405 -64.27944 18.08252 -11.89405 -63.67222 17.76275 -11.89405 -69.99842 18.18235 -11.89406 -70.7098 16.1694 -11.89405 -64.38813 16.19584 -10.89405 -63.61875 16.4529 -10.89406 -70.76042 16.15273 -10.89405 -63.61875 16.4529 -10.89405 -64.27944 18.08252 -11.89405 -63.67222 17.76275 -11.89405 -64.38813 16.19584 -11.39405 -78.42026 25.26122 -10.89405 -79.71646 23.73812 -11.89406 -79.71647 23.73812 1.760774 -45.85988 71.61772 -3.338589 -45.92046 72.67183 -3.362155 -44.81436 72.78553 1.787227 -44.90964 71.73653 1.787227 -44.90964 71.73653 -3.362155 -44.81436 72.78553 -3.162562 -45.3575 73.75852 1.92506 -45.23762 72.35556 1.92506 -45.23762 72.35556 -3.162562 -45.3575 73.75852 -3.338589 -45.92046 72.67183 1.760774 -45.85988 71.61772 -7.290482 -45.37493 72.71512 -6.934431 -46.41687 74.25128 -7.056166 -44.47144 74.49762 -7.290482 -45.37493 72.71512 -7.290482 -45.37493 72.71512 -7.056166 -44.47144 74.49762 -3.362155 -44.81436 72.78553 -7.056166 -44.47144 74.49762 -6.934431 -46.41687 74.25128 -6.934431 -46.41687 74.25128 -6.934431 -46.41687 74.25128 31.24576 23.95281 66.5067 46.99202 -24.57841 -14.99201 47.01247 -32.64949 -17.69492 47.00082 -29.48189 -17.2082 46.0068 -35.27894 0.6500626 46.99079 -32.75611 -1.87711 47.03325 -4.190663 -1.815678 46.03823 -0.2803974 0.86726 38.7625 -56.52257 -6.661602 38.62524 -55.58413 -9.103287 38.30498 -51.23833 -9.058777 26.98592 -56.27664 5.710842 39.63694 -43.7267 5.709713 46.01089 6.849623 5.711735 38.32877 -47.24112 5.709652 37.37081 -53.26852 -17.58598 37.66698 -53.92608 -13.62876 48.95585 -83.63285 18.85419 48.94493 -85.25678 11.17531 46.24145 -78.23406 10.16796 42.54932 -68.90898 9.174267 43.52315 -71.5503 7.722034 41.22317 -65.62152 4.022724 42.52519 -68.90462 9.458973 27.25889 -68.31235 9.405499 27.85291 -84.21036 19.85647 48.95527 -83.51648 19.42404 38.73318 -56.34235 5.709736 -27.54706 -73.62642 5.709652 26.98254 -73.62619 5.709957 27.16449 -78.4692 8.648565 -27.72885 -78.46282 8.644659 27.85291 -84.21036 19.85647 27.25889 -68.31235 9.405499 26.98254 -73.62619 5.709957 27.16449 -78.4692 8.648565 27.85291 -84.21036 19.85647 -47.55655 -24.5784 -14.99202 -47.56535 -29.48187 -17.2082 -47.57701 -32.64949 -17.69492 -46.57134 -35.27893 0.6500626 -46.60276 -0.2803803 0.86726 -47.59777 -4.190666 -1.815689 -47.55533 -32.75609 -1.87711 -38.86951 -51.2383 -9.058773 -39.18978 -55.58414 -9.10323 -39.32704 -56.52256 -6.661598 -40.20501 -43.70709 5.708141 -27.55041 -56.27339 5.710369 -38.88262 -47.2327 5.709652 -46.65572 6.849527 5.711071 -38.23152 -53.92607 -13.62877 -46.806 -78.23404 10.16796 -49.50948 -85.25676 11.17531 -49.5204 -83.63283 18.85419 -42.98626 -68.39347 9.458981 -49.558 -83.51645 19.42404 -28.42205 -84.1809 19.8629 -27.82349 -68.31245 9.405552 -27.55041 -56.27339 5.710369 -27.82349 -68.31245 9.405552 -27.54706 -73.62642 5.709652 -39.30191 -56.33061 5.709728 -28.36492 -84.46668 19.74572 -28.42205 -84.1809 19.8629 -27.72885 -78.46282 8.644659 -28.42205 -84.1809 19.8629 45.14962 -37.3687 -0.759121 -45.71416 -37.36868 -0.7591362 26.98592 -56.27664 5.710842 -37.93535 -53.26851 -17.58598 43.53466 61.37036 45.34484 43.52799 53.55667 45.36995 45.22022 53.5462 42.57057 12.05666 61.38396 46.84373 -12.59136 53.60652 46.85378 21.01826 53.58208 46.5455 45.25652 49.58526 30.05243 45.25652 53.54401 35.07956 45.23075 42.95456 37.61774 45.03803 36.55914 27.83464 45.03803 36.55914 27.83464 45.23075 42.95456 37.61774 26.37196 37.00587 27.48931 45.19296 61.35792 42.50571 43.85709 61.45708 42.2985 42.83038 61.48157 44.51541 43.53466 61.37036 45.34484 45.19851 60.35068 35.07822 43.95062 60.41904 35.07744 45.19851 60.35068 35.07822 45.19296 61.35792 42.50571 45.22022 53.5462 42.57057 -13.68914 44.46112 42.29176 43.39728 44.11051 41.31996 21.01826 53.58208 46.5455 -12.59136 53.60652 46.85378 45.22022 53.5462 42.57057 43.52799 53.55667 45.36995 43.39728 44.11051 41.31996 45.23075 42.95456 37.61774 43.52799 53.55667 45.36995 43.53466 61.37036 45.34484 26.37194 42.89955 37.86564 43.39728 44.11051 41.31996 43.52799 53.55667 45.36995 45.19296 61.35792 42.50571 -43.87812 61.38661 45.58403 -45.75705 61.35513 42.55397 -44.09896 53.56662 45.37079 -43.87812 61.38661 45.58403 -13.68914 44.46112 42.29176 -26.93645 42.89952 37.86566 -45.82103 49.58528 30.05243 -45.60255 36.55916 27.83464 -45.76657 40.5611 32.83464 -45.82103 53.54402 35.07956 -44.55831 60.64375 35.08631 -45.75705 61.35513 42.55397 -45.75705 61.35513 42.55397 -43.87812 61.38661 45.58403 -43.39488 61.48158 44.51541 -44.4216 61.45709 42.2985 -44.55831 60.64375 35.08631 -45.78566 53.5087 42.55419 -45.76232 42.99407 37.8971 -45.78566 53.5087 42.55419 -45.76232 42.99407 37.8971 -44.07027 44.10545 41.19258 -44.09896 53.56662 45.37079 -44.09896 53.56662 45.37079 -44.07027 44.10545 41.19258 -45.76232 42.99407 37.8971 -45.76657 40.5611 32.83464 -26.93647 36.83505 27.61711 -45.60255 36.55916 27.83464 -44.09896 53.56662 45.37079 -44.07027 44.10545 41.19258 -45.78566 53.5087 42.55419 -47.18333 -64.01668 87.28429 -43.97427 -57.19402 81.6922 -44.86507 -59.57278 81.52758 -46.77268 -62.34698 91.77356 -44.6807 -62.73346 91.55654 -43.97427 -57.19402 81.6922 -46.77268 -62.34698 91.77356 -41.82157 -58.02119 81.90288 -45.03179 -64.43579 87.22786 -41.82157 -58.02119 81.90288 -44.6807 -62.73346 91.55654 -42.71653 -60.39081 81.73223 -45.03179 -64.43579 87.22786 -44.86507 -59.57278 81.52758 -42.71653 -60.39081 81.73223 -47.18333 -64.01668 87.28429 -44.9023 -64.83661 61.16178 -45.72578 -66.56475 62.83597 -42.69296 -65.48148 61.44369 -43.49428 -67.2451 63.08296 -42.71653 -60.39081 81.73223 -45.39102 -66.19698 63.60198 -43.49428 -67.2451 63.08296 -44.86507 -59.57278 81.52758 -45.72578 -66.56475 62.83597 -48.22415 -72.31681 62.26195 -48.21032 -73.83507 57.65864 -44.9023 -64.83661 61.16178 -46.10721 -74.15429 57.8227 -48.21032 -73.83507 57.65864 -42.69296 -65.48148 61.44369 -42.69296 -65.48148 61.44369 -45.96343 -72.69657 62.30993 -46.10721 -74.15429 57.8227 -45.72578 -66.56475 62.83597 -45.96343 -72.69657 62.30993 -43.49428 -67.2451 63.08296 -48.22415 -72.31681 62.26195 -44.9023 -64.83661 61.16178 -25.54634 -103.1829 115.9829 -25.54634 -98.4232 115.9829 -25.54634 -103.1829 123.0503 -28.30994 -98.4232 115.9829 -28.30994 -103.1829 115.9829 -28.30994 -103.1829 123.0503 -25.54634 -98.4232 134.3222 -25.54634 -103.1829 128.1963 -25.54634 -103.1829 125.6233 -28.30994 -103.1829 128.1963 -28.30994 -103.1829 134.3222 -28.30994 -98.4232 134.3222 -25.54634 -98.4232 134.3222 -25.54634 -103.1829 134.3222 -25.54634 -103.1829 128.1963 -28.30994 -107.776 125.6233 -28.30994 -106.0921 128.1963 25.95845 105.9174 -4.39463 42.49499 98.08583 -4.331528 42.41701 98.12556 -9.650999 25.95845 105.9174 -9.615072 -7.30835 113.8595 -41.84443 6.743866 113.8595 -41.84443 6.743865 110.8353 -44.7895 -7.30835 110.8353 -44.7895 52.65324 90.18012 -10.00782 53.0616 90.60832 -9.872757 53.6009 87.08807 -7.570805 53.08527 87.08807 -7.955608 51.53944 92.51129 -4.327457 51.53944 92.51129 -9.660837 43.62903 94.39038 -9.639229 43.62903 94.39038 -4.327454 25.95845 105.9174 -9.615072 26.83313 108.2594 -12.34264 22.13503 109.1823 -12.31008 20.80501 107.1007 -9.937195 43.98724 97.09031 -18.22431 35.29496 101.502 -32.32267 35.17479 104.6024 -32.06301 44.23994 99.99976 -17.62211 26.83313 108.2594 -19.53861 42.41701 98.12556 -9.650999 44.50287 99.86574 -12.30111 53.08527 87.08807 -7.955608 53.6009 87.08807 -7.570805 54.35467 77.12709 -4.481167 53.83929 77.1238 -4.822681 -27.39761 108.2594 -41.8385 -27.39761 105.2353 -44.78357 32.45693 102.7857 -44.76928 33.23795 105.4654 -41.82396 26.83313 108.2594 -41.8385 33.23795 105.4654 -41.82396 32.45693 102.7857 -44.76928 26.83313 105.2352 -44.78357 9.78714 102.2681 -16.04845 16.94258 109.9653 -16.17478 -18.11627 110.6178 -16.89921 -17.50706 109.9653 -16.17478 9.78714 102.2681 -16.04845 12.46863 99.46244 -11.545 21.00829 108.7254 -11.80529 16.94258 109.9653 -16.17478 16.94258 109.9653 -16.17478 17.55178 110.6178 -16.89921 -0.2822446 95.11775 -4.360279 14.0669 97.65855 -4.357777 12.46863 99.46244 -11.545 -0.2822446 97.22814 -11.55453 -0.2822439 100.7714 -16.05892 -10.35163 102.2681 -16.04845 9.78714 102.2681 -16.04845 -23.59129 106.4298 -4.393669 -14.63139 97.65855 -4.357777 -10.35163 102.2681 -16.04845 -17.50706 109.9653 -16.17478 17.55178 110.6178 -16.89921 6.933295 113.1762 -16.91385 6.743866 113.8595 -41.84443 7.199307 113.2309 -19.451 17.55178 110.6178 -16.89921 22.13503 109.1823 -12.31008 26.83313 108.2594 -12.34264 6.933295 113.1762 -16.91385 23.02681 106.4298 -4.393669 53.0616 90.60832 -4.327469 53.6009 87.08807 -4.327476 53.6009 87.08807 -7.570805 53.0616 90.60832 -9.872757 51.53944 92.51129 -9.660837 53.0616 90.60832 -9.872757 51.09826 93.24695 -12.60565 50.1029 96.34827 -12.34632 42.49499 98.08583 -4.331528 43.62903 94.39038 -4.327454 43.62903 94.39038 -9.639229 42.41701 98.12556 -9.650999 54.35467 77.12709 -4.481167 54.35467 77.12709 -4.327476 53.0616 90.60832 -9.872757 52.65324 90.18012 -10.00782 -42.9815 98.12557 -9.650999 -45.06735 99.86576 -12.30111 -7.763791 113.2309 -19.451 -7.30835 113.8595 -41.84443 -27.39761 108.2594 -19.53861 -26.52293 105.9174 -9.615072 -42.9815 98.12557 -9.650999 -43.05947 98.08585 -4.331528 -26.52293 105.9175 -4.39463 -33.02142 102.7858 -44.76928 -35.85944 101.5021 -32.32267 -35.73927 104.6024 -32.06301 -33.80244 105.4654 -41.82396 -54.89944 77.38787 -4.538872 -54.38506 77.37124 -4.878849 -43.90353 94.72133 -4.327492 -43.05947 98.08585 -4.331528 -42.9815 98.12557 -9.650999 -43.90353 94.72133 -9.629587 -52.10393 92.5113 -4.327457 -52.10393 92.5113 -9.660837 -53.62609 90.60833 -9.872757 -53.62609 90.60833 -4.327469 -33.02142 102.7858 -44.76928 -33.80244 105.4654 -41.82396 -44.55173 97.09033 -18.22431 -44.80443 99.99977 -17.62211 -27.39761 107.7109 -12.34264 -54.89944 77.38787 -4.538872 -54.89787 77.40858 -4.327476 -54.16539 87.08808 -4.327476 -54.16539 87.08808 -7.570805 -10.35163 102.2681 -16.04845 -17.50706 109.9653 -16.17478 -21.57278 108.7254 -11.80529 -13.03312 99.46244 -11.545 -7.497779 113.1762 -16.91385 -7.232252 112.5042 -16.17674 6.667768 112.5042 -16.17674 6.933295 113.1762 -16.91385 -7.497779 113.1762 -16.91385 -18.11627 110.6178 -16.89921 -18.11627 110.6178 -16.89921 -22.69951 109.7309 -12.31008 -26.52293 105.9174 -9.615072 -27.39761 107.7109 -12.34264 -7.497779 113.1762 -16.91385 -21.36949 107.1007 -9.937195 -22.69951 109.7309 -12.31008 -52.10393 92.5113 -9.660837 -52.10393 92.5113 -4.327457 -43.90353 94.72133 -4.327492 -43.90353 94.72133 -9.629587 -51.61214 93.288 -12.61393 -50.66739 96.34828 -12.34632 -50.23451 58.59025 98.47277 -44.10913 58.59025 98.47277 -45.31619 62.36769 69.41973 -51.78231 62.36769 69.41973 -44.10913 58.59025 98.47277 -44.12625 45.75797 98.43675 -45.33425 47.81799 69.38172 -45.31619 62.36769 69.41973 -51.80027 50.17891 69.38767 -51.78231 62.36769 69.41973 -52.43354 62.09845 49.89119 -52.45215 48.69154 49.89119 -45.73203 62.09845 49.89119 -52.43354 62.09845 49.89119 -45.33425 47.81799 69.38172 -49.24587 47.77148 69.38159 -49.87619 46.15043 49.89119 -45.75075 46.20127 49.89119 -47.68608 48.23988 98.4424 -50.25153 48.2399 98.4424 -51.80027 50.17891 69.38767 -49.26127 50.17889 69.38767 -47.67149 45.71694 98.43665 -47.68608 48.23988 98.4424 -49.26127 50.17889 69.38767 -49.24587 47.77148 69.38159 -45.83618 42.81522 37.7585 -49.96162 42.76438 37.7585 -45.83618 35.96877 27.47479 -56.45333 33.26551 25.22757 -56.32823 36.62949 28.05069 -56.32823 36.62949 27.15763 -56.45333 33.26551 24.33451 -53.48727 59.1382 28.04676 -53.48727 60.61719 37.27808 -52.53758 45.30551 37.7585 -52.51897 60.61719 37.7585 -53.48727 60.61719 37.27808 -53.50588 45.30551 37.27808 -53.50588 36.62949 28.05069 -53.48727 59.1382 28.04676 -56.17855 59.1382 28.04676 -56.32823 36.62949 28.05069 -45.83618 33.29093 25.22757 -56.45333 33.26551 25.22757 -56.45333 33.26551 24.33451 -45.83618 33.29093 24.33451 -53.50588 45.30551 37.27808 -53.48727 60.61719 37.27808 -53.48727 59.1382 28.04676 -53.50588 36.62949 28.05069 -45.81747 60.61719 37.7585 -45.83618 42.81522 37.7585 -45.83618 35.96877 27.47479 -45.81747 59.1382 27.47479 -45.83618 33.29093 25.22757 -52.53758 45.30551 37.7585 -53.50588 45.30551 37.27808 -49.97758 45.3055 37.7585 -49.87619 46.15043 49.89119 -49.89215 48.69154 49.89119 -49.97758 45.3055 37.7585 -49.96162 42.76438 37.7585 -52.51897 60.61719 37.7585 -52.53758 45.30551 37.7585 -47.67149 45.71694 98.43665 -44.12625 45.75797 98.43675 -41.2867 41.10987 138.7188 -44.35974 41.07543 138.7177 -47.68608 48.23988 98.4424 -47.67149 45.71694 98.43665 -44.35974 41.07543 138.7177 -44.37321 43.6012 138.7885 -46.92559 51.87996 139.0861 -41.2709 51.87996 139.0861 -44.12625 45.75797 98.43675 -44.10913 58.59025 98.47277 -41.2709 51.87996 139.0861 -41.2867 41.10987 138.7188 -50.23451 58.59025 98.47277 -50.25153 48.2399 98.4424 -46.94129 43.60121 138.7885 -46.92559 51.87996 139.0861 -49.89215 48.69154 49.89119 -52.45215 48.69154 49.89119 -44.37321 43.6012 138.7885 -46.94129 43.60121 138.7885 -49.89215 48.69154 49.89119 -49.87619 46.15043 49.89119 -49.24587 47.77148 69.38159 -49.26127 50.17889 69.38767 -56.32823 36.62949 28.05069 -56.17855 59.1382 28.04676 -56.17855 59.1382 27.15369 -56.32823 36.62949 27.15763 -45.31619 62.36769 69.41973 -45.33425 47.81799 69.38172 -45.75075 46.20127 49.89119 -45.73203 62.09845 49.89119 -45.73203 62.09845 49.89119 -45.75075 46.20127 49.89119 -45.83618 42.81522 37.7585 -45.81747 60.61719 37.7585 -0.2822587 28.60999 34.39311 -0.2822619 7.238337 34.38986 34.11587 43.88338 41.18061 26.41019 43.99614 41.48588 -0.2822663 -21.82532 6.672283 -34.84014 -18.29299 6.672291 -34.74625 -17.94661 5.841213 -0.2822663 -21.46928 5.841221 34.27364 -18.19222 21.90324 45.65827 -4.176373 21.91652 45.34671 1.477402 31.32634 34.20721 -10.78998 34.11278 45.65827 -4.176373 21.91652 45.7107 -4.273972 6.672359 45.38124 -4.157568 5.841213 45.7107 -4.273972 6.672359 34.27561 -18.293 6.672291 34.18172 -17.94662 5.841213 -45.88802 15.04686 31.64303 -45.91123 1.477417 31.32634 -35.00409 27.60397 34.38365 -0.2822652 -14.32044 34.11472 -26.93558 39.13484 34.42032 -0.2822571 39.27671 34.4216 -0.2822569 40.94232 40.57801 -26.9747 40.91749 40.27361 -0.2822571 39.27671 34.4216 45.19206 27.5806 31.64828 45.3235 15.04685 31.64303 45.34671 1.477402 31.32634 -34.68038 43.88339 41.18061 -41.94714 42.50811 37.58195 -0.2822663 -21.72479 21.90251 -0.2822652 -14.32044 34.11472 34.43958 27.60397 34.38365 45.38124 -4.157568 5.841213 45.61787 28.35248 21.37899 -0.2822569 40.94232 40.57801 -0.2822564 44.15404 41.92989 -26.9747 43.99615 41.48588 30.1556 35.37476 34.41554 31.88952 36.17007 37.91313 26.41019 40.91748 40.27361 26.37106 39.13484 34.42032 -32.45403 36.17008 37.91313 -30.72012 35.37477 34.41554 41.38263 42.50809 37.58195 41.38263 42.50809 37.58195 41.35908 36.01335 35.5506 -46.2228 -4.176359 21.91652 -34.83817 -18.19221 21.90324 -34.77174 -10.78997 34.11278 -45.91123 1.477417 31.32634 -34.84014 -18.29299 6.672291 -46.27523 -4.273958 6.672359 -34.77174 -10.78997 34.11278 -34.83817 -18.19221 21.90324 45.3235 15.04685 31.64303 -45.75657 27.58061 31.64828 -45.88802 15.04686 31.64303 -45.94577 -4.157555 5.841213 -34.74625 -17.94661 5.841213 -46.18239 28.3525 21.37899 -41.9236 36.01337 35.5506 -41.94714 42.50811 37.58195 41.05725 -32.35374 133.6042 41.61508 -45.2569 125.4617 41.12181 -52.21479 132.7362 40.29554 -36.0926 142.9276 40.82719 -16.3635 136.8415 43.77935 40.51346 139.0315 43.90352 -16.37879 137.395 39.76777 51.49843 148.7983 39.95852 -17.08611 146.825 45.1958 -17.03737 146.4381 45.00678 51.51817 148.4107 44.07889 -33.15898 135.9522 44.13803 -32.43801 134.1427 43.90352 -16.37879 137.395 43.82363 -16.51811 139.332 43.693 40.45766 140.9712 46.1453 40.45735 140.9819 46.27598 -16.51887 139.3426 43.82363 -16.51811 139.332 40.29554 -36.0926 142.9276 45.52738 -35.84452 142.5839 44.69944 -46.76304 127.3635 44.70658 -45.4213 125.9495 41.12181 -52.21479 132.7362 46.33976 -51.75881 132.5239 45.56889 -55.79397 114.1801 45.53448 -54.03549 113.3574 41.05725 -32.35374 133.6042 44.13803 -32.43801 134.1427 44.70658 -45.4213 125.9495 41.61508 -45.2569 125.4617 42.15811 -62.92834 117.1677 47.36317 -62.3385 117.1437 47.37461 -67.73434 82.96047 47.32021 -65.90964 82.30841 45.53448 -54.03549 113.3574 42.43624 -53.81008 112.9566 44.03966 -75.11124 85.32399 49.24213 -74.51803 85.3082 48.73086 -78.8078 48.53855 48.65813 -76.94542 48.00399 47.32021 -65.90964 82.30841 44.21456 -65.65335 81.98683 45.46408 -86.30263 50.53469 50.66526 -85.72194 50.47966 49.36431 -88.34337 10.00057 49.28091 -86.38166 9.920942 48.65813 -76.94542 48.00399 45.54442 -76.65465 47.78964 46.13628 -96.16478 10.44973 51.3367 -95.58713 10.41069 46.35926 51.78085 139.3969 46.31925 43.43871 139.0821 46.32358 45.04789 138.6083 46.3412 51.79666 138.8019 46.16358 -86.05791 9.827993 49.28091 -86.38166 9.920942 46.1453 40.45735 140.9819 45.00678 51.51817 148.4107 45.1958 -17.03737 146.4381 46.27598 -16.51887 139.3426 45.52738 -35.84452 142.5839 46.53125 -33.16292 135.9621 44.07889 -33.15898 135.9522 46.53125 -33.16292 135.9621 44.69944 -46.76304 127.3635 47.15193 -46.7704 127.3713 45.56889 -55.79397 114.1801 48.02147 -55.80363 114.1846 47.37461 -67.73434 82.96047 49.8275 -67.74436 82.96405 48.73086 -78.8078 48.53855 51.18412 -78.81803 48.54149 49.36431 -88.34337 10.00057 51.81774 -88.35391 10.00203 46.33976 -51.75881 132.5239 47.15193 -46.7704 127.3713 47.36317 -62.3385 117.1437 48.02147 -55.80363 114.1846 49.24213 -74.51803 85.3082 49.8275 -67.74436 82.96405 50.66526 -85.72194 50.47966 51.18412 -78.81803 48.54149 51.3367 -95.58713 10.41069 51.81774 -88.35391 10.00203 46.31925 43.43871 139.0821 46.35926 51.78085 139.3969 42.43624 -53.81008 112.9566 42.15811 -62.92834 117.1677 44.21456 -65.65335 81.98683 44.03966 -75.11124 85.32399 45.54442 -76.65465 47.78964 45.46408 -86.30263 50.53469 46.16358 -86.05791 9.827993 46.13628 -96.16478 10.44973 43.88427 43.42494 139.0817 46.31925 43.43871 139.0821 39.76777 51.49843 148.7983 45.00678 51.51817 148.4107 40.82719 -16.3635 136.8415 39.95852 -17.08611 146.825 43.88427 43.42494 139.0817 57.17174 -115.8541 10.6932 57.17024 -112.8483 10.79305 37.1718 -112.8555 10.79306 37.1718 -115.8541 10.6932 57.17024 -92.45787 10.79202 57.17024 -112.8483 10.79305 57.17024 -112.8484 9.543049 57.17024 -92.51462 9.542019 37.1718 -78.58415 9.959843 37.1718 -92.45787 10.79202 57.17024 -92.45787 10.79202 57.17024 -78.58415 9.959843 37.1718 -92.51461 9.542019 37.1718 -92.45787 10.79202 37.1718 -78.58415 9.959843 37.1718 -78.86981 8.7348 57.17024 -78.86981 8.7348 57.17024 -92.51462 9.542019 37.1718 -92.51461 9.542019 37.1718 -78.86981 8.7348 37.1718 -65.9028 3.881954 57.17024 -65.9028 3.881954 57.17024 -66.67014 2.886662 37.1718 -66.67014 2.886662 37.1718 -56.87408 -6.740459 57.17022 -56.87408 -6.740459 57.17021 -57.9869 -7.327183 37.1718 -57.9869 -7.327183 57.17 -53.42023 -20.29375 37.1718 -53.42023 -20.29375 57.17 -54.67011 -20.37494 37.1718 -54.67011 -20.37494 57.17024 -78.86981 8.7348 57.17024 -78.58415 9.959843 37.1718 -115.8541 9.6432 57.17174 -115.8541 9.6432 57.17174 -115.8541 10.6932 37.1718 -115.8541 10.6932 57.17024 -112.8484 9.543049 37.1718 -112.8555 9.543058 57.17024 -66.67014 2.886662 57.17024 -65.9028 3.881954 57.17021 -57.9869 -7.327183 57.17022 -56.87408 -6.740459 57.17 -54.67011 -20.37494 57.17 -53.42023 -20.29375 57.17021 -53.49242 -38.43164 37.1718 -53.49241 -38.43163 57.17021 -54.54241 -38.43325 57.17021 -53.49242 -38.43164 57.17174 -115.8541 10.6932 57.17174 -115.8541 9.6432 57.17174 -115.8541 9.6432 37.1718 -115.8541 9.6432 46.02694 -87.09803 29.84887 -46.59151 -87.09799 29.84887 -46.69096 -88.87236 22.63286 46.12639 -88.87239 22.63286 36.78267 -92.80486 15.50953 36.40208 -93.21456 15.68422 36.47388 -101.0707 -20.68821 36.84977 -100.6492 -20.80901 -46.54852 -89.13159 32.88382 -46.59151 -87.09799 29.84887 46.02694 -87.09803 29.84887 45.98395 -89.13162 32.88382 -46.30827 -86.36768 43.05026 -46.54852 -89.13159 32.88382 45.98395 -89.13162 32.88382 45.7437 -86.36771 43.05026 40.06957 -92.42839 19.30118 40.16028 -92.07852 18.85125 46.15889 -92.07852 18.85125 46.15481 -92.42815 19.30233 -36.96665 -93.21454 15.68422 36.40208 -93.21456 15.68422 -37.34724 -92.80484 15.50954 -37.41434 -100.6492 -20.80901 -37.03846 -101.0707 -20.68821 -36.96665 -93.21454 15.68422 46.13796 -92.10715 20.77916 46.12639 -88.87239 22.63286 -46.69096 -88.87236 22.63286 -46.70253 -92.10712 20.77916 45.70615 -85.2439 44.45961 -46.27071 -85.24387 44.45961 -36.96665 -93.21454 15.68422 -40.63414 -92.42836 19.30118 -40.72485 -92.07849 18.85125 -37.34724 -92.80484 15.50954 -46.11778 -76.47617 47.94203 -46.12244 -76.24658 48.88474 45.55789 -76.24662 48.88473 45.55323 -76.4762 47.94203 45.55789 -76.24662 48.88473 -46.12244 -76.24658 48.88474 -46.27071 -85.24387 44.45961 45.70615 -85.2439 44.45961 -37.03846 -101.0707 -20.68821 36.47388 -101.0707 -20.68821 -46.71937 -92.42812 19.30233 -46.72346 -92.07849 18.85125 57.60192 49.29037 -12.99576 56.58408 49.90631 -13.24435 54.35892 41.76031 -45.24487 53.3454 42.45953 -45.23522 56.26077 43.27191 -28.01691 57.28754 42.68833 -27.55271 54.9614 -53.43677 -36.04256 55.95836 -52.78588 -36.04265 55.57574 -53.43677 -20.26422 54.95269 58.48097 27.38838 56.70415 58.40642 26.69062 55.77291 59.09206 26.26833 54.02145 59.16661 26.9661 55.19557 36.78113 27.38799 56.95093 37.1232 26.66854 -28.81225 -104.3167 116.0531 -28.81225 -104.3167 112.1518 -12.94989 -104.3167 112.1518 -12.94989 -104.3167 116.0531 -32.54249 -97.28939 112.1518 -12.94989 -97.28939 112.1518 -12.94989 -104.3167 112.1518 -28.81225 -104.3167 112.1518 31.97802 -97.28939 112.1518 22.45632 -97.28939 112.1518 22.45632 -97.28939 116.0531 31.97802 -97.28939 116.0531 31.97802 -97.28939 116.0531 22.45632 -97.28939 116.0531 22.45632 -104.3167 116.0531 28.24778 -104.3167 116.0531 -28.81225 -104.3167 116.0531 -32.54249 -97.28939 116.0531 -38.08094 -101.6841 116.0531 -32.22446 -105.7094 116.0531 -32.54249 -97.28939 112.1518 -28.81225 -104.3167 112.1518 -32.22446 -105.7094 112.1518 -38.08094 -101.6841 112.1518 -32.22446 -105.7094 116.0531 -32.22446 -105.7094 112.1518 -34.63767 -126.2486 112.1518 -34.63767 -126.2486 116.0531 -40.14204 -119.4333 116.0531 -40.14204 -119.4333 112.1518 -40.14204 -119.4333 112.1518 -40.84914 -109.2755 112.1518 -33.76366 -109.2755 112.1518 -33.21674 -113.1585 112.1518 -33.21674 -113.1585 112.1518 -33.76366 -109.2755 112.1518 -33.76366 -109.2755 116.0531 -33.21674 -113.1585 116.0531 -30.16842 -115.7035 112.1518 -30.16842 -115.7035 116.0531 -34.63767 -126.2486 112.1518 -40.14204 -119.4333 112.1518 -33.21674 -113.1585 112.1518 -30.16842 -115.7035 112.1518 -40.84914 -109.2755 116.0531 -40.84914 -109.2755 112.1518 -32.54249 -97.28939 116.0531 -32.54249 -97.28939 112.1518 -38.08094 -101.6841 112.1518 -38.08094 -101.6841 116.0531 -40.14204 -119.4333 116.0531 -33.21674 -113.1585 116.0531 -33.76366 -109.2755 116.0531 -40.84914 -109.2755 116.0531 -34.63767 -126.2486 116.0531 -30.16842 -115.7035 116.0531 -33.21674 -113.1585 116.0531 -40.14204 -119.4333 116.0531 -38.08094 -101.6841 112.1518 -32.22446 -105.7094 112.1518 -33.76366 -109.2755 112.1518 -40.84914 -109.2755 112.1518 -32.22446 -105.7094 116.0531 -38.08094 -101.6841 116.0531 -40.84914 -109.2755 116.0531 -33.76366 -109.2755 116.0531 28.24778 -104.3167 112.1518 31.97802 -97.28939 112.1518 37.51646 -101.6841 112.1518 31.65998 -105.7094 112.1518 31.97802 -97.28939 116.0531 28.24778 -104.3167 116.0531 31.65998 -105.7094 116.0531 37.51646 -101.6841 116.0531 28.24778 -104.3167 116.0531 28.24778 -104.3167 112.1518 31.65998 -105.7094 112.1518 31.65998 -105.7094 116.0531 34.0732 -126.2486 116.0531 34.0732 -126.2486 112.1518 39.57756 -119.4333 112.1518 39.57756 -119.4333 116.0531 39.57756 -119.4333 116.0531 40.28466 -109.2755 116.0531 33.19918 -109.2755 116.0531 32.65226 -113.1585 116.0531 32.65226 -113.1585 116.0531 33.19918 -109.2755 116.0531 33.19918 -109.2755 112.1518 32.65226 -113.1585 112.1518 29.60394 -115.7035 116.0531 29.60394 -115.7035 112.1518 34.0732 -126.2486 116.0531 39.57756 -119.4333 116.0531 32.65226 -113.1585 116.0531 29.60394 -115.7035 116.0531 40.28466 -109.2755 112.1518 40.28466 -109.2755 116.0531 37.51646 -101.6841 116.0531 37.51646 -101.6841 112.1518 39.57756 -119.4333 112.1518 32.65226 -113.1585 112.1518 33.19918 -109.2755 112.1518 40.28466 -109.2755 112.1518 34.0732 -126.2486 112.1518 29.60394 -115.7035 112.1518 22.45632 -104.3167 116.0531 22.45632 -104.3167 112.1518 -12.94989 -97.28939 112.1518 -12.94989 -97.28939 116.0531 -32.54249 -97.28939 134.1412 31.97802 -97.28939 134.1412 28.24778 -104.3167 134.1412 -28.81225 -104.3167 134.1412 22.45632 -104.3167 116.0531 22.45632 -97.28939 116.0531 22.45632 -97.28939 112.1518 22.45632 -104.3167 112.1518 25.34583 -120.1289 -41.31175 20.59057 -120.1289 -41.31175 20.59057 -119.1111 -42.32954 25.34583 -119.1111 -42.32954 25.34583 -127.6525 -41.31175 25.34583 -126.6347 -40.29397 20.59057 -126.6347 -40.29397 20.59057 -127.6525 -41.31175 20.59057 -127.6525 -41.31175 20.59057 -126.6347 -40.29397 20.59057 -125.6169 -41.31176 20.59057 -126.6347 -42.32954 20.59057 -126.6347 -42.32954 20.59057 -125.6169 -41.31176 25.34583 -125.6169 -41.31176 25.34583 -126.6347 -42.32954 25.34583 -127.6525 -41.31175 20.59057 -127.6525 -41.31175 20.59057 -126.6347 -42.32954 25.34583 -126.6347 -42.32954 20.59057 -119.1111 -42.32954 20.59057 -118.0933 -41.31176 25.34583 -118.0933 -41.31176 25.34583 -119.1111 -42.32954 20.59057 -120.1289 -41.31175 20.59057 -119.1111 -40.29397 20.59057 -118.0933 -41.31176 20.59057 -119.1111 -42.32954 20.59057 -126.6347 -40.29397 25.34583 -126.6347 -40.29397 25.34583 -125.6169 -41.31176 20.59057 -125.6169 -41.31176 25.34583 -120.1289 -41.31175 25.34583 -119.1111 -40.29397 20.59057 -119.1111 -40.29397 20.59057 -120.1289 -41.31175 20.59057 -119.1111 -40.29397 25.34583 -119.1111 -40.29397 25.34583 -118.0933 -41.31176 20.59057 -118.0933 -41.31176 20.59057 -119.1111 -20.85132 25.34583 -119.1111 -20.85132 25.34583 -118.0933 -21.8691 20.59057 -118.0933 -21.8691 25.34583 -120.1289 -21.8691 25.34583 -119.1111 -20.85132 20.59057 -119.1111 -20.85132 20.59057 -120.1289 -21.8691 27.12712 -117.6449 -24.40866 25.2022 -117.6449 -24.40866 25.2022 -116.1787 -21.8691 27.12712 -116.1787 -21.8691 27.12712 -122.0435 -21.8691 25.2022 -122.0435 -21.8691 25.2022 -120.5773 -24.40866 27.12712 -120.5773 -24.40866 25.34583 -127.6525 -21.8691 20.59057 -127.6525 -21.8691 20.59057 -126.6347 -22.88689 25.34583 -126.6347 -22.88689 27.12712 -129.5671 -21.8691 25.2022 -129.5671 -21.8691 25.2022 -128.1009 -24.40866 27.12712 -128.1009 -24.40866 27.12712 -128.1009 -24.40866 25.2022 -128.1009 -24.40866 25.2022 -125.1685 -24.40866 27.12712 -125.1685 -24.40866 27.12712 -125.1685 -24.40866 25.2022 -125.1685 -24.40866 25.2022 -123.7023 -21.8691 27.12712 -123.7023 -21.8691 25.2022 -125.1685 -19.32954 27.12712 -125.1685 -19.32954 27.12712 -125.1685 -19.32954 25.2022 -125.1685 -19.32954 25.2022 -128.1009 -19.32954 27.12712 -128.1009 -19.32954 27.12712 -128.1009 -19.32954 25.2022 -128.1009 -19.32954 25.2022 -117.6449 -19.32954 27.12712 -117.6449 -19.32954 20.59057 -126.6347 -20.85132 25.34583 -126.6347 -20.85132 25.34583 -125.6169 -21.8691 20.59057 -125.6169 -21.8691 20.59057 -120.1289 -21.8691 20.59057 -119.1111 -20.85132 20.59057 -118.0933 -21.8691 20.59057 -119.1111 -22.88689 27.12712 -120.5773 -24.40866 25.2022 -120.5773 -24.40866 25.2022 -117.6449 -24.40866 27.12712 -117.6449 -24.40866 20.59057 -119.1111 -22.88689 20.59057 -118.0933 -21.8691 25.34583 -118.0933 -21.8691 25.34583 -119.1111 -22.88689 20.59057 -127.6525 -21.8691 20.59057 -126.6347 -20.85132 20.59057 -125.6169 -21.8691 20.59057 -126.6347 -22.88689 27.12712 -117.6449 -19.32954 25.2022 -117.6449 -19.32954 25.2022 -120.5773 -19.32954 27.12712 -120.5773 -19.32954 25.34583 -120.1289 -21.8691 20.59057 -120.1289 -21.8691 20.59057 -119.1111 -22.88689 25.34583 -119.1111 -22.88689 27.12712 -120.5773 -19.32954 25.2022 -120.5773 -19.32954 20.59057 -126.6347 -22.88689 20.59057 -125.6169 -21.8691 25.34583 -125.6169 -21.8691 25.34583 -126.6347 -22.88689 25.34583 -127.6525 -21.8691 25.34583 -126.6347 -20.85132 20.59057 -126.6347 -20.85132 20.59057 -127.6525 -21.8691 26.39261 42.0861 -45.4958 26.39261 42.0861 -45.4958 26.39261 42.83727 -27.6991 56.6305 42.83727 -27.69911 53.56013 42.08609 -45.49581 26.39262 49.49769 -13.02383 57.02999 49.49769 -13.02385 26.39263 76.48854 -4.360241 54.36069 76.48854 -4.360249 26.39262 59.10751 -4.321499 56.93044 59.10751 -4.321506 56.93044 59.10751 -4.321506 -54.12463 42.08613 -45.49577 -57.19498 42.8373 -27.69906 -26.9571 42.83729 -27.69908 -26.95711 42.08611 -45.49578 -57.59446 49.49773 -13.0238 -26.95709 49.49771 -13.02381 -57.49489 59.10754 -4.321461 -26.95709 59.10754 -4.321476 36.95516 -101.045 -45.4958 36.95516 -104.9984 -41.06605 -37.51975 -104.9984 -41.06602 -37.51975 -101.0449 -45.49577 -37.51975 -104.9984 -41.06602 36.95516 -104.9984 -41.06605 36.95518 -94.06113 9.803242 -37.51972 -94.0611 9.803274 -27.29602 92.57489 34.29012 -27.29603 92.57489 12.27825 26.73155 92.57488 12.27822 26.73156 92.57488 34.2901 -25.25888 -100.7978 130.0579 -12.73063 -100.7978 130.0578 -12.73063 -98.96377 125.63 -25.25888 -98.96377 125.63 -25.25888 -109.6535 121.2022 -12.73063 -109.6535 121.2022 -12.73063 -111.4876 125.63 -25.25888 -111.4876 125.63 -25.25888 -109.6535 130.0578 -12.73063 -109.6535 130.0578 -12.73063 -105.2257 131.8919 -25.25888 -105.2257 131.8919 -25.25888 -100.7978 121.2022 -12.73063 -100.7978 121.2022 -12.73063 -105.2257 119.3681 -25.25888 -105.2257 119.3681 -25.25888 -105.2257 131.8919 -12.73063 -105.2257 131.8919 -12.73063 -100.7978 130.0578 -25.25888 -100.7978 130.0579 -12.73063 -109.6535 130.0578 -25.25888 -109.6535 130.0578 -12.73063 -109.6535 121.2022 -25.25888 -109.6535 121.2022 -12.73063 -100.7978 121.2022 -25.25888 -100.7978 121.2022 -25.84668 -42.4225 80.89887 -26.02771 -42.77038 82.3857 -27.53958 -42.51932 82.26035 -27.35855 -42.17143 80.77353 -25.24918 -39.88896 81.34685 -25.84668 -42.4225 80.89887 -27.35855 -42.17143 80.77353 -27.17464 -39.56921 81.18724 -29.03291 -55.05746 78.55724 -28.60651 -55.32484 79.01898 -26.77717 -42.64397 82.01129 -27.20357 -42.3766 81.54955 -27.37409 -62.72401 58.08689 -28.12661 -62.99178 58.1719 -28.44148 -66.24432 53.24172 -25.86619 -65.32793 52.9508 -27.48908 -37.59753 80.9365 -27.57042 -38.75999 80.75266 -27.93206 -39.45494 83.72281 -27.87305 -38.33538 84.09001 -24.28245 -38.13002 81.20233 -27.48908 -37.59753 80.9365 -27.87305 -38.33538 84.09001 -24.66642 -38.86788 84.35585 -27.87305 -38.33538 84.09001 -27.93206 -39.45494 83.72281 -24.91193 -39.95647 83.97319 -24.66642 -38.86788 84.35585 -24.28245 -38.13002 81.20233 -24.55029 -39.26152 81.00305 -27.57042 -38.75999 80.75266 -27.48908 -37.59753 80.9365 -24.66642 -38.86788 84.35585 -24.91193 -39.95647 83.97319 -24.55029 -39.26152 81.00305 -24.28245 -38.13002 81.20233 -25.47974 -40.33201 83.24047 -26.02771 -42.77038 82.3857 -25.84668 -42.4225 80.89887 -25.24918 -39.88896 81.34685 -27.17464 -39.56921 81.18724 -27.35855 -42.17143 80.77353 -27.53958 -42.51932 82.26035 -27.4052 -40.01227 83.08084 -25.24918 -39.88896 81.34685 -27.17464 -39.56921 81.18724 -27.93206 -39.45494 83.72281 -27.4052 -40.01227 83.08084 -25.47974 -40.33201 83.24047 -24.91193 -39.95647 83.97319 -28.07868 -55.20005 78.60381 -28.50509 -54.93265 78.14208 -26.67576 -42.25178 81.13437 -26.24935 -42.51918 81.59613 -28.50509 -54.93265 78.14208 -26.67576 -42.25178 81.13437 -27.4052 -40.01227 83.08084 -27.53958 -42.51932 82.26035 -26.02771 -42.77038 82.3857 -25.47974 -40.33201 83.24047 -27.17464 -39.56921 81.18724 -27.4052 -40.01227 83.08084 -25.24918 -39.88896 81.34685 -24.55029 -39.26152 81.00305 -21.678 -56.37791 74.82395 -21.13345 -55.98369 74.70316 -20.92486 -53.04337 77.69181 -21.45016 -53.1362 78.11843 -28.61317 -61.74325 57.79762 -27.86064 -61.47547 57.7126 -27.5313 -61.05519 51.66992 -30.10659 -61.97158 51.96086 -28.68944 -57.36741 75.23201 -27.98767 -62.17934 57.30667 -28.53404 -62.58005 57.39287 -29.23581 -57.76814 75.31818 -28.82673 -58.29219 75.4749 -29.23581 -57.76814 75.31818 -28.28037 -57.89147 75.38872 -27.5786 -62.70338 57.46337 -27.98767 -62.17934 57.30667 -28.68944 -57.36741 75.23201 -28.53404 -62.58005 57.39287 -28.12496 -63.10411 57.54953 -29.03291 -55.05746 78.55724 -28.50509 -54.93265 78.14208 -28.82673 -58.29219 75.4749 -28.12496 -63.10411 57.54953 -27.5786 -62.70338 57.46337 -28.28037 -57.89147 75.38872 -27.2411 -61.96585 57.85725 -27.37409 -62.72401 58.08689 -25.86619 -65.32793 52.9508 -25.4111 -62.73337 52.16488 -28.60651 -55.32484 79.01898 -26.77717 -42.64397 82.01129 -28.74615 -62.5014 58.02727 -30.56167 -64.56613 52.74676 -28.74615 -62.5014 58.02727 -28.61317 -61.74325 57.79762 -30.10659 -61.97158 51.96086 -30.56167 -64.56613 52.74676 -27.2411 -61.96585 57.85725 -25.4111 -62.73337 52.16488 -13.68397 -58.27638 75.58023 -13.21923 -57.79204 75.45394 -13.1983 -55.09177 78.66788 -13.66305 -55.29962 79.12322 42.92474 -98.87111 19.19102 44.78444 -99.35485 16.0064 44.78444 -85.41481 13.88887 42.92474 -84.93108 17.0735 37.34556 -99.35485 16.0064 39.20527 -98.87111 19.19102 39.20527 -84.93108 17.0735 37.34556 -85.41483 13.88886 43.20064 -106.1239 14.97834 43.20064 -108.67 14.97833 34.97868 -108.67 14.97833 34.97868 -106.1239 14.97834 43.20064 -108.67 19.38837 43.20064 -106.1239 19.38837 34.97868 -106.1239 19.38837 34.97868 -108.67 19.38837 40.17745 -106.3569 15.52094 39.28991 -106.126 17.04079 39.28991 -99.47316 16.0302 40.17745 -99.70403 14.51035 42.84011 -106.126 17.04079 41.95256 -106.3569 15.52094 41.95256 -99.70403 14.51035 42.84011 -99.47315 16.03021 39.20527 -99.83861 12.82179 39.20527 -85.89856 10.70425 39.20527 -98.87111 19.19102 42.92474 -98.87111 19.19102 42.92474 -84.93108 17.0735 39.20527 -84.93108 17.0735 43.20064 -109.943 17.18335 43.20064 -108.67 19.38837 34.97868 -108.67 19.38837 34.97868 -109.943 17.18335 41.95256 -105.8952 18.56065 41.95256 -99.24229 17.55007 41.95256 -106.3569 15.52094 40.17745 -106.3569 15.52094 40.17745 -99.70403 14.51035 41.95256 -99.70403 14.51035 42.92474 -99.83861 12.82179 39.20527 -99.83861 12.82179 39.20527 -85.89856 10.70425 42.92474 -85.89856 10.70425 42.92474 -99.83861 12.82179 42.92474 -85.89856 10.70425 43.20064 -106.1239 19.38837 43.20064 -104.8508 17.18335 34.97868 -104.8508 17.18335 34.97868 -106.1239 19.38837 43.20064 -106.1239 14.97834 34.97868 -106.1239 14.97834 43.20064 -108.67 14.97833 34.97868 -108.67 14.97833 40.17745 -105.8952 18.56065 41.95256 -105.8952 18.56065 41.95256 -99.24229 17.55007 40.17745 -99.24229 17.55007 40.17745 -105.8952 18.56065 40.17745 -99.24229 17.55007 -25.91674 -125.6148 -21.8691 -21.16148 -125.6148 -21.8691 -21.16148 -126.6326 -22.88689 -25.91674 -126.6326 -22.88689 -27.69803 -117.6428 -19.32954 -25.77311 -117.6428 -19.32954 -25.77311 -116.1766 -21.8691 -27.69803 -116.1766 -21.8691 -21.16148 -119.109 -20.85132 -25.91674 -119.109 -20.85132 -25.91674 -120.1268 -21.8691 -21.16148 -120.1268 -21.8691 -27.69803 -120.5752 -19.32954 -25.77311 -120.5752 -19.32954 -25.77311 -117.6428 -19.32954 -27.69803 -117.6428 -19.32954 -27.69803 -122.0414 -21.8691 -25.77311 -122.0414 -21.8691 -25.77311 -120.5752 -19.32954 -27.69803 -120.5752 -19.32954 -25.91674 -118.0912 -21.8691 -25.91674 -119.109 -20.85132 -21.16148 -119.109 -20.85132 -21.16148 -118.0912 -21.8691 -27.69803 -120.5752 -24.40866 -25.77311 -120.5752 -24.40866 -21.16148 -118.0912 -21.8691 -21.16148 -119.109 -20.85132 -21.16148 -120.1268 -21.8691 -21.16148 -119.109 -22.88689 -27.69803 -117.6428 -24.40866 -25.77311 -117.6428 -24.40866 -25.77311 -120.5752 -24.40866 -27.69803 -120.5752 -24.40866 -25.77311 -117.6428 -24.40866 -27.69803 -117.6428 -24.40866 -25.91674 -118.0912 -21.8691 -21.16148 -118.0912 -21.8691 -21.16148 -119.109 -22.88689 -25.91674 -119.109 -22.88689 -27.69803 -123.7002 -21.8691 -25.77311 -123.7002 -21.8691 -25.77311 -125.1664 -24.40866 -27.69803 -125.1664 -24.40866 -21.16148 -126.6326 -22.88689 -21.16148 -127.6504 -21.8691 -25.91674 -127.6504 -21.8691 -25.91674 -126.6326 -22.88689 -27.69803 -125.1664 -24.40866 -25.77311 -125.1664 -24.40866 -25.77311 -128.0988 -24.40866 -27.69803 -128.0988 -24.40866 -21.16148 -125.6148 -21.8691 -21.16148 -126.6326 -20.85132 -21.16148 -127.6504 -21.8691 -21.16148 -126.6326 -22.88689 -27.69803 -128.0988 -24.40866 -25.77311 -128.0988 -24.40866 -25.77311 -129.565 -21.8691 -27.69803 -129.565 -21.8691 -25.91674 -125.6148 -21.8691 -25.91674 -126.6326 -20.85132 -21.16148 -126.6326 -20.85132 -21.16148 -125.6148 -21.8691 -25.77311 -128.0988 -19.32954 -27.69803 -128.0988 -19.32954 -27.69803 -128.0988 -19.32954 -25.77311 -128.0988 -19.32954 -25.77311 -125.1664 -19.32954 -27.69803 -125.1664 -19.32954 -21.16148 -126.6326 -20.85132 -25.91674 -126.6326 -20.85132 -25.91674 -127.6504 -21.8691 -21.16148 -127.6504 -21.8691 -27.69803 -125.1664 -19.32954 -25.77311 -125.1664 -19.32954 -21.16148 -119.109 -22.88689 -21.16148 -120.1268 -21.8691 -25.91674 -120.1268 -21.8691 -25.91674 -119.109 -22.88689 -21.16148 -126.6326 -40.29397 -25.91674 -126.6326 -40.29397 -25.91674 -127.6504 -41.31176 -21.16148 -127.6504 -41.31176 -25.91674 -125.6148 -41.31175 -25.91674 -126.6326 -40.29397 -21.16148 -126.6326 -40.29397 -21.16148 -125.6148 -41.31175 -21.16148 -125.6148 -41.31175 -21.16148 -126.6326 -40.29397 -21.16148 -127.6504 -41.31176 -21.16148 -126.6326 -42.32954 -21.16148 -126.6326 -42.32954 -21.16148 -127.6504 -41.31176 -25.91674 -127.6504 -41.31176 -25.91674 -126.6326 -42.32954 24.05757 -113.2062 -32.81017 24.05767 -111.9009 126.1469 22.80767 -111.9009 126.1469 22.80757 -113.2062 -32.81017 24.05767 -110.9009 125.6732 24.05757 -112.2062 -30.49649 22.80757 -112.2062 -30.49649 22.80767 -110.9009 125.6732 24.05767 -111.9009 126.1469 24.05757 -113.2062 -32.81017 24.05757 -112.2062 -30.49649 24.05767 -110.9009 125.6732 22.80757 -113.2062 -32.81017 22.80767 -111.9009 126.1469 22.80767 -110.9009 125.6732 22.80757 -112.2062 -30.49649 -25.24682 -105.2257 -24.48057 -12.64763 -105.2257 -24.48057 -12.64763 -99.68981 -26.7736 -25.24682 -99.68981 -26.7736 -25.24682 -110.7615 -26.7736 -12.64763 -110.7615 -26.7736 -25.24682 -113.0545 -32.30945 -12.64763 -113.0545 -32.30945 -12.64763 -110.7615 -26.7736 -25.24682 -110.7615 -26.7736 -25.24682 -110.7615 -37.84529 -12.64763 -110.7615 -37.8453 -25.24682 -105.2257 -40.13832 -12.64763 -105.2257 -40.13832 -12.64763 -110.7615 -37.8453 -25.24682 -110.7615 -37.84529 -25.24682 -99.68981 -37.84529 -12.64763 -99.68981 -37.8453 -23.43383 -113.2061 -32.43535 -23.43373 -111.0558 126.4481 -24.68373 -111.0558 126.4481 -24.68383 -113.2061 -32.43535 -24.68373 -97.84528 115.5806 -24.68372 -98.34735 126.8393 -23.43372 -98.34736 126.8393 -23.43373 -97.84529 115.5806 -23.43373 -110.0558 126.3528 -23.43383 -112.2061 -30.47694 -24.68383 -112.2061 -30.47694 -24.68373 -110.0558 126.3528 -23.43372 -99.20224 125.6301 -24.68372 -99.20223 125.6301 -24.68373 -98.84339 115.6423 -23.43373 -98.84339 115.6423 -23.43373 -111.0558 126.4481 -23.43383 -113.2061 -32.43535 -23.43383 -112.2061 -30.47694 -23.43373 -110.0558 126.3528 -24.68383 -113.2061 -32.43535 -24.68373 -111.0558 126.4481 -24.68373 -110.0558 126.3528 -24.68383 -112.2061 -30.47694 -24.68372 -99.20223 125.6301 -24.68372 -98.34735 126.8393 -24.68373 -97.84528 115.5806 -24.68373 -98.84339 115.6423 -23.43373 -98.84339 115.6423 -23.43373 -97.84529 115.5806 -23.43372 -98.34736 126.8393 -23.43372 -99.20224 125.6301 -27.29604 88.43072 12.27822 -27.29604 88.43072 34.29009 26.73154 88.43071 34.29009 26.73154 88.4307 12.27822 -40.74836 -105.8952 18.56065 -40.74836 -99.24229 17.55007 -42.52347 -99.24229 17.55007 -42.52347 -105.8952 18.56065 -40.74836 -106.3569 15.52094 -40.74836 -99.70403 14.51035 -39.86082 -99.47316 16.0302 -39.86082 -106.126 17.04079 -40.74836 -99.24229 17.55007 -40.74836 -105.8952 18.56065 -42.52347 -106.3569 15.52094 -42.52347 -99.70403 14.51035 -40.74836 -99.70403 14.51035 -40.74836 -106.3569 15.52094 -42.52347 -105.8952 18.56065 -42.52347 -99.24229 17.55007 -43.41101 -99.47315 16.03021 -43.41101 -106.126 17.04079 -42.52347 -99.70403 14.51035 -42.52347 -106.3569 15.52094 -52.47225 81.00103 -37.16033 47.1913 81.00102 -37.16033 47.1913 77.52863 -43.1747 -52.47225 77.52863 -43.1747 -52.47225 77.52863 -43.1747 47.1913 77.52863 -43.1747 47.1913 70.58383 -43.1747 -52.47225 70.58383 -43.1747 47.1913 67.11142 -37.16033 -52.47225 67.11143 -37.16033 47.1913 70.58383 -31.14596 -52.47225 70.58383 -31.14596 47.1913 77.52863 -31.14596 -52.47225 77.52863 -31.14596 -40.39682 -91.57536 4.268581 -58.16189 -91.57536 4.268589 -40.39683 -74.66404 -0.2627754 57.17021 -54.54241 -38.43325 37.1718 -54.54241 -38.43325 -30.53799 -142.0265 -19.45724 -30.53799 -137.0422 -19.45455 -19.8469 -137.0422 -19.45455 -19.8469 -142.0265 -19.45724 -19.8469 -142.0265 -10.23822 -30.53799 -142.0265 -10.23822 -30.53799 -142.0265 -19.45724 -19.8469 -142.0265 -19.45724 -30.53799 -142.0265 -10.23822 -30.53799 -137.0422 -19.45455 -30.53799 -142.0265 -19.45724 19.27515 -142.0265 -19.45724 19.27515 -137.0422 -19.45455 29.96625 -137.0422 -19.45455 29.96625 -142.0265 -19.45724 29.96625 -142.0265 -10.23822 19.27515 -142.0265 -10.23822 19.27515 -142.0265 -19.45724 29.96625 -142.0265 -19.45724 19.27515 -142.0265 -10.23822 19.27515 -137.0422 -19.45455 19.27515 -142.0265 -19.45724 -0.2822468 107.6489 46.8805 -0.2822537 61.77881 46.91334 22.85318 61.77881 46.45758 22.85318 103.5057 46.39252 -0.2822537 61.77881 46.91334 -0.2822537 61.77881 45.9523 22.85318 61.77881 45.49655 22.85318 61.77881 46.45758 41.87564 96.90554 45.36973 40.7714 100.7752 42.68003 22.85318 107.3753 43.49227 -0.2822464 110.3232 29.52494 -23.41768 105.6588 29.52494 -23.41768 108.9979 31.08299 -0.2822537 113.7771 31.08299 -0.2822537 113.7771 31.08299 -0.2822533 111.5185 43.9539 22.85318 107.3753 43.49227 22.85318 109.5191 31.08299 43.07711 94.49822 42.69881 42.26164 97.96907 40.80767 40.7714 100.7752 42.68003 41.87564 96.90554 45.36973 43.69403 61.77881 45.42093 40.7714 100.7752 42.68003 38.09858 103.4058 31.08299 38.09858 103.4058 31.08299 42.39632 96.80461 40.53277 43.07726 93.81296 41.69563 -23.41768 102.9845 46.39252 -0.2822533 111.5185 43.9539 -23.41768 106.8541 43.49227 44.8955 61.77885 42.75001 43.69403 61.77881 45.42093 44.89565 61.77885 41.74683 43.69403 61.77881 44.4599 43.69403 61.77881 45.42093 -23.41768 61.77881 46.45758 -23.41768 61.77881 46.45758 -23.41768 61.77881 45.49655 -42.44014 96.90554 45.36973 -41.3359 100.7752 42.68003 -23.41768 108.9979 31.08299 -23.41768 106.8541 43.49227 22.85318 106.18 29.52494 22.85318 109.5191 31.08299 -43.6416 94.49822 42.69881 -42.44014 96.90554 45.36973 -41.3359 100.7752 42.68003 -42.82614 97.96907 40.80767 -44.25853 61.77881 45.42093 -38.66308 103.4058 31.08299 -41.3359 100.7752 42.68003 -38.66308 103.4058 31.08299 -42.96081 96.80461 40.53277 -43.64176 93.81296 41.69563 -45.45999 61.77885 42.75001 -44.25853 61.77881 45.42093 -45.46015 61.77885 41.74683 -44.25853 61.77881 44.4599 -44.25853 61.77881 45.42093 49.32124 48.69154 49.89119 48.69036 50.17889 69.38767 48.67496 47.77148 69.38159 49.30528 46.15043 49.89119 44.76335 47.818 69.38172 45.17984 46.20127 49.89119 49.30528 46.15043 49.89119 48.67496 47.77148 69.38159 44.74528 62.3677 69.41973 45.16112 62.09845 49.89119 45.17984 46.20127 49.89119 44.76335 47.818 69.38172 51.2114 62.3677 69.41973 51.86263 62.09845 49.89119 45.16112 62.09845 49.89119 44.74528 62.3677 69.41973 51.22936 50.17891 69.38767 51.88124 48.69155 49.89119 51.86263 62.09845 49.89119 51.2114 62.3677 69.41973 48.69036 50.17889 69.38767 49.32124 48.69154 49.89119 51.88124 48.69155 49.89119 51.22936 50.17891 69.38767 49.66361 58.59026 98.47277 49.68062 48.2399 98.4424 47.11517 48.23988 98.4424 49.68062 48.2399 98.4424 47.10058 45.71694 98.43665 48.67496 47.77148 69.38159 48.69036 50.17889 69.38767 47.11517 48.23988 98.4424 43.55534 45.75796 98.43675 47.10058 45.71694 98.43665 43.53823 58.59026 98.47277 44.74528 62.3677 69.41973 44.76335 47.818 69.38172 43.55534 45.75796 98.43675 49.66361 58.59026 98.47277 43.53823 58.59026 98.47277 46.37039 43.60121 138.7885 43.8023 43.6012 138.7885 46.35468 51.87996 139.0861 46.37039 43.60121 138.7885 40.7 51.87996 139.0861 46.35468 51.87996 139.0861 43.55534 45.75796 98.43675 40.71579 41.10986 138.7188 40.7 51.87996 139.0861 43.53823 58.59026 98.47277 43.78883 41.07543 138.7177 40.71579 41.10986 138.7188 47.11517 48.23988 98.4424 43.8023 43.6012 138.7885 43.78883 41.07543 138.7177 47.10058 45.71694 98.43665 51.96667 45.30551 37.7585 51.94807 60.61719 37.7585 45.26528 42.81522 37.7585 49.39072 42.76438 37.7585 49.30528 46.15043 49.89119 49.39072 42.76438 37.7585 49.40667 45.3055 37.7585 49.32124 48.69154 49.89119 45.16112 62.09845 49.89119 45.24656 60.61719 37.7585 45.26528 42.81522 37.7585 45.17984 46.20127 49.89119 49.40667 45.3055 37.7585 51.96667 45.30551 37.7585 45.26528 35.96877 27.47479 45.24656 60.61719 37.7585 45.24656 59.1382 27.47479 45.26528 35.96877 27.47479 45.26528 42.81522 37.7585 52.93497 45.30551 37.27808 45.26528 33.29092 25.22757 52.93497 45.30551 37.27808 52.93497 36.62949 28.05069 52.91636 59.1382 28.04676 52.91636 60.61719 37.27808 51.96667 45.30551 37.7585 52.93497 45.30551 37.27808 52.91636 60.61719 37.27808 51.94807 60.61719 37.7585 52.91636 60.61719 37.27808 52.91636 59.1382 28.04676 52.93497 36.62949 28.05069 55.75733 36.62949 28.05069 55.60764 59.1382 28.04676 52.91636 59.1382 28.04676 55.88242 33.26551 25.22757 55.88242 33.26551 24.33451 55.75733 36.62949 27.15763 55.75733 36.62949 28.05069 45.26528 33.29092 25.22757 45.26528 33.29092 24.33451 55.88242 33.26551 24.33451 55.88242 33.26551 25.22757 55.75733 36.62949 28.05069 55.75733 36.62949 27.15763 55.60764 59.1382 27.15369 55.60764 59.1382 28.04676 55.87676 89.49413 -4.492065 55.01969 92.35672 -4.490383 55.6762 59.30118 26.28094 56.56491 59.32806 -4.549095 57.50398 59.4275 -4.487884 56.60199 59.40156 26.89608 51.50298 93.2807 39.35404 52.77671 91.27059 39.97036 51.30842 90.30042 41.79015 51.89761 61.51672 41.77173 53.49057 61.23549 39.94625 56.60199 59.40156 26.89608 57.50398 59.4275 -4.487884 -0.2822239 113.452 11.3193 29.77147 106.0909 11.8499 -0.2822239 114.4226 10.31129 45.30075 61.86861 42.53963 42.95904 96.3143 42.37319 44.89614 94.90575 42.98603 42.95904 96.3143 42.37319 53.90229 92.35683 26.97454 55.01969 92.35672 -4.490383 44.97512 99.48017 -4.490349 44.97258 98.65779 -4.601807 29.60493 105.8034 -4.597691 29.60442 106.7285 -4.491772 -0.2822239 114.4016 -4.46883 -30.16429 106.916 -4.339043 -30.16365 107.1476 10.77325 53.06152 94.44954 -4.492958 52.47319 93.6884 -4.606071 55.87676 89.49413 -4.492065 57.50398 59.4275 -4.487884 56.56491 59.32806 -4.549095 54.92337 89.36162 -4.612606 56.60199 59.40156 26.89608 55.02795 89.11995 26.69831 54.14972 91.09555 27.3499 54.75787 59.56111 27.84032 54.75787 59.56111 27.84032 45.30075 61.86861 42.53963 45.47929 61.68211 41.75098 36.52245 88.58728 22.82954 40.05493 88.58444 34.46284 35.45949 103.282 15.89466 32.98682 88.5903 16.24229 35.45949 103.282 15.89466 29.77147 106.0909 11.8499 29.05837 88.59484 14.1492 32.98682 88.5903 16.24229 -0.2822239 113.4376 -4.59874 -0.2822239 114.4016 -4.46883 35.45949 103.282 15.89466 -55.32238 59.56113 27.84032 -54.05508 61.2355 39.94625 -56.44126 89.49416 -4.492065 -58.06848 59.42752 -4.487884 -57.1665 59.40158 26.89608 -52.46212 61.51674 41.77173 -45.46064 94.90578 42.98603 -47.42467 61.75653 42.89405 -45.86525 61.86862 42.53964 -43.52354 96.31432 42.37319 -55.58419 92.35672 -4.490383 -53.62601 94.44957 -4.492958 -51.87292 90.30045 41.79015 -30.1642 106.1162 -4.609695 -45.5415 98.65781 -4.601807 -45.5417 99.48023 -4.490345 -30.16429 106.916 -4.339043 29.60442 106.7285 -4.491772 -53.03769 93.68842 -4.606071 -53.62601 94.44957 -4.492958 -37.08695 88.5873 22.82956 -40.61943 88.58446 34.46284 -51.87292 90.30045 41.79015 -52.46212 61.51674 41.77173 -57.1665 59.40158 26.89608 -56.24071 59.30119 26.28094 -33.55132 88.59032 16.2423 -36.02399 103.282 15.89466 -29.62284 88.59487 14.1492 -30.33597 106.0909 11.8499 -36.02399 103.282 15.89466 -33.55132 88.59032 16.2423 -0.2822231 88.6081 13.6916 -0.2822239 113.452 11.3193 -58.06848 59.42752 -4.487884 -57.12941 59.32808 -4.549099 -55.48786 89.36164 -4.61261 -57.12941 59.32808 -4.549099 -58.06848 59.42752 -4.487884 -56.44126 89.49416 -4.492065 -54.71422 91.09558 27.3499 -55.59245 89.11995 26.69832 -57.1665 59.40158 26.89608 -55.32238 59.56113 27.84032 -45.86525 61.86862 42.53964 -46.0438 61.68213 41.75098 -30.33597 106.0909 11.8499 -51.61214 93.288 -12.61393 -51.157 92.70165 -12.55442 -53.62609 90.60833 -9.872757 -52.10393 92.5113 -9.660837 -50.66739 96.34828 -12.34632 -51.61214 93.288 -12.61393 51.53944 92.51129 -4.327457 51.53944 92.51129 -9.660837 14.0669 97.65855 -4.357777 23.02681 106.4298 -4.393669 50.1029 96.34827 -12.34632 51.09826 93.24695 -12.60565 54.35467 77.12709 -4.327476 53.85036 76.97752 -4.327476 53.83929 77.1238 -4.822681 54.35467 77.12709 -4.481167 -54.89787 77.40858 -4.327476 -54.89944 77.38787 -4.538872 -54.38506 77.37124 -4.878849 -54.41485 76.97753 -4.327476 -41.62816 -32.35374 133.6042 -40.86645 -36.0926 142.9276 -41.69272 -52.21479 132.7362 -42.18598 -45.2569 125.4617 -41.3981 -16.3635 136.8415 -44.47443 -16.37879 137.395 -44.35026 40.51346 139.0315 -40.33868 51.49843 148.7983 -45.57769 51.51817 148.4107 -45.76671 -17.03737 146.4381 -40.52943 -17.08611 146.825 -44.6498 -33.15898 135.9522 -44.39454 -16.51811 139.332 -44.47443 -16.37879 137.395 -44.70894 -32.43801 134.1427 -44.2639 40.45766 140.9712 -44.39454 -16.51811 139.332 -46.84689 -16.51887 139.3426 -46.7162 40.45735 140.9819 -46.09828 -35.84452 142.5839 -40.86645 -36.0926 142.9276 -45.27035 -46.76304 127.3635 -45.27749 -45.4213 125.9495 -46.91067 -51.75881 132.5239 -41.69272 -52.21479 132.7362 -46.1398 -55.79397 114.1801 -46.10539 -54.03549 113.3574 -41.62816 -32.35374 133.6042 -42.18598 -45.2569 125.4617 -45.27749 -45.4213 125.9495 -44.70894 -32.43801 134.1427 -47.93407 -62.3385 117.1437 -42.72902 -62.92834 117.1677 -47.94551 -67.73434 82.96047 -47.89112 -65.90964 82.30841 -43.00715 -53.81008 112.9566 -46.10539 -54.03549 113.3574 -49.81303 -74.51803 85.3082 -44.61057 -75.11124 85.32399 -49.30176 -78.8078 48.53855 -49.22903 -76.94542 48.00399 -44.78547 -65.65335 81.98683 -47.89112 -65.90964 82.30841 -51.23617 -85.72194 50.47966 -46.03498 -86.30263 50.53469 -49.93522 -88.34337 10.00057 -49.85182 -86.38166 9.920942 -46.11533 -76.65465 47.78964 -49.22903 -76.94542 48.00399 -51.9076 -95.58713 10.41069 -46.70718 -96.16478 10.44973 -46.93017 51.78085 139.3969 -46.91211 51.79666 138.8019 -46.89449 45.04788 138.6083 -46.89016 43.43871 139.0821 -46.73448 -86.05791 9.827993 -49.85182 -86.38166 9.920942 -46.7162 40.45735 140.9819 -46.84689 -16.51887 139.3426 -45.76671 -17.03737 146.4381 -45.57769 51.51817 148.4107 -46.09828 -35.84452 142.5839 -47.10216 -33.16292 135.9621 -44.6498 -33.15898 135.9522 -47.10216 -33.16292 135.9621 -45.27035 -46.76304 127.3635 -47.72283 -46.7704 127.3713 -46.1398 -55.79397 114.1801 -48.59238 -55.80363 114.1846 -47.94551 -67.73434 82.96047 -50.39841 -67.74436 82.96405 -49.30176 -78.8078 48.53855 -51.75502 -78.81803 48.54149 -49.93522 -88.34337 10.00057 -52.38864 -88.35391 10.00203 -46.91067 -51.75881 132.5239 -47.72283 -46.7704 127.3713 -47.93407 -62.3385 117.1437 -48.59238 -55.80363 114.1846 -49.81303 -74.51803 85.3082 -50.39841 -67.74436 82.96405 -51.23617 -85.72194 50.47966 -51.75502 -78.81803 48.54149 -51.9076 -95.58713 10.41069 -52.38864 -88.35391 10.00203 -46.93017 51.78085 139.3969 -46.89016 43.43871 139.0821 -42.72902 -62.92834 117.1677 -43.00715 -53.81008 112.9566 -44.61057 -75.11124 85.32399 -44.78547 -65.65335 81.98683 -46.03498 -86.30263 50.53469 -46.11533 -76.65465 47.78964 -46.73448 -86.05791 9.827993 -46.70718 -96.16478 10.44973 -46.89016 43.43871 139.0821 -44.45518 43.42494 139.0817 -45.57769 51.51817 148.4107 -40.33868 51.49843 148.7983 -41.3981 -16.3635 136.8415 -40.52943 -17.08611 146.825 -44.45518 43.42494 139.0817 -43.77155 -104.8508 17.18335 -35.54959 -104.8508 17.18335 -35.54959 -106.1239 14.97834 -43.77155 -106.1239 14.97834 -43.77155 -106.1239 14.97834 -35.54959 -106.1239 14.97834 -35.54959 -108.67 14.97833 -43.77155 -108.67 14.97833 -43.77155 -108.67 14.97833 -35.54959 -108.67 14.97833 -35.54959 -109.943 17.18335 -43.77155 -109.943 17.18335 -35.54959 -108.67 19.38837 -43.77155 -108.67 19.38837 -43.77155 -108.67 19.38837 -35.54959 -108.67 19.38837 -35.54959 -106.1239 19.38837 -43.77155 -106.1239 19.38837 -43.77155 -106.1239 19.38837 -35.54959 -106.1239 19.38837 -39.77618 -98.87111 19.19102 -39.77618 -84.93108 17.0735 -43.49565 -84.93108 17.0735 -43.49565 -98.87111 19.19102 -39.77618 -99.83861 12.82179 -39.77618 -85.89856 10.70425 -37.91647 -85.41483 13.88886 -37.91647 -99.35485 16.0064 -39.77618 -84.93108 17.0735 -39.77618 -98.87111 19.19102 -43.49565 -99.83861 12.82179 -43.49565 -85.89856 10.70425 -39.77618 -85.89856 10.70425 -39.77618 -99.83861 12.82179 -43.49565 -98.87111 19.19102 -43.49565 -84.93108 17.0735 -45.35535 -85.41481 13.88887 -45.35535 -99.35485 16.0064 -43.49565 -85.89856 10.70425 -43.49565 -99.83861 12.82179 36.40208 -93.21456 15.68422 36.78267 -92.80486 15.50953 -34.74326 -130.3738 -51.52377 -34.74326 -130.3738 139.8029 -34.74326 -115.3699 139.8029 -34.74326 -115.3699 -51.5238 -34.74326 -115.3699 -51.5238 -34.74326 -115.3699 139.8029 -29.76941 -115.3699 139.8029 -29.76941 -115.3699 -51.5238 -29.76941 -115.3699 -51.5238 -29.76941 -115.3699 139.8029 -29.76941 -130.3738 139.8029 -29.76941 -130.3738 -51.52377 -29.76941 -130.3738 -51.52377 -29.76941 -130.3738 139.8029 -34.74326 -130.3738 139.8029 -34.74326 -130.3738 -51.52377 -29.76941 -115.3699 139.8029 -34.74326 -115.3699 139.8029 -34.74326 -130.3738 139.8029 -29.76941 -130.3738 139.8029 -28.77149 -115.3699 -51.5238 -28.77149 -115.3699 139.8029 -24.77804 -115.3699 139.8029 -24.77804 -115.3699 -51.5238 -24.77804 -128.4158 -51.52378 -24.77804 -128.4158 139.8029 -24.77804 -130.3738 139.8029 -24.77804 -130.3738 -51.52377 -27.76191 -117.3279 139.8029 -28.77149 -115.3699 139.8029 -28.77149 -130.3738 139.8029 -27.76191 -128.4158 139.8029 -24.77804 -115.3699 -51.5238 -24.77804 -115.3699 139.8029 -24.77804 -117.3279 139.8029 -24.77804 -117.3279 -51.52379 -27.76191 -117.3279 -51.52379 -24.77804 -117.3279 -51.52379 -24.77804 -117.3279 139.8029 -27.76191 -117.3279 139.8029 -28.77149 -130.3738 -51.52377 -28.77149 -130.3738 139.8029 -28.77149 -115.3699 139.8029 -28.77149 -115.3699 -51.5238 -24.77804 -115.3699 139.8029 -28.77149 -115.3699 139.8029 -27.76191 -117.3279 139.8029 -24.77804 -117.3279 139.8029 -24.77804 -128.4158 139.8029 -27.76191 -128.4158 139.8029 -28.77149 -130.3738 139.8029 -24.77804 -130.3738 139.8029 -24.77804 -130.3738 -51.52377 -24.77804 -130.3738 139.8029 -28.77149 -130.3738 139.8029 -28.77149 -130.3738 -51.52377 -27.76191 -128.4158 -51.52378 -27.76191 -117.3279 -51.52379 -27.76191 -117.3279 139.8029 -27.76191 -128.4158 139.8029 -24.77804 -128.4158 -51.52378 -27.76191 -128.4158 -51.52378 -27.76191 -128.4158 139.8029 -24.77804 -128.4158 139.8029 34.17235 -130.3738 -51.52377 34.17235 -115.3699 -51.5238 34.17235 -115.3699 139.8029 34.17235 -130.3738 139.8029 34.17235 -115.3699 -51.5238 29.1985 -115.3699 -51.5238 29.1985 -115.3699 139.8029 34.17235 -115.3699 139.8029 29.1985 -115.3699 -51.5238 29.1985 -130.3738 -51.52377 29.1985 -130.3738 139.8029 29.1985 -115.3699 139.8029 29.1985 -130.3738 -51.52377 34.17235 -130.3738 -51.52377 34.17235 -130.3738 139.8029 29.1985 -130.3738 139.8029 29.1985 -115.3699 139.8029 29.1985 -130.3738 139.8029 34.17235 -130.3738 139.8029 34.17235 -115.3699 139.8029 28.20058 -115.3699 -51.5238 24.20713 -115.3699 -51.5238 24.20713 -115.3699 139.8029 28.20058 -115.3699 139.8029 24.20713 -128.4158 -51.52378 24.20713 -130.3738 -51.52377 24.20713 -130.3738 139.8029 24.20713 -128.4158 139.8029 27.191 -117.3279 139.8029 27.191 -128.4158 139.8029 28.20058 -130.3738 139.8029 28.20058 -115.3699 139.8029 24.20713 -115.3699 -51.5238 24.20713 -117.3279 -51.52379 24.20713 -117.3279 139.8029 24.20713 -115.3699 139.8029 27.191 -117.3279 -51.52379 27.191 -117.3279 139.8029 24.20713 -117.3279 139.8029 24.20713 -117.3279 -51.52379 28.20058 -130.3738 -51.52377 28.20058 -115.3699 -51.5238 28.20058 -115.3699 139.8029 28.20058 -130.3738 139.8029 24.20713 -115.3699 139.8029 24.20713 -117.3279 139.8029 27.191 -117.3279 139.8029 28.20058 -115.3699 139.8029 24.20713 -128.4158 139.8029 24.20713 -130.3738 139.8029 28.20058 -130.3738 139.8029 27.191 -128.4158 139.8029 24.20713 -130.3738 -51.52377 28.20058 -130.3738 -51.52377 28.20058 -130.3738 139.8029 24.20713 -130.3738 139.8029 27.191 -128.4158 -51.52378 27.191 -128.4158 139.8029 27.191 -117.3279 139.8029 27.191 -117.3279 -51.52379 24.20713 -128.4158 -51.52378 24.20713 -128.4158 139.8029 27.191 -128.4158 139.8029 27.191 -128.4158 -51.52378 43.31495 -83.05194 94.97493 43.31495 -83.05194 111.5362 43.31495 -76.50379 111.5362 43.31495 -76.21051 94.97493 55.28417 -76.21051 94.97493 55.28417 -76.50379 111.5362 55.28417 -83.05194 111.5362 55.28417 -83.05194 94.97493 55.28417 -83.05194 94.97493 55.28417 -83.05194 111.5362 43.31495 -83.05194 111.5362 43.31495 -83.05194 94.97493 43.31495 -83.05194 94.97493 43.31495 -76.21051 94.97493 44.70718 -76.21051 93.7453 44.70718 -83.05194 93.7453 53.89194 -83.05194 112.7659 44.70718 -83.05194 112.7659 44.70718 -76.21051 93.7453 53.89194 -76.21051 93.7453 53.89194 -83.05194 93.7453 44.70718 -83.05194 93.7453 53.89194 -76.50379 112.7659 44.70718 -76.50379 112.7659 44.70718 -83.05194 112.7659 53.89194 -83.05194 112.7659 55.28417 -76.21051 94.97493 55.28417 -83.05194 94.97493 53.89194 -83.05194 93.7453 53.89194 -76.21051 93.7453 44.70718 -83.05194 93.7453 53.89194 -83.05194 93.7453 55.28417 -83.05194 111.5362 55.28417 -76.50379 111.5362 53.89194 -76.50379 112.7659 53.89194 -83.05194 112.7659 44.99552 -72.95476 112.5421 44.70718 -76.50379 112.7659 53.89194 -76.50379 112.7659 53.6036 -72.95476 112.5421 43.31495 -76.50379 111.5362 43.31495 -83.05194 111.5362 44.70718 -83.05194 112.7659 44.70718 -76.50379 112.7659 43.31495 -76.50379 111.5362 44.70718 -76.50379 112.7659 44.99552 -72.95476 112.5421 43.69071 -71.09716 111.3125 43.31495 -76.21051 94.97493 43.69071 -71.14853 107.0685 44.99552 -71.14853 105.8389 44.70718 -76.21051 93.7453 53.89194 -76.50379 112.7659 55.28417 -76.50379 111.5362 54.90841 -71.09716 111.3125 53.6036 -72.95476 112.5421 53.89194 -76.21051 93.7453 53.6036 -71.14853 105.8389 54.90841 -71.14853 107.0685 55.28417 -76.21051 94.97493 43.31495 -76.50379 111.5362 43.69071 -71.09716 111.3125 43.69071 -71.14853 107.0685 43.31495 -76.21051 94.97493 44.70718 -76.21051 93.7453 44.99552 -71.14853 105.8389 53.6036 -71.14853 105.8389 53.89194 -76.21051 93.7453 55.28417 -76.50379 111.5362 55.28417 -76.21051 94.97493 54.90841 -71.14853 107.0685 54.90841 -71.09716 111.3125 43.69071 -71.09716 111.3125 44.99552 -72.95476 112.5421 53.6036 -72.95476 112.5421 54.90841 -71.09716 111.3125 43.69071 -71.14853 107.0685 43.69071 -71.09716 111.3125 54.90841 -71.09716 111.3125 54.90841 -71.14853 107.0685 53.6036 -71.14853 105.8389 44.99552 -71.14853 105.8389 43.69071 -71.14853 107.0685 54.90841 -71.14853 107.0685 42.90723 -74.86168 108.1772 42.90723 -77.87179 107.6313 42.90723 -79.58229 103.1862 42.90723 -77.74657 100.6802 56.30071 -74.86168 108.1772 56.30071 -77.74657 100.6802 56.30071 -70.36144 97.83832 56.30071 -67.47655 105.3353 42.36342 -67.47655 105.3353 56.30071 -67.47655 105.3353 56.30071 -70.36144 97.83832 42.36342 -70.36144 97.83832 42.90723 -70.72343 97.97762 42.90723 -77.74657 100.6802 42.36342 -77.74657 100.6802 42.36342 -70.36144 97.83832 55.75691 -67.83853 105.4746 55.75691 -74.86168 108.1772 56.30071 -74.86168 108.1772 56.30071 -67.47655 105.3353 56.30071 -77.87179 107.6313 55.75691 -77.87179 107.6313 56.30071 -79.58229 103.1862 55.75691 -79.58229 103.1862 55.75691 -77.74657 100.6802 56.30071 -77.74657 100.6802 42.36342 -79.61511 105.9152 42.90723 -79.61511 105.9152 42.90723 -77.87179 107.6313 42.36342 -77.87179 107.6313 42.36342 -67.47655 105.3353 42.36342 -74.86168 108.1772 42.90723 -74.86168 108.1772 42.90723 -67.83853 105.4746 56.30071 -70.36144 97.83832 55.75691 -70.72343 97.97762 42.36342 -77.74657 100.6802 42.36342 -74.86168 108.1772 42.36342 -67.47655 105.3353 42.36342 -70.36144 97.83832 42.36342 -77.74657 100.6802 42.36342 -79.58229 103.1862 42.36342 -77.87179 107.6313 42.36342 -74.86168 108.1772 42.90723 -79.58229 103.1862 42.36342 -79.58229 103.1862 55.75691 -79.61511 105.9152 55.75691 -79.58229 103.1862 56.30071 -79.58229 103.1862 56.30071 -79.61511 105.9152 42.36342 -77.87179 107.6313 42.90723 -77.87179 107.6313 42.90723 -79.61511 105.9152 42.36342 -79.61511 105.9152 42.36342 -79.58229 103.1862 42.90723 -79.58229 103.1862 56.30071 -79.61511 105.9152 56.30071 -77.87179 107.6313 55.75691 -77.87179 107.6313 55.75691 -79.61511 105.9152 42.90723 -67.83853 105.4746 42.90723 -74.86168 108.1772 42.90723 -77.74657 100.6802 42.90723 -70.72343 97.97762 55.75691 -67.83853 105.4746 42.90723 -67.83853 105.4746 42.90723 -70.72343 97.97762 55.75691 -70.72343 97.97762 55.75691 -74.86168 108.1772 55.75691 -67.83853 105.4746 55.75691 -70.72343 97.97762 55.75691 -77.74657 100.6802 55.75691 -77.87179 107.6313 55.75691 -74.86168 108.1772 55.75691 -77.74657 100.6802 55.75691 -79.58229 103.1862 42.81024 -73.07878 104.4286 55.85388 -73.07878 104.4286 55.85388 -74.69147 101.6354 42.81024 -74.69147 101.6354 42.81024 -74.69147 101.6354 55.85388 -74.69147 101.6354 55.85388 -77.91683 101.6354 42.81024 -77.91683 101.6354 42.81024 -77.91683 101.6354 55.85388 -77.91683 101.6354 55.85388 -79.52951 104.4286 42.81024 -79.52951 104.4286 55.85388 -77.91683 107.2219 42.81024 -77.91683 107.2219 42.81024 -77.91683 107.2219 55.85388 -77.91683 107.2219 55.85388 -74.69147 107.2219 42.81024 -74.69147 107.2219 42.81024 -74.69147 107.2219 55.85388 -74.69147 107.2219 -55.88367 -83.05194 94.97493 -55.88367 -83.05194 111.5362 -55.88367 -76.50379 111.5362 -55.88367 -76.21051 94.97493 -43.91445 -76.21051 94.97493 -43.91445 -76.50379 111.5362 -43.91445 -83.05194 111.5362 -43.91445 -83.05194 94.97493 -43.91445 -83.05194 94.97493 -43.91445 -83.05194 111.5362 -55.88367 -83.05194 111.5362 -55.88367 -83.05194 94.97493 -55.88367 -83.05194 94.97493 -55.88367 -76.21051 94.97493 -54.49145 -76.21051 93.7453 -54.49145 -83.05194 93.7453 -45.30668 -83.05194 112.7659 -54.49145 -83.05194 112.7659 -54.49145 -76.21051 93.7453 -45.30668 -76.21051 93.7453 -45.30668 -83.05194 93.7453 -54.49145 -83.05194 93.7453 -45.30668 -76.50379 112.7659 -54.49145 -76.50379 112.7659 -54.49145 -83.05194 112.7659 -45.30668 -83.05194 112.7659 -43.91445 -76.21051 94.97493 -43.91445 -83.05194 94.97493 -45.30668 -83.05194 93.7453 -45.30668 -76.21051 93.7453 -54.49145 -83.05194 93.7453 -45.30668 -83.05194 93.7453 -43.91445 -83.05194 111.5362 -43.91445 -76.50379 111.5362 -45.30668 -76.50379 112.7659 -45.30668 -83.05194 112.7659 -54.2031 -72.95476 112.5421 -54.49145 -76.50379 112.7659 -45.30668 -76.50379 112.7659 -45.59502 -72.95476 112.5421 -55.88367 -76.50379 111.5362 -55.88367 -83.05194 111.5362 -54.49145 -83.05194 112.7659 -54.49145 -76.50379 112.7659 -55.88367 -76.50379 111.5362 -54.49145 -76.50379 112.7659 -54.2031 -72.95476 112.5421 -55.50791 -71.09716 111.3125 -55.88367 -76.21051 94.97493 -55.50791 -71.14853 107.0685 -54.2031 -71.14853 105.8389 -54.49145 -76.21051 93.7453 -45.30668 -76.50379 112.7659 -43.91445 -76.50379 111.5362 -44.29021 -71.09716 111.3125 -45.59502 -72.95476 112.5421 -45.30668 -76.21051 93.7453 -45.59502 -71.14853 105.8389 -44.29021 -71.14853 107.0685 -43.91445 -76.21051 94.97493 -55.88367 -76.50379 111.5362 -55.50791 -71.09716 111.3125 -55.50791 -71.14853 107.0685 -55.88367 -76.21051 94.97493 -54.49145 -76.21051 93.7453 -54.2031 -71.14853 105.8389 -45.59502 -71.14853 105.8389 -45.30668 -76.21051 93.7453 -43.91445 -76.50379 111.5362 -43.91445 -76.21051 94.97493 -44.29021 -71.14853 107.0685 -44.29021 -71.09716 111.3125 -55.50791 -71.09716 111.3125 -54.2031 -72.95476 112.5421 -45.59502 -72.95476 112.5421 -44.29021 -71.09716 111.3125 -55.50791 -71.14853 107.0685 -55.50791 -71.09716 111.3125 -44.29021 -71.09716 111.3125 -44.29021 -71.14853 107.0685 -45.59502 -71.14853 105.8389 -54.2031 -71.14853 105.8389 -55.50791 -71.14853 107.0685 -44.29021 -71.14853 107.0685 -42.89791 -74.86168 108.1772 -42.89791 -77.74657 100.6802 -42.89791 -70.36144 97.83832 -42.89791 -67.47655 105.3353 -56.8352 -67.47655 105.3353 -42.89791 -67.47655 105.3353 -42.89791 -70.36144 97.83832 -56.8352 -70.36144 97.83832 -56.29139 -70.72343 97.97762 -56.29139 -77.74657 100.6802 -56.8352 -77.74657 100.6802 -56.8352 -70.36144 97.83832 -43.44171 -67.83853 105.4746 -43.44171 -74.86168 108.1772 -42.89791 -74.86168 108.1772 -42.89791 -67.47655 105.3353 -42.89791 -77.87179 107.6313 -43.44171 -77.87179 107.6313 -42.89791 -79.58229 103.1862 -43.44171 -79.58229 103.1862 -43.44171 -77.74657 100.6802 -42.89791 -77.74657 100.6802 -56.8352 -79.61511 105.9152 -56.29139 -79.61511 105.9152 -56.29139 -77.87179 107.6313 -56.8352 -77.87179 107.6313 -56.8352 -67.47655 105.3353 -56.8352 -74.86168 108.1772 -56.29139 -74.86168 108.1772 -56.29139 -67.83853 105.4746 -42.89791 -70.36144 97.83832 -43.44171 -70.72343 97.97762 -56.8352 -77.74657 100.6802 -56.8352 -74.86168 108.1772 -56.8352 -67.47655 105.3353 -56.8352 -70.36144 97.83832 -56.8352 -77.74657 100.6802 -56.8352 -74.86168 108.1772 -56.29139 -79.58229 103.1862 -56.8352 -79.58229 103.1862 -43.44171 -79.61511 105.9152 -43.44171 -79.58229 103.1862 -42.89791 -79.58229 103.1862 -42.89791 -79.61511 105.9152 -56.8352 -77.87179 107.6313 -56.29139 -77.87179 107.6313 -56.29139 -79.61511 105.9152 -56.8352 -79.61511 105.9152 -56.8352 -79.58229 103.1862 -56.29139 -79.58229 103.1862 -42.89791 -79.61511 105.9152 -42.89791 -77.87179 107.6313 -43.44171 -77.87179 107.6313 -43.44171 -79.61511 105.9152 -56.29139 -67.83853 105.4746 -56.29139 -74.86168 108.1772 -56.29139 -77.74657 100.6802 -56.29139 -70.72343 97.97762 -43.44171 -67.83853 105.4746 -56.29139 -67.83853 105.4746 -56.29139 -70.72343 97.97762 -43.44171 -70.72343 97.97762 -43.44171 -74.86168 108.1772 -43.44171 -67.83853 105.4746 -43.44171 -70.72343 97.97762 -43.44171 -77.74657 100.6802 -42.89791 -77.74657 100.6802 -42.89791 -74.86168 108.1772 43.6164 36.08636 26.82242 55.77291 59.09206 26.26833 56.70415 58.40642 26.69062 34.15655 -126.9388 2.132694 34.15655 -126.9388 22.81437 34.15655 -115.3168 22.81437 34.15655 -115.3168 0.4751473 34.15655 -115.3168 22.81437 34.99516 -115.5299 22.81437 36.94165 -111.0883 22.73971 35.94404 -111.1827 22.73971 34.99516 -115.5299 0.4751473 34.99516 -115.5299 22.81437 34.99516 -126.9388 22.81437 34.99516 -126.9388 2.132694 34.99516 -126.9388 2.132694 34.99516 -126.9388 22.81437 34.15655 -126.9388 22.81437 34.15655 -126.9388 2.132694 34.15655 -115.3168 0.4751473 34.99516 -115.5299 0.4751473 34.99516 -126.9388 2.132694 34.15655 -126.9388 2.132694 34.99516 -115.5299 22.81437 34.15655 -115.3168 22.81437 34.15655 -126.9388 22.81437 34.99516 -126.9388 22.81437 35.94404 -111.1827 22.73971 36.94165 -111.0883 22.73971 36.95847 -104.0954 19.05202 36.05351 -104.0946 19.05202 34.15655 -115.3168 0.4751473 34.15655 -115.3168 22.81437 35.94404 -111.1827 22.73971 35.94404 -111.1827 -0.8492508 34.99516 -115.5299 22.81437 34.99516 -115.5299 0.4751473 36.94165 -111.0883 -0.8492508 36.94165 -111.0883 22.73971 34.99516 -115.5299 0.4751473 34.15655 -115.3168 0.4751473 35.94404 -111.1827 -0.8492508 36.94165 -111.0883 -0.8492508 36.05351 -104.0946 1.039978 36.05351 -104.0946 19.05202 36.95847 -104.0954 19.05202 36.95847 -104.0954 1.039978 35.94404 -111.1827 -0.8492508 35.94404 -111.1827 22.73971 36.05351 -104.0946 19.05202 36.05351 -104.0946 1.039978 36.94165 -111.0883 22.73971 36.94165 -111.0883 -0.8492508 36.95847 -104.0954 1.039978 36.95847 -104.0954 19.05202 36.94165 -111.0883 -0.8492508 35.94404 -111.1827 -0.8492508 36.05351 -104.0946 1.039978 36.95847 -104.0954 1.039978 -34.72746 -126.9388 2.132694 -34.72746 -115.3168 0.4751473 -34.72746 -115.3168 22.81437 -34.72746 -126.9388 22.81437 -34.72746 -115.3168 22.81437 -36.51495 -111.1827 22.73971 -37.51256 -111.0883 22.73971 -35.56607 -115.5299 22.81437 -35.56607 -115.5299 0.4751473 -35.56607 -126.9388 2.132694 -35.56607 -126.9388 22.81437 -35.56607 -115.5299 22.81437 -35.56607 -126.9388 2.132694 -34.72746 -126.9388 2.132694 -34.72746 -126.9388 22.81437 -35.56607 -126.9388 22.81437 -34.72746 -115.3168 0.4751473 -34.72746 -126.9388 2.132694 -35.56607 -126.9388 2.132694 -35.56607 -115.5299 0.4751473 -35.56607 -115.5299 22.81437 -35.56607 -126.9388 22.81437 -34.72746 -126.9388 22.81437 -34.72746 -115.3168 22.81437 -36.51495 -111.1827 22.73971 -36.62442 -104.0946 19.05202 -37.52938 -104.0954 19.05202 -37.51256 -111.0883 22.73971 -34.72746 -115.3168 0.4751473 -36.51495 -111.1827 -0.8492508 -36.51495 -111.1827 22.73971 -34.72746 -115.3168 22.81437 -35.56607 -115.5299 22.81437 -37.51256 -111.0883 22.73971 -37.51256 -111.0883 -0.8492508 -35.56607 -115.5299 0.4751473 -35.56607 -115.5299 0.4751473 -37.51256 -111.0883 -0.8492508 -36.51495 -111.1827 -0.8492508 -34.72746 -115.3168 0.4751473 -36.62442 -104.0946 1.039978 -37.52938 -104.0954 1.039978 -37.52938 -104.0954 19.05202 -36.62442 -104.0946 19.05202 -36.51495 -111.1827 -0.8492508 -36.62442 -104.0946 1.039978 -36.62442 -104.0946 19.05202 -36.51495 -111.1827 22.73971 -37.51256 -111.0883 22.73971 -37.52938 -104.0954 19.05202 -37.52938 -104.0954 1.039978 -37.51256 -111.0883 -0.8492508 -37.51256 -111.0883 -0.8492508 -37.52938 -104.0954 1.039978 -36.62442 -104.0946 1.039978 -36.51495 -111.1827 -0.8492508 -14.16359 -55.1073 78.70014 -13.66305 -55.29962 79.12322 -13.69097 -42.47912 82.07936 -14.19151 -42.2868 81.65628 -12.97479 -62.03797 57.81007 -12.97479 -62.80788 58.03912 -11.2912 -65.13125 52.82366 -11.2912 -62.49647 52.03978 -12.97479 -62.80788 58.03912 -13.67044 -63.19284 58.15364 -13.67182 -66.44864 53.21559 -11.2912 -65.13125 52.82366 -13.67182 -61.17908 51.64786 -13.67043 -61.65302 57.69554 -12.97479 -62.03797 57.81007 -11.2912 -62.49647 52.03978 -14.18451 -57.82686 75.46225 -13.69885 -54.89944 78.2448 -13.71977 -57.34252 75.33597 -14.36608 -62.80788 58.03912 -16.05245 -65.13125 52.82366 -14.36608 -62.80788 58.03912 -14.36608 -62.03797 57.81007 -16.05245 -62.49647 52.03978 -16.05245 -65.13125 52.82366 -14.36608 -62.03797 57.81007 -16.05245 -62.49647 52.03978 -14.18451 -57.82686 75.46225 -14.16997 -62.52677 57.49357 -13.66943 -62.9763 57.61153 -13.68397 -58.27638 75.58023 -13.70523 -62.04244 57.36724 -14.16997 -62.52677 57.49357 -13.66305 -55.29962 79.12322 -14.16359 -55.1073 78.70014 -13.21923 -57.79204 75.45394 -13.20469 -62.49195 57.48523 -13.70523 -62.04244 57.36724 -13.71977 -57.34252 75.33597 -13.66943 -62.9763 57.61153 -13.20469 -62.49195 57.48523 -28.07868 -55.20005 78.60381 -28.60651 -55.32484 79.01898 -13.69885 -54.89944 78.2448 -13.1983 -55.09177 78.66788 -13.22622 -42.27127 81.62403 -13.69097 -42.47912 82.07936 -13.69885 -54.89944 78.2448 -13.72676 -42.07894 81.20095 -13.72676 -42.07894 81.20095 -12.69261 -39.98152 83.22154 -12.90294 -42.47987 82.39057 -12.90294 -42.11267 80.89736 -12.69261 -39.51386 81.31986 -12.69261 -39.51386 81.31986 -12.90294 -42.11267 80.89736 -14.44063 -42.11267 80.89736 -14.65095 -39.51386 81.31986 -15.20764 -39.51542 83.90944 -14.65095 -39.98152 83.22154 -12.69261 -39.98152 83.22154 -12.13592 -39.51542 83.90944 -14.65095 -39.98152 83.22154 -14.44063 -42.47987 82.39057 -12.90294 -42.47987 82.39057 -12.69261 -39.98152 83.22154 -15.20764 -38.78189 80.92659 -14.65095 -39.51386 81.31986 -14.65095 -39.98152 83.22154 -15.20764 -39.51542 83.90944 -12.90294 -42.11267 80.89736 -12.90294 -42.47987 82.39057 -14.44063 -42.47987 82.39057 -14.44063 -42.11267 80.89736 -12.13592 -39.51542 83.90944 -12.69261 -39.98152 83.22154 -12.69261 -39.51386 81.31986 -12.13592 -38.78189 80.92659 -12.13592 -38.78189 80.92659 -12.69261 -39.51386 81.31986 -14.65095 -39.51386 81.31986 -15.20764 -38.78189 80.92659 -14.65095 -39.51386 81.31986 -14.44063 -42.11267 80.89736 -14.44063 -42.47987 82.39057 -14.65095 -39.98152 83.22154 -12.04109 -37.62108 81.1144 -15.30248 -37.62108 81.1144 -12.04109 -38.3999 84.28142 -12.04109 -37.62108 81.1144 -15.30248 -37.62108 81.1144 -15.30248 -38.3999 84.28142 -15.30248 -38.3999 84.28142 -15.20764 -39.51542 83.90944 -12.13592 -39.51542 83.90944 -12.04109 -38.3999 84.28142 -12.04109 -37.62108 81.1144 -15.30248 -37.62108 81.1144 -15.30248 -38.3999 84.28142 -12.04109 -38.3999 84.28142 -21.8798 -52.90786 77.63904 -21.45016 -53.1362 78.11843 -19.64949 -40.2513 80.07845 -20.07913 -40.02296 79.59906 -20.23108 -61.76989 57.52467 -20.37178 -62.50723 57.8106 -18.69029 -65.51593 52.95736 -18.20878 -62.99261 51.97885 -20.37178 -62.50723 57.8106 -21.12676 -62.76929 57.89159 -21.27397 -66.41275 53.23453 -18.69029 -65.51593 52.95736 -20.31094 -61.3661 51.27751 -20.84535 -61.29461 57.31973 -20.23108 -61.76989 57.52467 -18.20878 -62.99261 51.97885 -22.08965 -55.86929 74.62804 -21.8798 -52.90786 77.63904 -21.35451 -52.81503 77.21247 -21.54511 -55.47508 74.50727 -21.74103 -62.29401 57.68664 -23.37613 -64.78624 52.53319 -21.74103 -62.29401 57.68664 -21.60033 -61.55667 57.40073 -22.89462 -62.26293 51.55467 -23.37613 -64.78624 52.53319 -21.60033 -61.55667 57.40073 -22.89462 -62.26293 51.55467 -22.08965 -55.86929 74.62804 -21.46153 -62.09595 57.14099 -21.04987 -62.60457 57.33685 -21.678 -56.37791 74.82395 -20.91699 -61.70174 57.02016 -21.46153 -62.09595 57.14099 -21.13345 -55.98369 74.70316 -20.50533 -62.21036 57.21605 -20.91699 -61.70174 57.02016 -21.54511 -55.47508 74.50727 -21.04987 -62.60457 57.33685 -20.50533 -62.21036 57.21605 -21.35451 -52.81503 77.21247 -20.92486 -53.04337 77.69181 -21.45016 -53.1362 78.11843 -19.12419 -40.15848 79.65186 -19.64949 -40.2513 80.07845 -19.55384 -39.93014 79.17249 -21.35451 -52.81503 77.21247 -19.55384 -39.93014 79.17249 -18.35385 -37.8446 81.11209 -18.89772 -40.34511 80.45777 -18.72537 -40.1166 78.94692 -18.13436 -37.55356 79.18795 -18.13436 -37.55356 79.18795 -18.72537 -40.1166 78.94692 -20.23871 -39.88094 78.80994 -20.06169 -37.25344 79.01349 -20.80673 -36.93922 81.53582 -20.28119 -37.54447 80.93762 -18.35385 -37.8446 81.11209 -17.78366 -37.40998 81.80947 -20.28119 -37.54447 80.93762 -20.41106 -40.10946 80.32076 -18.89772 -40.34511 80.45777 -18.35385 -37.8446 81.11209 -20.46244 -36.48273 78.51778 -20.06169 -37.25344 79.01349 -20.28119 -37.54447 80.93762 -20.80673 -36.93922 81.53582 -18.72537 -40.1166 78.94692 -18.89772 -40.34511 80.45777 -20.41106 -40.10946 80.32076 -20.23871 -39.88094 78.80994 -18.13436 -37.55356 79.18795 -17.43937 -36.95349 78.79143 -17.43937 -36.95349 78.79143 -18.13436 -37.55356 79.18795 -20.06169 -37.25344 79.01349 -20.46244 -36.48273 78.51778 -20.06169 -37.25344 79.01349 -20.23871 -39.88094 78.80994 -20.41106 -40.10946 80.32076 -20.28119 -37.54447 80.93762 -17.17444 -35.80888 78.89826 -20.38418 -35.30905 78.60771 -17.53998 -36.29356 82.10265 -17.78366 -37.40998 81.80947 -17.43937 -36.95349 78.79143 -17.17444 -35.80888 78.89826 -20.38418 -35.30905 78.60771 -20.74972 -35.79373 81.81212 -20.74972 -35.79373 81.81212 -20.80673 -36.93922 81.53582 -17.78366 -37.40998 81.80947 -17.53998 -36.29356 82.10265 -17.17444 -35.80888 78.89826 -20.38418 -35.30905 78.60771 -20.74972 -35.79373 81.81212 -17.53998 -36.29356 82.10265 -25.91674 -118.0912 -41.31175 -21.16148 -118.0912 -41.31175 -21.16148 -119.109 -42.32954 -25.91674 -119.109 -42.32954 -21.16148 -119.109 -42.32954 -21.16148 -120.1268 -41.31176 -25.91674 -120.1268 -41.31176 -25.91674 -119.109 -42.32954 -21.16148 -118.0912 -41.31175 -21.16148 -119.109 -40.29397 -21.16148 -120.1268 -41.31176 -21.16148 -119.109 -42.32954 -25.91674 -118.0912 -41.31175 -25.91674 -119.109 -40.29397 -21.16148 -119.109 -40.29397 -21.16148 -118.0912 -41.31175 -21.16148 -119.109 -40.29397 -25.91674 -119.109 -40.29397 -25.91674 -120.1268 -41.31176 -21.16148 -120.1268 -41.31176 -25.91674 -125.6148 -41.31175 -21.16148 -125.6148 -41.31175 -21.16148 -126.6326 -42.32954 -25.91674 -126.6326 -42.32954 31.65998 -105.7094 134.1412 37.51646 -101.6841 134.1412 40.28466 -109.2755 134.1412 33.19918 -109.2755 134.1412 31.97802 -97.28939 138.0426 -32.54249 -97.28939 138.0426 -28.81225 -104.3167 138.0426 28.24778 -104.3167 138.0426 37.51646 -101.6841 138.0426 31.65998 -105.7094 138.0426 33.19918 -109.2755 138.0426 40.28466 -109.2755 138.0426 31.65998 -105.7094 138.0426 31.65998 -105.7094 134.1412 33.19918 -109.2755 134.1412 33.19918 -109.2755 138.0426 31.97802 -97.28939 134.1412 -32.54249 -97.28939 134.1412 -32.54249 -97.28939 138.0426 31.97802 -97.28939 138.0426 37.51646 -101.6841 134.1412 37.51646 -101.6841 138.0426 40.28466 -109.2755 138.0426 40.28466 -109.2755 134.1412 -28.81225 -104.3167 138.0426 -28.81225 -104.3167 134.1412 28.24778 -104.3167 134.1412 28.24778 -104.3167 138.0426 22.45632 -97.28939 112.1518 22.45632 -104.3167 112.1518 34.0732 -126.2486 134.1412 29.60394 -115.7035 134.1412 32.65226 -113.1585 134.1412 39.57756 -119.4333 134.1412 39.57756 -119.4333 134.1412 32.65226 -113.1585 134.1412 33.19918 -109.2755 134.1412 40.28466 -109.2755 134.1412 39.57756 -119.4333 138.0426 39.57756 -119.4333 134.1412 34.0732 -126.2486 138.0426 39.57756 -119.4333 138.0426 32.65226 -113.1585 138.0426 29.60394 -115.7035 138.0426 29.60394 -115.7035 138.0426 32.65226 -113.1585 138.0426 32.65226 -113.1585 134.1412 29.60394 -115.7035 134.1412 39.57756 -119.4333 138.0426 40.28466 -109.2755 138.0426 33.19918 -109.2755 138.0426 32.65226 -113.1585 138.0426 34.0732 -126.2486 138.0426 34.0732 -126.2486 134.1412 31.65998 -105.7094 138.0426 37.51646 -101.6841 138.0426 28.24778 -104.3167 134.1412 31.97802 -97.28939 134.1412 37.51646 -101.6841 134.1412 31.65998 -105.7094 134.1412 -32.22446 -105.7094 138.0426 -38.08094 -101.6841 138.0426 -40.84914 -109.2755 138.0426 -33.76366 -109.2755 138.0426 37.51646 -101.6841 116.0531 31.65998 -105.7094 116.0531 33.19918 -109.2755 116.0531 40.28466 -109.2755 116.0531 -38.08094 -101.6841 134.1412 -32.22446 -105.7094 134.1412 -33.76366 -109.2755 134.1412 -40.84914 -109.2755 134.1412 -32.22446 -105.7094 134.1412 -32.22446 -105.7094 138.0426 -33.76366 -109.2755 138.0426 -33.76366 -109.2755 134.1412 -12.94989 -97.28939 116.0531 -32.54249 -97.28939 116.0531 -28.81225 -104.3167 116.0531 -12.94989 -104.3167 116.0531 -38.08094 -101.6841 138.0426 -38.08094 -101.6841 134.1412 -40.84914 -109.2755 134.1412 -40.84914 -109.2755 138.0426 -34.63767 -126.2486 138.0426 -30.16842 -115.7035 138.0426 -33.21674 -113.1585 138.0426 -40.14204 -119.4333 138.0426 -40.14204 -119.4333 138.0426 -33.21674 -113.1585 138.0426 -33.76366 -109.2755 138.0426 -40.84914 -109.2755 138.0426 -40.14204 -119.4333 134.1412 -40.14204 -119.4333 138.0426 -34.63767 -126.2486 134.1412 -40.14204 -119.4333 134.1412 -33.21674 -113.1585 134.1412 -30.16842 -115.7035 134.1412 -30.16842 -115.7035 134.1412 -33.21674 -113.1585 134.1412 -33.21674 -113.1585 138.0426 -30.16842 -115.7035 138.0426 -40.14204 -119.4333 134.1412 -40.84914 -109.2755 134.1412 -33.76366 -109.2755 134.1412 -33.21674 -113.1585 134.1412 -34.63767 -126.2486 134.1412 -34.63767 -126.2486 138.0426 -32.54249 -97.28939 134.1412 -28.81225 -104.3167 134.1412 -32.22446 -105.7094 134.1412 -38.08094 -101.6841 134.1412 -28.81225 -104.3167 138.0426 -32.54249 -97.28939 138.0426 -38.08094 -101.6841 138.0426 -32.22446 -105.7094 138.0426 -12.94989 -104.3167 112.1518 -12.94989 -97.28939 112.1518 -12.94989 -97.28939 116.0531 -12.94989 -104.3167 116.0531 27.73903 -103.1829 115.9829 27.73903 -103.1829 123.0503 24.97543 -103.1829 123.0503 24.97543 -103.1829 115.9829 24.97543 -103.1829 128.1963 27.73903 -103.1829 128.1963 27.73903 -103.1829 134.3222 24.97543 -103.1829 134.3222 27.73903 -103.1829 128.1963 24.97543 -103.1829 128.1963 24.97543 -106.0921 128.1963 27.73903 -106.0921 128.1963 27.73903 -98.4232 134.3222 24.97543 -98.4232 134.3222 24.97543 -103.1829 134.3222 27.73903 -103.1829 134.3222 24.97543 -107.776 125.6233 27.73903 -107.776 125.6233 27.73903 -106.0921 128.1963 24.97543 -106.0921 128.1963 24.97543 -103.1829 123.0503 27.73903 -103.1829 123.0503 27.73903 -106.0921 123.0503 24.97543 -106.0921 123.0503 24.97543 -106.0921 123.0503 24.97543 -107.776 125.6233 24.97543 -107.776 125.6233 24.97543 -106.0921 128.1963 27.73903 -106.0921 123.0503 24.97543 -106.0921 123.0503 27.73903 -106.0921 123.0503 27.73903 -103.1829 123.0503 27.73903 -98.4232 115.9829 27.73903 -98.4232 134.3222 27.73903 -103.1829 128.1963 27.73903 -98.4232 115.9829 24.97543 -98.4232 115.9829 24.97543 -98.4232 134.3222 27.73903 -98.4232 134.3222 22.20546 -98.23847 125.63 24.65983 -98.23847 125.63 24.65983 -100.285 120.6893 22.20546 -100.285 120.6893 22.20546 -100.285 120.6893 24.65983 -100.285 120.6893 24.65983 -105.2257 118.6428 22.20546 -105.2257 118.6428 24.65983 -110.1664 120.6893 22.20546 -110.1664 120.6893 22.20546 -110.1664 120.6893 24.65983 -110.1664 120.6893 24.65983 -112.2129 125.63 22.20546 -112.2129 125.63 24.65983 -110.1664 130.5707 22.20546 -110.1664 130.5707 22.20546 -110.1664 130.5707 24.65983 -110.1664 130.5707 24.65983 -105.2257 132.6172 22.20546 -105.2257 132.6172 22.20546 -105.2257 132.6172 24.65983 -105.2257 132.6172 24.65983 -100.285 130.5707 22.20546 -100.285 130.5707 22.20546 -100.285 130.5707 24.65983 -100.285 130.5707 -45.6466 53.72985 148.8749 -40.18619 51.52101 148.8634 39.62167 51.52101 148.8634 45.08208 53.72985 148.8749 39.62167 51.52101 148.8634 41.25168 51.65317 138.6031 46.71209 51.65317 138.6031 45.08208 51.52101 148.8634 45.94934 55.26874 143.8811 -46.51387 55.26874 143.8811 -45.6466 53.72985 148.8749 45.08208 53.72985 148.8749 41.25168 44.27206 138.6031 -41.81621 44.27206 138.6031 46.71209 53.57227 138.8739 45.08208 53.72985 148.8749 45.08208 51.52101 148.8634 46.71209 51.65317 138.6031 46.71209 54.29005 139.346 -47.27661 54.29005 139.346 -40.18619 51.52101 148.8634 -40.18619 44.01125 148.6333 39.62167 44.01125 148.6333 39.62167 51.52101 148.8634 45.08208 53.72985 148.8749 46.71209 53.57227 138.8739 46.71209 54.29005 139.346 45.94934 55.26874 143.8811 -41.81621 44.27206 138.6031 41.25168 44.27206 138.6031 39.62167 44.01125 148.6333 -40.18619 44.01125 148.6333 -40.18619 51.52101 148.8634 -45.6466 51.52101 148.8634 -47.27661 51.65317 138.6031 -41.81621 51.65317 138.6031 -47.27661 53.57227 138.8739 -47.27661 51.65317 138.6031 -45.6466 51.52101 148.8634 -45.6466 53.72985 148.8749 -45.6466 53.72985 148.8749 -46.51387 55.26874 143.8811 -47.27661 54.29005 139.346 -47.27661 53.57227 138.8739 31.53658 -51.2078 138.6061 31.53658 -51.20773 137.0221 41.44577 -51.26069 131.2134 41.44577 -51.26077 132.7973 39.88949 -22.24774 145.8457 -40.45413 -22.24774 145.8457 39.88949 -4.360537 145.3455 -40.45413 -4.360537 145.3455 -40.45413 44.06873 146.572 39.88949 44.06873 146.572 39.88949 -21.94852 144.1678 -40.45413 -21.94852 144.1678 -32.10122 -51.2078 138.6061 -42.01041 -51.26077 132.7973 -42.01041 -51.26069 131.2134 -32.10122 -51.20773 137.0221 39.88949 -4.360537 147.0499 -40.45413 -4.360537 147.0499 31.53658 -51.2078 138.6061 -32.10122 -51.2078 138.6061 -32.10122 -51.20773 137.0221 31.53658 -51.20773 137.0221 39.88949 44.06873 148.2764 -40.45413 44.06873 148.2764 -8.580144 -99.68981 -37.84529 18.43054 -99.68981 -37.8453 18.43054 -105.2257 -40.13832 -8.580144 -105.2257 -40.13832 18.43054 -110.7615 -37.8453 -8.580144 -110.7615 -37.84529 -8.580144 -110.7615 -37.84529 18.43054 -110.7615 -37.8453 18.43053 -113.0545 -32.30945 -8.580144 -113.0545 -32.30945 18.43054 -110.7615 -26.7736 -8.580144 -110.7615 -26.7736 -8.580144 -110.7615 -26.7736 18.43054 -110.7615 -26.7736 18.43054 -105.2257 -24.48057 -8.580144 -105.2257 -24.48057 18.43054 -99.68981 -26.7736 -8.580144 -99.68981 -26.7736 -57.14859 49.90631 -13.24435 -58.16643 49.29037 -12.99576 -54.92343 41.76031 -45.24487 -57.85205 42.68833 -27.55271 -56.82528 43.27191 -28.01691 -53.9099 42.45953 -45.23522 -55.52591 -53.43677 -36.04256 -56.52287 -52.78588 -36.04265 -56.14025 -53.43677 -20.26422 -55.51719 58.48097 27.38838 -54.58595 59.16661 26.9661 -56.33742 59.09206 26.26833 -57.26865 58.40642 26.69062 -57.51544 37.1232 26.66854 -55.76008 36.78113 27.38799 -44.18091 36.08636 26.82242 -57.26865 58.40642 26.69062 -56.33742 59.09206 26.26833 -57.74265 -115.8541 10.6932 -37.74271 -115.8541 10.6932 -37.74271 -112.8555 10.79306 -57.74115 -112.8483 10.79305 -57.74115 -92.45787 10.79202 -57.74115 -92.51462 9.542019 -57.74115 -112.8484 9.543049 -57.74115 -112.8483 10.79305 -37.74271 -78.58415 9.959843 -57.74115 -78.58415 9.959843 -57.74115 -92.45787 10.79202 -37.74271 -92.45787 10.79202 -37.74271 -92.51461 9.542019 -37.74271 -78.86981 8.7348 -37.74271 -78.58415 9.959843 -37.74271 -92.45787 10.79202 -57.74115 -78.86981 8.7348 -37.74271 -78.86981 8.7348 -37.74271 -92.51461 9.542019 -57.74115 -92.51462 9.542019 -37.74271 -65.9028 3.881954 -57.74115 -65.9028 3.881954 -57.74115 -66.67014 2.886662 -37.74271 -66.67014 2.886662 -37.74271 -56.87408 -6.740459 -57.74113 -56.87408 -6.740459 -57.74111 -57.9869 -7.327183 -37.74271 -57.9869 -7.327183 -57.74091 -53.42023 -20.29375 -37.74271 -53.42023 -20.29375 -57.74091 -54.67011 -20.37494 -37.74271 -54.67011 -20.37494 -57.74115 -78.58415 9.959843 -57.74115 -78.86981 8.7348 -37.74271 -115.8541 9.6432 -37.74271 -115.8541 10.6932 -57.74265 -115.8541 10.6932 -57.74265 -115.8541 9.6432 -37.74271 -112.8555 9.543058 -57.74115 -112.8484 9.543049 -57.74115 -65.9028 3.881954 -57.74115 -66.67014 2.886662 -57.74113 -56.87408 -6.740459 -57.74111 -57.9869 -7.327183 -57.74091 -53.42023 -20.29375 -57.74091 -54.67011 -20.37494 -37.74271 -53.49241 -38.43163 -57.74112 -53.49242 -38.43164 -57.74112 -53.49242 -38.43164 -57.74112 -54.54241 -38.43325 -57.74265 -115.8541 9.6432 -57.74265 -115.8541 10.6932 -37.74271 -115.8541 9.6432 -57.74265 -115.8541 9.6432 -57.74112 -54.54241 -38.43325 -37.74271 -54.54241 -38.43325 34.18943 -126.944 -45.46776 34.18943 -126.944 -30.8278 34.18943 -102.0315 -30.8278 34.18943 -102.0315 -45.46776 -35.77137 -126.944 -45.46776 -35.77137 -126.944 -30.8278 -35.77137 -102.0315 -30.8278 -35.77137 -102.0315 -45.46776 35.18571 -102.0315 -45.46776 35.18571 -102.0315 -30.8278 35.18571 -126.944 -30.8278 35.18571 -126.944 -45.46776 34.18943 -128.9314 -43.55786 34.18943 -128.9314 -32.7377 35.18571 -102.0315 -30.8278 34.18943 -102.0315 -30.8278 34.18943 -126.944 -30.8278 35.18571 -126.944 -30.8278 35.18571 -128.9314 -43.55786 35.18571 -128.9314 -32.7377 34.18943 -128.9314 -32.7377 34.18943 -128.9314 -43.55786 34.18943 -126.944 -45.46776 35.18571 -126.944 -45.46776 35.18571 -128.9314 -43.55786 34.18943 -128.9314 -43.55786 35.18571 -126.944 -30.8278 34.18943 -126.944 -30.8278 34.18943 -128.9314 -32.7377 35.18571 -128.9314 -32.7377 35.18571 -126.944 -45.46776 35.18571 -126.944 -30.8278 35.18571 -128.9314 -32.7377 35.18571 -128.9314 -43.55786 -34.77509 -102.0315 -45.46776 -34.77509 -102.0315 -30.8278 -34.77509 -126.944 -30.8278 -34.77509 -126.944 -45.46776 -35.77137 -128.9314 -43.55786 -35.77137 -128.9314 -32.7377 -34.77509 -102.0315 -30.8278 -35.77137 -102.0315 -30.8278 -35.77137 -126.944 -30.8278 -34.77509 -126.944 -30.8278 -34.77509 -128.9314 -43.55786 -34.77509 -128.9314 -32.7377 -35.77137 -128.9314 -32.7377 -35.77137 -128.9314 -43.55786 -35.77137 -126.944 -45.46776 -34.77509 -126.944 -45.46776 -34.77509 -128.9314 -43.55786 -35.77137 -128.9314 -43.55786 -34.77509 -126.944 -30.8278 -35.77137 -126.944 -30.8278 -35.77137 -128.9314 -32.7377 -34.77509 -128.9314 -32.7377 -34.77509 -128.9314 -32.7377 -34.77509 -128.9314 -43.55786 -55.93358 -53.40696 -19.02977 -55.93358 -53.40696 -18.11588 -56.47514 -33.34001 -18.12316 -56.47514 -33.17443 -19.02192 -56.47514 -33.17443 -19.02192 -56.47514 -33.34001 -18.12316 -56.47514 -25.54163 -15.8113 -56.47514 -25.2798 -16.68688 55.91059 -33.17443 -19.02192 55.91059 -33.34001 -18.12316 55.36902 -53.40696 -18.11588 55.36902 -53.40696 -19.02977 55.36902 -53.40696 -19.02977 55.36902 -53.40696 -18.11588 -55.93358 -53.40696 -18.11588 -55.93358 -53.40696 -19.02977 55.91059 -33.34001 -18.12316 -56.47514 -33.34001 -18.12316 -55.93358 -53.40696 -18.11588 55.36902 -53.40696 -18.11588 -56.47514 -25.54163 -15.8113 55.91059 -25.54163 -15.8113 56.12382 -5.676554 -3.328518 -56.39543 -5.676554 -3.328518 55.91059 -33.34001 -18.12316 55.91059 -33.17443 -19.02192 55.91059 -25.2798 -16.68688 55.91059 -25.54163 -15.8113 56.12382 -5.676554 -3.328518 56.12382 -5.132771 -4.063019 55.60586 18.51664 13.67485 55.60586 17.97286 14.40935 -56.47514 -25.2798 -16.68688 -56.47514 -25.54163 -15.8113 -56.39543 -5.676554 -3.328518 -56.39543 -5.132771 -4.063019 55.91059 -25.54163 -15.8113 55.91059 -25.2798 -16.68688 56.12382 -5.132771 -4.063019 56.12382 -5.676554 -3.328518 -55.87747 18.51664 13.67485 -55.87747 17.97286 14.40935 55.60586 17.97286 14.40935 55.60586 18.51664 13.67485 55.60586 17.97286 14.40935 -55.87747 17.97286 14.40935 -56.39543 -5.132771 -4.063019 -56.39543 -5.676554 -3.328518 -55.87747 17.97286 14.40935 -55.87747 18.51664 13.67485 22.24682 -99.68981 -37.84529 24.58437 -99.68981 -37.8453 24.58437 -105.2257 -40.13832 22.24682 -105.2257 -40.13832 24.58437 -110.7615 -37.8453 22.24682 -110.7615 -37.84529 22.24682 -110.7615 -37.84529 24.58437 -110.7615 -37.8453 24.58437 -113.0545 -32.30945 22.24682 -113.0545 -32.30945 24.58437 -110.7615 -26.7736 22.24682 -110.7615 -26.7736 22.24682 -110.7615 -26.7736 24.58437 -110.7615 -26.7736 24.58437 -105.2257 -24.48057 22.24682 -105.2257 -24.48057 24.58437 -99.68981 -26.7736 22.24682 -99.68981 -26.7736 51.53944 92.51129 -9.660837 50.1029 96.34827 -12.34632 45.34671 1.477402 31.32634 -23.76804 -144.4609 -43.75819 -23.76804 -144.4609 -19.52633 -23.76804 -115.4598 -19.52633 -23.76804 -115.4598 -43.75819 -23.76804 -115.4598 -43.75819 -23.76804 -115.4598 -19.52633 -21.85833 -115.4598 -19.52633 -21.85833 -115.4598 -43.75819 -21.85833 -115.4598 -43.75819 -21.85833 -115.4598 -19.52633 -21.85833 -144.4609 -19.52633 -21.85833 -144.4609 -43.75819 21.28992 -144.4609 -43.75819 21.28992 -144.4609 -19.52633 21.28992 -115.4598 -19.52633 21.28992 -115.4598 -43.75819 -21.85833 -115.4598 -19.52633 -23.76804 -115.4598 -19.52633 -23.76804 -144.4609 -19.52633 -21.85833 -144.4609 -19.52633 21.28992 -115.4598 -43.75819 21.28992 -115.4598 -19.52633 23.19962 -115.4598 -19.52633 23.19962 -115.4598 -43.75819 23.19962 -115.4598 -43.75819 23.19962 -115.4598 -19.52633 23.19962 -144.4609 -19.52633 23.19962 -144.4609 -43.75819 23.19962 -115.4598 -19.52633 21.28992 -115.4598 -19.52633 21.28992 -144.4609 -19.52633 23.19962 -144.4609 -19.52633 31.75775 19.15814 51.54769 29.87212 -12.81396 45.68717 31.70954 -6.399067 48.28214 23.90648 -13.47329 47.91228 28.37631 -10.0233 49.82505 26.25061 24.95456 67.58126 27.61402 21.84082 67.8011 31.24576 23.95281 66.5067 30.13381 26.8515 66.58396 30.14217 33.56266 81.04438 32.48957 29.28856 82.97066 27.22386 28.54361 83.47052 26.24854 31.45623 80.98258 -13.52568 19.15819 51.54772 -10.14426 -10.02334 49.82504 -10.9632 -3.936112 51.25091 -5.674446 -13.47328 47.9123 -10.14426 -10.02334 49.82504 -13.47749 -6.399083 48.28217 -12.58292 31.90823 83.30376 -11.72156 40.2042 84.38748 -9.381956 21.84083 67.80113 -8.018533 24.95457 67.58126 -11.90174 26.85151 66.58399 -13.01368 23.95283 66.50672 31.1232 -8.076648 39.7214 29.14558 -11.69359 39.72894 29.10774 -11.62442 35.22937 29.22806 26.48297 39.76509 31.30909 25.1179 39.70384 31.24374 25.06834 35.22698 -13.06834 -5.25697 39.72252 -13.07707 25.11792 39.70384 23.59219 -13.19529 39.73635 29.14558 -11.69359 39.72894 31.30909 25.1179 39.70384 -10.93216 26.48484 39.69519 -7.474777 -12.99867 39.71901 -11.76647 -10.86001 39.72531 -13.07707 25.11792 39.70384 -11.76647 -10.86001 39.72531 23.58087 36.18614 85.92961 23.32687 20.37269 49.36235 23.87307 21.10211 49.24361 23.89381 38.44058 87.03069 21.95456 -35.71834 75.01561 21.97049 -36.98593 73.2675 22.75007 -38.16852 76.71953 21.95456 -35.71834 75.01561 21.97049 -36.98593 73.2675 22.6895 -39.361 74.93541 22.6895 -39.361 74.93541 22.75007 -38.16852 76.71953 2.979209 -42.61051 74.01656 2.761504 -41.2194 76.03168 -4.433216 -38.21158 76.70862 -4.247198 -39.40021 74.9868 2.461183 -64.91133 52.71133 15.84798 -64.97864 52.75779 33.80847 -60.21817 56.06787 33.81016 -56.73294 65.64292 30.91589 -56.67588 65.70769 30.9366 -60.20346 56.06871 31.00896 -53.84553 64.70107 31.00478 -57.36996 55.02035 30.9366 -60.20346 56.06871 30.91589 -56.67588 65.70769 33.80847 -60.21817 56.06787 33.73001 -57.36085 54.9933 33.67558 -53.84533 64.61071 33.81016 -56.73294 65.64292 31.00478 -57.36996 55.02035 31.00896 -53.84553 64.70107 33.67558 -53.84533 64.61071 33.73001 -57.36085 54.9933 31.00478 -57.36996 55.02035 33.73001 -57.36085 54.9933 33.80847 -60.21817 56.06787 30.9366 -60.20346 56.06871 25.74492 -40.60937 77.14786 20.88194 -30.92965 70.50434 19.72698 -30.95762 72.50455 24.11156 -39.68509 78.49452 24.11156 -39.68509 78.49452 19.72698 -30.95762 72.50455 18.57203 -32.83415 71.81143 22.4782 -40.60937 77.14786 22.4782 -40.60937 77.14786 18.57203 -32.83415 71.81143 19.72698 -32.80618 69.81122 24.11156 -41.53364 75.8012 24.11156 -41.53364 75.8012 19.72698 -32.80618 69.81122 20.88194 -30.92965 70.50434 25.74492 -40.60937 77.14786 20.88194 -30.92965 70.50434 9.141692 -26.92018 67.75251 9.141692 -27.34259 70.02342 19.72698 -30.95762 72.50455 9.141692 -27.34259 70.02342 9.141692 -29.61355 69.60102 18.57203 -32.83415 71.81143 9.141692 -29.61355 69.60102 9.141692 -29.19114 67.3301 19.72698 -32.80618 69.81122 9.141692 -29.19114 67.3301 9.141692 -26.92018 67.75251 -2.598566 -30.92965 70.50434 -1.443608 -30.95762 72.50455 -1.443608 -30.95762 72.50455 -0.2886493 -32.83415 71.81143 -0.2886493 -32.83415 71.81143 -1.443608 -32.80618 69.81122 -1.443608 -32.80618 69.81122 -2.598566 -30.92965 70.50434 -2.598566 -30.92965 70.50434 -7.461535 -40.60937 77.14786 -5.828177 -39.68509 78.49452 -1.443608 -30.95762 72.50455 -5.828177 -39.68509 78.49452 -4.194821 -40.60937 77.14786 -0.2886493 -32.83415 71.81143 -4.194821 -40.60937 77.14786 -5.828177 -41.53364 75.8012 -1.443608 -32.80618 69.81122 -5.828177 -41.53364 75.8012 -7.461535 -40.60937 77.14786 -7.461535 -40.60937 77.14786 -2.598566 -50.28908 83.79138 -1.443608 -48.41255 84.4845 -5.828177 -39.68509 78.49452 -5.828177 -39.68509 78.49452 -1.443608 -48.41255 84.4845 -0.2886493 -48.38458 82.48429 -4.194821 -40.60937 77.14786 -4.194821 -40.60937 77.14786 -0.2886493 -48.38458 82.48429 -1.443608 -50.26111 81.79117 -5.828177 -41.53364 75.8012 -5.828177 -41.53364 75.8012 -1.443608 -50.26111 81.79117 -2.598566 -50.28908 83.79138 -7.461535 -40.60937 77.14786 9.141692 -54.29856 86.54322 9.141692 -52.02759 86.96562 -1.443608 -48.41255 84.4845 9.141692 -52.02759 86.96562 9.141692 -51.60519 84.6947 -0.2886493 -48.38458 82.48429 9.141692 -51.60519 84.6947 9.141692 -53.87616 84.2723 -1.443608 -50.26111 81.79117 9.141692 -53.87616 84.2723 9.141692 -54.29856 86.54322 -2.598566 -50.28908 83.79138 20.88194 -50.28908 83.79138 19.72698 -48.41256 84.4845 19.72698 -48.41256 84.4845 18.57202 -48.38458 82.48429 18.57202 -48.38458 82.48429 19.72698 -50.26112 81.79117 19.72698 -50.26112 81.79117 20.88194 -50.28908 83.79138 25.74492 -40.60937 77.14786 24.11156 -39.68509 78.49452 19.72698 -48.41256 84.4845 24.11156 -39.68509 78.49452 22.4782 -40.60937 77.14786 18.57202 -48.38458 82.48429 22.4782 -40.60937 77.14786 24.11156 -41.53364 75.8012 19.72698 -50.26112 81.79117 24.11156 -41.53364 75.8012 25.74492 -40.60937 77.14786 20.88194 -50.28908 83.79138 -3.670209 -37.06441 73.33017 -4.247198 -39.40021 74.9868 -4.433216 -38.21158 76.70862 -3.716332 -35.7589 75.04261 -3.670209 -37.06441 73.33017 -3.716332 -35.7589 75.04261 3.654489 -39.87681 72.07772 2.979209 -42.61051 74.01656 -4.247198 -39.40021 74.9868 -3.670209 -37.06441 73.33017 -3.716332 -35.7589 75.04261 -4.433216 -38.21158 76.70862 1.98933 -84.10041 19.82191 2.367049 -64.74967 52.69332 16.06781 -64.71997 52.68386 16.65324 -84.10111 19.83734 47.68143 -83.62833 19.77774 46.99511 -76.09787 48.96316 -47.56189 -76.0923 48.95655 -48.24596 -83.6283 19.77779 5.780995 -67.28339 18.8272 4.702088 -60.0811 15.08697 5.448789 -59.95206 16.39354 5.775443 -66.98721 19.75203 -1.782274 -67.4153 18.87662 -1.875912 -66.94695 19.74417 -1.515158 -59.89859 16.34087 -0.8894134 -60.18503 15.15732 20.12591 -67.2834 18.8272 19.04703 -60.0811 15.08698 19.79373 -59.95206 16.39354 20.12037 -66.98722 19.75202 12.56266 -67.41529 18.87662 12.46902 -66.94695 19.74416 12.82977 -59.89858 16.34087 13.45552 -60.18502 15.15732 -11.91008 33.56267 81.04441 -8.016446 31.45625 80.98258 44.23132 -37.41749 -17.67316 45.0119 -37.54141 5.709972 45.99943 -36.26108 5.710026 38.32877 -47.24112 5.709652 38.73318 -56.34235 5.709736 45.99943 -36.26108 5.710026 45.0119 -37.54141 5.709972 38.63386 -43.10974 -17.8971 39.63208 -43.71132 -8.951321 39.63694 -43.7267 5.709713 -44.79584 -37.41749 -17.67316 -46.56183 -35.3617 5.709545 -45.56912 -37.52079 5.709179 -40.19693 -43.71234 -8.944128 -38.88262 -47.2327 5.709652 -40.20501 -43.70709 5.708141 -39.30191 -56.33061 5.709728 -46.56183 -35.3617 5.709545 -45.56912 -37.52079 5.709179 -39.19839 -43.10973 -17.8971 -44.08769 -71.55025 7.722019 -42.98626 -68.39347 9.458981 -43.03987 -95.79098 -22.25235 -43.03987 -100.0066 -29.55403 47.19177 -100.0066 -29.55404 47.19177 -95.79099 -22.25236 -43.03988 -95.79099 -36.85573 47.19177 -95.79099 -36.85573 -43.03987 -87.35972 -36.85573 47.19177 -87.35973 -36.85574 -43.03987 -87.35972 -36.85573 -43.03987 -83.14408 -29.55404 47.19177 -83.14409 -29.55405 47.19177 -87.35973 -36.85574 -43.03987 -87.35972 -22.25235 47.19177 -87.35971 -22.25236 -28.30994 -103.1829 115.9829 -25.54634 -103.1829 115.9829 -25.54634 -103.1829 123.0503 -28.30994 -103.1829 123.0503 -25.54634 -103.1829 128.1963 -25.54634 -103.1829 134.3222 -28.30994 -103.1829 134.3222 -28.30994 -103.1829 128.1963 -28.30994 -103.1829 128.1963 -28.30994 -106.0921 128.1963 -25.54634 -106.0921 128.1963 -25.54634 -103.1829 128.1963 -28.30994 -98.4232 134.3222 -28.30994 -103.1829 134.3222 -25.54634 -103.1829 134.3222 -25.54634 -98.4232 134.3222 -25.54634 -107.776 125.6233 -25.54634 -106.0921 128.1963 -28.30994 -106.0921 128.1963 -28.30994 -107.776 125.6233 -25.54634 -103.1829 123.0503 -25.54634 -106.0921 123.0503 -28.30994 -106.0921 123.0503 -28.30994 -103.1829 123.0503 -25.54634 -103.1829 125.6233 -25.54634 -107.776 125.6233 -25.54634 -106.0921 123.0503 -25.54634 -106.0921 128.1963 -25.54634 -107.776 125.6233 -28.30994 -106.0921 123.0503 -25.54634 -106.0921 123.0503 -28.30994 -106.0921 123.0503 -28.30994 -98.4232 115.9829 -28.30994 -98.4232 134.3222 -25.54634 -98.4232 134.3222 -25.54634 -98.4232 115.9829 -25.54634 -98.4232 115.9829 -25.54634 -98.4232 134.3222 -25.54634 -103.1829 125.6233 -25.54634 -103.1829 123.0503 37.1718 -115.8541 10.6932 37.1718 -112.8555 9.543058 37.1718 -115.8541 9.6432 37.1718 -112.8555 10.79306 37.1718 -92.51461 9.542019 37.1718 -92.45787 10.79202 25.2022 -128.1009 -19.32954 25.2022 -128.1009 -24.40866 25.2022 -129.5671 -21.8691 25.2022 -125.1685 -19.32954 25.2022 -125.1685 -24.40866 25.2022 -123.7023 -21.8691 25.2022 -120.5773 -19.32954 25.2022 -120.5773 -24.40866 25.2022 -122.0435 -21.8691 25.2022 -117.6449 -19.32954 25.2022 -117.6449 -24.40866 25.2022 -116.1787 -21.8691 -12.73063 -109.6535 121.2022 -12.73063 -109.6535 130.0578 -12.73063 -111.4876 125.63 -12.73063 -105.2257 119.3681 -12.73063 -105.2257 131.8919 -12.73063 -100.7978 121.2022 -12.73063 -100.7978 130.0578 -12.73063 -98.96377 125.63 -25.25888 -109.6535 130.0578 -25.25888 -109.6535 121.2022 -25.25888 -111.4876 125.63 -25.25888 -105.2257 131.8919 -25.25888 -105.2257 119.3681 -25.25888 -100.7978 130.0579 -25.25888 -100.7978 121.2022 -25.25888 -98.96377 125.63 -28.12661 -62.99178 58.1719 -28.61317 -61.74325 57.79762 -28.74615 -62.5014 58.02727 -27.86064 -61.47547 57.7126 -27.37409 -62.72401 58.08689 -27.2411 -61.96585 57.85725 43.20064 -108.67 14.97833 43.20064 -108.67 19.38837 43.20064 -109.943 17.18335 43.20064 -106.1239 14.97834 43.20064 -106.1239 19.38837 43.20064 -104.8508 17.18335 34.97868 -108.67 19.38837 34.97868 -108.67 14.97833 34.97868 -109.943 17.18335 34.97868 -106.1239 19.38837 34.97868 -106.1239 14.97834 34.97868 -104.8508 17.18335 44.78444 -99.35485 16.0064 39.20527 -99.83861 12.82179 42.92474 -99.83861 12.82179 37.34556 -99.35485 16.0064 42.92474 -98.87111 19.19102 39.20527 -98.87111 19.19102 -25.77311 -120.5752 -24.40866 -25.77311 -120.5752 -19.32954 -25.77311 -122.0414 -21.8691 -25.77311 -117.6428 -24.40866 -25.77311 -117.6428 -19.32954 -25.77311 -116.1766 -21.8691 -25.77311 -128.0988 -24.40866 -25.77311 -128.0988 -19.32954 -25.77311 -129.565 -21.8691 -25.77311 -125.1664 -24.40866 -25.77311 -125.1664 -19.32954 -25.77311 -123.7002 -21.8691 -25.24682 -110.7615 -26.7736 -25.24682 -110.7615 -37.84529 -25.24682 -113.0545 -32.30945 -25.24682 -105.2257 -24.48057 -25.24682 -105.2257 -40.13832 -25.24682 -99.68981 -26.7736 -25.24682 -99.68981 -37.84529 -12.64763 -110.7615 -37.8453 -12.64763 -110.7615 -26.7736 -12.64763 -113.0545 -32.30945 -12.64763 -105.2257 -40.13832 -12.64763 -105.2257 -24.48057 -12.64763 -99.68981 -37.8453 -12.64763 -99.68981 -26.7736 55.01969 92.35672 -4.490383 -55.58419 92.35672 -4.490383 -35.54959 -108.67 14.97833 -35.54959 -108.67 19.38837 -35.54959 -109.943 17.18335 -35.54959 -106.1239 14.97834 -35.54959 -106.1239 19.38837 -35.54959 -104.8508 17.18335 -43.77155 -108.67 19.38837 -43.77155 -108.67 14.97833 -43.77155 -109.943 17.18335 -43.77155 -106.1239 19.38837 -43.77155 -106.1239 14.97834 -43.77155 -104.8508 17.18335 -37.91647 -99.35485 16.0064 -43.49565 -99.83861 12.82179 -39.77618 -99.83861 12.82179 -45.35535 -99.35485 16.0064 -39.77618 -98.87111 19.19102 -43.49565 -98.87111 19.19102 -13.67044 -63.19284 58.15364 -14.36608 -62.03797 57.81007 -14.36608 -62.80788 58.03912 -13.67043 -61.65302 57.69554 -12.97479 -62.80788 58.03912 -12.97479 -62.03797 57.81007 -21.12676 -62.76929 57.89159 -21.60033 -61.55667 57.40073 -21.74103 -62.29401 57.68664 -20.84535 -61.29461 57.31973 -20.37178 -62.50723 57.8106 -20.23108 -61.76989 57.52467 24.65983 -110.1664 120.6893 24.65983 -110.1664 130.5707 24.65983 -112.2129 125.63 24.65983 -105.2257 118.6428 24.65983 -105.2257 132.6172 24.65983 -100.285 120.6893 24.65983 -100.285 130.5707 24.65983 -98.23847 125.63 22.20546 -110.1664 130.5707 22.20546 -110.1664 120.6893 22.20546 -112.2129 125.63 22.20546 -105.2257 132.6172 22.20546 -105.2257 118.6428 22.20546 -100.285 130.5707 22.20546 -100.285 120.6893 22.20546 -98.23847 125.63 18.43054 -110.7615 -37.8453 18.43054 -110.7615 -26.7736 18.43053 -113.0545 -32.30945 18.43054 -105.2257 -40.13832 18.43054 -105.2257 -24.48057 18.43054 -99.68981 -37.8453 18.43054 -99.68981 -26.7736 -8.580144 -110.7615 -26.7736 -8.580144 -110.7615 -37.84529 -8.580144 -113.0545 -32.30945 -8.580144 -105.2257 -24.48057 -8.580144 -105.2257 -40.13832 -8.580144 -99.68981 -26.7736 -8.580144 -99.68981 -37.84529 -37.74271 -112.8555 9.543058 -37.74271 -115.8541 10.6932 -37.74271 -115.8541 9.6432 -37.74271 -112.8555 10.79306 -37.74271 -92.51461 9.542019 -37.74271 -92.45787 10.79202 24.58437 -110.7615 -37.8453 24.58437 -110.7615 -26.7736 24.58437 -113.0545 -32.30945 24.58437 -105.2257 -40.13832 24.58437 -105.2257 -24.48057 24.58437 -99.68981 -37.8453 24.58437 -99.68981 -26.7736 22.24682 -110.7615 -26.7736 22.24682 -110.7615 -37.84529 22.24682 -113.0545 -32.30945 22.24682 -105.2257 -24.48057 22.24682 -105.2257 -40.13832 22.24682 -99.68981 -26.7736 22.24682 -99.68981 -37.84529 42.52519 -68.90462 9.458973 48.95527 -83.51648 19.42404 46.01089 6.849623 5.711735 45.99915 6.28409 5.175358 -49.558 -83.51645 19.42404 -46.65572 6.849527 5.711071 -46.56367 6.284107 5.175365 12.05666 61.38396 46.84373</float_array>
          <technique_common>
            <accessor source="#Loader_car_Loader_car_Material_0-mesh-positions-array" count="5516" stride="3">
              <param name="X" type="float"/>
              <param name="Y" type="float"/>
              <param name="Z" type="float"/>
            </accessor>
          </technique_common>
        </source>
        <source id="Loader_car_Loader_car_Material_0-mesh-normals">
          <float_array id="Loader_car_Loader_car_Material_0-mesh-normals-array" count="13524">-0.483195 -0.4197891 -0.7683097 -0.3131095 -0.4050235 -0.8590219 -0.5615152 -0.2822152 -0.777853 -0.409701 0.7769153 0.4780667 -0.4836809 0.794211 0.3678067 -0.2938345 0.7469725 0.5964004 0.04271143 0.4180237 0.9074315 -0.04270768 0.4180271 0.9074302 0 0.01106798 0.9999388 -0.2937731 0.7469621 0.5964436 -0.4837034 0.794192 0.3678179 -0.1529982 0.8324571 0.5325475 0.5318607 0.8468175 -0.004950225 0.4520466 0.8919922 0.001930952 0.4830362 0.8755986 -0.001813828 0.3333325 0.9427695 0.008675336 0.4133331 0.9105263 0.009887099 0.3998407 0.9165831 0.001699626 -0.4133322 0.9105266 0.009887576 -0.3333324 0.9427695 0.008675396 -0.3998401 0.9165834 0.001700937 -0.3256999 0.4307168 0.8416666 -0.4403841 0.5636017 0.698867 -0.7783648 0.5753981 0.251128 0.4554782 0.6831246 0.5708594 0.3647279 0.7559759 0.5435754 0.5040488 0.7853935 0.3592935 -0.5318612 0.8468171 -0.004952371 -0.4765777 0.8789644 0.01718896 -0.4452781 0.8951202 0.02208161 7.74381e-4 -0.6434828 0.7654603 -0.05535584 -0.6742659 0.736411 0 -0.6428427 0.7659983 -6.20361e-4 0.9904639 -0.1377716 0 0.9912824 -0.1317555 -0.001002609 0.9890885 -0.1473194 -0.9999639 -0.006282627 0.005716502 -0.04886233 -0.6972551 0.7151559 -0.001887619 -0.7155424 0.6985669 -0.9111303 -0.01112222 0.4119684 -0.7977319 -0.06958013 0.5989846 -0.5073343 -0.2314603 0.8300832 0.9813894 0.166325 -0.09597361 0.869027 -0.04031592 0.4931194 0.9111578 -0.01113361 0.4119074 0.9291118 0.3143833 -0.1947168 -0.3113889 -0.5039932 0.8056226 -0.5448929 -0.2901687 0.7866981 -0.06351494 -0.09330135 0.99361 -0.544946 -0.2902054 0.7866479 -3.19729e-4 -0.002067804 0.9999979 -0.06352227 -0.09332931 0.9936069 -0.1604859 -0.3665965 0.9164341 0.3114291 -0.5039745 0.8056188 0.09302812 -0.6532561 0.7514004 0.9081613 0.004413962 -0.4185972 0.891995 0.2320004 -0.3879702 0.9545592 0.0843054 -0.2858487 -0.9811943 0.141905 -0.1308469 -0.9545487 0.08431959 -0.2858793 -0.9994258 -0.0048092 0.03354078 -0.2349491 -0.6262056 0.7434148 0.91113 -0.01111191 0.4119692 0.5073508 -0.2314521 0.8300753 0.7977128 -0.06959033 0.5990088 -0.9813885 0.1663281 -0.09597814 -0.9111572 -0.01113027 0.4119087 -0.8690294 -0.04031908 0.4931148 0.5449332 -0.2902292 0.786648 0.06352275 -0.0933268 0.9936071 3.19765e-4 -0.002067804 0.9999979 -0.929109 0.314391 -0.1947175 0.06351852 -0.09328186 0.9936115 0.5449039 -0.2902099 0.7866752 0.3113943 -0.5039989 0.805617 -0.8919998 0.2319994 -0.3879597 -0.9081643 0.004412114 -0.4185907 0.2349206 -0.6262162 0.7434148 0.6666011 -0.2102439 -0.7151507 0.792597 -0.03022986 -0.608996 0.2179998 -0.2630701 -0.9398246 -0.611007 0.003657758 -0.7916168 -0.6398172 0.0538215 -0.7666402 0.02860653 -0.05330145 -0.9981687 -0.6109086 0.003683507 -0.7916926 -0.7234995 1.74724e-4 0.6903249 -0.6397179 0.05390083 -0.7667175 0.8823751 -0.2148818 0.4186169 0.9844574 0.06495028 -0.1631718 0.9996752 -0.002694845 -0.02534216 0.8525895 -0.3009864 0.4271984 0.4869849 -0.7504004 -0.4469286 0.4628825 -0.2552617 -0.8488706 0.5669614 -0.5467501 -0.6161324 0.8821781 -0.09118723 0.4620031 0.7708751 -0.443505 0.4572251 0.987292 -0.01489108 -0.1582178 0.9632405 -0.01078343 -0.2684243 0.9676961 0.05815857 -0.2453199 0.3973151 0.5856565 -0.7065035 0.471917 0.1917639 -0.8605353 0.46683 0.2481261 -0.8488246 0.9979569 0.0362007 -0.05264586 0.4264108 0.7135574 -0.5558863 0.5156743 0.8483622 -0.1198397 0.8098543 0.5314719 -0.2483424 0.219392 -0.5530296 0.8037572 0.3082522 -0.4387863 0.8440659 0.8823786 -0.214894 0.4186031 0.8525717 -0.3010073 0.4272193 0.4370163 -0.1258605 0.8906042 0.4189162 -0.2854977 0.8619747 0.7709057 -0.4434821 0.4571957 0.8821848 -0.09121364 0.461985 0.4495999 -0.8629248 0.2306963 -7.05292e-4 -0.5696121 0.8219134 0 -0.5334961 0.8458026 1 -6.16017e-7 -8.33632e-7 1 0 0 0.005098998 -0.9949823 -0.09992116 -0.01085931 -0.9775165 -0.2105797 -0.007769823 -0.981623 -0.1906727 0.008296966 -0.9951148 -0.09837585 1 -1.95075e-7 1.95274e-7 1 -2.47085e-7 -6.57113e-7 -0.007844626 -0.8867059 -0.4622674 -3.25445e-7 -0.7100059 -0.7041957 -0.008140206 -0.7426462 -0.6696345 -0.01950383 -0.9025272 -0.4301912 1 1.81407e-7 0 -3.47611e-7 -0.4651904 -0.8852108 -3.82548e-7 -0.4942349 -0.8693284 -6.39607e-7 0 -1 -4.84958e-7 0 -1 -4.3605e-7 0.004623949 -0.9999893 -3.77181e-7 0 -1 -0.001541078 0.005538165 -0.9999835 4.6467e-4 0.01308691 -0.9999143 0.008783161 0.02682775 -0.9996015 0 -1 0 0 -1 -3.67228e-7 1 0 -1.47083e-6 1 -4.36197e-7 0 1 -3.05714e-7 -1.28397e-7 1 8.6003e-7 -4.87738e-7 -1 7.64285e-7 5.56384e-7 1 -1.21003e-7 -3.43904e-7 -0.9999644 -4.35688e-4 -0.008426427 -1 3.01615e-7 7.95971e-7 -1 4.54585e-7 0 -1 0 0 -1 4.70884e-6 2.03879e-6 -1 2.96741e-7 9.81022e-7 -1 1.9475e-6 1.0489e-6 -0.004302442 -0.9950988 -0.09879195 -0.008268654 -0.9952627 -0.09687012 -4.16123e-4 -0.9951016 -0.09885686 -4.27391e-4 -0.9951018 -0.09885525 0.02508074 -0.9800216 -0.1973035 -0.00427246 -0.9950975 -0.09880739 0.03327405 -0.9717901 -0.2334887 0.02493417 -0.8573051 -0.5142045 0.03612619 -0.8977352 -0.4390518 0.02459269 -0.7372478 -0.6751747 -0.2568343 -0.5581603 -0.7889824 -5.47283e-4 -0.1518912 -0.9883971 -8.72472e-4 -0.1659038 -0.9861416 -1.86261e-7 0.3586306 -0.9334796 -1.05835e-5 0.3771293 -0.9261606 0.0131523 -0.501035 -0.8653272 -0.313027 -0.4050569 -0.8590362 -3.4489e-7 0.003460526 -0.999994 -0.005614101 0.02981632 -0.9995397 -2.93137e-7 -1.21804e-7 -1 0 0.00330758 -0.9999945 -7.25326e-7 0.0033077 -0.9999945 -6.39607e-7 0 -1 -4.65218e-7 0 -1 0.01469761 0.03861713 -0.999146 0.01902449 0.03784918 -0.9991024 -0.01902055 0.0378409 -0.9991027 -0.008637666 0.03587645 -0.9993189 0 -1 0 0 -1 8.63784e-7 1.87775e-5 -0.4087122 -0.9126633 -2.02707e-5 -0.4087123 -0.9126633 -1 6.56034e-7 9.80552e-7 -1 7.99697e-7 0 -1 1.00337e-6 2.93099e-7 -1 0 9.40645e-7 1 -6.11438e-7 -3.02156e-7 -1 5.95705e-7 4.8524e-7 -1 0 4.83454e-7 2.33499e-6 0.9956156 0.09353953 0 0.9999603 -0.00891149 0 0.9999603 -0.008913457 0.001090824 0.9998418 -0.01776218 1.51524e-7 -0.9999887 0.004744887 -3.41603e-5 -0.9999888 0.004745423 0 -0.9999603 0.008912444 -2.60691e-6 -0.9999603 0.008912086 0 0.9999886 -0.004773139 0 0.9999887 -0.00477302 1 -3.39772e-6 0 1 -2.75612e-5 -6.6767e-7 -1 -1.89759e-6 1.05214e-6 -1 9.07685e-7 1.05719e-6 -1 7.82539e-6 3.17919e-7 -1 -7.78612e-6 3.16308e-7 1 -3.09619e-5 -2.14577e-7 1 7.87009e-6 -3.93619e-7 2.37595e-6 0.9956156 0.09353953 0 0.9999603 -0.00891155 0 0.9999603 -0.008913457 0.001089513 0.9998418 -0.01776236 0 -0.9999887 0.004744172 0 -0.9999887 0.004743933 0 -0.9999604 0.008912384 0 -0.9999603 0.008910536 0 0.9999887 -0.004768013 0 0.9999887 -0.004767894 1 -5.28849e-6 -8.77598e-7 1 5.98088e-6 -8.80144e-7 -1 -2.46618e-7 8.76784e-7 -1 2.80557e-6 8.80958e-7 -1 3.12966e-5 2.65845e-7 -1 0 3.16501e-7 1 0 -3.20988e-7 1 0 -3.25622e-7 -0.9221782 0.3867654 1.88758e-5 -1 0 4.33254e-7 -1 0 4.33255e-7 -0.9221782 0.3867654 -1.81643e-5 -0.3785744 0.925571 5.38713e-7 -0.3785742 0.9255711 0 0 1 2.92667e-7 0 1 9.04407e-7 0.3785763 0.9255701 -2.08251e-7 0.3785758 0.9255703 0 0 1 0 0.9221782 0.3867654 1.80844e-5 0.9221782 0.3867654 -1.89557e-5 1 0 -5.19905e-7 1 0 -5.19905e-7 0 0.9238555 0.3827418 0 1 -1.45085e-7 0 1 -1.2574e-7 0 0.9238581 0.3827353 -9.31545e-6 0.7071262 0.7070875 9.35958e-6 0.7071369 0.7070768 0 0.3826872 0.923878 -9.36192e-6 0.7070701 0.7071435 9.31995e-6 0.7070946 0.707119 0 0.3826813 0.9238804 0 0 1 0 0 1 0 -0.3827393 0.9238564 0 -0.3827335 0.9238588 -9.31325e-6 -0.7070725 0.7071411 9.35962e-6 -0.7070969 0.7071166 0 -0.9238612 0.3827279 -9.35964e-6 -0.7071203 0.7070933 9.31548e-6 -0.7071182 0.7070954 0 -0.9238566 0.3827388 0 -1 -9.98182e-6 0 -1 1.02526e-5 0 -0.9238771 -0.3826897 0 -0.9238802 -0.3826819 -9.31997e-6 -0.7071232 -0.7070904 9.36416e-6 -0.7071211 -0.7070925 0 -0.3827338 -0.9238588 -9.35963e-6 -0.7070982 -0.7071155 9.31324e-6 -0.7070721 -0.7071415 0 -0.3827385 -0.9238567 0 0 -1 0 0 -1 0 0.3826822 -0.9238801 0 0.3826869 -0.9238782 -9.31995e-6 0.7070949 -0.7071186 9.36192e-6 0.7070689 -0.7071447 0 0.9238779 -0.3826874 -9.36407e-6 0.7071443 -0.7070693 9.31995e-6 0.7071292 -0.7070844 0 0.923874 -0.3826969 0 0.9238551 0.3827424 0 1 -4.35244e-6 0 1 4.8167e-6 0 0.9238557 0.382741 -9.31548e-6 0.7071183 0.7070953 9.35959e-6 0.707134 0.7070797 0 0.3826923 0.9238759 -9.36197e-6 0.7070822 0.7071315 9.31996e-6 0.7070971 0.7071166 0 0.3826724 0.9238841 0 6.86716e-7 1 0 -3.79144e-6 1 0 -0.3827379 0.9238571 0 -0.3827367 0.9238575 -9.31326e-6 -0.7070744 0.7071393 9.35963e-6 -0.7070992 0.7071145 0 -0.9238556 0.3827416 -9.35959e-6 -0.7071328 0.7070808 9.31548e-6 -0.7071185 0.7070952 0 -0.9238554 0.3827416 0 -1 4.35244e-6 0 -1 -4.8167e-6 0 -0.9238742 -0.3826963 0 -0.9238751 -0.3826942 -9.31997e-6 -0.707122 -0.7070916 9.36409e-6 -0.7071389 -0.7070748 0 -0.382736 -0.9238578 -9.35962e-6 -0.7070976 -0.7071161 9.31326e-6 -0.7070747 -0.707139 0 -0.382739 -0.9238566 0 -4.37176e-6 -1 0 0 -1 0 0.3826714 -0.9238846 0 0.382693 -0.9238756 -9.31996e-6 0.7070968 -0.7071168 9.36197e-6 0.707084 -0.7071297 0 0.9238749 -0.382695 -9.36411e-6 0.7071356 -0.7070781 9.31997e-6 0.7071225 -0.7070912 0 0.9238751 -0.3826942 0 0.9272373 0.3744743 0 0.9902442 -0.1393429 0 0.9902446 -0.1393406 0 0.9272353 0.3744794 -1.36761e-5 0.6158203 0.7878867 1.10937e-5 0.6158203 0.7878867 0 0.1393072 0.9902493 -1.24201e-5 0.6157166 0.7879677 8.68266e-5 0.6157166 0.7879677 0 0.1393036 0.9902498 0 -0.3745062 0.9272244 0 -0.374509 0.9272233 -1.23593e-5 -0.7879006 0.6158026 1.24179e-5 -0.7878994 0.615804 0 -0.990245 0.1393372 -1.24179e-5 -0.7879461 0.6157442 1.23593e-5 -0.7879516 0.6157372 0 -0.9902461 0.1393296 0 -0.9272357 -0.3744785 0 -0.9272359 -0.3744779 -1.23615e-5 -0.6158266 -0.7878819 1.24201e-5 -0.6158335 -0.7878763 0 -0.1393072 -0.9902493 -1.24201e-5 -0.6157166 -0.7879677 8.68266e-5 -0.6157166 -0.7879677 4.83256e-6 -0.1393067 -0.9902493 1.33979e-5 0.3745064 -0.9272245 1.62969e-5 0.3745038 -0.9272254 -7.49814e-6 0.7879101 -0.6157905 1.37441e-5 0.787912 -0.6157879 -1.24179e-5 0.7879494 -0.6157402 1.23593e-5 0.7879483 -0.6157414 0 0.9272366 0.3744762 0 0.9272353 0.3744794 0 0.9902529 -0.1392813 0 0.9902529 -0.1392813 1.24201e-5 0.6158203 0.7878866 -1.23615e-5 0.6158203 0.7878867 0 0.1393042 0.9902496 0 0.1393002 0.9902502 -1.24201e-5 0.6157262 0.7879602 1.23615e-5 0.6157277 0.787959 0 -0.374478 0.9272359 0 -0.3744823 0.9272341 1.24201e-5 -0.7878873 0.6158194 -1.23615e-5 -0.7878894 0.6158168 0 -0.9902447 0.1393398 0 -0.9902457 0.1393324 -1.24179e-5 -0.7879494 0.6157402 1.23593e-5 -0.7879439 0.6157472 0 -0.9272348 -0.3744803 0 -0.9272353 -0.3744795 1.24201e-5 -0.6158218 -0.7878856 -1.23637e-5 -0.615791 -0.7879095 0 -0.1393127 -0.9902485 0 -0.1393087 -0.990249 -1.24201e-5 -0.6157262 -0.7879602 1.23615e-5 -0.6157277 -0.787959 0 0.3744663 -0.9272406 0 0.3744727 -0.9272379 1.24201e-5 0.7878873 -0.6158194 -1.23615e-5 0.7878923 -0.6158131 -1.24223e-5 0.7879683 -0.6157159 8.68575e-5 0.7879435 -0.6157478 0.9994307 -0.004992067 0.03337121 0.9811851 0.1419371 -0.1308811 0.6105192 0.346206 -0.7123256 0.5152384 0.7443436 -0.4248318 0.8616466 0.3488734 -0.3685818 0.6105775 0.3461676 -0.7122943 0.861674 0.348852 -0.368538 0.9496486 0.0803771 -0.3028318 3.17507e-5 -1 0 3.17567e-5 -1 0 -0.6031875 0.3476464 -0.7178488 -0.8616495 0.3488868 -0.3685624 -0.5030162 0.7527887 -0.4245985 -3.17502e-5 -1 0 -3.17575e-5 -1 -1.26627e-5 0.999964 -0.006275594 0.00571376 6.2034e-4 0.990464 -0.1377706 0.00100255 0.9890884 -0.1473196 0 0.9912824 -0.1317554 0.001932263 -0.7155498 0.698559 -7.74231e-4 -0.6434825 0.7654604 0.0488612 -0.6972621 0.715149 0.05535638 -0.6742592 0.7364172 0 -0.6428438 0.7659974 -0.01186341 -0.00534147 0.9999154 0.535554 0.01113146 0.8444277 0.511195 0.1983627 0.8362607 0.1224815 0.3143948 0.9413577 0.5235098 0.8514207 0.03194332 0.08388757 0.9802832 0.1789078 0.1177686 0.9745489 0.1907487 -0.6602532 0.601728 0.4494321 -0.713521 0.5854446 0.3848928 0.2570405 0.8211857 0.5094943 0.1961081 0.9535292 0.2287438 0.9267517 0.2556659 0.2752572 0.8800925 0.1354963 0.4550581 0.8112996 0.5798802 0.07437771 -0.008630812 -0.9889175 0.1482148 0.05129766 -0.9859459 0.1589942 -0.01382523 -0.989152 0.1462439 -0.0531131 -0.9860638 0.1576613 -0.04202955 -0.9924339 0.115363 -0.1161568 -0.9721403 0.2035946 0.08605045 -0.9818807 0.1688363 -0.7135179 0.5854528 0.3848861 -0.9539005 0.1392039 0.2658879 -0.6602199 0.6017848 0.449405 -0.9669062 -0.1009879 0.2342948 -0.5990679 0.3286861 0.7301254 -0.02596133 -0.9915598 0.1270253 -0.1178721 0.9745829 0.1905109 -0.08697038 0.9803515 0.1770514 -0.5237329 0.851233 0.03326094 0.6908164 0.5908263 0.4167698 0.7087788 0.5924997 0.3828534 -0.1964863 0.844189 0.4987365 -0.1778159 0.9513167 0.2517504 0.5150515 0.543613 0.6627269 -0.1510279 0.3035141 0.9407815 0.5504389 0.326851 0.7682353 0.8523178 0.2994095 0.4288454 0.6705157 0.6544636 0.3494083 0.5112213 0.1984323 0.8362281 -0.4875669 0.8730852 0.001018762 -0.5911017 0.806219 0.02469265 -0.8800967 0.1354828 0.4550543 -0.9267624 0.2556348 0.2752496 -0.8112515 0.5799496 0.07436048 0.008632063 -0.9889177 0.1482145 0.05311018 -0.9860646 0.1576585 0.01382583 -0.989152 0.1462441 -0.05128198 -0.9859496 0.158977 0.116146 -0.9721448 0.2035795 0.04202777 -0.9924332 0.1153689 -0.08606362 -0.9818756 0.1688594 0.690752 0.5908967 0.4167767 0.9538968 0.1391397 0.2659348 0.7087799 0.5925081 0.3828383 0.9669055 -0.1009843 0.2342987 -0.9967045 -0.07967805 0.01521563 0.5503814 0.3269289 0.7682434 0.02596145 -0.9915595 0.1270274 0.5910795 0.8062358 0.02467495 0.4851536 0.8744289 -4.9609e-4 -0.6705151 0.654479 0.3493806 0.2649922 0.9157968 0.30182 0.9967032 -0.07968491 0.01526677 -0.670596 0.6544221 0.349332 -0.8523073 0.2994257 0.428855 -0.5144135 0.1975374 0.8344805 0.4096249 0.7769585 0.4780617 0.5104977 -0.2556813 -0.8209868 0.55139 -0.2987219 -0.7789315 0.5452346 -0.2922647 -0.7856848 0.02495908 -0.8573352 -0.5141533 -0.2569049 -0.5581272 -0.7889829 -0.4492765 -0.4152431 -0.7910271 -0.002046883 0.9996142 0.02770334 -0.001921355 0.9996442 0.02660834 -0.002147674 0.9995899 0.02855998 -0.6665689 -0.2102356 -0.7151831 -0.2180489 -0.263086 -0.9398087 -0.7925994 -0.03023076 -0.608993 0.6110078 0.003647923 -0.7916162 -0.02865517 -0.05329197 -0.9981678 0.6398159 0.05384784 -0.7666395 0.6109091 0.003684878 -0.7916922 0.6397176 0.05390757 -0.7667174 0.7234988 1.75659e-4 0.6903256 0.001912355 0.9996209 0.02747082 0.001901865 0.9995912 0.02852505 0.001921355 0.9996442 0.02660834 -9.33276e-7 -0.977185 0.2123903 9.33277e-7 -0.9771832 0.2123988 1 -6.33959e-6 0 -1 3.1698e-6 0 -1 -6.3396e-6 0 0.787663 -0.1808763 0.5889575 0.9999728 0.002385675 0.006988644 -1 -1.24595e-6 0 0 -0.005201637 0.9999865 0 0.09335225 -0.9956332 0 0.3532007 -0.9355477 0 0.1397225 -0.9901908 0.02472591 -0.3341945 0.9421798 0.1186668 -0.2679192 0.9561054 0.09962099 -0.5687429 0.8164603 0 -0.005201637 0.9999865 0 0.09335118 -0.9956333 0 0.1397222 -0.9901908 0 0.3532041 -0.9355463 0.1645402 -0.5242141 0.8355394 0 0.3161687 -0.948703 0 0.5052344 -0.8629822 -0.08313894 0.2681038 -0.959796 -0.1186661 -0.2679183 0.9561058 -0.09962099 -0.5687431 0.8164601 -0.1645402 -0.5242137 0.8355396 -0.2572283 0.008469223 -0.9663136 -0.2426984 0.3823453 -0.8915771 0.2568292 -0.009118914 0.9664139 0.3257965 -0.2995786 0.8967215 -0.02472591 -0.3341951 0.9421796 0 0.3161684 -0.9487032 0.08313953 0.2681049 -0.9597956 0 0.5052344 -0.8629822 0.2572322 0.008469164 -0.9663126 0.2426984 0.382345 -0.8915772 -0.2568249 -0.009118318 0.9664149 -0.3257966 -0.2995779 0.8967217 1 3.8585e-6 3.74249e-7 0.8994713 -0.09761041 -0.4259387 0.961415 -0.2101318 -0.1775549 0.3085247 0.9511684 0.009548664 0.3235399 0.8758971 0.3579475 -0.6150601 0.6138964 0.4948055 0.3235388 0.8759277 0.3578736 0.3085872 0.9511479 0.009579837 -0.8557136 0.501369 0.1279975 -0.5579721 -0.755051 -0.3443331 -0.6151035 0.6138159 0.4948514 -0.8556839 0.5014167 0.1280094 -0.5947418 -0.8039165 7.02471e-4 -0.5580761 -0.7549729 -0.3443356 -0.5946712 -0.8039688 6.90624e-4 0.9614068 -0.2101287 -0.1776034 0.899469 -0.09751653 -0.425965 0.8968408 0.03637099 0.4408559 0.3459835 0.7187127 -0.6031149 -0.8202199 0.2909239 -0.4925471 -0.6361081 -0.6301422 0.4452947 -0.5947006 -0.8039469 6.58773e-4 -0.6360755 -0.6301341 0.4453529 0.08575302 -0.9146409 0.3950679 0.9613934 -0.2101972 -0.1775952 0.8968229 0.03637182 0.4408921 0.8224975 0.2903882 0.4890528 0.3905419 0.4551634 -0.8001896 0.3460768 0.7186977 -0.6030792 0.3905786 0.4551404 -0.8001849 -0.5471892 0.1119421 -0.8294897 -0.820191 0.2910275 -0.4925341 -0.8201466 0.29101 -0.4926184 -0.5472183 0.1119093 -0.8294749 -0.6124233 -0.3408684 0.7132647 0.8968439 0.03644365 0.4408437 -0.6360746 -0.6301172 0.445378 -0.6125005 -0.3408766 0.7131944 0.8224943 0.2904406 0.489027 0.3460828 0.7186596 -0.6031212 -0.8823742 -0.2149029 0.4186078 -0.9996752 -0.002694606 -0.0253418 -0.9844575 0.06495022 -0.1631716 -0.8525897 -0.3009953 0.4271917 -0.4869849 -0.7504003 -0.4469286 -0.5670559 -0.546736 -0.6160581 -0.462835 -0.2552637 -0.848896 -0.8821773 -0.09121334 0.4619992 -0.9873351 -0.01508802 -0.15793 -0.7708747 -0.4435073 0.4572235 -0.9632405 -0.01078349 -0.2684243 -0.9676961 0.05815863 -0.2453198 -0.3973155 0.5856637 -0.7064974 -0.466831 0.2481284 -0.8488234 -0.4719179 0.1917653 -0.8605346 -0.997957 0.0362004 -0.05264574 -0.426411 0.7135559 -0.5558883 -0.8098536 0.5314729 -0.2483423 -0.5156772 0.8483605 -0.1198408 -0.2194412 -0.5530212 0.8037494 -0.8823776 -0.2149109 0.4185968 -0.3078022 -0.4387209 0.8442642 -0.852572 -0.3010135 0.4272143 -0.4370163 -0.1258609 0.8906042 -0.770913 -0.4434671 0.4571981 -0.4189164 -0.2854982 0.8619745 -0.8821844 -0.09123128 0.4619823 -0.4495885 -0.8629321 0.2306913 7.08244e-4 -0.5696241 0.8219051 1.25036e-6 -0.5334964 0.8458024 -0.7876631 -0.1808941 0.5889518 -0.9999731 0.002346277 0.006961286 1 0 0 -1 2.15342e-7 6.89718e-7 -1 0 6.34818e-7 0.362424 0.5247945 0.7702205 0.5219832 0.4667297 0.7139306 0.3505008 0.4357355 0.8290259 0.1605007 -0.3665691 0.9164425 -0.09299951 -0.6532545 0.7514052 -0.3114197 -0.5039985 0.8056074 -0.8616734 0.348846 -0.3685451 -0.6032381 0.34758 -0.7178385 -0.949649 0.0803833 -0.302829 -5.36366e-4 -0.007104277 0.9999747 6.85197e-4 -0.006905615 0.9999759 -0.1271589 -0.009068369 0.991841 -0.3400495 -0.4955391 0.7992544 0.3400117 -0.4955537 0.7992613 0.1271587 -0.009067952 0.991841 -0.03304445 0.08606117 0.9957418 0.5265257 -0.1652462 0.8339452 0.2131763 0.1011233 0.9717664 0.4540951 0.8842955 0.108717 0.5478083 0.5381491 -0.6405479 -0.5402504 0.5569326 -0.6308373 0.2606772 0.5012558 0.8251001 0.8961212 -0.2201285 0.3853703 0.7954879 -0.09305036 -0.5987827 0.6121498 0.5103574 -0.6039933 0.8918004 -0.2018293 0.4049162 0.4944841 -0.6613053 0.5640575 -0.5228784 -0.1752724 0.8341929 -0.5825231 0.8125743 0.01974976 0.5945635 0.8029564 0.04189693 0.6122053 0.5102836 -0.6039995 0.2851461 -0.1251831 0.9502742 -0.6875222 0.01497602 0.726009 -0.5690456 -0.1737347 0.8037435 0.6555198 -0.1396679 0.7421501 0.6275517 0.5631249 0.5376518 -0.4794318 0.8311172 0.2817616 -0.578345 0.5282108 0.6216997 0.6276413 0.5630097 0.5376678 -0.5782971 0.5283106 0.6216595 -0.5600887 -0.225957 0.797022 0.6555275 -0.139633 0.7421498 0.6276282 0.5630614 0.5376288 -0.5600757 -0.2260098 0.7970163 -0.5782722 0.5282679 0.6217189 -0.4794744 0.8310847 0.2817848 -0.159605 -0.151473 0.9754908 -0.7911412 0.3189874 0.5218648 0.6485985 -0.7474482 0.1436707 -0.3405668 -0.9357342 0.0917378 0.6176924 -0.4767366 -0.6254425 -0.545476 -0.8354948 0.06636673 0.5378444 -0.8428224 0.01933419 0.4944692 -0.6612837 0.5640958 0.342931 -0.4795567 0.8077275 -0.4153862 -0.6788347 0.6055061 5.45427e-4 0.09459215 0.9955161 0.03163051 0.0698226 0.9970579 -0.4547337 0.8837214 0.1106961 0.6485657 -0.7474731 0.1436893 0.6176265 -0.4767743 -0.6254789 -0.393415 -0.6922494 -0.6049921 0.5944664 0.8030267 0.04192847 -0.2608361 0.4992886 0.8262419 0.2606903 0.5012543 0.8250968 -0.1595886 -0.1515391 0.9754832 -0.5553115 -0.5895527 -0.5865637 0.5651976 -0.5554134 -0.6099736 -0.5446984 0.5566838 -0.6272215 0.6176701 -0.4767919 -0.6254224 0.2597931 -0.05867427 -0.9638801 0.4809209 -0.003862142 0.8767555 0.6176468 -0.4767703 -0.6254619 0.4808771 -0.003809213 0.8767798 0.1074153 0.09983128 -0.9891895 0.1072861 0.09984558 -0.989202 0.6122136 0.5103009 -0.6039765 0.6177129 -0.4767484 -0.6254133 -0.5446444 0.5567928 -0.6271717 -0.4217035 0.08497911 -0.9027429 -0.3934039 -0.6922838 -0.6049599 -0.4360962 -0.1936971 -0.878807 0.1450859 -0.353143 -0.9242511 0.1322264 -0.2238036 -0.9656233 0.4625602 0.1349474 -0.8762576 -0.5402296 0.5569989 -0.6307966 0.5478388 0.5382225 -0.6404603 0.5651429 -0.5554974 -0.6099477 3.27948e-4 -0.1569614 -0.9876047 0.4297297 -0.05232012 -0.9014406 0.7955676 -0.09304988 -0.5986768 0.7455434 -0.2845903 0.6026387 0.4944081 -0.6613584 0.5640619 0.9026768 -0.4046714 0.1463408 0.9312393 -0.3628019 0.03417897 0.5377799 -0.8428637 0.01933169 0.9884857 -0.1459516 -0.03992694 0.5651088 -0.5554863 -0.6099895 0.9320793 0.0212562 -0.3616302 0.4296905 -0.05237841 -0.9014559 -0.9545903 -0.2199306 -0.2009678 -0.8468079 -0.2729721 -0.4565113 -0.4360653 -0.1937017 -0.8788212 -0.3933686 -0.6922512 -0.6050202 -0.8861163 -0.463136 0.01740944 -0.3404351 -0.9357777 0.0917831 -0.8909347 -0.4169008 0.1800807 -0.4153698 -0.6788581 0.6054915 -0.7395449 -0.2674618 0.6176874 -0.8734678 -0.1887981 0.4487867 -0.5690215 -0.1737359 0.8037602 -0.8368511 0.002252161 0.5474262 -0.9117482 0.004400014 0.410726 -0.6875231 0.01498031 0.7260081 -0.9850637 0.02535468 0.1703136 -0.9530093 0.1555168 0.2599769 -0.5825254 0.8125725 0.01975595 -0.897531 0.437545 0.0547043 -0.9779182 0.198827 -0.06437283 -0.5446265 0.5567038 -0.6272663 -0.9239768 0.0318399 -0.381121 -0.4216901 0.08499556 -0.9027476 0.9676681 0.1265267 -0.218196 0.8555318 0.1864942 -0.4829962 0.4625144 0.1348778 -0.8762925 0.54778 0.5382007 -0.6405287 0.8945296 0.446008 -0.029895 0.45406 0.8843148 0.1087056 0.6198818 0.4032697 0.673142 0.2606761 0.5012884 0.8250806 0.6474283 0.04692035 0.7606807 0.6198762 0.4031909 0.6731944 0.647475 0.04688096 0.7606434 0.5264782 -0.1652738 0.8339695 0.8574561 -0.01735115 0.5142646 0.8835821 -0.1590455 0.4404398 0.7455702 -0.2845824 0.6026093 -0.791196 0.3188917 0.52184 0.7455209 -0.2846336 0.6026461 -0.4794896 0.8310919 0.2817372 -0.7911593 0.3188866 0.5218988 -0.4711508 -0.7530578 0.4592615 0.5263227 -0.6814337 0.5085593 -0.5473514 -0.3136572 0.7759032 0.5222249 0.5443732 0.6564596 -0.5110325 0.2669984 0.8170421 0.5367436 -0.1640318 0.8276472 0.8442707 -0.5258089 -0.1035968 0.8146956 -0.4664665 -0.3445001 0.8628612 0.4975039 -0.08922147 -0.6294762 -0.2131592 0.7472101 -0.4353057 -0.482875 0.7598294 0.6733093 -0.09816282 0.7328156 0.2746384 0.2516402 0.9280361 0.5029352 -0.7784495 -0.3755964 0.8147459 -0.4664164 -0.344449 -0.4421548 -0.8969245 0.005062699 0.7674567 -0.3560099 -0.5331673 0.6125378 0.5167793 -0.5981109 0.9346798 0.1964844 -0.2962564 -0.471134 -0.7530339 0.4593177 -0.3848247 -0.9217979 -0.04688835 0.5263035 -0.6814426 0.5085672 -0.8261421 -0.5457299 0.1402435 -0.6672587 -0.7373102 0.1055445 -0.8371355 -0.4443476 0.3189977 0.8909348 -0.1185441 -0.4383862 0.9574549 0.03265076 0.2867298 0.4105757 0.8316707 0.3738338 0.7787688 0.3402611 -0.5270121 -0.575098 0.5431443 -0.6117652 0.5849857 0.5125955 -0.6285203 0.6924387 0.474756 -0.5432636 0.7011116 0.6512519 0.2903679 0.703434 0.6334535 0.3223623 0.4105411 0.8317031 0.3737996 0.5884842 0.7224298 0.3630173 -0.6673053 -0.7372657 0.1055607 0.4082412 -0.9020577 -0.1401113 0.3674972 0.4714368 -0.8016815 -0.4386213 0.8896989 0.1266776 0.4105411 0.831705 0.3737952 0.4360406 0.8914206 0.1234428 0.3675353 0.4713883 -0.8016926 -0.4242559 0.6268782 -0.6534759 0.4650812 0.6109694 -0.6406372 -0.09761393 0.9933448 0.06113642 -0.1219773 0.6914303 -0.7120714 0.3675053 0.4714309 -0.8016812 0.7034086 0.6334595 0.3224059 0.7787888 0.340255 -0.5269863 -0.3402531 -0.7662773 0.5450202 0.81557 -0.3707126 0.4443172 0.3614912 -0.9071695 0.2153313 -0.3529114 -0.9317178 -0.08576452 0.8443126 -0.5257388 -0.1036095 0.799964 0.338186 -0.4956692 0.8155038 -0.3707772 0.4443849 0.8155553 -0.370694 0.4443597 -0.3402346 -0.7662342 0.5450922 0.1702476 0.8043381 0.5692591 0.7011467 0.6511693 0.2904685 0.5884618 0.7224434 0.3630266 -0.03202092 -0.9983757 -0.04712527 -0.8471162 -0.3832091 -0.3681645 -0.1219727 0.6914053 -0.7120966 0.8584011 0.3229774 -0.3985388 0.8628551 0.4975158 -0.08921462 -0.4629841 0.7603703 -0.4555027 0.7999241 0.3382612 -0.4956822 0.09710544 0.985629 -0.1382247 0.588374 0.7224916 0.3630729 -0.0320397 -0.9983777 -0.04706913 -0.8261509 -0.5457173 0.1402409 -0.8371191 -0.4443271 0.3190692 -0.03399199 -0.6671087 0.7441846 -0.9464339 -0.2472454 0.2076838 -0.5049233 0.8382378 -0.2059368 -0.3836832 0.4723487 0.7935199 -0.5048629 0.8382684 -0.2059605 -0.9464322 -0.2472398 0.2076983 -0.9587437 0.1466844 -0.2435044 -0.9464148 -0.247298 0.2077082 -0.3836529 0.4723628 0.7935262 -0.8370755 -0.444382 0.3191072 -0.5883709 0.7225027 0.363056 -0.1703345 0.8043195 0.5692597 -0.9574587 0.03263521 0.286719 0.9574685 0.03265911 0.2866835 0.8909474 -0.1185621 -0.4383558 -0.8371089 -0.4443277 0.319095 -0.3836501 0.472422 0.7934924 -0.03396558 -0.6670532 0.7442355 -0.8470962 -0.383269 -0.3681481 -0.462948 0.7603923 -0.4555027 -0.958748 0.1466867 -0.2434856 -0.8470746 -0.3832132 -0.3682559 -0.38372 0.4723114 0.7935245 0.7609872 -0.3374452 0.5541022 -0.516259 0.8188921 0.2507838 0.6732614 -0.09817767 0.7328577 0.8272669 0.3068903 0.4705826 0.2747141 0.2516826 0.9280022 0.4868704 0.8296672 0.2731479 -0.4456431 -0.8579217 0.2556808 0.5482897 0.835689 -0.03166013 -0.5163041 0.8188478 0.2508354 0.5223304 0.5442282 0.6564958 0.8272737 0.3069164 0.4705534 -0.3528424 -0.9317438 -0.08576643 -0.9464114 -0.2473533 0.2076583 -0.4421221 -0.8969411 0.00498569 -0.4455968 -0.8579465 0.2556783 -0.9587299 0.1467175 -0.2435387 -0.3401635 -0.7662549 0.5451077 -0.435263 -0.4828701 0.7598571 -0.6294318 -0.2131637 0.7472462 0.5849629 0.5125876 -0.6285479 -0.5751254 0.5430424 -0.6118299 0.8583638 0.323011 -0.3985921 0.4650631 0.6109318 -0.6406862 0.5038894 -0.485379 -0.7144947 0.4181043 -0.9072964 -0.04474472 -0.01867336 -0.9993515 0.03079032 0.5029664 -0.7784228 -0.3756097 0.4360421 0.891422 0.1234271 0.7033706 0.6335106 0.3223882 0.701082 0.6512567 0.2904286 0.7674561 -0.3560366 -0.5331503 -0.2209785 -0.7723106 -0.5955712 -0.7590274 -0.5302073 0.3778328 -0.4282685 0.6066801 0.6697204 -0.1146838 0.9911317 -0.0671243 -0.4283037 0.6065861 0.669783 0.4868702 0.8296586 0.273174 -0.4242151 0.6268327 -0.653546 0.4650859 0.610924 -0.640677 0.612549 0.5167803 -0.5980986 -0.1488115 0.4249088 -0.8929209 0.4868813 0.8296852 0.2730735 0.6125135 0.5168231 -0.5980979 0.7674328 -0.356031 -0.5331875 -0.2209355 -0.7723733 -0.5955057 -0.1487848 0.4250278 -0.8928688 0.9734514 0.1418251 -0.1796613 0.9330962 -0.3333179 -0.1350212 0.5039044 -0.485424 -0.7144536 0.5725187 0.1412076 -0.8076402 0.5587137 0.6426227 -0.5242853 0.9334143 0.3021023 0.1935767 0.5465387 0.82555 0.1405799 0.5870223 0.786266 0.1928489 0.8937017 0.4486508 0.003135621 0.6924237 0.4747439 -0.5432934 0.7761315 0.5746782 -0.259548 0.9519566 0.251429 -0.1748206 0.9711765 0.223922 -0.08170253 0.584891 0.5126507 -0.6285634 0.5482384 0.8357224 -0.03166788 0.5222516 0.5442561 0.6565353 0.846306 0.09943574 0.5233342 0.7609658 -0.3374176 0.5541484 0.8462499 0.09939622 0.5234324 0.5222076 0.5442888 0.6565432 0.5222443 0.5443027 0.6565026 0.53668 -0.1639775 0.8276993 0.7609708 -0.3374543 0.5541191 -0.996945 -0.01263058 0.07707965 -0.8824972 -0.08963114 0.4616979 -0.7669232 -0.009954929 0.6416617 -0.7668206 -0.009959638 0.6417843 -0.9277589 0.2127189 0.3066173 -0.7669323 -0.009944856 0.641651 -0.4282444 0.6066129 0.6697967 -0.1147407 0.9911335 -0.06700009 -0.1147964 0.9911196 -0.06710916 -0.4241571 0.6269155 -0.6535042 -0.9204704 0.2277975 -0.3175574 -0.7923984 0.3427457 -0.5046089 -0.9867788 0.1515505 -0.05744606 -0.9733904 0.2127598 -0.08511537 -0.7923746 0.3428034 -0.5046073 -0.8082919 0.5769132 0.1176235 -0.9420072 0.3127597 -0.121671 -0.9056912 0.4218788 -0.0417369 -0.8082881 0.5769085 0.1176732 -0.4385856 0.8897069 0.1267454 -0.8619547 0.4217287 -0.2813879 -0.1487829 0.4250045 -0.8928801 -0.3646736 -0.07952612 -0.9277332 -0.5974933 -0.3228632 -0.7340036 -0.3646258 -0.07948929 -0.9277552 -0.9351258 -0.3386458 0.104206 -0.5975368 -0.3229331 -0.7339374 -0.22098 -0.7723811 -0.595479 -0.9103643 0.3723191 -0.1805974 -0.9967685 0.07293444 -0.03366321 -0.09765553 0.9933348 0.06123268 -0.8082368 0.5769807 0.1176719 -0.7924339 0.3427062 -0.5045801 -0.7923845 0.3427721 -0.5046129 0.9330593 -0.3334239 -0.135015 -0.2134635 0.0998196 0.9718382 -0.2608714 0.4992627 0.8262463 -0.8961077 -0.2201179 0.3854078 -0.8918001 -0.2018157 0.4049236 -0.6121505 0.5103458 -0.6040025 -0.7954901 -0.09303909 -0.5987814 -0.5196146 -0.6363561 0.5701329 -0.6122109 0.510287 -0.6039909 -0.5945611 0.8029584 0.04189217 0.5825968 0.8125213 0.01975435 0.5690435 -0.1737377 0.8037443 0.6875223 0.01497238 0.726009 -0.2851228 -0.1251851 0.950281 -0.6275514 0.5631125 0.537665 -0.6555199 -0.1396509 0.7421532 0.4794752 0.8310911 0.2817647 -0.627624 0.5630567 0.5376386 0.5783631 0.5282183 0.6216766 0.5783064 0.5282827 0.6216745 -0.6276465 0.5630345 0.5376356 -0.6555356 -0.1396162 0.7421458 0.5600787 -0.2259545 0.7970298 0.5600754 -0.2259868 0.7970229 0.4794769 0.8310953 0.2817493 0.5782729 0.5282644 0.6217212 0.1596032 -0.1515171 0.9754842 0.7911791 0.318955 0.5218271 0.5825701 0.8125411 0.01972538 0.4795058 0.8310682 0.2817798 -0.6176829 -0.4767373 -0.6254514 0.3405719 -0.9357364 0.09169632 -0.6485975 -0.7474489 0.1436717 -0.5196679 -0.6362918 0.5701561 -0.3429186 -0.4795916 0.807712 0.415399 -0.6788219 0.6055119 -0.617623 -0.4767918 -0.6254691 -0.6485956 -0.7474477 0.1436862 0.3933973 -0.6922342 -0.6050209 -0.594466 0.8030258 0.04194873 0.1595426 -0.1515485 0.9754893 0.5446963 0.5566802 -0.6272266 -0.5553435 -0.5895866 -0.5864992 -0.002100646 -0.1983596 -0.9801271 -0.4809358 -0.003875792 0.8767473 -0.2597752 -0.05867862 -0.9638848 -0.6176681 -0.476774 -0.625438 -0.6176917 -0.4767692 -0.6254183 -0.6122255 0.5102895 -0.6039741 -0.1073901 0.09985804 -0.9891895 -0.1074459 0.09987235 -0.9891819 -0.4809722 -0.003813445 0.8767276 -0.6175852 -0.476756 -0.6255336 0.5446631 0.5567665 -0.6271789 0.4217491 0.08498203 -0.9027214 -0.1450302 -0.35303 -0.924303 0.4360704 -0.1936948 -0.8788202 0.3934127 -0.6922631 -0.6049779 -0.1322151 -0.2238101 -0.9656233 -0.4559757 0.159376 -0.8756058 -0.427703 -0.109834 -0.8972217 -0.7955418 -0.0930165 -0.5987164 -0.5195895 -0.6363427 0.5701709 -0.8426094 -0.2302764 0.4868082 -0.9137296 -0.3816705 0.1393768 -0.9419781 -0.3356686 -0.001952409 -0.5454124 -0.835536 0.06636923 -0.9867379 -0.150443 -0.0609523 -0.5552519 -0.5896306 -0.5865418 -0.9182581 -0.01298767 -0.3957692 -0.4276449 -0.109839 -0.8972488 0.9545826 -0.2199515 -0.2009817 0.3933395 -0.6922385 -0.6050537 0.4360082 -0.193639 -0.8788633 0.8467988 -0.2729778 -0.456525 0.8861256 -0.4631182 0.01740401 0.3404536 -0.9357722 0.09177035 0.8909364 -0.4168972 0.1800811 0.4153743 -0.6788718 0.6054729 0.7395542 -0.2674765 0.6176697 0.8734934 -0.1887797 0.4487442 0.5690293 -0.1737514 0.8037514 0.4153507 -0.6788604 0.6055017 0.4153863 -0.6788283 0.6055133 0.7395863 -0.2674545 0.6176409 0.873448 -0.1888204 0.4488156 0.8368625 0.002251744 0.5474088 0.911749 0.004400074 0.4107244 0.6875177 0.01496368 0.7260135 0.9850603 0.02535879 0.1703323 0.9530127 0.1555098 0.2599684 0.8975313 0.4375442 0.05470621 0.977921 0.1988249 -0.06433719 0.5446067 0.5567306 -0.6272597 0.9239832 0.03184992 -0.3811047 0.421689 0.08496516 -0.902751 -0.9632492 0.1337154 -0.232962 -0.5401731 0.5569565 -0.6308823 -0.4559603 0.1594355 -0.875603 -0.8564096 0.1864773 -0.4814446 -0.8951094 0.4449428 -0.02837556 -0.4547641 0.8837103 0.1106602 -0.6199629 0.4082237 0.6700742 -0.619931 0.4081439 0.6701524 -0.6199814 0.4081271 0.670116 -0.646131 0.04476553 0.7619125 -0.8203902 -0.01640939 0.5715686 -0.5228627 -0.1752517 0.834207 -0.6462619 0.0447126 0.7618047 -0.880386 -0.174892 0.4408327 0.7911582 0.3188905 0.5218981 0.4795028 0.8310873 0.2817284 0.6924371 0.4746764 -0.5433353 0.587038 0.7862625 0.1928148 -0.6142352 0.7716988 0.1649127 -0.6384046 0.5018986 -0.5835559 -0.5106415 -0.4877223 -0.7080764 -0.5228967 0.4180509 -0.7428409 0.5725277 0.1412678 -0.8076234 0.503948 -0.4854271 -0.7144207 -0.862859 0.4975064 -0.08922886 -0.8147081 -0.4664844 -0.3444461 -0.8442879 -0.5257726 -0.1036403 0.6294849 -0.2131323 0.7472104 -0.274697 0.2516691 0.928011 -0.6733074 -0.09815293 0.7328187 0.4352988 -0.4828909 0.7598233 0.4421729 -0.8969159 0.004999399 -0.8147578 -0.4664308 -0.3444009 -0.5029671 -0.778431 -0.3755922 -0.9346799 0.1964849 -0.2962551 -0.6125369 0.5167656 -0.5981238 -0.7674658 -0.3560089 -0.5331548 0.8371412 -0.4443352 0.3189998 0.6672483 -0.7373154 0.1055741 0.8261526 -0.5457075 0.1402683 -0.9407446 -0.1896283 -0.2811417 -0.8202401 0.31628 -0.4766269 -0.4105803 0.8316603 0.3738516 0.546574 0.8255229 0.1406016 -0.527902 0.83526 0.1538191 -0.6383747 0.5019619 -0.5835342 -0.7011243 0.6512323 0.2903812 -0.5884628 0.7224621 0.3629876 -0.4105859 0.831698 0.3737619 -0.7034575 0.6334576 0.3223025 0.667303 -0.7372629 0.1055945 -0.4081926 -0.9020816 -0.1400991 -0.3674473 0.4714536 -0.8016946 -0.4360579 0.8914081 0.1234722 -0.4105439 0.8317076 0.3737864 0.4386215 0.8896974 0.1266879 -0.465098 0.6109546 -0.640639 0.4242119 0.6268908 -0.6534923 -0.3675395 0.4714298 -0.8016662 -0.3675612 0.4714214 -0.8016613 0.1219687 0.6914303 -0.7120729 0.09762918 0.9933437 0.06113028 -0.7034398 0.6334488 0.3223586 -0.8202543 0.316264 -0.4766131 -0.815573 -0.3706977 0.4443241 0.3402578 -0.7662671 0.5450316 -0.8443229 -0.5257307 -0.1035671 0.3529131 -0.9317166 -0.08577048 -0.3614365 -0.9071974 0.2153057 -0.7040898 0.4701383 -0.5321914 -0.815526 -0.3707417 0.4443737 0.3402308 -0.7662279 0.5451037 -0.8155445 -0.3706989 0.4443756 -0.5884694 0.722456 0.3629892 -0.7011539 0.6511763 0.2904355 -0.170258 0.8043392 0.5692545 -0.2632322 -0.0644319 -0.9625785 -0.7041044 0.4701451 -0.532166 -0.874346 0.3051266 -0.3773819 0.1219648 0.6914026 -0.7121005 -0.8743839 0.3051475 -0.3772766 -0.8628438 0.4975314 -0.08923691 0.462944 0.7603982 -0.4554969 -0.09711128 0.985628 -0.1382281 -0.8628833 0.4974623 -0.08923864 -0.7041243 0.4701346 -0.5321489 0.463037 0.760335 -0.4555078 -0.06220698 -0.9980488 0.005394518 0.03400206 -0.6671107 0.7441822 0.8371213 -0.4443187 0.3190751 0.8261236 -0.5457462 0.1402888 0.3836878 0.4723772 0.7935008 0.5049206 0.8382428 -0.2059231 0.9464347 -0.2472484 0.207677 0.9587497 0.1466951 -0.243474 0.9464153 -0.2472583 0.2077531 0.504863 0.8382671 -0.2059657 0.03396958 -0.6670665 0.7442234 0.3836879 0.4723969 0.793489 0.8371296 -0.4442928 0.3190896 -0.9407474 -0.1896461 -0.2811201 -0.9574732 0.03265082 0.2866688 0.8370527 -0.4444173 0.3191177 0.3836191 0.4723457 0.7935529 0.9464141 -0.2473058 0.2077025 0.8261613 -0.5457193 0.1401715 0.8377534 -0.3766736 -0.3953304 -0.06220477 -0.9980487 0.005431234 0.8377912 -0.3766181 -0.3953036 0.9587473 0.1466592 -0.2435052 0.4629453 0.7603904 -0.4555088 0.4629177 0.7603726 -0.4555664 -0.7041331 0.4701206 -0.5321496 0.8377685 -0.376668 -0.3953039 0.383703 0.4723177 0.7935288 0.8377271 -0.3767044 -0.395357 -0.8272743 0.3068901 0.4705698 -0.6732622 -0.09818238 0.7328563 -0.4868663 0.829681 0.273113 -0.8272687 0.3068936 0.4705773 0.4456379 -0.8579286 0.2556669 -0.3615092 -0.9071567 0.2153553 0.5587587 0.6426377 -0.524219 0.3528468 -0.931741 -0.08577883 0.4421157 -0.8969441 0.005007386 0.9464178 -0.2473457 0.207638 0.4456009 -0.8579502 0.2556586 0.9587301 0.1467267 -0.2435324 0.3401677 -0.7662515 0.5451098 0.4352643 -0.4828687 0.7598572 0.6294205 -0.2131096 0.7472711 -0.4868341 0.8296764 0.2731846 -0.4650685 0.6109252 -0.6406885 -0.8743765 0.3051601 -0.3772839 -0.5105881 -0.4876853 -0.7081405 -0.5029644 -0.7784199 -0.3756187 -0.5229052 0.4180041 -0.7428612 0.5587922 0.642579 -0.5242553 -0.7033733 0.6335051 0.3223935 -0.4360386 0.8914245 0.1234202 -0.7010862 0.6512469 0.2904407 -0.4082832 -0.9020405 -0.1400991 0.2209457 -0.7723415 -0.5955433 0.7590499 -0.5301952 0.3778049 0.8261247 -0.5457394 0.1403093 0.7590383 -0.5301977 0.3778243 0.6294204 -0.2131609 0.7472566 0.428251 0.6066878 0.6697246 -0.4868586 0.8296609 0.2731881 0.4282785 0.6065883 0.6697972 0.114687 0.9911319 -0.06711739 0.4242689 0.6268544 -0.6534903 -0.4651046 0.6109288 -0.6406589 -0.6125358 0.5167746 -0.598117 0.1487985 0.4249024 -0.8929261 -0.6125011 0.5168264 -0.5981078 0.1488164 0.4249977 -0.8928777 0.2209185 -0.772353 -0.5955384 -0.7674277 -0.356039 -0.5331895 -0.7674566 -0.3560369 -0.5331494 -0.9475291 -0.03195351 -0.3180685 -0.5228539 0.4180703 -0.7428601 -0.5105745 -0.4876924 -0.7081454 -0.9066657 -0.4125567 -0.08805924 -0.9138994 0.3612813 -0.1851053 -0.9118183 0.3093738 0.2699543 -0.5278731 0.8352846 0.1537845 -0.8626826 0.3147603 0.3958595 -0.6141988 0.7717179 0.1649584 -0.9034001 0.427016 -0.03905832 -0.7230876 0.6340532 -0.2740821 -0.9106375 0.3395568 -0.2354582 -0.6383535 0.5019172 -0.5835958 -0.9570698 0.2544379 -0.1388484 -0.5750591 0.5431376 -0.6118078 -0.5162167 0.8189044 0.2508307 -0.9485341 0.2087523 0.2381295 -0.5110309 0.2669611 0.8170553 -0.8982142 -0.2952218 0.3256616 -0.5473236 -0.3136738 0.7759161 -0.4711269 -0.7530368 0.4593203 0.9969438 -0.01264989 0.07709127 0.6294073 -0.2132002 0.7472565 0.7589919 -0.5302111 0.3778989 0.8824713 -0.08963072 0.4617475 0.7668237 -0.009969592 0.6417803 0.766876 -0.009980559 0.6417179 0.4282437 0.6066238 0.6697873 0.7669066 -0.009972453 0.6416814 0.9277542 0.2127304 0.3066233 0.1148019 0.9911125 -0.06720697 0.920474 0.2277981 -0.3175462 0.4241653 0.6268975 -0.6535162 0.1147928 0.9911181 -0.06713855 0.7924327 0.3427299 -0.504566 0.7924168 0.3427177 -0.5045992 0.9733906 0.2127584 -0.08511579 0.9867831 0.151526 -0.05743819 0.808296 0.576906 0.1176317 0.9420077 0.3127582 -0.1216708 0.4385616 0.8897241 0.1267083 0.8082792 0.5769178 0.1176887 0.9056996 0.4218618 -0.04172575 0.861958 0.4217231 -0.281386 0.1487957 0.4249806 -0.8928893 0.3647521 -0.07947891 -0.9277063 0.5974904 -0.322901 -0.7339892 0.3646951 -0.07949352 -0.9277275 0.2209848 -0.7723562 -0.5955097 0.5974889 -0.3229326 -0.7339766 0.9351178 -0.3386667 0.1042093 0.910369 0.372309 -0.1805947 0.9967684 0.07293617 -0.033665 0.09765273 0.9933383 0.06118077 0.7924231 0.3426997 -0.5046015 0.8082602 0.5769523 0.1176499 0.79238 0.3427729 -0.5046194 -0.3848488 -0.9217861 -0.04692506 0.7499946 -0.2010787 0.6301394 0.7241363 0.3827695 0.5736848 0.06655883 0.05161702 0.9964465 0.1853736 -0.002351582 0.9826654 0.2232627 0.7551538 0.6163574 -0.2658515 0.8962729 -0.3549902 0.2660895 0.8958556 -0.3558641 0.1139643 0.4383504 -0.8915498 0.1191123 -0.9262371 -0.3576269 -0.1317032 -0.9235381 -0.360183 -0.0403124 -0.4288038 -0.9024979 0.06111204 -0.4241574 -0.9035241 0.8199315 0.4431263 -0.3624244 0.9041104 -0.2333456 -0.3579586 0.4282466 -0.09514313 -0.8986393 0.4069152 0.2226206 -0.8859234 0.9041034 -0.233343 -0.3579781 0.5826537 -0.7392329 -0.3377121 0.3038239 -0.3784367 -0.8743436 0.4281553 -0.09520536 -0.8986764 0.2660923 0.8958397 -0.3559019 0.8199167 0.4431303 -0.3624533 0.4068765 0.2226276 -0.8859393 0.1139832 0.4382776 -0.8915833 0.3038392 -0.3784472 -0.8743337 0.5826305 -0.7392779 -0.3376535 -0.1142014 0.4381085 -0.8916384 2.66935e-6 4.49384e-4 -1 -6.57035e-7 4.06167e-4 -1 0.06111788 -0.4240919 -0.9035546 -0.04029494 -0.4286996 -0.9025482 -0.002629935 0.001018822 -0.9999961 -0.004181981 -1.63054e-4 -0.9999912 -0.01040053 -4.3344e-4 -0.9999458 -0.002165973 0.008063733 -0.9999651 -0.003662049 0.004209876 -0.9999845 -0.005563616 -0.001011729 -0.999984 -4.01592e-5 1.37474e-4 -1 -0.001012384 8.26504e-4 -0.9999992 -0.1290279 -0.01633453 0.9915065 -0.7741655 -0.08843064 0.6267758 -0.6121762 -0.5160788 0.5990852 -0.08059054 -0.1627411 0.983372 -0.0723508 0.06695282 0.9951295 -0.2189194 0.760611 0.6111835 -0.7263413 0.3893663 0.5664117 -0.81703 0.4445754 -0.3671714 -0.406928 0.2225298 -0.8859403 -0.4282485 -0.09520274 -0.8986322 -0.9096153 -0.2215526 -0.3514463 -0.9096117 -0.2215926 -0.3514304 -0.4281556 -0.09519302 -0.8986775 -0.3042242 -0.3775449 -0.87459 -0.3042399 -0.3775662 -0.8745753 -0.608266 -0.7190403 -0.3361452 -0.2658814 0.8962585 -0.3550042 -0.1142023 0.4380598 -0.8916622 -0.4068968 0.222558 -0.8859475 -0.4068949 0.2225716 -0.885945 -0.8170509 0.4445725 -0.3671285 -0.1317008 -0.9235131 -0.3602478 -0.6082043 -0.7190924 -0.3361454 -0.3042473 -0.3775464 -0.8745813 0.004168808 -1.63572e-4 -0.9999914 0.002628386 0.001015067 -0.9999961 0.01022589 -7.1957e-4 -0.9999476 0.003658413 0.004210293 -0.9999845 0.002164781 0.008063673 -0.9999651 0.005555927 -9.98173e-4 -0.9999841 3.42354e-5 1.60007e-4 -1 0.001245737 0.001343011 -0.9999983 -0.1672503 -0.7735185 0.6113073 0.4966606 -0.6224841 0.6048487 0.03729754 -0.1348766 0.9901603 0.09337395 -0.7695596 0.6317115 -0.2511219 0.9658729 0.06346297 -0.3816344 0.9241064 0.01956254 -0.7228743 0.5228763 0.4517225 0.2123197 0.969814 0.1199223 -0.2510675 0.9658842 0.06350588 -0.02075469 0.6754845 -0.7370821 -0.3816133 0.924116 0.01951724 -0.4613617 -0.8341054 0.3023471 0.03523755 -0.3274057 0.9442266 -0.5111598 -0.06555819 0.8569819 -0.8484262 -0.1281965 -0.5135549 -0.8187437 -0.5092903 -0.2651076 -0.7371864 -0.6618976 -0.1358226 -0.4676914 0.27644 -0.839551 -0.5410889 0.1509999 -0.8272979 -0.6714164 -0.7377112 -0.07058483 -0.1570914 -0.9778227 0.1385097 -0.6715094 -0.7376288 -0.0705614 -0.4613898 -0.8340983 0.3023234 -0.4676688 0.2764136 -0.8395722 -0.7217382 -0.1186648 0.6819184 -0.3816374 0.9241053 0.01955193 -0.7228325 0.5229221 0.4517364 -0.7216871 -0.1186509 0.681975 0.1934562 0.9753664 0.1059961 -0.2151647 -0.2094662 0.953849 -0.467709 0.2764887 -0.8395252 -0.8325077 -0.5367406 -0.1372609 -0.1209783 0.2548945 -0.9593712 -0.7371722 -0.6619114 -0.1358326 -0.8324699 -0.5367987 -0.137263 -0.7371845 -0.661888 -0.1358803 -0.7217162 -0.118644 0.6819453 -0.1210238 0.2548289 -0.9593829 0.1934473 0.9753547 0.1061198 -0.2150748 -0.2094059 0.9538827 -0.381617 0.9241163 0.01943308 0.003383636 0.5795339 0.8149411 -0.5112302 -0.06560957 0.8569359 -0.5111657 -0.06558412 0.8569763 -0.2494364 0.382507 -0.8896459 -0.5410636 0.1510658 -0.8273025 -0.965411 0.1188917 -0.2320484 -0.121108 0.254826 -0.9593731 -0.8325021 -0.5367347 -0.1373175 -0.2151104 -0.209478 0.9538588 0.6209363 0.05458194 0.7819584 0.4256847 0.7055109 0.56661 0.5357119 -0.05827087 0.8423879 0.4258177 0.7054858 0.5665414 0.6209259 0.05452096 0.7819709 0.4232646 0.9058645 -0.01602607 0.4257599 0.7055361 0.5665223 0.4232451 0.9058737 -0.01601535 0.2122619 0.9698225 0.119955 0.6209332 0.05450636 0.7819662 0.1967946 -0.234613 0.9519605 0.423209 0.9058902 -0.01603209 0.7881998 -0.5965028 -0.1514121 0.8433042 -0.439821 -0.3088616 0.4725227 0.24868 -0.8455061 0.6108843 -0.7864422 -0.09126496 0.614875 -0.7526072 0.2356082 0.1999751 -0.922684 0.3296427 0.6149629 -0.7525602 0.2355293 0.6109505 -0.7863855 -0.09130829 0.5356407 -0.05822539 0.8424363 0.6209039 0.05459606 0.7819831 0.09689247 0.2420507 -0.9654136 0.4755681 -0.8546071 -0.2085227 0.472562 0.2486955 -0.8454797 0.7881478 -0.5965855 -0.1513565 0.4755885 -0.8545774 -0.2085983 0.1967706 -0.2345052 0.9519919 0.7881668 -0.5965386 -0.151443 0.09692704 0.2419694 -0.9654304 0.472616 0.248659 -0.8454602 0.6209182 0.05456262 0.7819742 -0.1966705 0.9735801 0.1160281 -0.1965989 0.9736049 0.1159411 0.03523844 -0.3274417 0.9442141 0.5356107 -0.05823409 0.8424547 0.2532514 0.4089214 -0.8767252 0.4726456 0.2486192 -0.8454553 0.5400638 0.1376003 -0.8302996 0.2532774 0.4088987 -0.8767284 0.9125855 -0.1351895 -0.3858907 0.912553 -0.1351673 -0.3859754 0.1304848 -0.2312808 0.964097 -0.09495502 -0.2207889 0.9706884 -0.08394885 0.9920518 0.09373307 0.1682595 -0.08300656 0.9822416 0.4530951 0.8501123 0.2683541 -0.08391296 0.992047 0.09381633 0.3686036 0.4880706 -0.7911502 -0.3700789 0.4934364 -0.7871227 -0.6147234 0.7881572 0.03039216 0.8310255 0.5533836 -0.05624479 0.6163827 0.786871 0.03010874 0.6754293 0.1794937 -0.7152463 -0.6726619 0.1799544 -0.7177343 0.3685709 0.4880434 -0.791182 -0.6164015 0.6016791 -0.5079681 -0.6147161 0.7881617 0.03042131 0.6163443 0.7869002 0.03013116 0.6185963 0.5994796 -0.5079005 0.6229493 -0.6966482 0.3558307 0.6753414 0.1795048 -0.7153266 0.8879289 0.1113847 -0.446291 0.8879089 0.1114073 -0.4463254 0.7003339 -0.5858181 0.4078598 0.9992611 0.03778278 -0.00706768 0.8310285 0.553376 -0.05627501 0.616307 0.786933 0.03003638 0.8485708 -0.5028113 0.164646 0.8237599 0.0286991 0.5662119 -0.6195202 -0.6946645 0.3655628 0.6230396 -0.6965759 0.3558141 -0.09497052 -0.2207166 0.9707033 0.4531158 0.8500835 0.2684105 0.1681671 -0.08288872 0.9822675 0.8485788 -0.502811 0.164606 0.8237572 0.02873337 0.5662142 0.4530777 0.8501294 0.2683292 0.8237749 0.02879357 0.5661854 0.3685827 0.4880884 -0.7911488 0.9993501 0.02618998 -0.02476876 0.6185568 0.5994813 -0.5079465 0.7563263 0.4268717 -0.495733 0.9996356 0.01825863 -0.01988506 0.7563664 0.4268214 -0.495715 -0.7558932 0.4280439 -0.4953826 0.9990996 0.03100091 -0.02896565 0.6872918 0.5915624 -0.4215259 0.6873618 0.5915123 -0.421482 0.675415 0.1795383 -0.7152487 0.8310145 0.5534006 -0.05623745 -0.6726129 0.1799181 -0.7177892 0.08363515 0.9921702 0.09275513 0.04797834 -0.1018997 0.993637 -0.4676392 0.8456816 0.2571697 0.08370774 0.9921534 0.09286975 -0.4677146 0.8456522 0.2571293 -0.3700748 0.4934421 -0.7871209 -0.8317455 0.5524498 -0.05476087 -0.8859299 0.1063466 -0.4514629 -0.6726169 0.1798839 -0.7177941 -0.6194553 -0.6947014 0.3656023 -0.8859108 0.1062901 -0.4515138 -0.8317377 0.5524636 -0.05473911 -0.9992113 0.03887748 -0.008098781 -0.7026059 -0.5834649 0.407325 -0.6146405 0.7882218 0.03038609 -0.8499593 -0.4963766 0.1765775 -0.6750712 -0.04500859 0.7363783 0.1304792 -0.2312291 0.9641101 0.04802155 -0.1017922 0.993646 -0.8499737 -0.4963772 0.1765069 -0.675054 -0.04494327 0.7363982 -0.6749885 -0.04496866 0.7364566 -0.4676648 0.8456724 0.2571535 -0.3701232 0.4934093 -0.7871188 -0.9992953 0.02742856 -0.02562522 -0.6163397 0.6017266 -0.5079868 -0.7558387 0.4281038 -0.4954143 -0.9996657 0.0182867 -0.01828038 -0.702749 0.5821375 -0.4089742 -0.7026804 0.5821784 -0.4090338 -0.9998279 0.01516544 -0.01069146 -0.8317701 0.5524168 -0.05471831 0.5643242 0.7238484 -0.3969658 -0.9926599 0.09515947 0.07463991 -0.9977736 -0.06313121 0.02150577 0.2403137 0.9195697 -0.3108711 -0.5813285 -0.3337413 0.7420742 0.5943878 -0.3468507 0.7255328 0.5695225 0.7498483 0.3367074 -0.5616438 0.7451564 0.3595806 -0.9926608 0.09517914 0.0746026 0.1873397 -0.9351473 0.3006716 0.6089689 -0.7196941 0.3334625 -0.9977765 -0.06307059 0.02154648 0.1873728 -0.9351611 0.3006085 0.5643192 0.7238203 -0.3970242 0.6090133 -0.7196468 0.3334837 0.24027 0.9195782 -0.3108799 -0.009385585 0.6246978 -0.7808102 -0.008633375 0.5371829 -0.8434216 -0.003680706 0.6573905 -0.7535412 -0.01119655 0.6259096 -0.7798154 9.92127e-4 0.9565295 -0.2916338 0.2939206 0.9181362 -0.2657756 0.2308878 0.7853329 -0.5744069 -9.0148e-4 0.7656585 -0.6432466 0.7959392 0.5875406 -0.1458669 0.5852575 0.578258 -0.5684112 0.002916455 0.3685061 0.9296208 -1.38525e-5 0.367075 0.9301913 -0.008965194 0.3689801 0.9293941 0.001977384 0.794013 -0.6078976 -0.002527177 0.959014 -0.2833478 -0.1157866 -0.5273454 -0.8417246 0.934108 0.3477739 -0.08059531 0.9310644 0.353858 -0.08890265 0.938887 0.337305 -0.0686782 0.9017274 0.07030409 0.4265502 0.8266811 -0.02059197 0.5622938 -0.003987431 0.9584238 -0.2853211 -0.9999302 -0.006984412 -0.009547054 0.5851967 0.5782726 -0.5684592 0.7959893 0.5874679 -0.1458857 -0.5841987 0.5781111 -0.5696487 -0.2315601 0.787252 -0.5715018 4.60344e-4 0.7645841 -0.6445239 0.002339482 0.6243669 -0.7811278 0.003676772 0.6268514 -0.7791303 0.001037299 0.6573815 -0.7535573 0.002452313 0.5382331 -0.8427925 -0.001035571 0.9566583 -0.2912111 -0.2927438 0.9184529 -0.2659802 -0.795708 0.5877839 -0.1461474 0.9016942 0.0703122 0.4266192 0.8266995 -0.02055317 0.5622682 -9.16751e-5 -0.450605 0.8927235 -8.89829e-5 -0.4505853 0.8927335 0.002292156 0.3683397 0.9296885 0.01386457 0.323308 0.9461922 -0.001832067 0.3683502 0.9296854 -0.01036751 0.3724973 0.9279754 -0.6911956 0.6341387 -0.3465788 -0.5075657 0.8285391 -0.236432 -0.6911475 0.6341767 -0.3466053 -0.5075297 0.8285583 -0.236442 -0.9341115 0.3477383 -0.08070808 -0.9411937 0.3314973 -0.06529945 -0.9407334 0.3327896 -0.06535905 0.003987371 0.9583273 -0.2856447 0.9999284 -0.007062971 -0.009666264 -0.584176 0.5781031 -0.56968 -0.7957794 0.5876933 -0.1461232 -0.02010899 0.3298978 0.9438025 0.005081236 0.5817125 0.8133786 -0.009589552 0.5589862 0.8291215 -0.1213641 0.613388 0.7804012 -0.2067398 0.5393893 0.8162831 0.478846 0.5436003 0.6893514 0.3942179 0.3594433 0.845809 0.4788089 0.5436609 0.6893293 0.3942708 0.3594345 0.845788 0.9973455 0.04936069 0.05353009 0.9559529 -0.008601307 0.2933945 0.4598498 -0.07985299 0.8843991 0.9999434 0.004599213 0.009596109 0.05125027 0.0565418 0.997084 0.4598835 -0.07987725 0.8843793 0.1670686 0.5493633 0.8187112 0.1692221 0.6312801 0.7568683 -0.4371823 0.5568041 0.7062866 -0.4051675 0.3346295 0.850801 -0.02796715 -0.00510925 0.9995959 -0.4271021 -0.1648411 0.8890509 -0.4371973 0.5568162 0.7062678 -0.9998482 0.01733285 -0.001787543 -0.405179 0.3346125 0.8508023 -0.9950764 0.03648561 0.09215182 -0.4271865 -0.1646867 0.8890389 -0.02035236 0.8849909 -0.4651634 -0.01644384 -0.8189722 -0.5735976 0.09128308 0.031461 -0.995328 0.09117114 0.03147673 -0.9953377 -0.2119179 0.8775393 0.4301343 -0.02034151 0.8849672 -0.465209 -0.3404309 0.002972543 0.9402648 -0.02036857 0.885009 -0.4651281 -0.211915 0.8775609 0.4300919 -0.266448 -0.8252472 0.4979684 -0.01644837 -0.8189729 -0.5735965 -0.3404972 0.002994477 0.9402409 -0.2663503 -0.8253029 0.4979286 -0.2664166 -0.8253186 0.4978671 0.6287771 0.3565163 -0.6910395 0.4403827 0.3401382 0.8308846 0.6910474 -0.5448573 -0.474957 0.5582376 0.824743 0.09038662 0.3959031 -0.7716578 0.4978003 0.6287608 0.3565961 -0.6910132 -0.02034902 0.8850073 -0.4651324 0.558243 0.8247401 0.09038037 0.6287495 0.3565098 -0.6910679 0.4404071 0.3401102 0.8308831 0.5582946 0.8247074 0.0903601 0.3958926 -0.7716488 0.4978224 0.6910808 -0.5448176 -0.4749538 0.6910985 -0.5448621 -0.4748771 0.3959068 -0.7716904 0.4977467 0.9993256 0.03524488 -0.01031094 -0.99934 0.03461444 -0.01102393 -0.9996881 0.002858161 -0.02481418 -0.9990239 0.02788519 -0.03425967 0.999716 0.01255559 -0.02025705 0.9995619 0.01901793 -0.02268123 0.7828485 0.3984537 0.477894 -3.48726e-4 0.7762696 0.6304011 0.7782424 -0.5603013 -0.2835516 -0.7784249 -0.5598667 -0.2839087 -3.18483e-4 0.7762909 0.6303748 -0.8070493 0.4009574 0.4334797 -0.6652452 -0.4862198 -0.5666032 -0.1121189 0.9169375 0.3829555 -0.8071008 0.400868 0.4334665 0.782885 0.3984263 0.4778573 -0.6597874 -0.3209259 0.6794757 0.6315056 -0.4175667 0.653329 0.7063404 0.6390702 0.3044216 -0.6942155 0.6685056 0.266768 0.6315272 -0.4175884 0.6532942 -0.6598022 -0.32099 0.679431 -0.6785976 -0.7225835 0.1318266 0.7262831 -0.687025 -0.02257251 -0.6942418 0.6684644 0.2668029 0.7063422 0.6390272 0.3045077 0.4765358 0.841921 -0.2531458 -0.5216871 0.7698112 -0.3677409 0.6140745 -0.496926 -0.6131698 0.5798136 0.4872587 -0.6529894 -0.1121432 0.916896 0.3830479 -0.1121076 0.9169365 0.3829613 -0.6546092 0.06168824 -0.7534465 -3.45245e-4 0.7762975 0.6303667 0.6141796 -0.4968549 -0.6131222 0.7782756 -0.5602701 -0.2835217 -0.7784826 -0.559793 -0.2838957 -0.665305 -0.4862307 -0.5665236 -0.6545938 0.06177771 -0.7534524 0.5798506 0.4871705 -0.6530225 -0.6546481 0.06169182 -0.7534123 -0.1120756 0.9169507 0.3829366 0.5798285 0.4871826 -0.6530331 0.7783078 -0.5599445 -0.2840761 0.6341499 -0.4746801 -0.6103546 0.7921289 0.4101641 0.4519927 1.71249e-4 0.7759025 0.6308529 -0.7781977 -0.5602766 -0.2837228 1.9978e-4 0.7758741 0.6308878 -0.7913513 0.3845383 0.4752826 -0.6347095 -0.5077494 -0.5825244 -0.6347993 -0.507699 -0.5824704 0.7783671 -0.55987 -0.2840608 -0.7782588 -0.560215 -0.2836769 -0.6903604 0.06307983 -0.7207104 -0.08395802 0.9379819 0.3363646 0.5658639 0.4231636 -0.7076232 -0.6597877 -0.3209277 0.6794745 0.6315047 -0.4175704 0.6533275 0.7063415 0.6390681 0.3044238 -0.6942146 0.6685057 0.2667701 0.6315293 -0.4175834 0.6532954 -0.6598247 -0.3209683 0.6794195 -0.6786007 -0.7225838 0.1318097 0.7262781 -0.6870306 -0.02256685 -0.6942401 0.6684687 0.2667966 0.7063429 0.6390297 0.304501 0.4765376 0.8419178 -0.253153 -0.5216856 0.7698092 -0.3677474 0.5659272 0.423236 -0.7075293 -0.08390098 0.9380008 0.3363261 -0.08392423 0.93796 0.3364338 -0.6903141 0.06314957 -0.7207486 -0.0839374 0.9380013 0.3363156 -0.7913943 0.3844835 0.4752553 0.792159 0.4101465 0.4519558 2.13742e-4 0.7759498 0.6307947 0.6342094 -0.4746646 -0.6103049 0.5658869 0.4232444 -0.7075565 -0.6903292 0.06311267 -0.7207375 0.5114411 -0.006109058 0.8592967 0.6121362 0.7885547 0.05891436 -0.5114414 0.8580635 -0.04641997 -0.6120913 0.09593003 0.7849469 -0.5113691 0.8581059 -0.04643517 -0.6822088 0.5133977 -0.52059 -0.7441812 -0.3830695 0.5472223 -0.6121018 0.0958299 0.784951 0.5113737 -0.006125688 0.8593366 0.6822083 -0.4959335 0.5372541 0.7441812 0.5286437 -0.4083262 0.6120992 0.7885853 0.05889028 0.511452 -0.00608313 0.8592904 -0.6121004 0.09591114 0.7849422 -0.7442503 -0.3830879 0.5471153 0.6822502 -0.4958919 0.5372391 -0.5114496 0.8580601 -0.04639232 0.6120975 0.788581 0.05896544 0.7442476 0.5285372 -0.4083429 -0.6822499 0.513384 -0.5205496 0.7784274 -0.4291031 -0.4581719 0.6217271 -0.2599201 -0.7388485 0.7943615 0.2264305 0.5636659 2.70362e-4 0.5140125 0.8577827 -0.778276 -0.4294282 -0.4581243 2.91884e-4 0.5140278 0.8577734 -0.7742339 0.2329685 0.5884621 -0.645574 -0.2403468 -0.7248915 0.7943979 0.2264163 0.5636202 0.55719 0.01106631 0.8303114 -0.8274543 0.01213353 0.561402 -0.7742791 0.2328993 0.5884301 -0.6456383 -0.2403985 -0.7248171 -0.5626749 0.003422975 -0.8266712 0.8442547 0.005351483 -0.5359155 0.6218004 -0.2598399 -0.738815 0.844228 0.005385279 -0.5359572 0.5571393 0.01098972 0.8303464 -0.8274426 0.01208651 0.5614203 -0.5626195 0.003468453 -0.8267087 3.01426e-4 0.5140135 0.857782 0.7784774 -0.4290634 -0.458124 -0.7783089 -0.4293858 -0.4581082 -0.07912671 -0.8782653 -0.4715815 0.07910066 -0.8149797 -0.5740657 0.05353248 0.8778393 -0.4759542 -0.07966774 0.8879954 -0.4528986 -0.07971543 0.8879879 -0.4529051 0.05353051 0.8778278 -0.4759759 0.3897852 -0.01107317 0.9208392 0.2238429 0.1046922 0.968986 0.2237919 0.1046535 0.969002 0.3897787 -0.01104789 0.9208424 0.0791046 -0.8149929 -0.5740463 -0.07916623 -0.8783106 -0.4714906 -0.6940613 0.03607511 -0.7190116 -0.4394502 -0.7795363 0.4463259 -0.4891417 0.6611229 0.5689086 -0.6940007 0.03609502 -0.719069 -0.6940506 0.036098 -0.7190207 -0.4890934 0.6611838 0.5688794 0.05351638 0.8778175 -0.4759965 -0.4891427 0.6611101 0.5689226 -0.4394969 -0.7794832 0.4463725 -0.4394525 -0.779558 0.4462856 -0.4393808 -0.7795567 0.4463585 0.170322 0.804337 0.5692386 1 3.10713e-4 -2.74519e-5 0.9713006 -0.2374801 -0.01335394 0.9999694 0.004644095 -0.006312489 0.9651404 -0.2594251 0.03467804 0.9769803 -0.1679117 0.1315876 0.9572238 -0.002739906 0.2893358 0.9973679 -8.9901e-4 0.07250094 0.9942783 0.1056255 -0.01594042 0.9934312 0.07410472 -0.08719593 0.9961094 -0.06415778 -0.06041526 0.001189112 0.07229375 0.9973827 1.50469e-4 -6.17656e-5 1 3.64769e-6 -1.24531e-6 1 1.48863e-4 -5.52972e-5 1 0.9867122 -0.1317918 -0.09502601 0.9926409 -0.04341238 -0.1130461 0.9306001 0.3608292 -0.06153023 0.9341664 0.3488451 -0.07510185 0.9305713 0.3608993 -0.06155544 0.9461075 0.3222607 -0.03207212 0.9313242 0.3614677 -0.04445689 0.9609609 0.275835 -0.02166402 0.006966888 0.4574828 0.8891912 0.01153731 0.4193174 0.9077665 0.007392346 0.5570515 0.8304451 -0.001574575 0.5629569 0.8264849 0.002870619 0.161502 0.9868683 -4.61908e-6 0.2720501 0.9622831 -6.5238e-6 0.2720053 0.9622958 3.4669e-5 0.7373777 0.6754807 2.43786e-4 0.7379802 0.6748224 1.36793e-4 0.8901607 0.455647 -0.9974489 0.001642465 0.07136583 -0.997545 0.003227472 0.06995528 -0.9978871 0.004443883 0.06482023 -0.9979639 0.004533886 0.06362015 -1 3.11972e-4 -2.80629e-5 -0.9999693 0.004655599 -0.006320476 -0.9713129 -0.2374294 -0.01336646 -0.9678278 -0.2475652 0.04495418 -0.9978396 -0.001010656 0.06568932 -0.957225 -0.002739548 0.2893316 -0.9769803 -0.167912 0.1315864 -0.9961195 -0.06410378 -0.06030505 -0.9934313 0.07410258 -0.08719503 -0.9927524 0.1197863 -0.009695351 2.91508e-5 2.06693e-4 1 -4.39228e-5 0.07331222 0.9973092 2.77289e-4 4.26938e-4 0.9999999 -7.16542e-6 -5.8872e-5 1 -0.9926412 -0.04340839 -0.1130455 -0.9328836 0.3526297 -0.07335233 -0.9341664 0.3488451 -0.07510197 -0.9328986 0.3525869 -0.07336837 3.38586e-4 0.4528115 0.8916062 -3.96894e-4 0.5423011 0.8401843 -0.01881051 0.06050306 0.9979908 1.16779e-4 0.424169 0.905583 0.9972348 1.89344e-4 0.07431453 0.9974434 0.001637816 0.07144159 0.9975438 0.003225862 0.06997233 1.5209e-4 0.1641502 0.9864354 -0.03124529 -0.3845481 0.922576 5.18221e-4 0.8909257 0.4541488 0.9978699 0.004424571 0.06508719 0.9979422 0.00450921 0.06396365 0.8365647 -0.5474261 -0.02200943 -0.8434773 -0.5369616 -0.01478391 -0.9972361 1.90352e-4 0.07429862 -0.9867156 -0.131746 -0.09505546 0.8615651 0.005618274 0.5076161 0.8557891 9.31299e-4 0.517324 0.8577616 0.002520263 0.5140416 0.01552104 -0.00810796 0.9998468 -0.02129745 0.05505752 0.9982561 0.04238295 0.01049411 0.9990463 0.9999662 -0.007577896 -0.003235161 0.9999898 0.002263307 0.003926992 0.9999594 -0.008396506 -0.003288626 0.9998378 -0.01509732 -0.009826302 -0.0301426 -0.8363652 0.5473435 -0.006551265 -0.8994521 0.4369702 -0.004815459 -0.8583255 0.513083 0.08692222 0.9944542 -0.05920851 0.08017885 0.9953584 -0.0532279 0.04256945 0.9976887 0.05296373 0.05522519 0.9969496 0.05515086 0.05885887 0.988328 -0.1405109 0.05423748 0.988467 -0.1413907 0.9999793 0.005941271 0.002498328 0.9999939 0.003493428 2.73741e-4 0.99999 0.002860963 0.003471553 0.9999899 0.002890646 0.003451526 0.9999897 0.002307951 0.003934383 0.999979 0.00596708 0.00252223 -0.01686269 -0.4418509 0.89693 0.03773117 -0.4129006 0.9099942 0.01668769 -0.4504907 0.8926252 -0.01503592 -0.4448811 0.8954635 0.99999 0.002860426 0.00344783 0.834709 -0.2277193 0.5014029 0.8329187 -0.2277641 0.5043511 0.8411192 -0.227534 0.4906597 0.8425185 -0.2274882 0.4882743 0.04827553 0.00603795 0.9988158 0.04756438 0.003169596 0.9988632 0.003229916 -0.9228073 0.3852486 0.00595957 -0.9524833 0.3045328 0.04748666 -0.394164 0.9178125 0.8634869 0.007201135 0.5043201 -0.8498718 0.009632766 0.5269015 -0.8519344 0.007994771 0.5235875 -0.8558149 0.004879176 0.5172592 -0.04325759 -0.01091343 0.9990044 -1.13772e-4 -0.9429381 0.3329681 -0.009020209 -0.9209331 0.3896164 -0.9999786 -0.006429016 -0.001278817 -0.9996646 -0.01294803 -0.02242881 -0.9998883 -0.009498775 -0.01154935 -0.9990755 0.0311684 -0.02960914 -0.9698265 0.172652 -0.1721275 -0.9928243 0.08682006 -0.08223235 -0.08723926 0.9953303 -0.04131764 -0.04196286 0.9976678 0.05383449 -0.04695981 0.9976311 0.05026853 -0.08409136 0.9955621 -0.04224658 -0.09651982 0.9892637 -0.1097325 -0.9999888 2.64447e-4 0.004733145 -0.9999831 -0.004615008 0.003558814 -0.8338315 -0.2250981 0.5040398 -0.8338663 -0.2250949 0.5039836 -0.04696702 -0.02590316 0.9985606 -0.003855347 -0.9463337 0.3231683 -0.003983676 -0.921948 0.3872932 5.58462e-5 -0.8504855 0.5259985 -0.01920163 -0.8451185 0.5342341 0.01881814 -0.7802823 0.6251444 -0.03107422 -0.411755 0.9107648 -0.02835333 -0.4038869 0.9143694 -0.8579545 0.00314188 0.5137162 -0.8994756 -0.09761941 -0.4259274 -0.3085297 0.9511665 0.009575068 -0.9614131 -0.2101307 -0.1775668 -0.3235346 0.8759075 0.3579266 0.6150625 0.6139021 0.4947954 -0.3085883 0.9511474 0.009584605 -0.323537 0.8759317 0.357865 0.8557137 0.5013698 0.1279941 0.5579775 -0.7550415 -0.344345 0.8556891 0.5014154 0.1279804 0.6150956 0.613804 0.4948757 0.5947379 -0.8039194 7.10219e-4 0.5580744 -0.7549768 -0.3443299 -0.961407 -0.2101345 -0.1775956 0.5946555 -0.8039804 7.08312e-4 -0.8994687 -0.09751719 -0.4259653 -0.345974 0.7187309 -0.6030986 -0.8968388 0.03638345 0.4408589 0.8202344 0.2909298 -0.4925195 0.6361137 -0.6301298 0.4453042 0.5946643 -0.8039739 6.74203e-4 -0.08575952 -0.9146391 0.3950704 0.6360772 -0.6301494 0.4453287 -0.9613928 -0.2101995 -0.1775957 -0.8968297 0.03636324 0.4408789 -0.8224869 0.2904129 0.4890559 -0.3905487 0.4551504 -0.8001937 -0.3460962 0.7186794 -0.6030899 0.5471872 0.1119366 -0.8294917 -0.3905791 0.4551387 -0.8001856 0.8201958 0.2910034 -0.4925404 0.8201401 0.290992 -0.4926398 0.6124132 -0.3408927 0.7132617 0.5472269 0.1119318 -0.8294662 -0.8968411 0.03647363 0.4408467 0.6125065 -0.3408625 0.713196 0.6360924 -0.6300967 0.4453815 -0.8224892 0.2904533 0.489028 -0.3460938 0.7186729 -0.6030989 1 -1.24595e-6 0 0.3185434 0.9478603 0.00955075 0.4280164 0.9037709 4.71956e-4 0.4279946 0.9037812 3.8889e-4 0.3164879 0.9485461 0.009794354 -0.08970093 0.694859 -0.7135298 0.08969843 0.6948594 -0.7135298 0.1015629 0.694064 -0.7127133 -0.1015607 0.6940647 -0.7127129 0.5823893 -0.3621882 -0.7277654 0.5825014 -0.3558564 -0.730793 0.5734257 -0.277181 -0.7709435 0.5773139 -0.3161239 -0.7528443 0.535097 0.8447908 -1.56168e-5 0.5431315 0.8396478 7.71479e-6 0.2311159 0.9729262 0 0.2311159 0.9729263 0 0.2257315 0.694902 0.6827566 0.2270995 0.6944783 0.682734 0.1337612 0.7193257 0.6816734 0.1337124 0.7192997 0.6817103 0.775326 0.1263193 -0.6187998 0.9250758 0.03198814 -0.3784332 0.9342068 0.0282129 -0.3556146 0.789204 0.1151812 -0.6032333 0.3354397 0.9419819 0.01226741 0.5219122 0.4667956 0.7139396 0.3623781 0.5248944 0.770174 0.5773334 -0.3160331 -0.7528674 0.5734252 -0.2771447 -0.7709568 0.5638602 -0.2070176 -0.7995033 0.563883 -0.2070081 -0.7994896 -0.2340797 0.6783414 -0.6964623 -0.2495956 0.6756025 -0.6937315 0.6239388 0.5012999 -0.5994988 0.8142778 0.3288435 -0.4783446 0.2340781 0.6783314 -0.6964725 0.8143115 0.328785 -0.4783278 0.6239265 0.5012662 -0.5995398 0.2495939 0.6755919 -0.6937425 -2.70396e-4 0.01244956 0.9999225 0.1145459 0.475794 0.8720661 0.3592684 0.7685999 0.5293208 0.4621083 0.6514657 0.6017045 -0.3293866 0.6913577 0.6430623 -0.4096739 0.7768961 0.4781213 -0.293842 0.7469097 0.5964753 -0.3995707 0.7086764 0.5814818 -0.3995304 0.7087567 0.5814116 -0.2177709 0.8574052 0.4662962 6.01671e-5 0.9599398 0.2802066 -0.4472805 0.8360951 0.3176241 -0.4096135 0.7769464 0.4780911 8.22358e-6 0.8977109 0.4405851 -5.22227e-6 0.7985891 0.6018766 0.3293282 0.6913919 0.6430554 -0.3293377 0.6913843 0.6430586 0.17719 0.9697004 0.1681808 0.4473959 0.8360778 0.3175073 2.70398e-4 0.0124495 0.9999225 -0.1145439 0.4757464 0.8720924 0.1652272 0.6795731 0.7147591 0.09290164 0.7085471 0.6995216 0.127726 0.9916115 0.01982128 0.1305296 0.9912714 0.01852691 0.2394092 0.9707638 0.01735103 0.2334003 0.9719891 0.0275948 0.332824 0.9428815 0.01424014 0.1139539 0.9933224 0.01803398 -0.1771516 0.969727 0.1680682 -0.483675 0.7942017 0.3678346 0.9157862 0.4016663 0 0.9935351 0.1135266 0 0.992376 0.1232478 0 0.893464 0.4491348 0 0.7894766 0.541722 0.2885549 0.8923221 0.4509091 -0.02103441 0.8923392 0.450874 -0.02105879 0.4023966 0.5484477 0.7329953 0.95361 0.300989 -0.005813717 0.9535862 0.3010632 -0.005869448 0.9535861 0.3010637 -0.005868852 0.953605 0.3010045 -0.005824387 0.9535812 0.3010785 -0.005880534 0.9535814 0.3010783 -0.005880892 0.9971492 0.07545578 0 0.9971492 0.07545578 0 0.5825176 -0.3558117 -0.7308018 0.5823993 -0.3621447 -0.727779 -0.3588985 0.5401062 0.7612341 -0.364196 0.5082041 0.7804422 -0.1305242 0.9912717 0.01854223 -0.1277382 0.9916096 0.01983255 -0.3448476 0.9385263 0.01576703 -0.3164481 0.9485595 0.009775876 -0.4278928 0.9038294 4.78739e-4 -0.4279159 0.9038185 3.89835e-4 -0.3185412 0.9478609 0.009551525 -0.9777367 0.004535675 -0.2097866 -0.9250769 0.03198879 -0.3784303 -0.9342067 0.02821344 -0.3556151 -0.9777377 0.004513025 -0.2097824 -0.5651015 -0.2083811 -0.7982717 -0.5650815 -0.208388 -0.798284 -0.9676105 0.2523716 -0.006203889 -0.9676008 0.2524095 -0.006176054 -0.9675906 0.2524492 -0.006151139 -0.9676067 0.2523868 -0.006193816 -0.9675867 0.2524645 -0.006141543 -0.9675866 0.2524649 -0.006142079 -0.547798 0.8366107 -1.44518e-5 -0.5554783 0.8315311 1.59349e-5 -0.8934636 0.4491357 0 -0.9157817 0.4016763 0 -0.2925728 0.6673218 -0.6848962 -0.2926881 0.6673824 -0.6847879 -0.7754386 0.1243766 -0.6190521 -0.7892468 0.1135839 -0.6034801 -0.3587414 0.933205 0.02080869 -0.9971491 0.07545715 3.03965e-6 -0.9971492 0.07545697 3.71792e-6 -0.9935348 0.1135286 0 -0.992372 0.1232798 0 0.3293853 0.691356 0.6430647 0.4621604 0.6513958 0.6017403 0.455504 0.6830874 0.5708834 0.409675 0.7768959 0.4781206 -0.09289658 0.7085545 0.6995147 -0.04267203 0.418101 0.9073978 0.04267144 0.4181541 0.9073734 0.09286898 0.7085745 0.6994982 -0.09290772 0.7085558 0.6995118 -0.1652262 0.6795642 0.7147676 -0.256959 0.9663704 0.01002037 -0.2988919 0.9542869 -2.04593e-5 -0.2619792 0.6985557 0.665873 -0.2646266 0.6987105 0.6646627 -0.1139588 0.9933223 0.01800858 -0.205265 0.6936936 0.6904025 -0.2052713 0.6936783 0.6904159 -0.5553618 0.831609 -8.17308e-6 -0.5477243 0.836659 -1.44785e-5 -0.2602183 0.9655498 0 -0.2602182 0.96555 0 -0.6927827 0.182003 -0.6978016 -0.6927889 0.1820181 -0.6977915 0 0.9893925 0.1452677 0 0.9891979 0.1465867 0 0.9982501 0.059134 0 0.9984447 0.05575084 0.9991326 -0.001215934 -0.04162639 0.9991314 -0.001131713 -0.0416578 -0.9990615 0.001374781 0.04329282 -0.9990752 0.001358687 0.04297542 -0.9997852 0.001387059 0.02068251 -0.999825 0.001333415 0.01866024 0 0.9977459 -0.06710487 0 0.9976662 -0.06828027 0.01191735 -0.9999205 0.004119575 0.01187628 -0.9998992 0.007797896 0.01209896 -0.9840182 0.1776564 0.01213139 -0.9844252 0.1753852 -5.55688e-6 -0.9958531 -0.09097576 -7.20054e-6 -0.9959958 -0.0894013 -7.4695e-6 -0.9999774 0.006731927 -7.1765e-6 -0.9999961 0.002802193 -0.9985376 -0.005895495 0.05374181 -0.9985388 -0.006520986 0.05364567 0.009791851 -0.9095526 0.4154737 0.009895026 -0.9088319 0.4170454 0.004985809 -0.7463797 0.6655018 -0.9993095 0.03715842 0 -0.9993093 0.03716331 0 -0.00160557 0.9886245 -0.1503967 -0.001579463 0.9886242 -0.1503987 -0.444453 5.40022e-4 0.8958021 -0.4444468 5.40254e-4 0.8958051 0 1.74645e-4 1 0 1.74646e-4 1 0.00239396 -0.9999972 0 0.00239396 -0.9999972 0 -0.9999993 0.0012151 -1.94707e-4 -0.9999994 8.26813e-4 -7.7718e-4 0.9999992 -0.001050829 6.99613e-4 0.9999998 -8.07422e-4 1.1612e-4 0.002186834 -0.6443248 0.7647489 -0.05687451 -0.8398463 0.5398367 -0.1653583 -0.7271106 0.6663084 -0.0123493 -0.8762789 0.4816457 -0.9999417 -0.006275236 0.008793294 -0.9999417 -0.00627917 0.008793294 -0.9999762 0.001306831 0.006792068 -0.9999769 0.001215577 0.006701946 0.01151812 -0.9956591 -0.09236103 0.01153737 -0.9954982 -0.0940755 0.01119101 -0.9932593 -0.115373 0.01117229 -0.9932598 -0.1153701 -0.9966822 -0.006797909 0.0811066 -0.9966815 -0.006703495 0.08112341 -0.9966801 -0.006514787 0.0811572 -0.9966833 -0.006923377 0.08108425 -0.9966814 -0.006687402 0.08112645 -0.9966825 -0.006829023 0.08110135 0 0.9866238 0.163014 0 0.9866238 0.1630141 0.997546 -3.76049e-4 -0.07001417 0.997545 -2.81254e-4 -0.07002854 0.997544 -1.86409e-4 -0.07004255 0.9975442 -2.06615e-4 -0.07003968 0.9975433 -1.11796e-4 -0.07005387 0.9975433 -1.11765e-4 -0.07005363 -0.9978082 9.55383e-4 0.06616503 -0.9976687 8.90153e-4 0.06823933 -0.9966723 2.66843e-4 0.08151304 -0.9966719 2.81075e-4 0.08151835 -1.87583e-7 -0.9850836 0.1720767 -3.05539e-7 -0.9846541 0.1745175 -2.74884e-6 -0.9934556 -0.1142192 -2.91202e-6 -0.9934557 -0.1142192 -0.9994408 -0.006276547 0.032844 -0.9994399 -0.006476819 0.03283452 -0.9999779 0.006649672 0 -0.999978 0.00665009 0 0.9997732 -0.001184582 -0.02126616 0.9997731 -0.00117737 -0.02127289 0.9999768 -0.001177132 -0.006712496 0.9999756 -0.001051187 -0.006913781 0 -0.001479148 0.999999 -1.26285e-4 -0.006694734 0.9999777 0.1676884 -0.3620954 0.9169338 0.02502602 -0.3801368 0.9245917 2.59579e-7 -0.9807532 -0.195252 -0.4573832 -0.8684731 -0.1911944 -0.4554228 -0.7975068 -0.3956932 1.0778e-6 -0.9191991 -0.3937934 0.4433786 -0.8638972 0.2389498 0.9136718 -0.3819068 0.1391078 0.7736212 -0.1788254 0.6078912 0.3400223 -0.4955405 0.7992649 0.9137217 -0.3817986 0.1390773 0.9205135 -0.3440634 -0.1851361 0.8633967 -0.3270493 -0.384168 0.9204818 -0.344152 -0.1851292 0.4574797 -0.868448 -0.1910772 0.4554432 -0.797477 -0.3957298 -0.7670757 -0.003825247 0.6415454 -0.7736824 -0.1788317 0.6078116 -0.1301652 -0.1856369 0.9739589 2.85245e-5 -0.5193639 0.8545532 0.2349336 -0.6261667 0.7434524 -2.11934e-5 -0.6041963 0.7968356 -2.47671e-5 -0.7423709 0.6699892 0.09306156 -0.6532948 0.7513624 -2.50218e-5 -0.6042638 0.7967844 0.7977073 -0.0696212 0.5990126 0.7670124 -0.003851175 0.6416208 0.7736061 -0.1788578 0.607901 -0.167607 -0.3622754 0.9168776 -0.4887232 -0.2608287 0.8325372 -1.38219e-7 -0.9634291 0.2679637 -1.52998e-5 -0.5193853 0.8545403 0.1304689 -0.1857969 0.9738878 0.8634427 -0.3269745 -0.3841279 0.9107862 0.2733385 -0.3094423 8.49785e-6 -0.742371 0.6699891 -2.79906e-7 -0.377467 0.9260231 -0.02502846 -0.3801445 0.9245885 -0.5449045 -0.2901265 0.7867056 -0.3114374 -0.5040089 0.8055942 -0.09303021 -0.6532869 0.7513732 -0.2348722 -0.6261622 0.7434756 0.3114777 -0.5039966 0.8055862 0.5449236 -0.2901707 0.7866762 0.4887232 -0.2608251 0.8325383 0.4888312 -0.260808 0.8324802 0.5074215 -0.2314285 0.8300387 -0.9136939 -0.3818677 0.1390709 -0.4429287 -0.8639789 0.239489 -0.3400013 -0.4955503 0.7992678 -0.7736386 -0.178812 0.607873 -0.4574317 -0.8684468 -0.1911973 -0.9205025 -0.3440681 -0.1851819 -0.3400381 -0.4955509 0.7992517 -0.4428588 -0.8640156 0.2394852 0.7670757 -0.003829717 0.6415454 -0.7977065 -0.06957674 0.5990188 -0.7670266 -0.003841578 0.641604 -0.8634122 -0.3269628 -0.3842065 -0.4555058 -0.7974599 -0.3956921 -0.9108095 0.2732987 -0.309409 -0.5074202 -0.2314434 0.8300354 -0.4888309 -0.2607991 0.8324833 -0.6631239 0.2611491 -0.7014756 -0.6854518 0.4818984 -0.5458295 -0.6491765 -0.5486469 0.5268363 -0.6676263 -0.2952358 0.6834552 -0.630162 0.08279979 -0.7720363 0.7926782 -0.03023999 -0.6088897 0.796374 0.07558536 -0.6000628 -0.7235399 1.75069e-4 0.6902826 -0.6926275 -0.08918029 0.7157613 0.6614503 -0.08027446 0.7456806 0.6816701 -0.01843935 0.7314273 0.6821928 0.28757 -0.6722474 0.8101223 0.2377005 -0.5359108 0.7963277 0.07557868 -0.6001251 0.7048967 0.0868014 -0.7039788 0.6666741 -0.2102758 -0.7150732 0.8269481 -0.1845784 -0.5311193 0.7791094 0.07923364 -0.6218606 0.7049641 0.08680146 -0.7039114 -0.667636 -0.2952307 0.6834479 0.6487209 -0.2670416 0.7126361 0.6691488 0.5348775 -0.5158934 0.8011554 0.44061 -0.4049851 -0.6491832 -0.5486568 0.5268177 0.6579976 -0.4990028 0.5639464 0.6766656 0.6672084 -0.3113788 0.7678654 0.5851947 -0.260634 -0.6631903 0.2610775 -0.7014395 0.8101878 0.2377005 -0.5358119 0.8012033 0.4405956 -0.4049057 -0.6855192 0.4818479 -0.5457895 -0.6531344 -0.68604 0.3205694 0.6858057 -0.6259961 0.3712136 0.6898641 0.6925765 -0.2107735 0.7421574 0.6426126 -0.1903986 0.7679503 0.5851125 -0.2605682 -0.6785096 0.6331544 -0.3724787 -0.664992 -0.7140744 0.2188227 0.7119657 -0.6507325 0.2639168 0.6854603 0.7050633 -0.1817413 0.7410042 0.6509733 -0.164762 0.7422308 0.6425224 -0.1904169 -0.6638106 0.6948198 -0.276733 -0.6594241 -0.7278932 0.1879665 0.7146065 -0.6674465 0.2094106 0.6419572 0.7466714 -0.1742779 0.7673951 0.625181 -0.1423148 0.7410834 0.6508964 -0.1647097 -0.6694116 0.7094262 -0.2204599 -0.6183787 -0.7654321 0.1781055 0.6832879 -0.7062623 0.1852328 0.9981275 -0.001244485 0.06115537 0.7173352 -0.3153275 -0.621288 0.6661713 -0.09526008 -0.7396901 0.7022852 0.01781505 -0.7116728 -0.7065724 0.684059 -0.1811596 0.7674541 0.6251232 -0.1422504 0.8269199 -0.1845615 -0.5311689 0.6816301 -0.01841586 0.7314652 0.6614032 -0.08026093 0.7457239 0.7790656 0.07924515 -0.6219141 0.648656 -0.2670749 0.7126827 0.7977966 0.2484418 -0.5493608 0.6822701 0.2875627 -0.672172 0.7978391 0.2484513 -0.5492948 0.6692389 0.5348349 -0.5158207 0.7955659 0.4506236 -0.4049859 0.6767358 0.6671438 -0.3113644 0.7679905 0.5869576 -0.2562643 0.6899668 0.6924785 -0.2107591 0.7439734 0.6411284 -0.1883031 0.685537 0.7049812 -0.1817709 0.7442087 0.647852 -0.1626076 0.6420395 0.7466198 -0.1741956 0.7757171 0.6154708 -0.1394941 0.657935 -0.4990375 0.5639888 0.795551 0.4506152 -0.4050242 0.6857559 -0.6260354 0.3712394 0.7679523 0.5869949 -0.2562935 0.7119326 -0.6507526 0.2639567 0.7439072 0.6412014 -0.1883159 0.7145404 -0.6675197 0.209403 0.7441457 0.6479202 -0.1626245 0.6832045 -0.7063494 0.1852087 0.7756727 0.6155285 -0.1394866 0.717302 -0.3153557 -0.621312 0.998128 -0.001251459 0.0611481 -0.6784678 0.6331758 -0.3725183 -0.653058 -0.6860641 0.3206733 -0.663732 0.6948942 -0.2767346 -0.6649271 -0.7141296 0.2188399 -0.6693452 0.7094936 -0.2204448 -0.6593565 -0.727958 0.1879529 -0.7064965 0.6841224 -0.1812162 -0.6182975 -0.7654722 0.1782149 0.2179773 -0.2631198 -0.9398159 0.7173697 -0.315334 -0.621245 -0.001650512 0.9995897 0.02859777 -0.00217688 0.9995828 0.02880251 -0.002064228 0.99961 0.0278508 -0.630095 0.08286309 -0.7720842 -0.6925396 -0.08917814 0.7158465 0.2180604 -0.2631072 -0.9398001 1.12858e-5 -0.03320848 0.9994485 6.34172e-6 -0.01657557 0.9998627 8.04699e-7 -0.01661831 0.999862 0 -0.03328329 0.999446 1 0 0 0 0.2507159 0.9680608 0 0.02997523 0.9995507 0 0.0299763 0.9995507 0 0.2507201 0.9680597 0 -0.2503548 -0.9681541 0 -0.02956551 -0.9995629 0 -0.02956676 -0.9995629 0 -0.2503582 -0.9681534 0 0.6104464 0.7920576 0 0.6104502 0.7920548 0 -0.6104359 -0.7920656 0 -0.6104387 -0.7920635 0 0.8883763 0.4591163 0 0.8883757 0.4591172 0 -0.8884879 -0.4589003 0 -0.8884899 -0.4588964 1.5261e-7 0.9924733 0.122462 0 0.992473 0.1224638 0 -0.9918189 -0.127653 0 -0.9918195 -0.1276494 3.68568e-7 -0.01668089 -0.999861 5.66642e-6 -0.01671993 -0.9998603 1 1.83512e-6 0 1 -1.15872e-5 -8.09996e-6 1 0 -8.54035e-7 1 2.93395e-6 -1.58189e-5 1 7.13491e-6 -1.67013e-5 5.70154e-7 0.9999921 -0.003979802 2.67388e-7 0.9999921 -0.003979802 1 -1.20019e-5 1.16183e-5 1 0 1.15704e-5 1 1.61747e-5 0 1 4.95557e-4 0 1 5.01822e-4 0 0 -0.03330165 -0.9994454 1.04143e-5 -0.03337055 -0.9994431 -4.76668e-7 -0.9710736 0.2387802 -3.20089e-7 -0.9710736 0.2387808 0.689263 -0.70502 -0.1669231 0.7030522 -0.7001004 -0.1248081 0.7565186 -0.638932 0.1394473 0.7565261 -0.6389237 0.1394457 -4.2421e-7 -0.8307471 -0.5566501 -2.70828e-7 -0.8307468 -0.5566506 -3.045e-7 -0.8931782 0.4497029 -3.20316e-7 -0.9649747 0.2623434 -3.1509e-7 -0.9649746 0.2623437 -2.92486e-7 -0.8931761 0.4497072 0.2779204 -0.7864753 -0.5515586 0.3148311 -0.7809273 -0.5394756 9.00653e-5 -0.790025 -0.6130748 8.06069e-5 -0.7899653 -0.6131516 -2.04049e-7 -0.9771839 0.2123951 -2.72284e-7 -0.9772552 0.2120671 -2.60225e-7 -0.9772552 0.2120671 -3.70337e-7 -0.9771829 0.2124001 -2.54848e-7 -0.9772846 0.2119317 -0.6892782 -0.7050026 -0.1669343 -0.7565416 -0.6389057 0.1394439 -0.7565338 -0.6389144 0.1394457 -0.7030338 -0.7001191 -0.1248068 -1.55717e-7 -0.497203 0.8676343 -1.76336e-7 -0.4972065 0.8676323 6.90847e-6 -0.6287552 0.7776033 -2.04798e-6 -0.6287585 0.7776007 -0.7030093 -0.7001241 -0.1249169 -0.2779199 -0.7864807 -0.5515511 -0.314816 -0.780958 -0.5394399 -0.6892285 -0.7050243 -0.1670477 4.38858e-7 0.9716011 -0.2366253 3.21666e-7 0.9716039 -0.2366136 -1.61155e-7 -0.441338 0.897341 0 -0.4413384 0.8973407 6.48982e-6 -0.6286836 0.7776613 -3.17907e-6 -0.6286833 0.7776615 -2.60307e-7 -0.9773175 0.2117792 -2.20092e-7 -0.9773175 0.2117792 -2.02602e-7 -0.9774594 0.2111233 -2.41998e-7 -0.9773176 0.2117794 0 -0.9774595 0.2111235 -1.14662e-4 -0.7901772 -0.6128786 -1.38921e-4 -0.7903241 -0.6126891 0.5290841 0.692927 -0.4898186 0.5224274 0.6818953 -0.5119459 0.5486028 0.8254393 -0.1329853 0.5486268 0.8254231 -0.132987 0.5575128 0.7997813 -0.2225517 0.5602682 0.783616 -0.268413 0.5443584 -0.8339011 -0.09101152 0.5442534 -0.8350713 -0.08027553 0.7709158 -0.4434428 0.457217 0.4496104 -0.8629414 0.2306137 0.3434323 0.4838261 0.8049638 0.7551276 0.413083 0.5090627 0.4385764 0.8262023 0.3536108 0.2737011 0.7458041 0.6073418 0.2758207 -0.4100638 0.8693508 0.7877187 -0.1808443 0.5888929 0.1925505 -0.9812871 0 0.1925523 -0.9812867 0 0.3291331 0.9442836 0 0.3291278 0.9442855 0 1.10344e-6 0 1 -1.04606e-6 0 -1 1.27073e-6 0 -1 0.7000105 -0.7141325 0 0.7000265 -0.7141169 0 -0.777958 -0.6283162 0 -0.7779586 -0.6283156 0 -0.9307136 -0.3657489 0 -0.9307081 -0.3657631 0 0.8739501 0.4860157 0 0.9910665 -0.1333694 0 0.9910665 -0.1333689 0 0.8739393 0.4860352 0 0.6408867 0.7676356 0 0.6408853 0.7676367 0 1.49346e-6 0 -1 -1.40249e-6 0 -1 -0.9902038 0.1396302 0 -0.9902049 0.1396214 0 -0.3291286 0.9442851 0 -0.329128 0.9442853 0 -0.8110513 0.5849752 0 -0.8110469 0.5849812 0 -2.01286e-6 0 1 -2.80498e-6 0 1 1.49346e-6 0 1 2.19545e-6 0 1 -1.04607e-6 0 1 -0.1925529 -0.9812867 0 -0.192546 -0.9812881 0 -0.70001 -0.7141331 0 -0.7000268 -0.7141166 0 0.7779583 -0.6283161 0 0.7779581 -0.6283164 0 0.930714 -0.365748 0 0.9307085 -0.3657617 0 2.01286e-6 0 1 -0.8739494 0.486017 0 -0.9910667 -0.1333678 0 -0.9910665 -0.1333689 0 -0.8739393 0.486035 0 -0.6408867 0.7676356 0 -0.6408876 0.7676348 0 -1.49346e-6 0 1 2.80499e-6 0 1 0.9902036 0.1396313 0 0.990205 0.1396218 0 0.8110525 0.5849735 0 0.8110479 0.5849798 0 1.40249e-6 0 -1 -1.49346e-6 0 -1 -3.39419e-5 -1 7.26581e-5 3.37817e-5 -1 5.9545e-5 3.39403e-5 3.31998e-5 -1 -3.37801e-5 2.01166e-5 -1 -3.38947e-4 -1 -5.73099e-5 -3.39403e-5 4.18425e-5 1 3.3893e-4 2.864e-5 1 3.39419e-5 -1 -7.03037e-5 3.3893e-4 -2.864e-5 -1 3.39419e-5 1 7.03037e-5 -2.37281e-4 1 5.73099e-5 -3.39403e-5 -4.18425e-5 -1 -3.39419e-5 -1 6.30617e-5 3.37818e-5 -1 7.53105e-5 3.39402e-5 2.3365e-5 -1 -3.37802e-5 3.58224e-5 -1 3.38931e-4 -3.8296e-5 -1 3.39418e-5 1 5.45382e-5 -3.37818e-5 1 6.6787e-5 -3.39402e-5 -2.61068e-5 -1 3.39402e-5 -2.3365e-5 1 -3.37802e-5 -3.58224e-5 1 -3.39419e-5 1 -6.30617e-5 3.37818e-5 1 -7.53105e-5 -3.38947e-4 -1 -6.67274e-5 -3.39402e-5 2.61068e-5 1 3.37801e-5 3.8296e-5 1 3.39418e-5 -1 -5.45382e-5 3.39403e-5 -3.31998e-5 1 -3.37801e-5 -2.01166e-5 1 -3.39419e-5 1 -7.26581e-5 3.37817e-5 1 -5.9545e-5 3.39403e-5 -3.95775e-5 1 -3.37801e-5 -2.73883e-5 1 -3.39419e-5 1 -6.56545e-5 3.37817e-5 1 -5.32567e-5 -3.37818e-5 -1 -6.56545e-5 -3.39402e-5 2.73287e-5 1 3.37801e-5 3.95775e-5 1 3.39418e-5 -1 -5.32567e-5 -2.39981e-5 0.500019 -0.8660145 2.38849e-5 0.5000207 -0.8660135 0 1 -2.37698e-6 0 1 2.37698e-6 0 -1 -3.23138e-6 0 -1 3.23138e-6 2.39982e-5 -0.5000159 -0.8660163 -2.38849e-5 -0.5000159 -0.8660163 -3.39419e-5 -1 6.22272e-5 3.37818e-5 -1 7.4625e-5 3.39402e-5 2.42591e-5 -1 -3.37802e-5 3.65674e-5 -1 0 -1 -6.46277e-7 0 -1 6.46277e-7 2.39981e-5 -0.5000202 -0.8660138 -2.38849e-5 -0.5000254 -0.8660108 -2.39982e-5 -0.4999862 -0.8660334 2.38849e-5 -0.4999862 -0.8660334 2.39982e-5 0.4999862 -0.8660334 -2.38849e-5 0.4999862 -0.8660334 2.39981e-5 0.500019 0.8660145 -2.38849e-5 0.5000207 0.8660135 -2.39982e-5 0.4999862 0.8660334 2.38849e-5 0.4999862 0.8660334 2.39982e-5 -0.4999862 0.8660334 -2.38849e-5 -0.4999862 0.8660334 -2.39981e-5 -0.5000202 0.8660138 2.38849e-5 -0.5000254 0.8660108 3.39402e-5 -3.00109e-5 1 -3.37802e-5 -4.30644e-5 1 -3.39419e-5 1 -5.61178e-5 3.37818e-5 1 -6.91414e-5 3.37801e-5 -3.39747e-5 -1 3.39418e-5 1 5.87404e-5 -3.37818e-5 1 7.19726e-5 -3.39402e-5 -2.07722e-5 -1 -3.39419e-5 -1 7.1913e-5 3.37817e-5 -1 5.87404e-5 3.39403e-5 3.39747e-5 -1 -3.3893e-4 2.07126e-5 -1 -2.39982e-5 -0.5000159 0.8660163 2.38849e-5 -0.500016 0.8660163 3.37801e-5 -2.44081e-5 -1 3.39419e-5 1 7.4625e-5 -2.37281e-4 1 6.22272e-5 -3.39403e-5 -3.65674e-5 -1 -3.37817e-5 -1 -5.61178e-5 -3.39403e-5 4.30644e-5 1 3.37801e-5 3.01301e-5 1 3.39419e-5 -1 -6.91414e-5 1 -3.04331e-7 -4.19001e-7 1 -1.69683e-7 0 0 0.9991104 -0.04217112 -1.20213e-7 0.9727199 -0.2319834 0 0.9697006 -0.2442967 2.68017e-7 0.9991104 -0.04217141 -2.50023e-7 0.8077452 -0.5895318 -3.61266e-7 0.807068 -0.5904585 -3.52181e-7 -0.1665896 -0.9860264 -2.79074e-7 -0.1553589 -0.9878581 0 0.3586789 -0.933461 0.00262618 0.3771857 -0.9261339 0 0.3586306 -0.9334796 2.05494e-5 0.3771295 -0.9261606 -1 8.82938e-7 -1.9929e-6 -1 1.76843e-7 5.27509e-7 4.61646e-7 0.9991105 -0.04217106 3.71717e-7 0.9697004 -0.2442972 3.19739e-7 0.9727195 -0.2319847 6.93692e-7 0.9991105 -0.04217123 1.68554e-7 0.8070731 -0.5904516 2.42603e-7 0.8077407 -0.589538 -4.28534e-6 0.3771784 -0.9261407 0 0.3586789 -0.9334611 -1.97291e-5 -0.4087347 -0.9126533 -2.18548e-5 -0.9667975 -0.2555442 2.07384e-5 -0.9667952 -0.2555525 1.85396e-5 -0.4087705 -0.9126374 2.13673e-5 -0.9667889 -0.2555765 -2.17334e-5 -0.9667887 -0.255577 0 -0.9776577 0.2102038 -3.19792e-7 -0.9776576 0.2102042 0.9221607 0.386807 -1.90008e-5 0.9221421 0.3868514 1.84252e-5 -0.9221405 0.3868551 1.89774e-5 -0.9221591 0.3868111 -1.83762e-5 2.06292e-5 0.7071381 0.7070755 -1.42896e-5 0.7071345 0.7070792 1.05542e-6 1 -1.15518e-5 0 1 7.08507e-6 1.83663e-5 -0.7071266 -0.7070869 -1.82796e-5 -0.7071266 -0.7070869 0 -1 1.06995e-5 0 -1 -1.07201e-5 1.83663e-5 -0.7070862 0.7071273 -1.82796e-5 -0.7070872 0.7071264 -1.83663e-5 -4.372e-5 1 1.82796e-5 -4.23789e-5 1 1.83663e-5 0.7070819 -0.7071318 -1.82796e-5 0.7070828 -0.7071308 0 -1.40162e-5 -1 0 6.2123e-6 -1 2.12491e-5 2.28882e-5 1 -1.82796e-5 3.46899e-5 1 -1.81999e-5 0.7071111 0.7071024 2.13084e-5 0.7071034 0.7071102 -1.83663e-5 -0.7071267 0.7070869 1.82796e-5 -0.7071265 0.707087 -1.83663e-5 -0.7070873 -0.7071264 1.82796e-5 -0.7070882 -0.7071255 -1.83663e-5 0.7071344 -0.7070792 1.82796e-5 0.7071344 -0.7070792 0.5250659 -0.5595618 -0.641246 0.3942994 -0.8108312 0.4325283 -0.6976089 -0.6295574 0.3420516 -0.5669571 -0.378259 -0.7317649 0.5514015 -0.5234 -0.6496222 0.5249592 -0.55962 -0.6412825 -0.5668643 -0.3783319 -0.7317991 -0.5785911 -0.3358364 -0.7432673 -0.9964777 0.0545938 0.06365281 -0.1191985 -0.499984 0.8577924 -0.07695388 -0.2184467 0.97281 -0.9757246 0.1725741 -0.1348325 0.7280414 -0.5011071 0.4678113 -0.1568459 -0.8197533 0.5508211 -0.1570103 -0.819725 0.5508166 0.7411941 -0.4853881 0.4637128 -0.4424448 0.7464423 -0.497058 -0.6130632 -0.1597446 -0.7737151 -0.763702 -0.4492627 0.4635972 -0.5830754 0.4761627 0.6582494 0.7323164 0.5514048 -0.3995817 -0.4424813 0.7464578 -0.497002 -0.5831103 0.4762065 0.6581869 0.5916663 0.2811219 0.7555803 -0.5831212 0.4761291 0.6582332 -0.7637675 -0.4492371 0.4635142 0.4943472 -0.6581871 0.5678121 0.5916211 0.2810777 0.7556321 0.7323123 0.5513556 -0.3996572 0.6450058 -0.3686777 -0.6693611 -0.6131358 -0.1597568 -0.7736552 -0.4424253 0.7464689 -0.4970353 0.5915982 0.2810642 0.7556551 0.4942863 -0.6581711 0.5678836 0.6449313 -0.368703 -0.6694189 0.7322738 0.5514057 -0.3996587 0.4160494 -0.7834246 0.4616805 0.3942543 -0.81086 0.4325153 0.5249851 -0.5596583 -0.641228 0.5513432 -0.5234712 -0.6496143 -0.5785534 -0.3357661 -0.7433284 -0.5669196 -0.3782992 -0.7317731 -0.6976557 -0.6295568 0.3419573 -0.7138622 -0.5958375 0.367938 0.5514385 -0.5233432 -0.6496364 -0.5786498 -0.3356911 -0.7432873 -0.7637718 -0.4492222 0.4635214 -0.7139614 -0.5956959 0.3679751 0.4160887 -0.783435 0.4616276 0.4942953 -0.6581806 0.5678648 0.9587242 -0.233802 0.1618167 0.1151534 0.531822 -0.8389906 0.08231002 0.2176027 -0.9725606 0.9902205 -0.1326537 -0.0432021 0.1152247 0.5318678 -0.8389517 0.08240264 0.2175539 -0.9725638 -0.7139056 -0.5957617 0.3679767 -0.6976438 -0.6295579 0.3419799 0.3941882 -0.8108831 0.4325326 0.4160159 -0.7834448 0.4616764 -0.5785918 -0.3356998 -0.7433285 -0.7138843 -0.5957317 0.3680666 0.5514077 -0.5233212 -0.6496804 0.6449595 -0.3686465 -0.6694231 -0.1450682 -0.8478478 0.5100091 0.9701216 -0.1970312 0.1415731 0.9603198 -0.217276 0.1748626 -0.11326 -0.4301489 0.895625 -0.7304865 0.6637013 0.1609047 0.1564916 0.9846721 0.07701414 0.156351 0.9846949 0.07700908 -0.7172623 0.678888 0.1569906 0.1405994 0.8660723 -0.4797404 0.1421718 0.9573823 -0.2514086 -0.9891358 0.127632 -0.07294279 -0.9986017 0.05271112 0.00400418 -0.1502611 -0.8853551 0.4399636 -0.998597 0.0528022 0.004002749 0.9687373 -0.2111048 0.1303188 0.989126 -0.1278131 0.07275623 0.142108 0.9573915 -0.25141 0.1404436 0.8660945 -0.4797459 -0.9891249 0.1277065 -0.07295876 -0.1420599 -0.9573843 0.2514648 -0.99648 0.05462187 0.06359279 0.1151804 0.531785 -0.8390104 -0.1503278 -0.885378 0.4398949 -0.1421565 -0.9573709 0.2514609 0.9891284 -0.1276395 0.07302957 0.9687598 -0.2110448 0.1302482 0.8863945 0.4012557 0.2308651 0.7280283 -0.5011234 0.4678143 0.7411997 -0.4854037 0.4636877 0.8789723 0.4199605 0.2259224 -0.1192714 -0.4999678 0.8577918 -0.07709306 -0.2184342 0.9728018 -0.8856183 -0.239233 0.3980553 -0.8928059 -0.2200509 0.3930333 -0.8856201 -0.2392553 0.3980377 -0.7304546 0.663728 0.160939 -0.717253 0.6789099 0.1569379 -0.8928061 -0.2200725 0.3930209 0.8863857 0.4012982 0.2308249 0.8789693 0.4199523 0.2259492 0.03259116 -0.8963797 0.4420874 0.9975653 -0.04932725 0.04930001 0.9939771 -0.0733655 0.08140784 0.03426295 -0.5095377 0.8597659 0.500021 0.1300809 0.8561881 1 1.67324e-6 1.16771e-5 1 -2.01282e-6 -1.38241e-5 0.5000215 0.1300328 0.8561951 -1 -2.4592e-6 -1.23124e-5 -0.5000186 0.1300805 0.8561895 -0.50002 0.1300339 0.8561958 -1 1.36653e-6 8.60993e-6 -2.38849e-5 0.4999894 -0.8660315 -2.39982e-5 -0.499983 -0.8660354 2.38849e-5 -0.499983 -0.8660354 2.39982e-5 0.4999894 -0.8660315 -0.5000187 -0.1300359 -0.8561962 -1 -1.84574e-6 -8.2812e-6 -1 1.87041e-6 8.43464e-6 -0.5000199 -0.1300811 -0.8561887 1 2.19901e-6 1.64967e-5 0.5000153 -0.1300365 -0.8561982 0.500017 -0.1300824 -0.8561901 1 -1.94437e-6 -1.09542e-5 -0.5000174 -0.1300354 -0.8561971 -0.5000165 -0.1300814 -0.8561906 -0.4999862 0.1300839 0.856208 0.4999862 0.130084 0.856208 0.4999862 0.1300367 0.8562151 -0.4999862 0.1300365 0.8562151 0 -1 -1.44375e-5 -2.39982e-5 -0.5000292 0.8660085 2.38849e-5 -0.5000295 0.8660085 0 -1 1.46785e-5 0.5000144 0.1300755 0.8561927 0.5000157 0.1300318 0.8561986 0.4999861 -0.1300371 -0.8562151 -0.4999861 -0.1300369 -0.8562152 -0.4999861 -0.1300849 -0.8562079 0.4999861 -0.1300852 -0.8562079 0.4999862 -0.1300377 -0.856215 -0.4999862 -0.1300376 -0.856215 -0.4999862 -0.1300849 -0.8562078 0.4999862 -0.1300851 -0.8562079 0.5000198 -0.130035 -0.8561958 0.50002 -0.1300814 -0.8561885 -2.38849e-5 0.5000036 0.8660234 0 1 1.58618e-5 0 1 -1.73516e-5 2.39981e-5 0.5000081 0.8660207 -2.39981e-5 0.5000064 -0.8660218 2.38849e-5 0.5000027 -0.8660239 -2.38849e-5 -0.5000295 -0.8660084 2.39982e-5 -0.5000299 -0.8660082 -0.4999862 0.1300824 0.8562082 0.4999862 0.1300826 0.8562082 0.4999862 0.1300352 0.8562153 -0.4999861 0.1300351 0.8562154 -0.4999762 0.130078 0.8562147 -0.5000239 0.1300336 0.8561936 3.39419e-5 1 6.18994e-5 -3.37818e-5 1 7.4029e-5 -3.39402e-5 -2.48551e-5 -1 3.37818e-5 -8.50558e-5 -1 2.39982e-5 0.5000159 0.8660163 -2.38849e-5 0.500016 0.8660163 0 1 3.23138e-6 0 1 -3.23138e-6 -3.39403e-5 3.10838e-5 1 2.37259e-4 -4.47035e-6 1 3.39418e-5 -1 -5.54621e-5 -3.37817e-5 -1 -6.76811e-5 0 -1 4.10768e-6 0 -1 -4.10768e-6 -2.39981e-5 -0.5000177 0.8660152 2.37281e-4 1 -5.49257e-5 3.39403e-5 -4.07696e-5 1 -3.37801e-5 -4.1157e-5 1 -3.39419e-5 1 -5.47171e-5 2.39981e-5 -0.5000177 -0.8660152 -2.39982e-5 0.5000159 -0.8660163 2.38849e-5 0.5000159 -0.8660163 3.39419e-5 1 6.05285e-5 -3.38947e-4 1 6.01411e-5 -3.39403e-5 -3.56734e-5 -1 3.37801e-5 -3.52263e-5 -1 -3.37801e-5 2.19941e-5 -1 -3.39419e-5 -1 7.4029e-5 3.37818e-5 -1 7.42674e-5 3.39402e-5 2.13385e-5 -1 2.39982e-5 -0.5000164 -0.866016 -2.3885e-5 -0.5000112 -0.866019 0 -1 -5.83837e-6 0 -1 5.83838e-6 3.37817e-5 1 -5.62668e-5 3.39419e-5 -9.05395e-5 1 -3.37801e-5 -3.04878e-5 1 -3.39419e-5 1 -6.85453e-5 -2.39982e-5 -0.5000165 0.866016 2.3885e-5 -0.5000113 0.866019 -3.39402e-5 2.75373e-5 1 3.37801e-5 2.68817e-5 1 3.39419e-5 -1 -6.88136e-5 -2.37282e-4 -1 -6.85453e-5 -3.37801e-5 2.56896e-5 -1 -3.39419e-5 -1 7.31051e-5 3.37817e-5 -1 6.10352e-5 3.39404e-5 3.7998e-5 -1 -3.39402e-5 2.08616e-5 1 3.3893e-4 2.0504e-5 1 3.39419e-5 -1 -7.51615e-5 -3.38947e-4 -1 -7.52509e-5 3.37817e-5 1 -5.72503e-5 3.3942e-5 -8.97348e-5 1 -2.3727e-4 -2.91467e-5 1 -3.39419e-5 1 -6.9797e-5 -3.37801e-5 2.63751e-5 -1 -3.39419e-5 -1 6.9797e-5 3.37818e-5 -1 6.96778e-5 3.39402e-5 2.61068e-5 -1 0 -0.9999663 0.008211493 0 -0.9999663 0.008211374 0 0.9999651 -0.008358061 0 0.9999651 -0.008357882 1 -2.00597e-6 -6.3604e-7 1 3.11428e-6 -6.32587e-7 -1 8.96449e-7 6.21538e-7 -1 0 6.47616e-7 0 -1.08227e-5 1 0 4.60014e-6 1 0 0.3826814 0.9238803 0 0.3826816 0.9238804 1.83663e-5 -0.7070843 0.7071292 -1.82796e-5 -0.7070842 0.7071294 0 -1 -7.95782e-6 0 -1 7.72165e-6 -1.83663e-5 -0.7071352 0.7070784 1.82796e-5 -0.7071352 0.7070784 1.8038e-5 -0.707135 -0.7070786 -1.87401e-5 -0.7071353 -0.7070784 -1.56944e-7 4.89792e-6 -1 -3.13883e-7 -1.05454e-5 -1 -1.83388e-5 -0.7070834 -0.7071302 1.80886e-5 -0.7070843 -0.7071294 -2.28483e-7 0.3826811 -0.9238805 -8.08473e-7 0.3826798 -0.9238811 0 -0.9999085 0.01353263 0 -0.9999085 0.01353257 5.78328e-6 0.9990072 0.04455018 1.24562e-5 0.9990072 0.04454928 0 0.9999061 -0.01370972 0 0.9999061 -0.01370978 -1.22141e-5 -0.9993553 -0.03590542 0 -0.9993553 -0.03590565 1 -7.39893e-7 -6.53572e-7 1 0 -6.4374e-7 -1 2.64063e-6 6.3543e-7 -1 -3.19936e-6 6.62367e-7 -1 -5.9652e-6 7.96793e-7 -1 -1.05466e-6 9.56964e-7 1 0 -8.49389e-7 1 -1.70065e-6 -9.08676e-7 1.41213e-7 1 0 4.23639e-7 1 0 0.4999862 0.1300828 0.8562081 0.4999861 0.130035 0.8562154 -0.4999861 0.130035 0.8562154 -0.4999861 0.1300828 0.8562081 0.5000187 -0.130036 -0.8561963 0.50002 -0.1300817 -0.8561885 1 1.19673e-6 8.43464e-6 1 -1.59654e-6 -8.30311e-6 0.5000239 0.1300333 0.8561937 0.499976 0.1300785 0.8562147 -0.4999862 -0.1300372 -0.8562151 -0.4999862 -0.1300845 -0.8562079 0.4999862 -0.1300846 -0.8562079 0.4999861 -0.1300373 -0.856215 -0.5000173 0.1300742 0.8561913 -0.5000188 0.1300309 0.8561969 -1 -1.98818e-6 -1.08446e-5 -1 1.52534e-6 1.65186e-5 -0.5000198 -0.1300818 -0.8561887 -0.5000182 -0.1300362 -0.8561965 0 1 -4.79778e-6 0 1 5.08257e-6 -2.38887e-5 0.500015 -0.8660169 2.38849e-5 0.5000118 -0.8660186 0 -0.4999948 -0.8660285 0 -0.5000039 -0.8660233 0 -1 -5.47692e-6 0 -1 5.60836e-6 0 -0.5000038 0.8660233 0 -0.4999948 0.8660285 0 0.4999963 0.8660275 0 0.5000033 0.8660235 -0.5525627 -0.01116514 0.8333966 0.422238 -0.2003083 0.8840767 0.2306662 0.7396618 0.6322134 0 -0.9999751 -0.007071435 0 -0.999975 -0.007071793 0 5.39569e-4 -0.9999999 0 5.39564e-4 -0.9999999 -1 -2.12733e-7 0 0 5.39567e-4 -0.9999999 0 5.39564e-4 -0.9999999 -1 -5.01188e-7 0 -0.004209995 0.3495659 0.9369024 0 7.15951e-4 0.9999998 0.0361033 0.001845002 0.9993464 0.1235737 0.3279579 0.9365752 0.6082705 0.2823621 0.7418077 0.6272974 0.6897887 0.3615101 0.2413099 0.8329584 0.4979458 -0.005121648 0.4169167 -0.9089303 -0.1243922 0.4183732 -0.899717 -0.2369662 0.859869 -0.4521862 -0.009319484 0.8993641 -0.4371013 -0.009389162 0.8993323 -0.4371651 -0.00915426 0.8622487 0.5064023 0.2413287 0.8330007 0.4978657 0.2388444 0.8611387 -0.448769 0.9790413 0.1461678 0.1418207 0.9473897 0.3178051 -0.0381174 0.6273356 0.6897544 0.3615095 0.6082302 0.2823776 0.7418348 0.5842294 0.03166502 0.8109706 0.6273472 0.6897581 0.3614821 0.5152461 0.7443382 -0.4248319 0.5152293 0.744356 -0.4248213 0.9770603 0.142344 -0.1584028 0.9932436 0.09746342 -0.06299167 -0.1206862 0.3236782 0.9384387 -0.009150445 0.8622092 0.5064697 -0.239426 0.8314692 0.5013325 0.9805133 0.05415731 0.18884 0.5842478 0.03169059 0.8109564 0.9982486 0.05603665 -0.0189684 -0.03623539 0.00192821 0.9993415 -0.6062783 0.2855593 0.7422146 -0.6182994 0.6963612 0.3643994 -0.236959 0.859822 -0.4522795 -0.2394539 0.8315069 0.5012567 0.1286581 0.4195016 -0.8985909 0.2388982 0.861159 -0.4487013 -0.9790465 0.1461851 0.1417666 -0.6062369 0.285562 0.7422474 -0.6183001 0.696331 0.364456 -0.947391 0.3177983 -0.03813713 -0.5842148 0.03166139 0.8109813 -0.5030075 0.752793 -0.4246013 -0.6183211 0.6963167 0.3644478 -0.5030183 0.7527675 -0.4246336 -0.977072 0.1424278 -0.1582549 -0.9932428 0.09746938 -0.0629965 -0.9805126 0.05415707 0.1888443 -0.5842127 0.0316779 0.8109823 -0.9982488 0.05603671 -0.01895636 0.9994398 -0.00647372 0.03283464 0.9994408 -0.006276547 0.03284412 -0.01192027 -0.9999205 0.0041188 -0.01213133 -0.9844251 0.1753854 -0.01209908 -0.9840182 0.1776564 -0.01187914 -0.999899 0.007797062 -0.9997731 -0.001177728 -0.02127289 -0.9997732 -0.001186311 -0.02126568 0 0.9984447 0.05575054 0 0.9976662 -0.06828045 0 0.9977459 -0.06710499 0 0.9982501 0.0591337 0.9990615 0.001374781 0.0432927 0.999825 0.001333177 0.01866054 0.9997851 0.001387417 0.02068293 0.9990752 0.001359045 0.04297524 7.29045e-6 -0.9999961 0.002802312 2.82832e-6 -0.9850836 0.1720766 3.01238e-6 -0.9846541 0.1745173 7.46951e-6 -0.9999774 0.006732046 0.997801 0.001275658 0.06626886 0.9976708 7.97089e-4 0.06820887 7.10655e-6 -0.9958099 -0.09144723 7.20055e-6 -0.9959958 -0.08940124 0.9985388 -0.006523072 0.05364567 0.9985376 -0.005895495 0.05374139 -0.01153421 -0.9954983 -0.0940752 -0.01151466 -0.9956591 -0.09236067 -0.9991313 -0.001131534 -0.0416575 -0.9991325 -0.001215934 -0.04162663 0 0.9893923 0.145268 0 0.9891978 0.146587 2.91202e-6 -0.9934555 -0.1142193 2.74883e-6 -0.9934556 -0.1142194 0.9966732 2.37009e-4 0.08150207 0.9966736 2.2252e-4 0.08149671 0 0.9866238 0.1630139 0 0.9866238 0.163014 -0.9975422 -1.59974e-5 -0.07006818 -0.9975438 -1.58185e-4 -0.07004666 -0.9975438 -1.582e-4 -0.07004678 -0.9975441 -1.85996e-4 -0.07004272 -0.9975445 -2.33391e-4 -0.07003557 -0.997545 -2.80826e-4 -0.07002866 -0.01116997 -0.9932599 -0.1153699 -0.01118868 -0.9932593 -0.1153728 0.9966832 -0.00692135 0.0810846 0.9966818 -0.006732583 0.08111822 0.9966818 -0.006732583 0.0811184 0.9966816 -0.00670588 0.08112293 0.9966816 -0.006705939 0.08112317 0.9966816 -0.00670588 0.08112281 0.9999769 0.001214265 0.006702184 0.9999762 0.001306653 0.006792664 -0.01067501 -0.9096681 0.4151987 -0.01006346 -0.9088537 0.4169937 0.9999417 -0.006275236 0.008793413 0.9999417 -0.00627923 0.008793711 -0.9999756 -0.001051187 -0.006913661 -0.9999768 -0.001177787 -0.006713092 0.0123912 -0.8762745 0.4816529 0.05687421 -0.8398474 0.5398349 -0.004985809 -0.7463791 0.6655025 -0.9999998 -8.07935e-4 1.16192e-4 -0.9999992 -0.001051485 7.00041e-4 0.1653595 -0.7271023 0.6663171 -0.002185821 -0.6443232 0.7647502 0.9999994 8.26654e-4 -7.7718e-4 0.9999993 0.0012151 -1.94707e-4 0.4444468 5.40254e-4 0.8958051 0.4444574 5.39797e-4 0.8957999 0.001579761 0.9886241 -0.1503993 0.001605629 0.9886243 -0.1503974 0 1.74646e-4 1 0 1.74645e-4 1 0.9993097 0.03715318 0 0.9993093 0.03716349 0 -0.002393245 -0.9999972 0 -0.002393245 -0.9999972 0 0.999978 0.006650149 0 0.9999779 0.00665003 0 0.9827094 0.1826682 0.03024065 0.8273879 0.5605721 0.03446996 0.07419115 -0.9933128 0.08846092 0.1417483 -0.7022852 -0.697641 0.1417327 -0.6955578 -0.7043516 0.07107847 -0.992752 0.09690958 0.6705946 0.6544335 0.3493132 0.8523256 0.2994115 0.4288284 0.5112774 0.1983671 0.8362093 0.5356106 0.01110696 0.8443921 0.9298125 0.02043586 0.3674658 0.9981666 0.05352824 0.02825582 0.9981544 0.05367791 0.0284 -8.45268e-6 0.485318 0.8743378 -0.1079831 0.4918932 0.8639334 8.47305e-4 0.9385119 0.3452461 -0.8248227 -0.05712848 0.5624979 -0.5991628 0.3286649 0.7300571 0.1225193 0.3143538 0.9413664 -0.5991409 0.3287175 0.7300515 0.8112334 0.5799742 0.07436692 0.8273476 0.5606318 0.03446769 0.06259036 0.1199169 -0.990809 0.06725525 0.1168897 -0.9908651 0.04715794 0.123419 -0.9912335 0.04141068 0.1235678 -0.9914718 0.001862943 0.9999317 -0.01154303 -0.3452819 0.9384801 -0.005964338 -0.2650555 0.9146985 0.3050774 0.07697445 0.08086454 -0.9937484 0.07746839 0.07717025 -0.9940038 0.08858555 0.02488476 -0.9957577 0.1417345 -0.6956331 -0.704277 0.1417793 -0.7023537 -0.6975657 0.08786982 0.02711588 -0.995763 0.5218805 0.02816861 0.8525534 0.8800702 0.1354869 0.4551043 0.9267739 0.2556524 0.2751945 0.5218662 0.02816718 0.8525623 0.9942786 0.02213525 0.1045007 -0.8247748 -0.0571841 0.5625625 -0.9959939 -0.07150942 -0.05368995 -0.9292342 0.1166021 0.3506108 -0.9592607 0.09234708 0.267004 -0.5114178 0.5478364 0.6620628 -0.7168831 0.1356012 0.6838793 -0.5114259 0.5478335 0.662059 -0.1080294 0.4918169 0.8639709 -0.2642347 0.119271 0.9570552 -0.7168123 0.1355605 0.6839616 -0.01259511 0.1727192 -0.9848906 -0.01282346 0.172975 -0.9848428 -0.5114146 0.5478554 0.6620495 -0.9942885 0.02209782 0.104413 -0.9298086 0.02044099 0.3674754 -0.9827002 0.1827188 0.03023564 -0.998146 0.05378156 0.02849876 -0.9981666 0.05352842 0.02825564 -0.528943 0.01249051 0.8485655 -0.1509894 0.3035031 0.9407913 0.01897513 -0.004165053 0.9998114 0.8248456 -0.0571531 0.5624619 0.5503935 0.3268956 0.768249 -0.8273599 0.5606137 0.03446739 -0.5911622 0.8061744 0.02470165 -0.5144022 0.1975672 0.8344805 -0.08613973 0.2252907 -0.9704762 -0.08408325 0.1531123 -0.9846251 -0.09483093 0.189877 -0.9772175 -0.07583022 0.2238689 -0.9716649 0.3445046 0.9387282 -0.01029038 -0.07752251 0.07720404 -0.9939969 -0.07703894 0.0808233 -0.9937468 0.9292442 0.1166011 0.3505846 0.959258 0.09232962 0.2670195 -0.5143215 0.1975098 0.8345438 -0.5288644 0.0124616 0.8486149 -0.07106614 -0.9927533 0.09690451 -0.07420241 -0.9933104 0.08847862 0.7168812 0.1355646 0.6838886 0.51499 0.5436316 0.6627594 0.2642288 0.1192495 0.9570594 0.108032 0.4918322 0.8639619 0.5150372 0.5435949 0.6627528 0.7168117 0.1355518 0.6839641 -3.13696e-6 0.1097221 0.9939623 -1.43796e-6 0.48528 0.8743588 -0.1417589 -0.6955543 -0.7043499 -0.1417279 -0.7022868 -0.6976436 -0.08787906 0.02711725 -0.9957621 -0.1418091 -0.7023314 -0.6975821 -0.1417133 -0.6956449 -0.7042697 -0.08857601 0.02489167 -0.9957584 -0.926773 0.2556516 0.2751984 -0.8800702 0.1354798 0.4551063 -0.5218395 0.02816247 0.8525787 -0.5218662 0.02816677 0.8525622 0.8247795 -0.05719614 0.5625545 0.9959934 -0.07150852 -0.05370002 0.1079679 0.4919042 0.8639289 -0.449282 -0.4152496 -0.7910205 -0.256895 -0.5581315 -0.7889831 -0.8938475 0.4472846 -0.03119677 -0.7783373 0.5754027 0.2512025 -0.4404105 0.5636028 0.6988496 -0.8938534 0.4472691 -0.03124952 0.5351878 0.8447331 -1.50374e-5 0.543218 0.8395917 2.51271e-6 -0.4473786 0.8360404 0.3176299 -0.1771649 0.9697232 0.1680765 0.6925508 0.1855338 -0.6971015 0.6925482 0.1855144 -0.6971094 0.2157855 -0.95174 -0.2182375 0.2157819 -0.95174 -0.218241 0.2157787 -0.95174 -0.2182446 0.2157381 -0.9517546 -0.2182205 0.2157511 -0.9517546 -0.218208 0.2157548 -0.9517546 -0.2182045 -0.4852061 -0.7782734 -0.3985794 -0.4852507 -0.7782883 -0.3984962 -0.4852477 -0.7782567 -0.3985612 -0.4851996 -0.7782863 -0.3985624 -0.4852191 -0.7782559 -0.3985981 -0.4852384 -0.7782551 -0.3985759 0.6631233 0.261125 -0.7014851 0.6676256 -0.2952632 0.683444 0.6491745 -0.5486642 0.5268209 0.6854515 0.4818838 -0.5458428 0.6301622 0.08280485 -0.7720357 -0.7963739 0.07558774 -0.6000627 -0.7926777 -0.03024566 -0.6088903 0.7235398 1.76175e-4 0.6902827 -0.6816701 -0.01843845 0.7314273 -0.6614504 -0.08027106 0.7456809 0.6925915 -0.08917897 0.7157962 -0.6821935 0.2875446 -0.6722576 -0.7048969 0.08677273 -0.7039822 -0.7963274 0.0756033 -0.6001224 -0.8101215 0.2377219 -0.5359025 -0.6666746 -0.2102658 -0.7150758 -0.7049641 0.08680635 -0.7039108 -0.7791383 0.07922405 -0.6218258 -0.8269476 -0.1845907 -0.5311158 -0.6487208 -0.2670336 0.7126392 0.6676364 -0.2952206 0.6834519 -0.6691505 0.5348621 -0.5159072 -0.8011547 0.440623 -0.4049724 -0.6579973 -0.4989972 0.5639516 0.6491837 -0.5486502 0.5268241 -0.6766684 0.6671925 -0.3114067 -0.7678647 0.5852066 -0.260609 0.6631906 0.2610855 -0.7014362 0.6855197 0.4818542 -0.5457834 -0.8012029 0.4406007 -0.4049012 -0.8101876 0.2377078 -0.535809 -0.6858056 -0.6259936 0.371218 0.6531384 -0.6860043 0.3206376 -0.689865 0.6925728 -0.2107827 -0.7421564 0.6426164 -0.1903893 0.6785098 0.6331573 -0.3724733 -0.7679501 0.5851154 -0.2605622 -0.7119658 -0.6507321 0.2639177 0.664992 -0.714074 0.2188243 -0.6854618 0.7050585 -0.1817544 -0.7410053 0.6509749 -0.1647506 0.6638106 0.6948215 -0.2767284 -0.7422305 0.6425239 -0.1904124 -0.7146065 -0.6674469 0.2094092 0.6594241 -0.727894 0.1879632 -0.6419568 0.7466713 -0.1742801 -0.7673953 0.6251811 -0.1423133 0.6694112 0.709428 -0.220456 -0.7410837 0.6508973 -0.1647052 -0.6832893 -0.7062824 0.1851513 0.6183804 -0.7654075 0.1782057 -0.9981271 -0.00124371 0.06116145 -0.7022874 0.0178135 -0.7116707 -0.6661723 -0.09525901 -0.7396892 -0.7173306 -0.3153535 -0.6212801 0.7065387 0.6840946 -0.1811568 -0.7674541 0.6251254 -0.1422414 -0.8269194 -0.1845756 -0.5311649 -0.7790654 0.07927316 -0.6219109 -0.6614028 -0.08023667 0.7457268 -0.6816306 -0.01850587 0.7314625 -0.6486546 -0.2670522 0.7126924 -0.7977963 0.2484663 -0.5493505 -0.6822701 0.2875657 -0.6721708 -0.7978391 0.2484453 -0.5492973 -0.6692386 0.5348396 -0.5158162 -0.7955659 0.450621 -0.4049885 -0.6767358 0.6671432 -0.3113656 -0.7679904 0.5869604 -0.2562585 -0.689967 0.6924767 -0.2107642 -0.7439698 0.6411525 -0.1882351 -0.6855371 0.7049803 -0.1817739 -0.7442086 0.647853 -0.162604 -0.6420397 0.7466172 -0.1742066 -0.7757167 0.6154745 -0.1394802 -0.6579353 -0.4990221 0.5640019 -0.7955492 0.4506306 -0.4050107 -0.6857527 -0.6260231 0.3712659 -0.7679519 0.5870079 -0.2562648 -0.7119316 -0.6507502 0.2639651 -0.7439071 0.6412047 -0.1883053 -0.7145403 -0.6675162 0.2094141 -0.744145 0.6479241 -0.1626123 -0.6832045 -0.7063474 0.1852163 -0.7756726 0.6155303 -0.1394795 -0.9981279 -0.001249969 0.06114774 -0.7173023 -0.315341 -0.6213191 0.6530566 -0.6860798 0.3206426 0.6784656 0.6331616 -0.3725464 0.6649268 -0.7141334 0.2188286 0.6637313 0.6948906 -0.2767451 0.6593574 -0.7279605 0.1879397 0.6693433 0.7094913 -0.2204578 0.7064965 0.6841201 -0.181225 0.6182966 -0.7654753 0.1782047 -0.7173673 -0.3153098 -0.62126 -0.2179896 -0.2631261 -0.9398114 0.001926839 0.9995898 0.02857953 0.001917123 0.9996135 0.02773213 0.00217688 0.9995828 0.02880322 0.001650512 0.9995896 0.02859771 0.6300949 0.08283573 -0.7720872 0.692539 -0.08920788 0.7158433 -0.2180163 -0.2631211 -0.9398065 0 1 1.58837e-5 0 1 -1.73954e-5 -2.39982e-5 0.5000028 -0.8660238 2.38849e-5 0.5000069 -0.8660216 2.39981e-5 -0.5000336 -0.866006 -2.38849e-5 -0.5000299 -0.8660082 0 -1 1.24657e-5 0 -1 -1.24657e-5 -2.39981e-5 -0.5000339 0.866006 2.38849e-5 -0.5000295 0.8660084 2.39982e-5 0.5000041 0.8660231 -2.38849e-5 0.5000085 0.8660206 0.4999862 0.1300839 0.856208 0.4999862 0.1300368 0.8562151 -0.4999862 0.1300367 0.8562151 -0.4999862 0.1300838 0.856208 0.5000176 -0.1300351 -0.8561971 0.5000165 -0.1300815 -0.8561906 1 1.39391e-6 8.60993e-6 1 -2.15248e-6 -1.23124e-5 0.50002 0.1300339 0.8561958 0.5000187 0.1302229 0.8561678 -0.4999862 -0.1300376 -0.856215 -0.4999862 -0.1300849 -0.8562079 0.4999862 -0.1300851 -0.8562078 0.4999861 -0.1300376 -0.856215 -0.5000202 0.1300812 0.8561885 -0.5000206 0.1300328 0.8561956 -1 -2.30584e-6 -1.35612e-5 -1 1.96078e-6 1.17647e-5 -0.5000197 -0.1300818 -0.8561888 -0.5000189 -0.1300351 -0.8561964 0.7029714 -0.7001597 -0.124931 0.6892415 -0.7050155 -0.1670309 -3.25087e-7 -0.9771844 0.2123928 -3.67208e-7 -0.9771833 0.2123978 1 -3.40189e-7 0 -0.661984 0 -0.749518 -0.6619786 0 -0.7495228 0 -1 2.0734e-6 0.661984 0 -0.749518 0.6619786 0 -0.7495228 0 -1 -2.07353e-6 0.6620028 0 0.7495014 0.6620022 0 0.7495019 0 0.06293445 0.9980177 0 0.06293463 0.9980177 -0.6620022 0 0.7495019 -0.6620028 0 0.7495014 -0.6384893 0.0855568 0.7648605 -0.6385208 0.08557879 0.7648317 -0.6384878 0.08555978 0.7648614 -0.6384861 0.08555632 0.7648631 -0.638484 0.08556067 0.7648645 -0.6384833 0.0855624 0.7648649 -0.3258553 0.8752573 -0.357412 -0.3258999 0.8752462 -0.3573979 -0.3259001 0.8752459 -0.3573989 -0.325868 0.8752539 -0.3574083 -0.3259126 0.8752429 -0.3573947 -0.3258682 0.8752532 -0.3574099 0.6384682 0.08557122 0.7648764 0.6385052 0.08556216 0.7648467 0.6385048 0.08556038 0.7648472 0.6384781 0.08557099 0.7648683 0.6384783 0.08557218 0.7648679 0.6384773 0.08556687 0.7648695 0.3259024 0.8752436 -0.3574022 0.3259023 0.8752431 -0.3574034 0.3259022 0.8752427 -0.3574048 0.3259089 0.8752419 -0.3574003 0.3259087 0.8752407 -0.3574035 0.3258637 0.8752576 -0.3574032 -0.9975101 0.07052099 6.34799e-4 -0.9975057 0.07058286 7.07902e-4 -0.9975013 0.07064342 7.82128e-4 -0.9975036 0.07061088 7.42612e-4 -0.9974949 0.07073318 8.90047e-4 -0.9974994 0.07067167 8.16628e-4 0 0.9224528 -0.3861101 0 0.9224536 -0.3861081 0.9975038 0.07060974 7.41247e-4 0.997473 0.07103687 0.001257956 0.9975126 0.07048743 5.93867e-4 0.9975122 0.07049143 5.98208e-4 0.9975144 0.07046061 5.61538e-4 0.9975035 0.07061505 7.44498e-4 0 0.5519598 0.8338708 0 0.5519642 0.8338679 0 0.9999268 -0.01210409 0 0.9999268 -0.01210153 0 1 8.6497e-6 1 2.45191e-6 0 1 9.60203e-7 0 0 0.9332857 -0.3591347 -2.74332e-5 -0.3591369 -0.9332849 0 -0.6075353 -0.7942928 -6.78715e-7 -0.6075346 -0.7942932 -2.83673e-5 -0.3591367 -0.9332849 -2.74338e-5 0.3591374 0.9332848 0 0.09383541 0.9955877 -6.76343e-7 0.09383541 0.9955877 -2.83679e-5 0.3591371 0.9332848 -9.88362e-5 -0.4603582 0.8877333 1.4138e-5 -0.4603581 0.8877333 -1.46451e-5 -0.948553 -0.3166187 1.4576e-5 -0.9485529 -0.3166188 6.78823e-7 -0.6075357 -0.7942923 0 -0.6075394 -0.7942897 1.88055e-5 -0.9246521 0.3808131 -1.87167e-5 -0.9246525 0.3808121 -1.4138e-5 -0.4604802 0.8876701 1.40713e-5 -0.4604791 0.8876706 2.76782e-5 0.3591443 0.9332821 0 0.09383285 0.995588 6.76456e-7 0.0938332 0.995588 2.98293e-5 0.3591446 0.9332819 2.76789e-5 -0.3591388 -0.9332842 2.983e-5 -0.3591385 -0.9332844 -1 -7.20153e-7 0 0 -0.3591436 -0.9332823 0 -0.3591305 -0.9332874 0 0.3591436 0.9332823 0 0.3591423 0.9332828 -1 -2.4519e-6 0 -1 1.63549e-6 0 -1.46451e-5 -0.9485529 -0.316619 1.4576e-5 -0.9485526 -0.3166196 1.31465e-4 -0.924697 0.3807041 1.46451e-5 -0.9485778 -0.3165442 -1.4576e-5 -0.9485774 -0.3165454 -1.88075e-5 -0.9246792 0.3807473 1.4138e-5 -0.4603571 0.8877338 -1.40713e-5 -0.4603574 0.8877338 -1.88054e-5 -0.9246949 0.3807091 1.87167e-5 -0.9246952 0.3807084 1.46451e-5 -0.9485778 -0.3165441 -1.45759e-5 -0.948578 -0.3165436 -1.87167e-5 -0.9246491 0.3808203 -1.4138e-5 -0.4604829 0.8876686 1.40713e-5 -0.4604824 0.8876689 1.88054e-5 -0.9246489 0.3808208 1 -1.00969e-6 0 1 2.52424e-7 0 0 -0.933286 0.359134 0 -0.9332852 0.3591363 1 2.4519e-6 0 1 -2.90754e-6 0 0 1 2.80426e-6 0 1 -1.9345e-5 -2.39981e-5 0.5000067 -0.8660216 2.38849e-5 0.5000067 -0.8660216 2.39982e-5 -0.5000046 -0.8660228 -2.38849e-5 -0.5000067 -0.8660216 0 -1 3.7025e-6 0 -1 -2.02871e-5 -2.39982e-5 -0.5000191 0.8660144 2.38849e-5 -0.5000209 0.8660134 2.39981e-5 0.5000209 0.8660134 -2.38849e-5 0.5000212 0.8660132 -0.6619869 0 -0.7495154 -0.6619821 0 -0.7495197 0 -1 1.03676e-6 0 0.06293457 0.9980177 0 0.06293451 0.9980177 -0.6620053 0 0.7494992 -0.6620059 0 0.7494986 -0.6384904 0.08556169 0.7648591 -0.6385239 0.08557921 0.764829 -0.638491 0.0855602 0.7648586 -0.6384845 0.08555966 0.7648642 -0.3259447 0.8752325 -0.3573908 -0.3258543 0.8752582 -0.3574107 -0.3258993 0.8752461 -0.3573989 -0.3259181 0.8752393 -0.3573985 -0.3258726 0.8752531 -0.3574061 -0.3258733 0.8752509 -0.3574108 0.6385039 0.08555757 0.7648481 0.6385049 0.08556294 0.7648467 0.6385036 0.08555603 0.7648485 0.638513 0.08555525 0.7648409 0.6384773 0.08557087 0.7648689 0.6384763 0.08556556 0.7648705 0.3259034 0.8752436 -0.3574012 0.3259034 0.875244 -0.3574005 0.3259034 0.875244 -0.3574005 0.325909 0.8752421 -0.3573999 -0.9975079 0.07055288 6.71633e-4 -0.9975033 0.07061547 7.44159e-4 -0.9974991 0.07067507 8.19191e-4 -0.997495 0.07073301 8.89056e-4 -0.9974883 0.07082456 9.99738e-4 -0.9974883 0.07082408 0.001000106 0 0.9224533 -0.3861088 0 0.9224536 -0.3861081 0.9975124 0.07048851 5.95201e-4 0.9974994 0.07067072 8.17388e-4 0.9975168 0.07042729 5.21531e-4 0.9975122 0.07049173 5.9903e-4 0.9975166 0.07043069 5.25252e-4 0.9975033 0.07061529 7.45442e-4 0 0.5519592 0.8338711 0 0.5519645 0.8338677 0 0.9999268 -0.01210665 0 1 -2.88324e-6 0 1 8.84999e-6 0 0.9332859 -0.3591345 0 0.9332857 -0.3591349 -2.74334e-5 -0.3591386 -0.9332843 0 -0.6075388 -0.7942901 -6.78719e-7 -0.6075391 -0.7942899 -2.83674e-5 -0.3591385 -0.9332843 -2.74338e-5 0.3591402 0.9332836 0 0.09383374 0.995588 -6.76342e-7 0.09383386 0.9955879 -2.83678e-5 0.3591402 0.9332837 -1.40713e-5 -0.4603582 0.8877333 6.78824e-7 -0.6075344 -0.7942934 0 -0.6075381 -0.7942907 1.88054e-5 -0.9246507 0.3808164 -1.87167e-5 -0.9246507 0.3808164 -1.41402e-5 -0.4604405 0.8876906 1.40735e-5 -0.4604404 0.8876906 2.76784e-5 0.3591459 0.9332814 0 0.09383231 0.9955881 6.76443e-7 0.09383279 0.995588 2.98294e-5 0.3591465 0.9332813 2.76789e-5 -0.3591356 -0.9332855 2.98301e-5 -0.3591352 -0.9332855 -1 -4.80102e-7 0 -1 9.60205e-7 0 0 -0.3591353 -0.9332855 0 -0.3591338 -0.9332862 0 0.3591437 0.9332823 0 0.3591422 0.933283 -1 7.26886e-7 0 -1.46472e-5 -0.9485656 -0.3165808 1.45781e-5 -0.9485661 -0.3165794 1.87167e-5 -0.924697 0.380704 1.46451e-5 -0.9485779 -0.316544 -1.4576e-5 -0.9485775 -0.3165453 -1.88075e-5 -0.9246793 0.3807472 1.4138e-5 -0.4603601 0.8877323 -1.40713e-5 -0.46036 0.8877323 -1.88054e-5 -0.9246969 0.3807041 1.87188e-5 -0.9246792 0.3807473 1.46451e-5 -0.9485775 -0.316545 -1.45759e-5 -0.948578 -0.3165437 0 -0.9332848 0.3591371 -1 1.0097e-6 0 -1 -5.04848e-7 0 1 -2.4519e-6 0 1 2.90754e-6 0 -0.001749813 -0.5983961 0.8011985 0.4386118 0.826227 0.3535091 0.7551071 0.4131175 0.5090652 0.001160323 0.01689302 0.9998567 0.001121044 0.01692056 0.9998563 0.001036286 0.01696616 0.9998556 0.001103579 0.01693022 0.9998561 0.001019656 0.01697707 0.9998553 0.001058757 0.01694923 0.9998559 1 -5.17345e-7 0 -0.01815694 -0.1424527 -0.9896351 -0.01810926 -0.1424478 -0.9896367 -0.01810896 -0.1424518 -0.9896361 -0.01812154 -0.1424497 -0.9896362 -0.01807355 -0.1424489 -0.9896372 -0.01807349 -0.1424495 -0.989637 -0.0228101 0.4640288 0.8855265 -0.02280956 0.4640324 0.8855246 -0.02281093 0.4640237 0.8855292 -0.0227974 0.4640274 0.8855274 -0.02279812 0.4640233 0.8855297 -0.02284574 0.4640274 0.8855262 -0.9178755 0.3968685 0 -0.9178757 0.3968682 0 0.915908 -0.4013883 0 0.9159083 -0.4013877 0 -0.01859736 -0.287661 -0.9575517 -0.01864439 -0.2876521 -0.9575535 -0.01864385 -0.2876496 -0.9575543 -0.01858937 -0.2876616 -0.9575518 -0.01858949 -0.2876626 -0.9575515 -0.01858937 -0.2876622 -0.9575516 8.85217e-4 0.9999997 0 8.85217e-4 0.9999997 0 -0.9998809 0.01544171 0 -0.9998809 0.01544255 0 0.9999971 -0.002404093 0 0.9999972 -0.002405405 0 -0.01274025 0.2592564 -0.9657246 -0.01278758 0.2592487 -0.965726 -0.01278793 0.2592516 -0.9657253 -0.01275897 0.2592539 -0.965725 -0.0127592 0.2592558 -0.9657244 -0.01275926 0.2592563 -0.9657243 -0.001143395 0.01690357 0.9998565 -0.00105834 0.01694875 0.9998559 -9.79339e-4 0.01700305 0.999855 -0.001119971 0.01691865 0.9998563 -0.001035869 0.01696527 0.9998556 -0.001120746 0.01691985 0.9998563 0.01812154 -0.1424501 -0.9896362 0.01807349 -0.1424503 -0.989637 0.01807367 -0.1424478 -0.9896373 0.01815688 -0.1424526 -0.9896352 0.01810896 -0.1424514 -0.9896362 0.01810908 -0.1424492 -0.9896365 0.02279704 0.4640241 0.8855293 0.02284491 0.4640265 0.8855268 0.02279704 0.4640235 0.8855296 0.02281105 0.464028 0.8855269 0.02281135 0.4640254 0.8855281 0.02281069 0.46403 0.8855257 0.9178752 0.3968692 0 0.9178758 0.3968679 0 -0.9159083 -0.4013877 0 -0.9159085 -0.4013872 0 0.01858884 -0.2876567 -0.9575533 0.01859068 -0.2876648 -0.9575507 0.01858985 -0.287661 -0.957552 0.01859539 -0.2876541 -0.9575539 0.01864433 -0.2876534 -0.9575532 0.01864361 -0.2876504 -0.957554 -8.85211e-4 0.9999997 0 -8.85217e-4 0.9999997 0 0.9998809 0.01544153 0 0.9998809 0.01544266 0 -0.9999972 -0.002406358 0 -0.9999971 -0.002405226 0 0.01275843 0.2592518 -0.9657256 0.01275926 0.2592584 -0.9657237 0.01275914 0.2592575 -0.965724 0.01274019 0.2592523 -0.9657256 0.01278853 0.2592526 -0.9657249 0.01274025 0.2592526 -0.9657256 -0.9834905 -0.1087862 0.1446101 0.03434342 -0.5095461 0.8597577 0.03925412 -0.2244266 0.9737001 -0.9985058 0.01020509 -0.0536862 0.8198416 0.5378291 0.1964679 0.8182064 -0.3785066 0.4327481 0.8284954 -0.3608887 0.4281994 0.809345 0.5550613 0.1920093 0.8181834 -0.3785374 0.4327649 8.43098e-5 -0.8348669 0.5504519 -7.96375e-5 -0.8348666 0.5504524 0.8284903 -0.3608705 0.4282246 -5.73975e-5 0.9969435 0.07812672 8.61525e-5 0.9969433 0.07812917 0.8198261 0.5378637 0.196438 0.8093182 0.5550944 0.1920271 -0.9901187 -0.1111822 0.08546006 -0.0419352 0.5403371 -0.8404031 -0.04230797 0.8755879 -0.4812025 -0.8180477 -0.3784294 0.4331158 -0.8284221 -0.3606418 0.4285492 -0.8180515 -0.3784473 0.4330929 -0.819663 0.5379776 0.1968069 -0.8092427 0.5550855 0.1923703 -0.8284231 -0.360655 0.4285362 -0.819688 0.5379512 0.1967744 -0.8092473 0.5550607 0.1924231 -0.9901239 -0.1111725 0.08541345 -0.9993142 -0.03600525 0.008652389 0.03711903 -0.9667729 0.2529277 0.03267312 -0.8963465 0.4421488 -0.03702908 0.9668664 -0.2525832 -0.9993104 -0.03610366 0.008678734 0.03436273 -0.5095345 0.8597639 -0.9834914 -0.1087929 0.1445992 0.9975609 -0.04936087 0.04935485 0.9993153 0.03599506 -0.008567035 -0.03708773 0.9667882 -0.252874 -0.04239451 0.8755879 -0.481195 0.03699612 -0.9667762 0.2529331 0.9993116 0.0360918 -0.008592009 0.9587216 -0.2337989 0.1618363 -0.1193037 -0.4999454 0.8578003 -0.04206234 0.5403282 -0.8404025 0.9939827 -0.07329136 0.0814054 0.9917294 0.03088498 -0.1245748 0.03921943 -0.2244318 0.9737003 -0.04202425 0.5403848 -0.840368 -0.03380894 0.2244685 -0.9738947 -0.03377676 0.2244329 -0.973904 0.5746057 -0.7031057 0.4188923 0.5552814 -0.7338444 0.3913246 0.5552783 -0.4686911 -0.6870188 0.5746008 -0.4287115 -0.697166 0.5746732 -0.4286579 -0.6971393 0.5552444 -0.4686515 -0.6870732 -0.5552194 -0.4686753 -0.6870772 -0.5746207 -0.4287135 -0.6971484 -0.6398196 -0.566316 0.5195357 -0.5746794 -0.7030521 0.4188812 0.5747188 -0.7030341 0.4188574 0.6398185 -0.5663172 0.5195356 -0.5746749 -0.703087 0.4188289 -0.5552655 -0.7338594 0.391319 0.5552384 -0.7338842 0.3913112 0.5746189 -0.7031438 0.4188101 -0.6397492 -0.2607579 -0.7229982 -0.5746313 -0.4285593 -0.6972345 -0.5746263 -0.7030545 0.41895 -0.6397367 -0.5663428 0.5196083 0.5552625 -0.4685678 -0.6871157 0.5553218 -0.7338101 0.3913317 -0.5553424 -0.7337805 0.391358 -0.5553218 -0.4686254 -0.6870284 0.6397529 -0.5663297 0.5196026 0.5746324 -0.7030498 0.4189494 0.574629 -0.4285652 -0.6972327 0.6397377 -0.2607596 -0.7230077 0.6398096 -0.2607691 -0.7229408 0.5747177 -0.4285821 -0.6971492 -0.5747181 -0.4285878 -0.6971454 -0.6398171 -0.2607827 -0.7229291 -0.574608 -0.4286394 -0.6972044 -0.5552831 -0.4686584 -0.6870372 -0.5552809 -0.733861 0.3912943 -0.5746036 -0.7031469 0.4188261 0.5974301 0.6621807 -0.4523209 -0.5973876 0.6621927 -0.4523595 0.5973627 0.3768642 0.7079063 0.5973641 0.6622176 -0.452354 -0.5973689 0.6621909 -0.4523866 -0.5973697 0.3768908 0.7078862 -0.5974327 0.376878 0.7078398 -0.6398113 -0.566327 0.5195337 0.6397969 -0.5663532 0.519523 0.5974038 0.3769029 0.7078509 0.5974382 0.6621819 -0.4523083 -0.597438 0.6621829 -0.4523072 -0.5974383 0.376885 0.7078315 0.597438 0.3768864 0.7078308 -0.9963278 0.05648994 0.06434184 -0.1131243 -0.4302065 0.8956145 -0.07137101 -0.1402443 0.9875413 -0.9769747 0.1582933 -0.143052 0.8780381 0.4211561 0.2273247 0.7117299 -0.4594003 0.5314057 0.7250234 -0.4440459 0.526464 0.8707903 0.4393665 0.2206386 0.711704 -0.4594266 0.5314177 -0.1754609 -0.772683 0.6100611 -0.1756243 -0.77266 0.6100432 0.7250205 -0.4440257 0.526485 0.1536404 0.9881251 0.001896798 0.1537809 0.9881032 0.001910209 0.8780348 0.4211828 0.2272889 0.8707855 0.4393625 0.2206655 -0.998744 0.04984807 0.005055665 -0.99633 0.05652177 0.06427884 0.1091483 0.4633854 -0.8794093 0.1351655 0.8253914 -0.5481418 -0.8986302 -0.2085219 0.3859825 -0.9056408 -0.1898369 0.379179 -0.8986461 -0.2085141 0.3859497 -0.7355073 0.6725859 0.0815925 -0.7221704 0.6874371 0.07681274 -0.9056412 -0.189854 0.3791694 -0.7355327 0.6725625 0.08155554 -0.7221844 0.6874164 0.07686674 -0.998739 0.04995077 0.005042612 -0.9899067 0.1185156 -0.07771128 -0.137496 -0.9346564 0.3278908 -0.1450248 -0.847817 0.5100728 0.1376406 0.9346558 -0.3278318 -0.9899193 0.1184296 -0.07768118 0.9700955 -0.1970995 0.1416562 0.9899035 -0.1184933 0.07778477 0.1375449 0.9346693 -0.3278335 0.1350724 0.8254074 -0.5481406 -0.1376007 -0.9346411 0.3278903 0.9899159 -0.1184077 0.07775765 0.1090795 0.4634346 -0.8793919 0.9603312 -0.2172172 0.1748737 -0.1131942 -0.4301989 0.8956093 0.9904416 -0.13268 -0.03770327 -0.07142519 -0.1402446 0.9875373 0.07669293 0.1394375 -0.9872565 0.1091467 0.4634683 -0.8793659 0.07680147 0.139387 -0.9872553 0.4210649 -0.7427648 0.5205814 0.3992157 -0.7725078 0.4938204 0.5236734 -0.6075077 -0.5972443 0.5498668 -0.5720183 -0.6086392 0.5499286 -0.5719491 -0.6086484 0.5236595 -0.6074874 -0.597277 -0.5692314 -0.4373036 -0.6962337 -0.5811259 -0.3958804 -0.7110354 -0.7598804 -0.4130619 0.501958 -0.7100483 -0.5665519 0.4181511 0.4210889 -0.7427715 0.5205522 0.4994623 -0.6091948 0.6159701 -0.7099917 -0.5666122 0.4181655 -0.6937274 -0.6023222 0.3949053 0.3992583 -0.7724799 0.4938298 0.4210724 -0.7428132 0.5205062 -0.6163948 -0.2229152 -0.755226 -0.5811719 -0.3957646 -0.7110623 -0.7099695 -0.5665772 0.4182507 -0.7598092 -0.4130977 0.5020363 0.5236884 -0.6073911 -0.5973496 0.3992652 -0.7724741 0.4938332 -0.6938098 -0.6022286 0.3949036 -0.5692521 -0.4372022 -0.6962804 0.5499297 -0.5718864 -0.6087064 0.6428435 -0.4190016 -0.641241 0.6428901 -0.4190249 -0.641179 0.5499582 -0.5719128 -0.6086558 -0.5812305 -0.3957446 -0.7110255 -0.6164692 -0.2229214 -0.7551635 -0.5811251 -0.3958348 -0.7110615 -0.5692888 -0.4372752 -0.6962045 -0.6937544 -0.6023297 0.3948464 -0.7099457 -0.5666922 0.4181354 0.7283818 0.5198752 -0.4463068 -0.4474931 0.7030119 -0.5527426 0.5944578 0.3423128 0.7276276 0.4994014 -0.6091915 0.6160228 0.6428205 -0.4190534 -0.6412302 0.7283763 0.5199009 -0.4462859 -0.4474677 0.7030059 -0.5527706 -0.5813815 0.5254661 0.6211932 -0.5814439 0.5254538 0.6211452 -0.759871 -0.4130849 0.5019531 0.4994714 -0.6092159 0.615942 0.5944515 0.3423444 0.7276179 0.7284065 0.5198897 -0.4462497 -0.4474522 0.7030133 -0.5527737 -0.5813725 0.5254415 0.6212225 0.5944109 0.3423436 0.7276515 3.39419e-5 1 6.13928e-5 -3.38947e-4 1 6.13332e-5 -3.39403e-5 -3.45409e-5 -1 3.37801e-5 -3.45111e-5 -1 -3.37801e-5 2.99513e-5 -1 -3.39419e-5 -1 6.89328e-5 3.37817e-5 -1 5.64158e-5 3.39404e-5 4.27365e-5 -1 3.37817e-5 1 -5.59092e-5 3.39403e-5 -3.99649e-5 1 -3.37801e-5 -4.00245e-5 1 -3.39419e-5 1 -5.59092e-5 -3.39403e-5 2.44975e-5 1 2.37271e-4 3.73125e-5 1 3.39418e-5 -1 -6.18994e-5 -3.37817e-5 -1 -7.44462e-5 3.39419e-5 1 6.27935e-5 -3.37818e-5 1 7.53105e-5 -3.39402e-5 -2.3663e-5 -1 3.37818e-5 -8.43108e-5 -1 -0.7000095 -0.7141336 0 -0.9910664 -0.1333693 0 -0.9910665 -0.1333692 0 0.3291225 0.9442873 0 -0.3291267 0.9442858 0 -0.3291214 0.9442877 0 0.329129 0.944285 0 0.8110473 0.5849807 0 0.8110526 0.5849733 0 0.9902048 0.1396224 0 0.9902034 0.1396325 0 0.1925454 -0.9812881 0 0.1925519 -0.9812869 0 -0.1925449 -0.9812882 0 -0.1925525 -0.9812867 0 4.20748e-6 0 -1 0.930709 -0.3657606 0 0.9307143 -0.3657474 0 -0.640888 0.7676344 0 -0.8739507 0.4860146 0 -0.8739395 0.4860349 0 0.7779574 -0.6283171 0 0.7779564 -0.6283184 0 4.18427e-6 0 1 -2.54146e-6 0 1 -2.25384e-6 0 1 2.25384e-6 0 -1 0.7000259 -0.7141176 0 0.7000104 -0.7141327 0 0.9910664 -0.1333693 0 0.9910664 -0.1333699 0 -0.8110473 0.5849807 0 -0.8110509 0.5849756 0 -0.9902051 0.1396209 0 -0.9902039 0.1396293 0 -0.9307077 -0.3657639 0 -0.9307136 -0.3657491 0 -4.20747e-6 0 -1 0.6408879 0.7676346 0 0.8739498 0.4860163 0 0.8739398 0.4860341 0 0.6408895 0.7676333 0 -0.7779597 -0.6283142 0 5.57616e-6 0 1 -0.352846 -0.9356815 0 0 -1 -1.97491e-5 0 -0.8367368 0.5476053 -0.8074875 -0.4935984 0.3229932 -2.28272e-5 -0.4755901 -0.879667 2.27195e-5 -0.4755901 -0.879667 -0.3529183 -0.9356542 7.28965e-5 -0.8074588 -0.493604 0.3230565 2.28272e-5 -0.475613 -0.8796548 -2.27195e-5 -0.4756101 -0.8796563 1 -6.99225e-7 0 1 1.24595e-6 0 -1 3.49613e-7 0 0 1 8.75879e-6 0 1 -8.75879e-6 -1.83663e-5 0.7071283 -0.7070854 1.82796e-5 0.7071287 -0.7070849 1.83663e-5 0.7070809 -0.7071328 -1.82796e-5 0.7070809 -0.7071327 0 -8.77416e-6 -1 0 8.48152e-6 -1 -1.83663e-5 -0.7070803 -0.7071334 1.82796e-5 -0.7070798 -0.7071338 1.83663e-5 -0.7071325 -0.7070811 -1.82796e-5 -0.7071316 -0.7070821 0 -1 7.86029e-6 0 -1 -7.86029e-6 -1.83663e-5 -0.7071325 0.7070811 1.82796e-5 -0.7071316 0.7070821 1.83663e-5 -0.7070816 0.707132 -1.82796e-5 -0.7070813 0.7071322 -1.83663e-5 -3.68059e-5 1 1.82796e-5 -3.71933e-5 1 1.83663e-5 3.74317e-5 1 -1.82796e-5 3.78489e-5 1 -1.83663e-5 0.7070819 0.7071317 1.82796e-5 0.7070816 0.707132 1.83663e-5 0.7071283 0.7070854 -1.82796e-5 0.7071287 0.7070849 0 -0.005201697 0.9999865 0 -0.005201637 0.9999865 0 -0.9999172 -0.01287913 0 -0.9999171 -0.01287966 0 0.9998732 0.01593309 0 0.9998729 0.01594209 0 0.955652 0.2944986 0 0.955654 0.2944922 0.987241 -0.01084327 0.1588633 0.987241 -0.01084333 0.1588636 0.9872413 -0.01084309 0.1588625 0.9872419 -0.01087015 0.1588569 0.9872417 -0.01087039 0.158858 0.9872416 -0.01087033 0.1588578 0 0.8120443 -0.5835958 0 0.8120498 -0.5835881 0 -0.03062605 0.999531 0 -0.03062611 0.999531 0.9850695 -0.04644733 0.1657733 0.98507 -0.04640001 0.1657835 0.9850707 -0.04639977 0.1657801 0.9850697 -0.04642397 0.1657787 0.9850714 -0.04637622 0.1657815 0.9850718 -0.0463761 0.1657798 0 -0.9996622 -0.02599292 0 -0.9996622 -0.025994 0 -0.9999171 -0.0128802 -0.9872415 -0.01086765 0.1588589 -0.9872415 -0.01086771 0.1588591 -0.9872418 -0.01086741 0.1588577 -0.9872421 -0.01089143 0.1588534 -0.987241 -0.01084464 0.158864 -0.9872412 -0.01084446 0.1588629 -0.9850713 -0.0463888 0.1657795 -0.9850713 -0.04638874 0.1657792 -0.9850713 -0.04638874 0.1657792 -0.9850692 -0.0464484 0.1657745 -0.9850708 -0.04640078 0.1657789 -0.98507 -0.04640102 0.1657833 -0.005369842 -0.9999856 -5.05503e-5 -0.005375087 -0.9999856 -4.66646e-5 0 -0.1635078 0.9865421 0 -0.1635097 0.9865418 0 0.04607397 -0.9989381 0 0.04607361 -0.9989381 0 0.02531778 -0.9996795 0 0.02531778 -0.9996795 0 0.1626809 -0.9866788 0 0.1626791 -0.986679 0.005375087 -0.9999856 -4.66645e-5 0.005369842 -0.9999856 -5.05504e-5 0 -0.04625326 0.9989297 0 -0.04625362 0.9989298 0 -1 -4.35956e-5 0 -0.02531749 0.9996795 0 -0.02531749 0.9996795 0 0.3826805 -0.9238808 -3.77115e-7 0.382681 -0.9238806 -1.75731e-7 -8.64577e-6 -1 0 2.48489e-6 -1 -1.83285e-5 -0.7070831 -0.7071305 1.82879e-5 -0.7070849 -0.7071287 1.825e-5 -0.707134 -0.7070795 -1.82745e-5 -0.7071341 -0.7070795 0 -1 6.44837e-6 0 -1 -6.65374e-6 -1.81382e-5 -0.707134 0.7070797 1.82796e-5 -0.7071346 0.7070791 1.83663e-5 -0.7070841 0.7071295 -1.82796e-5 -0.7070849 0.7071287 0 2.36167e-6 1 0 -8.76899e-6 1 0 0.3826808 0.9238807 0 0.3826826 0.9238799 -0.5223915 0.681904 -0.5119709 -0.5290839 0.6929271 -0.4898186 -0.5486027 0.8254395 -0.1329845 -0.5602985 0.783605 -0.268382 -0.5575332 0.7997591 -0.2225806 -0.5486269 0.825423 -0.132986 -0.544072 -0.8340915 -0.09097808 -0.5443366 -0.8350161 -0.08028674 -0.7708954 -0.4434607 0.4572343 -0.4496135 -0.8629387 0.2306183 -0.3434336 0.4838193 0.8049674 -0.2737033 0.7458059 0.6073385 -0.4385719 0.8262048 0.3536103 -0.7551193 0.413099 0.5090619 -0.7877182 -0.1808252 0.5888991 -0.2758205 -0.4100638 0.8693507 0.001608729 -0.5984193 0.8011816 -0.7551023 0.4131295 0.5090624 -0.4386103 0.8262304 0.3535031 -1.12858e-5 -0.03320848 0.9994485 0 -0.03328329 0.999446 -8.04699e-7 -0.01661831 0.999862 -6.34172e-6 -0.01657557 0.9998627 -1 0 0 0 0.2507157 0.9680607 0 0.02997523 0.9995507 1 -2.19369e-7 0 0 -0.250355 -0.9681541 0 -0.02956676 -0.9995629 0 -0.02956551 -0.9995629 0 0.6104462 0.7920577 0 0.6104502 0.7920547 0 -0.6104357 -0.7920658 0 -0.6104387 -0.7920635 0 0.8883763 0.4591163 0 -0.8884877 -0.4589004 0 -0.8884899 -0.4588962 -1.52611e-7 0.9924733 0.122462 0 -0.9918189 -0.1276531 0 -0.9918194 -0.1276494 -1 8.85407e-7 0 -1 -4.46115e-7 0 -5.66642e-6 -0.01671993 -0.9998603 -3.68568e-7 -0.01668089 -0.999861 -1 3.21147e-6 0 -1 0 -1.02484e-6 -1 -1.20507e-5 -1.28982e-5 -1 -7.13491e-6 -1.79933e-5 -1 7.076e-6 -1.4956e-5 -2.67388e-7 0.9999921 -0.003979802 -5.70154e-7 0.9999921 -0.003979802 -1 -1.0772e-5 1.15704e-5 -1 6.94007e-6 1.16183e-5 -1 4.9903e-4 0 -1 1.85913e-5 0 -1 4.97975e-4 0 -1.04143e-5 -0.03337055 -0.9994431 0 -0.999975 -0.007071793 -1 -1.04888e-6 0 -1 2.83834e-6 0 0 -0.6929146 -0.7210198 0 -0.6929062 -0.7210279 0 -0.6929118 0.7210225 0 -0.6929119 0.7210222 1 5.24442e-7 0 0 -0.6929091 0.7210251 -0.9996362 -0.02687036 -0.002394497 -0.999636 -0.0268684 -0.002442359 -0.999636 -0.02686434 -0.002490162 -0.999636 -0.0268684 -0.002438724 -0.9996359 -0.0268625 -0.002534389 -0.9996361 -0.02686446 -0.002486526 0.9996362 -0.02686583 -0.002432286 0.999636 -0.02686816 -0.002480208 0.9996364 -0.02686393 -0.002384424 0.9996361 -0.02686631 -0.002442419 0.9996365 -0.02686208 -0.002346634 0.9996363 -0.02686423 -0.002394497 0 -0.1446698 0.9894801 0 -0.1446679 0.9894803 0 3.62803e-4 1 0 3.62803e-4 1 0 -0.4118308 0.9112604 0 -0.4123272 0.9110358 0 -0.5664265 0.8241124 0 -0.5662896 0.8242065 1 1.02637e-6 0 0.9998465 0.01408177 0.01042395 0.9998467 0.01407504 0.01042389 -0.9999938 0.003379344 0.001010119 -0.9999944 0.002698421 0.002000927 0.9999591 -0.008072316 -0.004115462 0.999959 -0.008072197 -0.004115343 0.9999589 -0.008081674 -0.004120826 0.999959 -0.00808686 -0.004090011 0.9999589 -0.008144199 -0.004012405 0.9999588 -0.008168518 -0.00397104 0 0.8037103 0.5950208 0 0.8037115 0.5950192 0 -0.6000175 0.7999869 0 -0.6000176 0.799987 -0.9998466 0.01407724 0.01042395 -0.9998466 0.014077 0.01042389 -3.3258e-6 0.3826802 -0.9238809 -4.3576e-6 0.3826801 -0.9238809 -5.58393e-7 -1.36824e-5 -1 -2.79204e-7 7.62417e-6 -1 -1.94138e-5 -0.7070838 -0.7071299 1.6814e-5 -0.7070832 -0.7071304 1.64147e-5 -0.7071359 -0.7070778 -2.05634e-5 -0.7071359 -0.7070778 -1.396e-7 -1 1.00937e-5 0 -1 -1.1218e-5 -1.83663e-5 -0.7071358 0.7070778 1.82796e-5 -0.7071357 0.707078 1.83663e-5 -0.7070839 0.7071297 -1.82796e-5 -0.7070837 0.7071299 0 7.23398e-6 1 0 -1.40675e-5 1 0 0.3826814 0.9238804 0 0.3826815 0.9238803 0.7894958 0.54168 0.2885813 0.4023324 0.5484519 0.7330275 0.7736476 -0.1788484 0.6078509 0.8918335 -0.2017678 0.4048739 0.6485914 -0.7474541 0.1436719 0.8960934 -0.220147 0.3854246 -0.41543 -0.6788362 0.6054745 0.3429179 -0.4796602 0.8076717 -0.03403562 -0.6670703 0.7442169 -0.3837721 0.4723327 0.7934866 0.1702188 0.8043683 0.5692251 0.9574611 0.03264695 0.28671 0.890927 -0.1185405 -0.4384031 0.7999121 0.3381995 -0.4957438 -0.8470816 -0.3832854 -0.3681645 -0.03204107 -0.998377 -0.04708319 -0.8918091 -0.2018045 0.4049094 -0.3429521 -0.479599 0.8076936 -0.2851685 -0.1251887 0.9502667 0.4154254 -0.6788302 0.6054846 -0.3429035 -0.4796652 0.8076749 -0.8961058 -0.2201134 0.385415 -0.2633178 -0.06439965 -0.9625573 -0.8744147 0.3051072 -0.3772382 0.3837298 0.4723335 0.7935066 0.03403401 -0.6670559 0.7442299 -0.9574527 0.03267645 0.2867343 -0.170221 0.8043482 0.5692528 0.7499459 -0.2010521 0.6302057 0.4966242 -0.6224772 0.6048856 0.5826689 -0.7392331 -0.3376852 0.2232276 0.755092 0.616446 0.7241169 0.3827356 0.5737318 0.8199172 0.443093 -0.3624973 -0.7741375 -0.08839195 0.6268157 -0.7262896 0.389455 0.566417 0.09336316 -0.7694985 0.6317876 0.4966882 -0.6224283 0.6048834 0.7240738 0.3827862 0.5737525 -0.2189373 0.7605575 0.6112437 -0.1673033 -0.7734432 0.6113882 -0.612193 -0.5159877 0.5991465 -0.7263129 0.3893641 0.5664496 -0.6121554 -0.5160768 0.5991082 0.5262741 -0.6814269 0.5086187 0.4181458 -0.9072782 -0.04472517 0.9330904 -0.333345 -0.1349948 0.7609735 -0.3374606 0.5541116 -0.3629488 0.8837083 0.2955126 0.03961366 0.2976082 -0.9538659 -0.04503822 -0.1148221 0.9923646 -0.3629118 0.8837324 0.295486 0.03955948 0.2976934 -0.9538415 0.4203888 -0.8996033 -0.1182672 0.4203629 -0.8996087 -0.1183185 -0.04505378 -0.1147477 0.9923726 -0.9653979 0.1189265 -0.2320851 -0.2151032 -0.2093818 0.9538815 -0.6375041 0.02175951 0.7701397 -0.7649423 -0.6237881 -0.1604733 -0.7026525 -0.583413 0.4073188 0.7004036 -0.5857665 0.407814 0.584798 -0.7341911 -0.3449271 0.5944025 -0.3468636 0.7255145 -0.5813032 -0.3337702 0.742081 -0.588336 -0.7319923 -0.3435812 -0.5616363 0.7451729 0.359558 -0.5730957 0.3475395 -0.742144 -0.5883731 -0.7319619 -0.3435828 -0.5813332 -0.3337817 0.7420523 0.5847985 -0.7341737 -0.3449636 0.5639978 0.3517577 -0.7471098 0.5694893 0.7498822 0.3366878 0.5943855 -0.3468442 0.7255377 -0.5731149 0.3475317 -0.7421328 -0.5615783 0.7451884 0.3596166 0.5695059 0.7498683 0.3366907 0.5639482 0.351763 -0.7471447 -0.5730785 0.3475693 -0.7421433 0.564027 0.3517767 -0.7470788 0.5847923 -0.7342002 -0.3449175 -0.5883474 -0.7319955 -0.343555 1 0 -3.30508e-5 0.7071223 0.5829421 -0.4001959 0.1214503 0.6576279 0.7434886 0.1717837 0.5574343 0.8122546 0.1718805 0.5574466 0.8122256 0.1215019 0.6576839 0.7434307 -0.7070795 -0.5830445 0.400122 -1 -4.00394e-5 -9.90927e-6 -1 4.65363e-5 5.02169e-5 -0.7071135 -0.5829517 0.4001975 0.1214852 -0.4572652 -0.8809937 0.1718754 -0.5574499 -0.8122244 0.1718176 -0.5574625 -0.812228 0.1214879 -0.4572733 -0.8809891 0.7070725 0.5830767 -0.4000877 1 6.23763e-5 4.80786e-5 0.7071062 0.582959 -0.4001994 -3.06219e-5 0.8244466 -0.5659399 -2.51681e-5 0.6991282 0.7149964 0.1214973 0.6575997 0.7435059 -4.35859e-5 0.6991358 0.7149889 3.82662e-5 -0.8245319 0.5658155 -0.7071016 -0.5829898 0.4001628 -3.79384e-5 -0.824471 0.5659043 -4.83841e-5 -0.4157461 -0.9094808 0.1215234 -0.4572536 -0.8809944 -2.00421e-5 -0.4157877 -0.9094617 -4.90844e-5 0.8245373 -0.5658077 -0.7070821 0.5829993 -0.4001834 -0.1214831 0.6576017 0.7435065 -0.1215639 0.6576334 0.7434652 0.7070952 -0.5830315 0.4001135 0.7070882 -0.5829944 0.4001797 -0.1215451 -0.4572634 -0.8809864 -0.1215122 -0.4572948 -0.8809747 -0.7071404 0.5830208 -0.400049 -0.7071211 0.5829733 -0.4001525 -1 -3.6642e-5 -8.1107e-5 -0.1717825 0.5574468 0.8122462 -0.1214403 0.6576407 0.743479 -0.1718753 0.5574648 0.8122143 1 -2.23219e-5 -1.44541e-5 0.7071003 -0.5829676 0.4001974 1 -6.58631e-6 3.96371e-5 -0.1718847 -0.557467 -0.8122107 -0.1214959 -0.4572835 -0.8809828 -0.1718248 -0.5574769 -0.8122166 -1 4.22001e-5 5.82635e-5 -1 -4.41074e-5 -6.33001e-5 -0.7070835 -0.5830674 0.4000816 -0.1214804 0.4572681 0.8809929 -0.1718295 0.5574773 0.8122154 -0.1718729 0.5574702 0.8122112 -0.1214976 0.4572834 0.8809826 0.7071008 0.5829672 -0.4001973 1 -3.93391e-6 -4.51654e-5 1 2.20537e-5 1.36495e-5 0.7070944 0.5830325 -0.4001135 -0.1215646 -0.6576318 -0.7434665 -0.1718766 -0.5574641 -0.8122144 -0.1718209 -0.5574603 -0.8122288 -0.1214444 -0.6576408 -0.7434782 -0.7071216 -0.5829718 0.4001537 -1 3.16501e-5 7.78139e-5 3.13371e-5 -0.8245331 0.5658137 2.60323e-5 0.4157938 0.9094589 -0.1215454 0.4572616 0.8809873 4.32879e-5 0.4157505 0.9094788 1.59889e-5 0.8244695 -0.5659065 0.7070891 0.5829959 -0.4001762 3.86685e-5 0.8245315 -0.5658161 4.88758e-5 -0.6991365 -0.7149882 -0.1214829 -0.6576021 -0.7435063 -2.59131e-5 -0.699135 -0.7149897 -3.11583e-5 -0.8244402 0.565949 -0.7070821 -0.5830005 0.4001818 0.7071289 -0.58303 0.4000561 0.1214866 0.4572728 0.8809896 0.1215267 0.4572516 0.880995 -0.7071013 0.5829909 -0.4001618 -0.7070789 0.5830452 -0.4001222 0.1215026 -0.657683 -0.7434314 0.1214995 -0.6576048 -0.7435011 0.7071068 -0.582955 0.4002043 1 -6.37621e-5 -5.06192e-5 0.171819 0.5574629 0.8122275 0.1215282 0.4572429 0.8809995 0.171829 0.5574685 0.8122215 -1 -4.78625e-5 -5.03361e-5 -0.7071271 0.5829655 -0.4001532 -1 4.89652e-5 5.33387e-5 0.1718842 -0.557446 -0.8122252 0.1214492 -0.6576285 -0.7434883 0.1717846 -0.5574339 -0.8122547 1 1.49012e-7 3.38852e-5 0.7071232 -0.5829415 0.400195 -0.5083075 0.2961823 -0.8086406 -0.7649347 -0.6238207 -0.1603836 -0.6375527 0.02173662 0.7701001 -0.3692849 0.9168694 0.1515889 -0.508367 0.2961645 -0.8086098 -0.3693749 0.9168355 0.1515754 -0.1209993 0.2549086 -0.9593648 -0.9654051 0.1188427 -0.2320981 -0.7649392 -0.6238214 -0.1603588 -0.5083274 0.2962319 -0.8086099 -0.3692752 0.9168631 0.1516508 -0.637512 0.0217992 0.7701321 -6.44391e-4 0.861483 -0.5077862 -8.24258e-4 0.8615167 -0.5077288 -6.89349e-4 0.8614913 -0.5077718 -6.39066e-4 0.861482 -0.5077878 -7.29085e-4 0.8614987 -0.5077593 -6.84049e-4 0.8614904 -0.5077735 -7.44862e-5 -0.9682879 0.2498371 -1.68904e-7 -0.9682292 0.2500643 0.7262414 -0.6870685 -0.02259403 0.4765936 0.8419016 -0.2531015 0.7063652 0.6390224 0.3044645 0.6314983 -0.4176413 0.6532884 -0.678535 -0.7226267 0.131913 -0.6597862 -0.3210223 0.6794313 -0.6942487 0.6684592 0.2667979 -0.5217273 0.7698077 -0.367691 0.7262352 -0.6870747 -0.02259945 0.4765962 0.8418994 -0.2531037 0.7063694 0.6390191 0.3044618 0.6315006 -0.4176465 0.6532829 -0.6785343 -0.7226277 0.1319107 -0.6597872 -0.3210244 0.6794294 -0.6942502 0.668458 0.2667971 -0.5217276 0.7698069 -0.3676925 -0.9407552 -0.1896185 -0.281113 -0.06214791 -0.9980524 0.005396842 0.8306855 -0.5546085 -0.04869562 2.46563e-6 -4.38504e-5 1 -2.67107e-6 -3.96411e-5 1 0.9936094 -0.1119744 0.01422005 0.9853568 0.1697295 -0.0162456 0.9631953 -0.2681422 -0.01883292 0.8229775 -0.5677829 -0.01818418 0.9051979 -0.4160339 -0.08679169 0.8997113 -0.434199 -0.04462069 0.8892743 -0.4571239 0.0151385 -0.8306882 -0.5546045 -0.04869151 -0.9783766 -0.2068313 -3.15536e-4 -0.8436917 -0.5368235 0.002236306 -0.89964 -0.4343856 -0.04424041 -0.993582 -0.1121675 0.01460754 -0.8889168 -0.4577827 0.01619052 -0.981704 0.1904073 -0.00150299 -4.27075e-5 -6.19855e-5 1 2.91814e-4 -3.54999e-5 1 1.48441e-4 -3.90055e-5 1 -0.9052056 -0.416014 -0.08680599 -0.9407392 0.3359732 -0.04617089 -0.9482536 0.3169692 -0.01859503 0 -0.5000033 0.8660235 0 -1 -2.30031e-6 0 -1 2.93563e-6 0 -0.4999978 0.8660267 0 -0.4999983 -0.8660265 0 -0.5000041 -0.8660231 2.40654e-5 0.4999862 -0.8660334 -2.3894e-5 0.499985 -0.866034 2.38901e-5 0.5000135 -0.8660177 0 1 4.20628e-6 0 1 -5.34547e-6 -2.40493e-5 0.5000137 -0.8660176 0 0.4999961 0.8660277 1.67693e-7 0.5000044 0.866023 0.352846 -0.9356815 0 0.8074873 -0.4935988 0.3229929 0 -0.8367368 0.5476052 0 -1 -1.92503e-5 0.8074588 -0.4936039 0.3230566 0.3529183 -0.9356542 7.25819e-5 -2.27195e-5 -0.475613 -0.8796548 2.28272e-5 -0.4756101 -0.8796563 -1 6.0579e-7 0 -1 5.08863e-7 0 -1 -2.04841e-7 0 -1 -2.04898e-6 0 -1 2.04898e-6 0 1 -2.91861e-7 0 1 2.0637e-7 0 -1 -2.75161e-7 0 -1 9.39486e-7 0 0.005338609 0.2890428 0.9573013 0.005297541 0.2890401 0.9573024 0.005292534 0.2890466 0.9573004 0.005256533 0.2890301 0.9573056 1 0 0 0 -0.9886585 0.1501815 0 -0.988659 0.1501777 0 -0.9886586 0.1501808 0 -0.98866 0.1501713 1 -2.04898e-6 0 1 2.04898e-6 0 -1 -1.20208e-6 0 -1 4.97916e-7 0 -1 -7.04159e-7 0 -1 3.52073e-7 0 1 -6.01038e-7 0 1 1.24479e-7 0 1 2.64055e-7 0 1 -4.97907e-7 0 0.08167284 0.04671204 -0.9955639 -0.08167552 0.0467109 -0.9955639 1 2.71798e-6 0 1 -2.12405e-6 0 -1 -2.71798e-6 0 -1 2.71789e-6 0 -1 -2.7178e-6 0 0 -0.9886578 0.1501865 0 -0.988659 0.1501778 0 -0.9886582 0.1501834 0 -0.9886601 0.1501712 1.36536e-5 0.2851488 0.9584833 0 0.2851491 0.9584832 -1.36535e-5 0.2851506 0.9584828 0 0.2851525 0.9584823 -0.0272668 0.3659138 0.9302492 -0.02719789 0.3659294 0.9302451 -0.02723032 0.3659276 0.9302449 -0.0272119 0.3659339 0.930243 1 -6.25091e-7 0 1 6.25092e-7 0 -1 4.68819e-7 0 -1 -8.84012e-7 0 -1 0 0 1 -4.20727e-6 0 1 -7.04159e-7 0 1 3.52073e-7 0 -1 1.24479e-7 0 -1 0 0 1 1.64096e-7 0 1 1.20208e-6 0 1 0 0 1 9.95813e-7 0 0.9443451 0.3260571 -0.04357838 0.9293131 0.3648839 -0.05689299 0.9999936 -3.65536e-4 0.003571748 0.9999936 -3.87303e-4 0.003558874 -0.9324513 0.3538919 -0.07276791 -0.9328835 0.3526284 -0.0733599 -0.9328845 0.3526268 -0.07335615 -0.9328728 0.3526613 -0.0733388 -0.9324439 0.3539159 -0.07274657 -0.9999879 -4.85085e-4 -0.004902839 -0.9999881 -5.08785e-4 -0.004855871 2.11769e-4 0.9982209 0.05962479</float_array>
          <technique_common>
            <accessor source="#Loader_car_Loader_car_Material_0-mesh-normals-array" count="4508" stride="3">
              <param name="X" type="float"/>
              <param name="Y" type="float"/>
              <param name="Z" type="float"/>
            </accessor>
          </technique_common>
        </source>
        <source id="Loader_car_Loader_car_Material_0-mesh-map-0">
          <float_array id="Loader_car_Loader_car_Material_0-mesh-map-0-array" count="23214">0.2542363 0.7411264 0.2579721 0.7482216 0.2576018 0.7490783 0.1054348 0.6444647 0.1086186 0.6263903 0.1051971 0.6226963 0.2606838 0.6965889 0.2606838 0.7248659 0.2845691 0.710942 0.1763855 0.7408862 0.1724296 0.7409145 0.177456 0.7430433 0.1764191 0.8033079 0.1875101 0.7904648 0.1766312 0.7909711 0.2376832 0.7531719 0.2174018 0.7709797 0.2374116 0.7669313 0.2174016 0.6274312 0.2376831 0.6433948 0.2374116 0.6312243 0.1785537 0.8423152 0.169193 0.8537585 0.1758159 0.859422 0.1763855 0.6546911 0.1775035 0.6521305 0.1724296 0.6555423 0.1764189 0.5993227 0.1766312 0.6096577 0.18751 0.610216 0.4521033 0.5778862 0.4559565 0.5840325 0.4520874 0.5839121 0.4683714 0.728045 0.4775555 0.7276743 0.4781304 0.7419125 0.4253619 0.5895071 0.4218803 0.5896663 0.4340628 0.5749895 0.4521033 0.5778862 0.4572841 0.5840741 0.4559565 0.5840325 0.4608319 0.5829548 0.4572841 0.5840741 0.4521033 0.5778862 0.813167 0.9977831 0.8270238 0.9979014 0.8100683 0.9903584 0.7755753 0.8588318 0.7823469 0.8685601 0.7834469 0.8589733 0.7755753 0.8588318 0.7753755 0.8610499 0.7823469 0.8685601 0.5492085 0.6886053 0.5434758 0.6927813 0.5492085 0.7067391 0.8116968 0.8490743 0.8249284 0.8564385 0.8267967 0.8482342 0.8082322 0.9764589 0.8095089 0.971795 0.799955 0.9610377 0.7410809 0.7974694 0.741618 0.8007058 0.7423376 0.799176 0.8480899 0.1928704 0.8783518 0.232448 0.84878 0.2233896 0.8043271 0.85648 0.8249284 0.8564385 0.8116968 0.8490743 0.8134725 0.8196986 0.8103484 0.8271111 0.8273296 0.8196276 0.8362353 0.1782609 0.828408 0.1794911 0.8279857 0.1698188 0.8114921 0.9684003 0.8265889 0.9692921 0.8247489 0.9610815 0.8362353 0.1782609 0.8279857 0.1698188 0.836064 0.1761063 0.6478918 0.8137995 0.64242 0.8275203 0.6478918 0.8320364 0.8788027 0.2308902 0.8798327 0.2340485 0.8783518 0.232448 0.8247489 0.9610815 0.8041478 0.9609695 0.8114921 0.9684003 0.3165134 0.6907319 0.3190408 0.6898898 0.3178277 0.6860823 0.6002994 0.4648298 0.6009141 0.4496363 0.596896 0.4580482 0.505235 0.7757691 0.5206004 0.78965 0.5207149 0.7757816 0.2314278 0.8264414 0.2694626 0.9534408 0.2356742 0.9100012 0.2314278 0.8264414 0.2356742 0.9100012 0.2053804 0.8676418 0.288804 0.7681314 0.2901676 0.7694666 0.28867 0.7694389 0.2361206 0.8101618 0.2362462 0.7694463 0.2694821 0.769406 0.28867 0.7694389 0.288666 0.9630085 0.2694626 0.9534408 0.2694626 0.9534408 0.2694821 0.769406 0.28867 0.7694389 0.2888054 0.9644659 0.288666 0.9630085 0.2901676 0.9631094 0.288666 0.9630085 0.2520867 0.964896 0.2694626 0.9534408 0.2062742 0.9973434 0.203978 0.9984719 0.205012 0.9970263 0.3187402 0.8518413 0.3186004 0.8041325 0.3225479 0.80391 0.3225479 0.80391 0.3226349 0.8523162 0.3187402 0.8518413 0.317017 0.7873931 0.3099823 0.7514195 0.3138353 0.7505984 0.3138353 0.7505984 0.3209651 0.7872323 0.317017 0.7873931 0.3138353 0.7505984 0.3099823 0.7514195 0.3118994 0.7490342 0.2961373 0.8522703 0.3094869 0.8043055 0.3186004 0.8041325 0.3186004 0.8041325 0.3187402 0.8518413 0.2961373 0.8522703 0.6494199 0.6305726 0.6303589 0.6588132 0.6300716 0.6822192 0.6494199 0.6305726 0.6413707 0.6360896 0.6364111 0.641843 0.7899245 0.7056121 0.79381 0.6916807 0.7818211 0.6916888 0.7818211 0.6916888 0.7817568 0.7056988 0.7899245 0.7056121 0.6300716 0.6822192 0.6416607 0.6952783 0.6494199 0.6305726 0.6416607 0.6952783 0.6613333 0.7044463 0.6494199 0.6305726 0.8055675 0.6733335 0.8148135 0.6641359 0.7818814 0.6641359 0.7818814 0.6641359 0.7818757 0.6738557 0.8055675 0.6733335 0.6494199 0.6305726 0.6364111 0.641843 0.6303589 0.6588132 0.8148135 0.6641359 0.8182218 0.6566484 0.7818728 0.6566484 0.7818728 0.6566484 0.7818814 0.6641359 0.8148135 0.6641359 0.3203821 0.5581067 0.3203821 0.5496701 0.270196 0.5441078 0.270196 0.5441078 0.2701959 0.5584142 0.3203821 0.5581067 0.2339901 0.5263608 0.2339902 0.5337609 0.2382503 0.5441078 0.7487639 0.5921962 0.7487639 0.567736 0.7407515 0.567691 0.7407515 0.567691 0.7407515 0.5892663 0.7487639 0.5921962 0.6300716 0.7056988 0.6300716 0.7161771 0.6944853 0.7056988 0.6944853 0.7056988 0.6300716 0.7161771 0.6310263 0.7396613 0.6355052 0.7575038 0.6475716 0.7714628 0.6944853 0.7056988 0.6475716 0.7714628 0.6651764 0.7797084 0.6944853 0.7056988 0.7051337 0.7056988 0.7520473 0.7714628 0.7641138 0.7575038 0.6944853 0.7056988 0.6651764 0.7797084 0.6850801 0.780172 0.7236607 0.7042298 0.7405073 0.7056988 0.7405073 0.6240006 0.7175439 0.7035917 0.6968787 0.6344209 0.6852895 0.6474801 0.7175439 0.7035917 0.6965885 0.6936096 0.7046378 0.6991267 0.7175439 0.7035917 0.6852895 0.6474801 0.6855769 0.6708859 0.7175439 0.7035917 0.6916289 0.6878564 0.6965885 0.6936096 0.7732141 0.7055795 0.7813796 0.7056988 0.7814995 0.6917735 0.7814995 0.6917735 0.7695112 0.6916333 0.7732141 0.7055795 0.7695112 0.6916333 0.7814995 0.6917735 0.7815427 0.6866506 0.75793 0.6732396 0.7816257 0.6738563 0.7816702 0.6641368 0.7816702 0.6641368 0.7490759 0.6635565 0.75793 0.6732396 0.7440271 0.6410266 0.7816917 0.6411769 0.7816325 0.6260518 0.7816325 0.6260518 0.7405073 0.6258876 0.7440271 0.6410266 0.7490759 0.6635565 0.7816702 0.6641368 0.7816917 0.6566492 0.7816917 0.6566492 0.7457453 0.6539353 0.7490759 0.6635565 0.270196 0.5441078 0.270196 0.5160136 0.2382503 0.5160136 0.2382503 0.5160136 0.2382503 0.5441078 0.270196 0.5441078 0.3203821 0.5020147 0.270196 0.5017072 0.270196 0.5160136 0.270196 0.5160136 0.3203821 0.5104514 0.3203821 0.5020147 0.3203821 0.5104514 0.270196 0.5160136 0.270196 0.5441078 0.270196 0.5441078 0.3203821 0.5496701 0.3203821 0.5104514 0.2339902 0.5337609 0.2369387 0.5443401 0.2382503 0.5441078 0.2382279 0.5473018 0.2382503 0.5441078 0.2369387 0.5443401 0.2382273 0.5128195 0.2369387 0.5157815 0.2382503 0.5160136 0.2369387 0.5157815 0.2339901 0.5263608 0.2382503 0.5441078 0.7567763 0.567736 0.7487639 0.5705756 0.7487639 0.5921509 0.7487639 0.5921509 0.7567763 0.5921962 0.7567763 0.567736 0.3455693 0.5104514 0.3203821 0.5104514 0.3203821 0.5496701 0.3203821 0.5496701 0.3455693 0.5496701 0.3455693 0.5104514 0.7051337 0.7056988 0.7695474 0.7161774 0.7695474 0.7056988 0.7685928 0.7396613 0.7695474 0.7161774 0.7051337 0.7056988 0.7051337 0.7056988 0.7344426 0.7797084 0.7520473 0.7714628 0.7051337 0.7056988 0.7641138 0.7575038 0.7685928 0.7396613 0.6850801 0.780172 0.6998096 0.7116644 0.6944853 0.7056988 0.7145391 0.780172 0.7344426 0.7797084 0.7051337 0.7056988 0.6998096 0.7116644 0.7145391 0.780172 0.7051337 0.7056988 0.1401686 0.6840113 0.1583034 0.6840113 0.1583058 0.6791583 0.1583058 0.6791583 0.1401708 0.6791583 0.1401686 0.6840113 0.01551985 0.3180245 0.01066744 0.3180347 0.01066744 0.57564 0.01066744 0.57564 0.01551985 0.5756298 0.01551985 0.3180245 0.1583058 0.6743058 0.1582962 0.6694533 0.1403869 0.6694533 0.1403869 0.6694533 0.1403964 0.6743058 0.1583058 0.6743058 0.02037292 0.318027 0.01551985 0.3180245 0.01551985 0.5765342 0.01551985 0.5765342 0.02037292 0.5765367 0.02037292 0.318027 0.1817159 0.3709009 0.181716 0.3527233 0.1810474 0.352792 0.1810474 0.352792 0.1810473 0.3709009 0.1817159 0.3709009 0.1715998 0.1937794 0.1715998 0.175602 0.1709307 0.175602 0.1709307 0.175602 0.1709307 0.1937103 0.1715998 0.1937794 0.005110323 0.2629595 0.00577867 0.2630233 0.00577867 0.002195835 0.00577867 0.002195835 0.005110323 0.003676652 0.005110323 0.2629595 0.4338602 0.1435968 0.4323788 0.1442655 0.6932114 0.1442655 0.6932114 0.1442655 0.6931478 0.1435968 0.4338602 0.1435968 0.2726964 0.2293378 0.2908314 0.2293378 0.2908335 0.224485 0.2908335 0.224485 0.2726987 0.224485 0.2726964 0.2293378 0.01881963 0.002195835 0.01396697 0.002206087 0.01396691 0.2598523 0.01396691 0.2598523 0.01881963 0.2598422 0.01881963 0.002195835 0.1403869 0.6743058 0.1403964 0.6791583 0.1583058 0.6791583 0.1583058 0.6791583 0.1582962 0.6743058 0.1403869 0.6743058 0.02367287 0.002198398 0.01881963 0.002195835 0.01881963 0.2609818 0.01881963 0.2609818 0.02367287 0.2609839 0.02367287 0.002198398 0.4143399 0.2902998 0.4325174 0.2902998 0.4324486 0.2896316 0.4324486 0.2896316 0.4143399 0.2896315 0.4143399 0.2902998 0.1715998 0.175602 0.1715998 0.1574246 0.1709307 0.1574245 0.1709307 0.1574245 0.1709307 0.1755329 0.1715998 0.175602 0.006446719 0.00225991 0.00577867 0.002195835 0.00577867 0.2630645 0.00577867 0.2630645 0.006446719 0.261819 0.006446719 0.00225991 0.4337632 0.2896316 0.4325174 0.2902998 0.6933913 0.2902998 0.6933913 0.2902998 0.6933276 0.2896316 0.4337632 0.2896316 0.3284917 0.1507599 0.3284935 0.1438363 0.291705 0.1438364 0.291705 0.1438364 0.2917033 0.1507601 0.3284917 0.1507599 0.6965106 0.03809762 0.6598315 0.03809762 0.659821 0.05859476 0.659821 0.05859476 0.6965 0.05859476 0.6965106 0.03809762 0.1958542 0.1942658 0.1958542 0.1575867 0.1753576 0.1575762 0.1753576 0.1575762 0.1753576 0.1942549 0.1958542 0.1942658 0.1904028 0.5491407 0.1904028 0.5859299 0.1973281 0.5859305 0.1973281 0.5859305 0.1973281 0.5491414 0.1904028 0.5491407 0.3318374 0.2918322 0.330963 0.2918331 0.3309626 0.2933085 0.3309626 0.2933085 0.3318365 0.2933072 0.3318374 0.2918322 0.3325509 0.2918285 0.3318374 0.2918322 0.3318365 0.2933072 0.3318365 0.2933072 0.33255 0.2933034 0.3325509 0.2918285 0.3300414 0.2903534 0.3292638 0.2903519 0.3292635 0.2918276 0.3292635 0.2918276 0.3300411 0.2918283 0.3300414 0.2903534 0.3309394 0.2903539 0.3300414 0.2903534 0.3300411 0.2918283 0.3300411 0.2918283 0.330939 0.2918286 0.3309394 0.2903539 0.3318205 0.2903534 0.3309394 0.2903539 0.330939 0.2918286 0.330939 0.2918286 0.3318203 0.2918283 0.3318205 0.2903534 0.3325509 0.2903518 0.3318205 0.2903534 0.3318203 0.2918283 0.3318203 0.2918283 0.3325507 0.2918274 0.3325509 0.2903518 0.6589962 0.04011422 0.6598213 0.04010748 0.6598182 0.03863269 0.6598182 0.03863269 0.6589934 0.03863984 0.6589962 0.04011422 0.6580891 0.04011654 0.6589962 0.04011422 0.6589934 0.03863984 0.6589934 0.03863984 0.6580862 0.03864216 0.6580891 0.04011654 0.6572377 0.04011422 0.6580891 0.04011654 0.6580862 0.03864216 0.6580862 0.03864216 0.6572344 0.03863984 0.6572377 0.04011422 0.656571 0.04010748 0.6572377 0.04011422 0.6572344 0.03863984 0.6572344 0.03863984 0.6565679 0.03863269 0.656571 0.04010748 0.1834235 0.5420081 0.1834208 0.5412269 0.181946 0.5412274 0.181946 0.5412274 0.1819484 0.5420083 0.1834235 0.5420081 0.1834244 0.5429066 0.1834235 0.5420081 0.1819484 0.5420083 0.1819484 0.5420083 0.1819491 0.542907 0.1834244 0.5429066 0.1834235 0.5437862 0.1834244 0.5429066 0.1819491 0.542907 0.1819491 0.542907 0.1819484 0.5437867 0.1834235 0.5437862 0.1834208 0.5445129 0.1834235 0.5437862 0.1819484 0.5437867 0.1819484 0.5437867 0.181946 0.5445134 0.1834208 0.5445129 0.3300617 0.2918321 0.3292701 0.2918286 0.3292692 0.2933034 0.3292692 0.2933034 0.330061 0.2933073 0.3300617 0.2918321 0.330963 0.2918331 0.3300617 0.2918321 0.330061 0.2933073 0.330061 0.2933073 0.3309626 0.2933085 0.330963 0.2918331 0.3879467 0.1437531 0.3870725 0.1437541 0.3870719 0.1448489 0.3870719 0.1448489 0.3879459 0.1448479 0.3879467 0.1437531 0.38866 0.1437498 0.3879467 0.1437531 0.3879459 0.1448479 0.3879459 0.1448479 0.3886593 0.1448446 0.38866 0.1437498 0.3828693 0.1437536 0.3820913 0.1437529 0.3820912 0.1448475 0.3820912 0.1448475 0.3828692 0.1448485 0.3828693 0.1437536 0.3837671 0.1437541 0.3828693 0.1437536 0.3828692 0.1448485 0.3828692 0.1448485 0.3837669 0.1448489 0.3837671 0.1437541 0.3846482 0.1437537 0.3837671 0.1437541 0.3837669 0.1448489 0.3837669 0.1448489 0.384648 0.1448487 0.3846482 0.1437537 0.3853786 0.1437529 0.3846482 0.1437537 0.384648 0.1448487 0.384648 0.1448487 0.3853784 0.1448475 0.3853786 0.1437529 0.2310118 0.8026941 0.2318367 0.8026874 0.2318342 0.8015924 0.2318342 0.8015924 0.2310094 0.801599 0.2310118 0.8026941 0.2301046 0.802697 0.2310118 0.8026941 0.2310094 0.801599 0.2310094 0.801599 0.2301023 0.8016019 0.2301046 0.802697 0.2292529 0.8026941 0.2301046 0.802697 0.2301023 0.8016019 0.2301023 0.8016019 0.2292505 0.801599 0.2292529 0.8026941 0.2285864 0.8026874 0.2292529 0.8026941 0.2292505 0.801599 0.2292505 0.801599 0.2285841 0.8015924 0.2285864 0.8026874 0.3911653 0.1448479 0.3919464 0.1448458 0.3919461 0.1437505 0.3919461 0.1437505 0.3911651 0.1437531 0.3911653 0.1448479 0.3902665 0.144849 0.3911653 0.1448479 0.3911651 0.1437531 0.3911651 0.1437531 0.3902662 0.1437541 0.3902665 0.144849 0.3893869 0.1448479 0.3902665 0.144849 0.3902662 0.1437541 0.3902662 0.1437541 0.3893866 0.1437532 0.3893869 0.1448479 0.3886604 0.1448458 0.3893869 0.1448479 0.3893866 0.1437532 0.3893866 0.1437532 0.38866 0.1437505 0.3886604 0.1448458 0.3861709 0.1437531 0.385379 0.1437498 0.3853786 0.1448446 0.3853786 0.1448446 0.3861704 0.1448479 0.3861709 0.1437531 0.3870725 0.1437541 0.3861709 0.1437531 0.3861704 0.1448479 0.3861704 0.1448479 0.3870719 0.1448489 0.3870725 0.1437541 0.2276344 0.8018611 0.2263922 0.8018611 0.226391 0.802697 0.226391 0.802697 0.2276329 0.802697 0.2276344 0.8018611 0.2285841 0.8018565 0.2276344 0.8018611 0.2276329 0.802697 0.2276329 0.802697 0.2285829 0.8026922 0.2285841 0.8018565 0.4087061 0.2894641 0.4075177 0.2894629 0.4075173 0.2902991 0.4075173 0.2902991 0.4087058 0.2902998 0.4087061 0.2894641 0.4099552 0.2894641 0.4087061 0.2894641 0.4087058 0.2902998 0.4087058 0.2902998 0.4099549 0.2902998 0.4099552 0.2894641 0.4109303 0.2894629 0.4099552 0.2894641 0.4099549 0.2902998 0.4099549 0.2902998 0.4109301 0.2902991 0.4109303 0.2894629 0.2244893 0.8002687 0.225719 0.8002596 0.2257159 0.7994239 0.2257159 0.7994239 0.2244863 0.7994325 0.2244893 0.8002687 0.2232714 0.8002687 0.2244893 0.8002687 0.2244863 0.7994325 0.2244863 0.7994325 0.2232683 0.7994325 0.2232714 0.8002687 0.2223914 0.8002596 0.2232714 0.8002687 0.2232683 0.7994325 0.2232683 0.7994325 0.2223882 0.7994239 0.2223914 0.8002596 0.4131483 0.2902998 0.4143399 0.2902967 0.4143391 0.289461 0.4143391 0.289461 0.4131476 0.2894641 0.4131483 0.2902998 0.4119005 0.2902998 0.4131483 0.2902998 0.4131476 0.2894641 0.4131476 0.2894641 0.4119001 0.2894641 0.4119005 0.2902998 0.4109312 0.2902967 0.4119005 0.2902998 0.4119001 0.2894641 0.4119001 0.2894641 0.4109303 0.289461 0.4109312 0.2902967 0.2263922 0.8018611 0.2251908 0.8018565 0.2251898 0.8026922 0.2251898 0.8026922 0.226391 0.802697 0.2263922 0.8018611 0.2281625 0.8002687 0.2281634 0.7994325 0.2269214 0.7994325 0.2269214 0.7994325 0.2269203 0.8002687 0.2281625 0.8002687 0.2291125 0.8002644 0.2291133 0.7994282 0.2281634 0.7994325 0.2281634 0.7994325 0.2281625 0.8002687 0.2291125 0.8002644 0.3771563 0.1444964 0.3771564 0.1436607 0.3759682 0.1436589 0.3759682 0.1436589 0.3759679 0.1444952 0.3771563 0.1444964 0.3784053 0.1444963 0.3784056 0.1436607 0.3771564 0.1436607 0.3771564 0.1436607 0.3771563 0.1444964 0.3784053 0.1444963 0.3793807 0.1444951 0.3793809 0.1436591 0.3784056 0.1436607 0.3784056 0.1436607 0.3784053 0.1444963 0.3793807 0.1444951 0.1811107 0.5424599 0.181946 0.5424565 0.1819378 0.5412269 0.1819378 0.5412269 0.1811017 0.5412299 0.1811107 0.5424599 0.1811107 0.5436778 0.181946 0.5436746 0.181946 0.5424565 0.181946 0.5424565 0.1811107 0.5424599 0.1811107 0.5436778 0.1811017 0.5445579 0.1819378 0.5445546 0.181946 0.5436746 0.181946 0.5436746 0.1811107 0.5436778 0.1811017 0.5445579 0.1981149 0.1938791 0.1989506 0.1938786 0.1989475 0.192687 0.1989475 0.192687 0.1981118 0.1926876 0.1981149 0.1938791 0.1981149 0.1951269 0.1989506 0.1951259 0.1989506 0.1938786 0.1989506 0.1938786 0.1981149 0.1938791 0.1981149 0.1951269 0.1981118 0.1960963 0.1989475 0.1960954 0.1989506 0.1951259 0.1989506 0.1951259 0.1981149 0.1951269 0.1981118 0.1960963 0.2269203 0.8002687 0.2269214 0.7994325 0.2257201 0.7994282 0.2257201 0.7994282 0.225719 0.8002644 0.2269203 0.8002687 0.7701436 0.8127091 0.7423376 0.799176 0.7661499 0.8426039 0.07730567 0.6463974 0.08495843 0.6490678 0.07893526 0.6456316 0.2685821 0.7592733 0.2702211 0.7583738 0.2702178 0.760065 0.1277354 0.7973738 0.1259531 0.7973738 0.1227818 0.7996021 0.1209213 0.7996025 0.1227818 0.7996021 0.1259531 0.7973738 0.07730561 0.7941033 0.0789352 0.7948663 0.08495837 0.7914337 0.1277354 0.6342526 0.1227818 0.6320244 0.1259531 0.6342526 0.1209213 0.6320241 0.1259531 0.6342526 0.1227818 0.6320244 0.5496301 0.7250248 0.5591946 0.7389888 0.5461451 0.7250769 0.4798039 0.6012105 0.4895628 0.5873431 0.4889879 0.6015813 0.4458524 0.7356196 0.4371238 0.7406882 0.4423046 0.7345004 0.4371238 0.7406882 0.4409769 0.7345419 0.4423046 0.7345004 0.4371238 0.7406882 0.4371079 0.7346623 0.4409769 0.7345419 0.661152 0.9106878 0.6508248 0.9095478 0.6481479 0.9675132 0.6481479 0.9675132 0.6606494 0.977626 0.661152 0.9106878 0.61615 0.8035356 0.6211888 0.8167788 0.6465388 0.8108336 0.6577544 0.8109037 0.6465388 0.8108336 0.6211888 0.8167788 0.6211888 0.8167788 0.6210823 0.8188351 0.6577544 0.8109037 0.6577544 0.8109037 0.6598912 0.80765 0.6465388 0.8108336 0.6076263 0.821828 0.6211888 0.8167788 0.61615 0.8035356 0.7267519 0.9679843 0.7308107 0.9664003 0.7241879 0.9673112 0.6989159 0.9635334 0.7169163 0.9635765 0.7158011 0.9889216 0.7158011 0.9889216 0.6996735 0.9927845 0.6989159 0.9635334 0.7024779 0.9950661 0.699327 0.9944143 0.6996735 0.9927845 0.7158011 0.9889216 0.7169163 0.9635765 0.7181515 0.9642503 0.6808488 0.7843039 0.7070372 0.7912723 0.7180666 0.7923076 0.7070372 0.7912723 0.7185176 0.7950502 0.7180666 0.7923076 0.7234194 0.7962429 0.7180666 0.7923076 0.7185176 0.7950502 0.7126191 0.9926732 0.7024779 0.9950661 0.6996735 0.9927845 0.6996735 0.9927845 0.7158011 0.9889216 0.7126191 0.9926732 0.6465386 0.9805233 0.6211889 0.973512 0.61615 0.9846331 0.6577544 0.9806607 0.6210823 0.9712619 0.6211889 0.973512 0.6211889 0.973512 0.6465386 0.9805233 0.6577544 0.9806607 0.6465386 0.9805233 0.6598912 0.9839977 0.6577544 0.9806607 0.61615 0.9846331 0.6211889 0.973512 0.6076261 0.9680013 0.6211889 0.973512 0.6210823 0.9712619 0.6090663 0.9663361 0.6090663 0.9663361 0.6076261 0.9680013 0.6211889 0.973512 0.6598912 0.9839977 0.6661608 0.9856517 0.6640036 0.9820594 0.6630493 0.787967 0.6604582 0.7909426 0.6671739 0.7908358 0.6640036 0.9820594 0.6577544 0.9806607 0.6598912 0.9839977 0.5732815 0.982621 0.5768492 0.9975855 0.61615 0.9846331 0.6575419 0.8452571 0.6534023 0.8436966 0.6508194 0.8443878 0.6971719 0.9116816 0.6986412 0.9409056 0.7146701 0.9366514 0.7146701 0.9366514 0.7151681 0.9112867 0.6971719 0.9116816 0.6986412 0.9409056 0.6983345 0.9425433 0.7015005 0.9431183 0.7164193 0.9119303 0.7151681 0.9112867 0.7146701 0.9366514 0.7295924 0.8926798 0.7406132 0.8937418 0.7667953 0.9007449 0.7295924 0.8926798 0.7291429 0.8899104 0.7406132 0.8937418 0.7185176 0.7950502 0.7220602 0.8002669 0.7234194 0.7962429 0.7291429 0.8899104 0.7295924 0.8926798 0.7242441 0.8887033 0.7115804 0.9404793 0.7146701 0.9366514 0.6986412 0.9409056 0.6986412 0.9409056 0.7015005 0.9431183 0.7115804 0.9404793 0.61615 0.8035356 0.5768492 0.7841411 0.5732815 0.8015285 0.5768492 0.7841411 0.61615 0.8035356 0.6604582 0.7909426 0.61615 0.9846331 0.5768492 0.9975855 0.6604582 0.9981507 0.5966524 0.8355132 0.6076263 0.821828 0.61615 0.8035356 0.7256045 0.8846408 0.7291429 0.8899104 0.7242441 0.8887033 0.6485314 0.8189889 0.6528258 0.8181917 0.6544834 0.813988 0.175052 0.6746088 0.1763855 0.6546911 0.1724296 0.6555423 0.2515776 0.7162759 0.2525997 0.7329044 0.2535098 0.7330517 0.1278769 0.6132896 0.1271535 0.6329626 0.1278769 0.6332164 0.9793505 0.2073436 0.9794926 0.2081293 0.986222 0.2071202 0.5332306 0.7460646 0.5371479 0.7432355 0.5331548 0.7434015 0.614927 0.7404302 0.6115236 0.7472118 0.6155418 0.7556235 0.3312339 0.6764037 0.3261561 0.6617805 0.3130888 0.666427 0.972475 0.1943493 0.9793465 0.1945728 0.9726171 0.1935636 0.1297371 0.01236569 0.1297346 0.002195835 0.1272128 0.002225995 0.1297346 0.1574085 0.1297371 0.1472387 0.1272128 0.1573823 0.3922088 0.504278 0.3874832 0.5021339 0.3821052 0.504278 0.6540537 0.4951252 0.6486757 0.4972693 0.6587794 0.4972693 0.4557998 0.5434457 0.4456961 0.5434457 0.4510742 0.5455898 0.5719568 0.3889827 0.5618531 0.3889827 0.5672312 0.3911268 0.3176479 0.5602971 0.3122699 0.5624412 0.3223736 0.5624412 0.2974336 0.6269764 0.28733 0.6269764 0.2927079 0.6291205 0.1414197 0.9536979 0.2053804 0.8676418 0.2356742 0.9100012 0.2694626 0.9534408 0.2520867 0.964896 0.2356742 0.9100012 0.222325 0.978457 0.2356742 0.9100012 0.2520867 0.964896 0.2356742 0.9100012 0.222325 0.978457 0.1414197 0.9536979 0.2884671 0.2815945 0.300279 0.2815945 0.2884688 0.2736421 0.181716 0.3527233 0.18967 0.3645361 0.18967 0.3527241 0.3191193 0.273642 0.304579 0.2815944 0.3088795 0.2815944 0.18967 0.3731368 0.1817159 0.3833745 0.18967 0.3833754 0.3191193 0.273642 0.3088795 0.2815944 0.3191176 0.2815944 0.18967 0.3731368 0.1945315 0.3731371 0.1973459 0.3688371 0.9727156 0.5527808 0.9762309 0.5614712 0.9762309 0.5527808 0.9713689 0.7068124 0.9743919 0.6982961 0.9713689 0.6982961 0.3959887 0.01050841 0.4132255 0.02276116 0.413005 0.008461415 0.9727153 0.6971856 0.9762309 0.6971856 0.9762309 0.688495 0.9713684 0.8363903 0.9713684 0.8449081 0.9743917 0.8449081 0.4132255 0.02276116 0.4188852 0.006550431 0.413005 0.008461415 0.5527426 0.1379981 0.5687115 0.1398354 0.5695133 0.1256492 0.4130052 0.1261042 0.4128981 0.1404474 0.4188249 0.1423489 0.5812162 0.124622 0.5695133 0.1256492 0.5829209 0.1420937 0.5687115 0.1398354 0.5829209 0.1420937 0.5695133 0.1256492 0.4238794 0.02368521 0.4255666 0.006276965 0.4132255 0.02276116 0.4188852 0.006550431 0.4132255 0.02276116 0.4255666 0.006276965 0.3960275 0.1384839 0.4128981 0.1404474 0.4130052 0.1261042 0.5527135 0.01001071 0.5697541 0.02224165 0.5688369 0.008087456 0.5812441 0.02321225 0.5829209 0.005826056 0.5697541 0.02224165 0.5688369 0.008087456 0.5697541 0.02224165 0.5829209 0.005826056 0.4238441 0.1251286 0.4130052 0.1261042 0.4255666 0.1425949 0.4188249 0.1423489 0.4255666 0.1425949 0.4130052 0.1261042 0.6683608 0.6255026 0.6494199 0.6305726 0.6852895 0.6240006 0.07763242 0.5220711 0.08776938 0.5288212 0.09147644 0.5272915 0.09147644 0.5272915 0.07792395 0.5140643 0.07763242 0.5220711 0.3698024 0.3492459 0.3704255 0.3457846 0.3540366 0.3495387 0.3540366 0.3495387 0.3540618 0.3531348 0.3698024 0.3492459 0.1275138 0.5289567 0.1279464 0.5367199 0.1406401 0.5238984 0.1406401 0.5238984 0.1369318 0.522377 0.1275138 0.5289567 0.1043916 0.6188085 0.1046887 0.6106193 0.100852 0.610934 0.100852 0.610934 0.100852 0.6197453 0.1043916 0.6188085 0.08776938 0.5288212 0.08651155 0.5621652 0.09015417 0.5638962 0.09015417 0.5638962 0.09147644 0.5272915 0.08776938 0.5288212 0.3191601 0.3494862 0.3540618 0.3531348 0.3540366 0.3495387 0.1358637 0.489184 0.1369318 0.522377 0.1406401 0.5238984 0.4365533 0.2255597 0.4039429 0.2255597 0.40494 0.2287539 0.40494 0.2287539 0.4362786 0.2291238 0.4365533 0.2255597 0.4039429 0.2255597 0.4035564 0.2292604 0.40494 0.2287539 0.09015417 0.5638962 0.08651155 0.5621652 0.07763242 0.5661485 0.07763242 0.5661485 0.07765132 0.5742491 0.09015417 0.5638962 0.1580993 0.6840915 0.1423804 0.6840915 0.1431125 0.6875738 0.1431125 0.6875738 0.1583762 0.6879369 0.1580993 0.6840915 0.1395614 0.4875152 0.1275622 0.4771944 0.1275138 0.4850802 0.1275138 0.4850802 0.1358637 0.489184 0.1395614 0.4875152 0.2711065 0.2962409 0.2706706 0.3001219 0.2806087 0.2999591 0.2806087 0.2999591 0.2815381 0.2962411 0.2711065 0.2962409 0.40494 0.2287539 0.4035564 0.2292604 0.4362786 0.2291238 0.3540366 0.3495387 0.3189986 0.3457846 0.3191601 0.3494862 0.1406401 0.5238984 0.1395614 0.4875152 0.1358637 0.489184 0.2314345 0.8264376 0.2356809 0.9099974 0.2694693 0.953437 0.2314345 0.8264376 0.2053871 0.8676379 0.2356809 0.9099974 0.2888107 0.7681275 0.2886766 0.7694351 0.2901743 0.7694627 0.2361271 0.810158 0.2694887 0.7694022 0.2362529 0.7694424 0.2886766 0.7694351 0.2694693 0.953437 0.2886727 0.9630047 0.2694693 0.953437 0.2886766 0.7694351 0.2694887 0.7694022 0.288812 0.9644622 0.2901743 0.9631057 0.2886727 0.9630047 0.2886727 0.9630047 0.2694693 0.953437 0.2520933 0.9648922 0.2062808 0.9973397 0.2050186 0.9970225 0.2039846 0.9984681 0.318753 0.8518376 0.3225607 0.8039063 0.3186131 0.8041288 0.3225607 0.8039063 0.318753 0.8518376 0.3226477 0.8523123 0.3170297 0.7873892 0.3138481 0.7505946 0.309995 0.7514157 0.3138481 0.7505946 0.3170297 0.7873892 0.3209778 0.7872285 0.3138481 0.7505946 0.3119122 0.7490304 0.309995 0.7514157 0.29615 0.8522664 0.3186131 0.8041288 0.3094997 0.8043017 0.3186131 0.8041288 0.29615 0.8522664 0.318753 0.8518376 0.1414263 0.9536941 0.2356809 0.9099974 0.2053871 0.8676379 0.2694693 0.953437 0.2356809 0.9099974 0.2520933 0.9648922 0.2223316 0.9784532 0.2520933 0.9648922 0.2356809 0.9099974 0.2356809 0.9099974 0.1414263 0.9536941 0.2223316 0.9784532 0.2382503 0.5160136 0.2369387 0.5157815 0.2382503 0.5441078 0.6310263 0.7396613 0.6355052 0.7575038 0.6944853 0.7056988 0.6968787 0.6344209 0.7175439 0.7035917 0.7165512 0.6252531 0.6855769 0.6708859 0.6916289 0.6878564 0.7175439 0.7035917 0.1422618 0.6231974 0.1368037 0.6222091 0.1316565 0.6282892 0.8084646 0.841003 0.8001345 0.8563948 0.8097254 0.8456714 0.270221 0.7583739 0.2685821 0.7592732 0.2702178 0.760065 0.3962206 0.1448489 0.3919464 0.1434491 0.3966823 0.1434491 0.8247489 0.9610815 0.8265889 0.9692921 0.8648172 0.9611241 0.8267967 0.8482342 0.8249284 0.8564385 0.8649966 0.8565328 0.3360471 0.2933085 0.3360443 0.2947821 0.3315494 0.2933085 0.8648172 0.9611241 0.863081 0.9766567 0.9018341 0.9764968 0.8649966 0.8565328 0.9020661 0.841287 0.8633138 0.8409944 0.9119905 0.7745677 0.90091 0.7703065 0.9013724 0.7928102 0.9486045 0.1456094 0.9485693 0.1338676 0.8919814 0.1339382 0.9119905 0.7745677 0.9013724 0.7928102 0.9013053 0.8378397 0.8341494 0.7206042 0.8497415 0.7184945 0.8504313 0.6566433 0.8504313 0.6566433 0.8278766 0.6711708 0.8341494 0.7206042 0.9009531 0.7576112 0.90091 0.7703065 0.9573617 0.7696474 0.8726683 0.6172064 0.8875017 0.6274668 0.8877075 0.605228 0.7324422 0.3563796 0.7220414 0.3373935 0.7220944 0.3632167 0.818898 0.6620826 0.8278766 0.6711708 0.8216654 0.6531613 0.8504313 0.6566433 0.8216654 0.6531613 0.8278766 0.6711708 0.8825059 0.6274284 0.882858 0.6346966 0.8877075 0.6341845 0.8877075 0.6341845 0.8875017 0.6274668 0.8825059 0.6274284 0.732322 0.292932 0.7323433 0.3021305 0.7372039 0.3014886 0.7372039 0.3014886 0.7371596 0.2926142 0.732322 0.292932 0.7411479 0.6926056 0.7425395 0.7021057 0.749792 0.7053074 0.749792 0.7053074 0.749792 0.6831529 0.7411479 0.6926056 0.8825059 0.6274284 0.8726683 0.6172064 0.8728254 0.6200745 0.5833683 0.7687976 0.5951352 0.7678953 0.5827581 0.7576553 0.6604452 0.3797343 0.6596131 0.4359632 0.6655464 0.4360953 0.7308593 0.3684636 0.7324422 0.3563796 0.7220944 0.3632167 0.7220944 0.3632167 0.7221106 0.3754602 0.7308593 0.3684636 0.929203 0.8073051 0.9464666 0.7746053 0.9119905 0.7745677 0.8919814 0.1339382 0.8920399 0.1455706 0.9486045 0.1456094 0.9119905 0.7745677 0.9013053 0.8378397 0.929203 0.8073051 0.90091 0.7703065 0.9119905 0.7745677 0.9464666 0.7746053 0.9464666 0.7746053 0.9573617 0.7696474 0.90091 0.7703065 0.8341494 0.7206042 0.8392943 0.7324441 0.8504313 0.728578 0.8504313 0.728578 0.8497415 0.7184945 0.8341494 0.7206042 0.5951352 0.7577329 0.5827581 0.7576553 0.5951352 0.7678953 0.8504313 0.6566433 0.8286155 0.6506564 0.8216654 0.6531613 0.9486045 0.1456094 0.8923329 0.1484472 0.9481906 0.1484472 0.8726683 0.6172064 0.8825059 0.6274284 0.8875017 0.6274668 0.7220414 0.3373935 0.7324422 0.3563796 0.7324196 0.3127539 0.6501197 0.3798303 0.6499772 0.4362192 0.6596131 0.4359632 0.8725553 0.6051597 0.8726683 0.6172064 0.8877075 0.605228 0.852083 0.6411813 0.8545351 0.6394029 0.8590443 0.6325082 0.9580717 0.6863415 0.9574638 0.6974084 0.9580717 0.7576112 0.9917718 0.4876758 0.9939126 0.4856358 0.9906782 0.5590817 0.9787501 0.4854852 0.9939126 0.4856358 0.9917718 0.4876758 0.9917718 0.4876758 0.9789807 0.4876912 0.9787501 0.4854852 0.8574483 0.653148 0.8590443 0.6515485 0.8553374 0.6467339 0.852083 0.6411813 0.8553374 0.6467339 0.8537531 0.6427127 0.852083 0.6411813 0.8537531 0.6427127 0.8545351 0.6394029 0.8553374 0.6467339 0.852083 0.6411813 0.8574483 0.653148 0.6193029 0.3812243 0.6215426 0.4376891 0.6215426 0.3810727 0.6191875 0.4376891 0.6172688 0.4268658 0.6169319 0.4373427 0.9939126 0.5483224 0.9906782 0.5590817 0.9939126 0.4856358 0.578971 0.272265 0.5756149 0.2733267 0.5761696 0.2749196 0.5754521 0.2787709 0.5761696 0.2749196 0.5756149 0.2733267 0.5756149 0.2733267 0.5742443 0.2793419 0.5754521 0.2787709 0.5774657 0.2878042 0.5754521 0.2787709 0.5742443 0.2793419 0.5742443 0.2793419 0.576673 0.2888538 0.5774657 0.2878042 0.578567 0.2878668 0.5774657 0.2878042 0.576673 0.2888538 0.576673 0.2888538 0.578971 0.2890387 0.578567 0.2878668 0.4436574 0.5922429 0.4437174 0.5933308 0.4448723 0.593745 0.4448723 0.593745 0.4446404 0.5914717 0.4436574 0.5922429 0.4346063 0.5902003 0.4436574 0.5922429 0.4446404 0.5914717 0.4446404 0.5914717 0.4345851 0.5890678 0.4346063 0.5902003 0.4307618 0.5909374 0.4346063 0.5902003 0.4345851 0.5890678 0.4345851 0.5890678 0.4292161 0.5905169 0.4307618 0.5909374 0.4281361 0.5938447 0.4307618 0.5909374 0.4292161 0.5905169 0.4253314 0.599711 0.4281361 0.5938447 0.4292161 0.5905169 0.4292161 0.5905169 0.4232655 0.6021643 0.4253314 0.599711 0.4236658 0.6072363 0.4253314 0.599711 0.4232655 0.6021643 0.4229366 0.6240308 0.4236658 0.6072363 0.4232655 0.6021643 0.4232655 0.6021643 0.4220166 0.6279965 0.4229366 0.6240308 0.4250046 0.6481556 0.4229366 0.6240308 0.4220166 0.6279965 0.4273378 0.6702466 0.4250046 0.6481556 0.4220166 0.6279965 0.4273378 0.6702466 0.4287183 0.6727531 0.4293056 0.6715649 0.4397898 0.6692631 0.4293056 0.6715649 0.4287183 0.6727531 0.4287183 0.6727531 0.4406925 0.6700816 0.4397898 0.6692631 0.4399669 0.6681219 0.4397898 0.6692631 0.4406925 0.6700816 0.4406925 0.6700816 0.4411156 0.6679067 0.4399669 0.6681219 0.576784 0.2576594 0.5778952 0.2573248 0.5778501 0.2561253 0.5778501 0.2561253 0.5757766 0.2568676 0.576784 0.2576594 0.5761601 0.2685294 0.576784 0.2576594 0.5757766 0.2568676 0.5757766 0.2568676 0.5749841 0.2687941 0.5761601 0.2685294 0.5778952 0.2703987 0.5761601 0.2685294 0.5749841 0.2687941 0.5749841 0.2687941 0.5773271 0.2713607 0.5778952 0.2703987 0.9013053 0.8378397 0.9001253 0.7922241 0.8998666 0.8372747 0.5902562 0.383127 0.5868554 0.4044341 0.5881583 0.3999124 0.5885248 0.4075236 0.5881583 0.3999124 0.5868554 0.4044341 0.5902562 0.4137437 0.5885248 0.4075236 0.5868554 0.4044341 0.9001253 0.7922241 0.9013724 0.7928102 0.90091 0.7703065 0.4273378 0.6702466 0.4257934 0.6709116 0.4287183 0.6727531 0.4257934 0.6709116 0.4273378 0.6702466 0.4220166 0.6279965 0.9001253 0.7922241 0.9013053 0.8378397 0.9013724 0.7928102 0.9009531 0.7576112 0.9002794 0.7612248 0.90091 0.7703065 0.7324196 0.3127539 0.7318464 0.2908118 0.7222455 0.2951539 0.7222455 0.2951539 0.7220414 0.3373935 0.7324196 0.3127539 0.8170077 0.7538917 0.8173225 0.8105975 0.8209968 0.7538917 0.8339309 0.8096083 0.8322283 0.7546989 0.82464 0.8102086 0.2138313 0.3035526 0.2225229 0.3142491 0.2202305 0.3015972 0.8676663 0.1324669 0.8714712 0.1552078 0.8797804 0.1537617 0.8797804 0.1537617 0.8768886 0.1250249 0.8676663 0.1324669 0.6286833 0.3901361 0.6262211 0.3964286 0.6372814 0.3890974 0.2341079 0.3335286 0.2474078 0.3293247 0.2419251 0.3256343 0.9002918 0.6838598 0.9003337 0.7556948 0.9568559 0.6827262 0.7442628 0.4139232 0.7485132 0.3529516 0.7434942 0.3796429 0.2316028 0.2719622 0.2305178 0.3031566 0.2445463 0.3143291 0.2445463 0.3143291 0.2409378 0.2619943 0.2316028 0.2719622 0.9919984 0.6208028 0.9919984 0.5660738 0.9899714 0.5662516 0.6401641 0.8173347 0.6396913 0.8261915 0.6419994 0.8289178 0.6419994 0.8289178 0.6419994 0.8179581 0.6401641 0.8173347 0.6384909 0.3741345 0.6305713 0.3748018 0.6286833 0.3901361 0.6286833 0.3901361 0.6372814 0.3890974 0.6384909 0.3741345 0.2452844 0.2601395 0.2409378 0.2619943 0.2445463 0.3143291 0.8684884 0.794422 0.8594259 0.7916707 0.8594636 0.7938783 0.7437149 0.6772307 0.7442991 0.6678277 0.7409941 0.6761154 0.8594259 0.7916707 0.86796 0.7930937 0.8677194 0.7404339 0.8677194 0.7404339 0.8602586 0.7404288 0.8594259 0.7916707 0.8563342 0.790768 0.8594636 0.7938783 0.8594259 0.7916707 0.74619 0.6816067 0.7437149 0.6772307 0.7409941 0.6761154 0.8714712 0.1552078 0.8716796 0.1626198 0.8800274 0.1611019 0.8800274 0.1611019 0.8797804 0.1537617 0.8714712 0.1552078 0.6309206 0.4136803 0.6351814 0.4043706 0.6268038 0.409724 0.2217914 0.2718665 0.2138213 0.2727677 0.2138313 0.3035526 0.2138313 0.3035526 0.2202305 0.3015972 0.2217914 0.2718665 0.6307687 0.4378503 0.6384909 0.4356775 0.6309206 0.4136803 0.6351814 0.4043706 0.6372814 0.3890974 0.6262211 0.3964286 0.6262211 0.3964286 0.6268038 0.409724 0.6351814 0.4043706 0.6017739 0.2546106 0.6017987 0.2481673 0.5998588 0.2483672 0.7442467 0.4116142 0.7370807 0.4137511 0.7442628 0.4139232 0.745505 0.6695104 0.7442991 0.6678277 0.7437149 0.6772307 0.7446467 0.6826915 0.74619 0.6816067 0.7409941 0.6761154 0.8684884 0.794422 0.86796 0.7930937 0.8594259 0.7916707 0.6017739 0.2546106 0.6042254 0.2598676 0.6017987 0.2481673 0.6034898 0.2851463 0.6042254 0.2876219 0.6042254 0.2598676 0.6042254 0.2598676 0.6031206 0.2605328 0.6034898 0.2851463 0.6042254 0.2598676 0.6017739 0.2546106 0.6031206 0.2605328 0.2305178 0.3031566 0.2306692 0.3102935 0.2445463 0.3143291 0.8119766 0.7205763 0.8137277 0.7226414 0.8137277 0.6917075 0.8137277 0.6917075 0.8120281 0.6942968 0.8119766 0.7205763 0.9080509 0.5668757 0.9089884 0.5715225 0.9109954 0.5668757 0.595575 0.2617909 0.5942884 0.25764 0.5948891 0.285428 0.6774913 0.485711 0.6760627 0.4879579 0.6774913 0.4943258 0.5797157 0.2091264 0.5742618 0.2138028 0.5794581 0.2162615 0.8119766 0.7205763 0.8120281 0.6942968 0.8041245 0.6925843 0.8041245 0.6925843 0.8040885 0.72094 0.8119766 0.7205763 0.9026829 0.5658285 0.9034716 0.5715225 0.9054762 0.5658285 0.5948891 0.285428 0.6034898 0.2851463 0.6031206 0.2605328 0.6031206 0.2605328 0.595575 0.2617909 0.5948891 0.285428 0.5938569 0.2884142 0.6042254 0.2876219 0.6034898 0.2851463 0.7506893 0.3180045 0.7506893 0.308849 0.7466975 0.3092512 0.6031206 0.2605328 0.5945139 0.2567659 0.595575 0.2617909 0.6031206 0.2605328 0.6017739 0.2546106 0.5945139 0.2567659 0.82464 0.8102086 0.8173225 0.8105975 0.8218691 0.811186 0.8346996 0.7547577 0.8322283 0.7546989 0.8339309 0.8096083 0.2184376 0.2655698 0.2138213 0.2727677 0.2408503 0.2546559 0.2433819 0.2517488 0.2408503 0.2546559 0.247115 0.2526819 0.6353449 0.4129889 0.6309206 0.4136803 0.6384909 0.4356775 0.7727153 0.4286239 0.8273851 0.4266119 0.7726029 0.4251241 0.6309206 0.4136803 0.6268038 0.409724 0.6307687 0.4378503 0.8800274 0.1287937 0.8768886 0.1250249 0.8797804 0.1537617 0.6309206 0.4136803 0.6353449 0.4129889 0.6351814 0.4043706 0.7313598 0.3772897 0.7348516 0.3802466 0.7434942 0.3796429 0.7434942 0.3796429 0.7423716 0.366135 0.7313598 0.3772897 0.7313598 0.3772897 0.7284062 0.3853064 0.7348516 0.3802466 0.7347413 0.4097439 0.7348516 0.3802466 0.7284062 0.3853064 0.7284062 0.3853064 0.7284333 0.4104368 0.7347413 0.4097439 0.7324457 0.4180456 0.7370807 0.4137511 0.7347413 0.4097439 0.7347413 0.4097439 0.7284333 0.4104368 0.7324457 0.4180456 0.7442628 0.4139232 0.7370807 0.4137511 0.7324457 0.4180456 0.7324457 0.4180456 0.7502638 0.4292165 0.7442628 0.4139232 0.7726721 0.4324841 0.8273751 0.4324841 0.7727153 0.4286239 0.2408503 0.2546559 0.240985 0.260922 0.2476364 0.2585406 0.2476364 0.2585406 0.247115 0.2526819 0.2408503 0.2546559 0.2138213 0.2727677 0.2217914 0.2718665 0.240985 0.260922 0.240985 0.260922 0.2408503 0.2546559 0.2138213 0.2727677 0.9561633 0.7565979 0.955686 0.7544334 0.944783 0.755731 0.2265891 0.3188679 0.2341079 0.3335286 0.2419251 0.3256343 0.2419251 0.3256343 0.2225229 0.3142491 0.2265891 0.3188679 0.2419251 0.3256343 0.2474078 0.3293247 0.2476364 0.3156362 0.2476364 0.3156362 0.2420815 0.3142019 0.2419251 0.3256343 0.2225229 0.3142491 0.2419251 0.3256343 0.2420815 0.3142019 0.2420815 0.3142019 0.230553 0.3105314 0.2225229 0.3142491 0.2225229 0.3142491 0.230553 0.3105314 0.2202305 0.3015972 0.6286833 0.3901361 0.6305713 0.3748018 0.6287713 0.373491 0.6384909 0.3741345 0.6372492 0.3665232 0.6305713 0.3748018 0.7423716 0.366135 0.7434942 0.3796429 0.7485132 0.3529516 0.7485132 0.3529516 0.7442628 0.4139232 0.7495124 0.4239641 0.7502638 0.4292165 0.7495124 0.4239641 0.7442628 0.4139232 0.8676663 0.1324669 0.8768886 0.1250249 0.8697549 0.1199654 0.5575861 0.6580355 0.5542234 0.6589791 0.5557726 0.6674656 0.5614995 0.6590951 0.5575861 0.6580355 0.5557726 0.6674656 0.5557726 0.6674656 0.5614995 0.6678538 0.5614995 0.6590951 0.8594717 0.8068098 0.8673654 0.8137641 0.8684884 0.794422 0.8684884 0.794422 0.8594636 0.7938783 0.8594717 0.8068098 0.8768886 0.1250249 0.8779393 0.1221439 0.8697549 0.1199654 0.9086547 0.6712493 0.9086547 0.6573449 0.898941 0.6549265 0.9086547 0.6712493 0.898941 0.6549265 0.9005191 0.6702614 0.6287713 0.373491 0.6305713 0.3748018 0.6372492 0.3665232 0.3004814 0.7424773 0.313587 0.7393015 0.3128517 0.7374863 0.3128517 0.7374863 0.3002358 0.7405909 0.3004814 0.7424773 0.3002358 0.7405909 0.2986224 0.7427694 0.3004814 0.7424773 0.3000301 0.7620282 0.3004814 0.7424773 0.2986224 0.7427694 0.2986224 0.7427694 0.2983568 0.7625234 0.3000301 0.7620282 0.2983568 0.7625234 0.299959 0.7635091 0.3000301 0.7620282 0.3013569 0.7635532 0.3000301 0.7620282 0.299959 0.7635091 0.299959 0.7635091 0.3005799 0.8190406 0.3013569 0.7635532 0.3014487 0.7973792 0.3013569 0.7635532 0.3005799 0.8190406 0.3019471 0.8187861 0.3014487 0.7973792 0.3005799 0.8190406 0.300778 0.8226495 0.3019471 0.8187861 0.3005799 0.8190406 0.3005799 0.8190406 0.298999 0.8203365 0.300778 0.8226495 0.298999 0.8203365 0.2990223 0.8244042 0.300778 0.8226495 0.300778 0.8226495 0.3015584 0.8272407 0.3031145 0.825867 0.7853775 0.4221601 0.7752059 0.4217736 0.7732132 0.4221601 0.7215099 0.8170543 0.7195147 0.8261566 0.7215099 0.8292729 0.7495124 0.4239641 0.7502638 0.4292165 0.7504894 0.4275056 0.7533652 0.43 0.7504894 0.4275056 0.7502638 0.4292165 0.7603144 0.4332668 0.7533652 0.43 0.7502638 0.4292165 0.8676663 0.1324669 0.8697549 0.1199654 0.8689535 0.1216521 0.9163984 0.5657162 0.9175989 0.5644053 0.9157225 0.5644053 0.9163963 0.5677365 0.9163984 0.5657162 0.9157225 0.5644053 0.9147319 0.5677365 0.9157225 0.563933 0.9146551 0.5645352 0.9137143 0.563933 0.9146551 0.5645352 0.9157225 0.563933 0.5924041 0.3973984 0.5921738 0.4197498 0.5930094 0.4212243 0.5930094 0.4212243 0.5930094 0.3629663 0.5924041 0.3973984 0.5920054 0.3644281 0.5924041 0.3973984 0.5930094 0.3629663 0.6771486 0.5079894 0.6779733 0.507759 0.6761938 0.5072055 0.676869 0.5264147 0.6771486 0.5079894 0.6761938 0.5072055 0.6761938 0.5072055 0.6760627 0.5277596 0.676869 0.5264147 0.6779733 0.5281534 0.676869 0.5264147 0.6760627 0.5277596 0.898339 0.6563656 0.8995972 0.6684755 0.9005191 0.6702614 0.9005191 0.6702614 0.898941 0.6549265 0.898339 0.6563656 0.7511158 0.3469382 0.751884 0.3460165 0.7506607 0.3454599 0.7511158 0.3469382 0.7506607 0.3454599 0.7485132 0.3529516 0.7500306 0.4055259 0.7499042 0.3662706 0.7485132 0.3529516 0.7485132 0.3529516 0.7495124 0.4239641 0.7500306 0.4055259 0.6776887 0.5063394 0.6761938 0.5072055 0.6779733 0.507759 0.86796 0.7930937 0.869244 0.7943306 0.869244 0.7389701 0.869244 0.7389701 0.8677194 0.7404339 0.86796 0.7930937 0.944783 0.755731 0.955686 0.7544334 0.9568559 0.6827262 0.745505 0.6695104 0.74619 0.6681752 0.7442991 0.6678277 0.3015584 0.8272407 0.300778 0.8226495 0.2990223 0.8244042 0.9568559 0.7546432 0.955686 0.7544334 0.9561633 0.7565979 0.7485132 0.3529516 0.7499042 0.3662706 0.7511158 0.3469382 0.9569889 0.7927272 0.9573617 0.7696474 0.9464666 0.7746053 0.9571869 0.837726 0.9569889 0.7927272 0.9464666 0.7746053 0.2396911 0.980687 0.289765 0.9743372 0.3045954 0.9968653 0.3045954 0.9968653 0.2419224 0.9962786 0.2396911 0.980687 0.6596131 0.4359632 0.6604452 0.3797343 0.6501197 0.3798303 0.9573715 0.7576112 0.9009531 0.7576112 0.9573617 0.7696474 0.8036002 0.7210195 0.8031956 0.6987807 0.7884408 0.7090081 0.7537148 0.6033405 0.7278916 0.6032883 0.7468778 0.6136881 0.3079531 0.9680889 0.289765 0.9743372 0.2988981 0.9653362 0.289765 0.9743372 0.3079531 0.9680889 0.3045954 0.9968653 0.7982169 0.698808 0.8031956 0.6987807 0.8036002 0.6920632 0.8036002 0.6920632 0.7987753 0.6915405 0.7982169 0.698808 0.6834303 0.6135682 0.6831125 0.6184059 0.691987 0.6184496 0.691987 0.6184496 0.6926288 0.6135887 0.6834303 0.6135682 0.7115996 0.3048655 0.7202396 0.2924262 0.712997 0.2954991 0.7202396 0.2924262 0.7115996 0.3048655 0.7202396 0.3142061 0.1831967 0.8837906 0.1798022 0.8834056 0.1856402 0.8921599 0.8497291 0.5916413 0.8611758 0.5814381 0.8498214 0.5805005 0.6604452 0.3797343 0.6655464 0.4360953 0.6655464 0.3798133 0.7537148 0.6033405 0.7468778 0.6136881 0.7589619 0.6121057 0.7589619 0.6121057 0.7659584 0.6033577 0.7537148 0.6033405 0.929203 0.8073051 0.9013053 0.8378397 0.9571869 0.837726 0.929203 0.8073051 0.9571869 0.837726 0.9464666 0.7746053 0.2396911 0.980687 0.2419224 0.9962786 0.2312674 0.9968653 0.2312674 0.9968653 0.2272301 0.9857183 0.2396911 0.980687 0.8611758 0.5814381 0.8497291 0.5916413 0.8614033 0.5916005 0.3079531 0.9680889 0.3104915 0.9750248 0.3045954 0.9968653 0.9486045 0.1456094 0.8920399 0.1455706 0.8923329 0.1484472 0.8031956 0.6987807 0.7982169 0.698808 0.7884408 0.7090081 0.7032521 0.6136664 0.7468778 0.6136881 0.7278916 0.6032883 0.8036002 0.7210195 0.7884408 0.7090081 0.7884406 0.7210544 0.6191875 0.4376891 0.6191875 0.3811851 0.6171293 0.3919783 0.6171293 0.3919783 0.6172688 0.4268658 0.6191875 0.4376891 0.8613823 0.6524504 0.856873 0.6455554 0.8544223 0.6437759 0.6221497 0.4379534 0.6253802 0.3645071 0.6232416 0.3665475 0.9574638 0.6863415 0.9568559 0.7465443 0.9574638 0.7576112 0.6102175 0.3643583 0.61045 0.3665644 0.6232416 0.3665475 0.6232416 0.3665475 0.6253802 0.3645071 0.6102175 0.3643583 0.8576753 0.638224 0.8613823 0.6334093 0.8597875 0.6318084 0.856091 0.6422455 0.8576753 0.638224 0.8544223 0.6437759 0.856873 0.6455554 0.856091 0.6422455 0.8544223 0.6437759 0.8597875 0.6318084 0.8544223 0.6437759 0.8576753 0.638224 0.6193029 0.3812243 0.6191875 0.43756 0.6215426 0.4376891 0.6167082 0.3814969 0.6171293 0.3919783 0.6191875 0.3811851 0.6253802 0.3645071 0.6221497 0.4379534 0.6253802 0.4271941 0.3492259 0.5638942 0.350251 0.5673217 0.3508871 0.5634817 0.3537248 0.5607814 0.3527835 0.5598486 0.3492259 0.5638942 0.3492259 0.5638942 0.3508871 0.5634817 0.3537248 0.5607814 0.3624092 0.5575808 0.3625954 0.5562001 0.3527835 0.5598486 0.3527835 0.5598486 0.3537248 0.5607814 0.3624092 0.5575808 0.3630823 0.5584967 0.3642254 0.5581408 0.3625954 0.5562001 0.3625954 0.5562001 0.3624092 0.5575808 0.3630823 0.5584967 0.5558615 0.615518 0.555148 0.616515 0.5573788 0.6167311 0.5573788 0.6167311 0.5568948 0.615563 0.5558615 0.615518 0.5537961 0.6064744 0.5527623 0.6064776 0.555148 0.616515 0.555148 0.616515 0.5558615 0.615518 0.5537961 0.6064744 0.5545141 0.602626 0.5541622 0.6010971 0.5527623 0.6064776 0.5527623 0.6064776 0.5537961 0.6064744 0.5545141 0.602626 0.5541622 0.6010971 0.5545141 0.602626 0.5573788 0.5999839 0.2266971 0.8285183 0.2267944 0.8317416 0.2291494 0.8190005 0.7552847 0.4033393 0.7549805 0.4068002 0.7552847 0.4129368 0.2267944 0.8317416 0.2266971 0.8285183 0.2234559 0.8354113 0.2138668 0.8489553 0.2121569 0.852643 0.2267944 0.8317416 0.2267944 0.8317416 0.2234559 0.8354113 0.2138668 0.8489553 0.2121569 0.852643 0.2138668 0.8489553 0.1976295 0.8664995 0.2121569 0.852643 0.1976295 0.8664995 0.1824344 0.8822782 0.1801243 0.882063 0.1798022 0.8834056 0.1824344 0.8822782 0.1732192 0.8738447 0.1719903 0.8739458 0.1798022 0.8834056 0.1798022 0.8834056 0.1801243 0.882063 0.1732192 0.8738447 0.1737909 0.8728282 0.1729466 0.8720112 0.1719903 0.8739458 0.1719903 0.8739458 0.1732192 0.8738447 0.1737909 0.8728282 0.7100892 0.8090987 0.7089998 0.8097718 0.7112143 0.8106355 0.7112143 0.8106355 0.7111862 0.8094459 0.7100892 0.8090987 0.7095122 0.7982265 0.7084044 0.7979627 0.7089998 0.8097718 0.7089998 0.8097718 0.7100892 0.8090987 0.7095122 0.7982265 0.890878 0.1475219 0.8923329 0.1484472 0.8920399 0.1455706 0.7084044 0.7979627 0.7095122 0.7982265 0.7112143 0.7963787 0.9586299 0.8371869 0.9582347 0.7921373 0.9571869 0.837726 0.3537247 0.5810152 0.3504735 0.5767034 0.3623129 0.595896 0.3504735 0.5767034 0.3537247 0.5810152 0.3510586 0.5737722 0.350251 0.5673217 0.3492259 0.5638942 0.3504735 0.5767034 0.3504735 0.5767034 0.3510586 0.5737722 0.350251 0.5673217 0.9573617 0.7696474 0.9569889 0.7927272 0.9582347 0.7921373 0.1798022 0.8834056 0.1831967 0.8837906 0.1824344 0.8822782 0.2121569 0.852643 0.1824344 0.8822782 0.1831967 0.8837906 0.9569889 0.7927272 0.9571869 0.837726 0.9582347 0.7921373 0.7032521 0.6136664 0.7278916 0.6032883 0.6856518 0.6034948 0.6856518 0.6034948 0.6813101 0.6130945 0.7032521 0.6136664 0.8322283 0.7546989 0.8209968 0.7538917 0.82464 0.8102086 0.5736966 0.2865824 0.5723452 0.2338126 0.5192606 0.2340034 0.5192606 0.2340034 0.5194602 0.2867408 0.5736966 0.2865824 0.5984684 0.03977268 0.5837358 0.03977268 0.5855805 0.09627401 0.5855805 0.09627401 0.5985576 0.09619975 0.5984684 0.03977268 0.8691912 0.6019377 0.8714178 0.5892797 0.8629043 0.5999674 0.6022351 0.4052454 0.6114574 0.4126871 0.6143487 0.3839502 0.6143487 0.3839502 0.6060395 0.3825044 0.6022351 0.4052454 0.8555001 0.7914075 0.8444005 0.7842066 0.8471192 0.7905036 0.8903823 0.5779166 0.8954663 0.5741949 0.8821972 0.569932 0.8641444 0.6980631 0.8682404 0.7249054 0.8655074 0.6638342 0.5801745 0.2474929 0.5892137 0.2575976 0.5932466 0.2052634 0.5932466 0.2052634 0.5794581 0.2162615 0.5801745 0.2474929 0.5723452 0.2338126 0.5728597 0.2323564 0.5187814 0.2325541 0.5187814 0.2325541 0.5192606 0.2340034 0.5723452 0.2338126 0.9919984 0.6208028 0.9899714 0.5662516 0.9898758 0.6205111 0.9091277 0.6712493 0.9109631 0.6706263 0.9109631 0.6596673 0.9109631 0.6596673 0.9086547 0.6623931 0.9091277 0.6712493 0.8569126 0.8063625 0.8555001 0.7914075 0.8471192 0.7905036 0.8471192 0.7905036 0.8490421 0.8057928 0.8569126 0.8063625 0.5932466 0.2052634 0.5892137 0.2575976 0.5932466 0.2594835 0.8737167 0.7570083 0.8734831 0.7592142 0.8828245 0.7566429 0.5771399 0.2805474 0.5804424 0.2888361 0.5798597 0.2794306 0.8734831 0.7592142 0.874368 0.8104668 0.8819742 0.8106094 0.8819742 0.8106094 0.8822026 0.7579602 0.8734831 0.7592142 0.8734831 0.7592142 0.8737167 0.7570083 0.8702662 0.7600554 0.5771399 0.2805474 0.5798597 0.2794306 0.5823358 0.2750551 0.6060395 0.3825044 0.6143487 0.3839502 0.6145964 0.3766098 0.6145964 0.3766098 0.6062489 0.3750922 0.6060395 0.3825044 0.84435 0.7708217 0.8524811 0.7760294 0.8482282 0.7667863 0.8707504 0.6316937 0.8691912 0.6019377 0.8629043 0.5999674 0.8629043 0.5999674 0.8629432 0.6307776 0.8707504 0.6316937 0.8482282 0.7667863 0.8569126 0.7449409 0.8496163 0.7429315 0.8524811 0.7760294 0.84435 0.7708217 0.8444005 0.7842066 0.8444005 0.7842066 0.8555001 0.7914075 0.8524811 0.7760294 0.5574894 0.6938407 0.555558 0.6936413 0.555362 0.7000859 0.6144268 0.4214298 0.6164622 0.4271824 0.6164622 0.4051812 0.5798597 0.2794306 0.5804424 0.2888361 0.581647 0.2871508 0.5771399 0.2805474 0.5823358 0.2750551 0.5807953 0.273974 0.8734831 0.7592142 0.8822026 0.7579602 0.8828245 0.7566429 0.555558 0.6936413 0.5527339 0.7053447 0.555362 0.7000859 0.5540269 0.7306194 0.553882 0.7060095 0.5527339 0.7053447 0.7549805 0.4251011 0.7549805 0.3953431 0.7542163 0.3982785 0.553882 0.7060095 0.555362 0.7000859 0.5527339 0.7053447 0.5932466 0.2052634 0.5797157 0.2091264 0.5794581 0.2162615 0.8210613 0.6938837 0.8210942 0.7201635 0.8228129 0.7226414 0.8228129 0.7226414 0.8228129 0.6917038 0.8210613 0.6938837 0.9137143 0.5715225 0.9137143 0.5665051 0.9109954 0.5704442 0.5624205 0.7309005 0.5624205 0.7031162 0.5612691 0.7072666 0.9080509 0.5715225 0.9080509 0.565935 0.9054762 0.5703331 0.8210613 0.6938837 0.8137277 0.6940161 0.8138248 0.7223706 0.8138248 0.7223706 0.8210942 0.7201635 0.8210613 0.6938837 0.6774913 0.4770971 0.6760627 0.4834645 0.6774913 0.485711 0.8655074 0.6638342 0.8589257 0.6637602 0.8656946 0.6661069 0.5624205 0.7309005 0.5612691 0.7072666 0.553882 0.7060095 0.553882 0.7060095 0.5540269 0.7306194 0.5624205 0.7309005 0.7409564 0.3172284 0.7449535 0.3176169 0.7449535 0.3084582 0.7263507 0.7977306 0.7238028 0.7979233 0.7263507 0.8079106 0.5612691 0.7072666 0.562363 0.7022413 0.553882 0.7060095 0.562363 0.7022413 0.555362 0.7000859 0.553882 0.7060095 0.6164622 0.4271824 0.6144268 0.4214298 0.6060781 0.4262565 0.8892841 0.6489303 0.8629432 0.6307776 0.8673489 0.6379725 0.6125088 0.4155679 0.6145964 0.4089181 0.6114574 0.4126871 0.8569126 0.7449409 0.8482282 0.7667863 0.8526262 0.7674228 0.8629432 0.6307776 0.8629043 0.5999674 0.8598428 0.6037485 0.6143487 0.3839502 0.6114574 0.4126871 0.6145964 0.4089181 0.8524811 0.7760294 0.8526262 0.7674228 0.8482282 0.7667863 0.5837358 0.03977268 0.5832099 0.0961734 0.5855805 0.09627401 0.8530143 0.6999941 0.8629587 0.7115085 0.8641444 0.6980631 0.8641444 0.6980631 0.8562146 0.6971668 0.8530143 0.6999941 0.8562146 0.6971668 0.8504313 0.6918864 0.8530143 0.6999941 0.8567007 0.667685 0.8509491 0.6667742 0.8504313 0.6918864 0.8504313 0.6918864 0.8562146 0.6971668 0.8567007 0.667685 0.854781 0.6593073 0.8509491 0.6667742 0.8567007 0.667685 0.8567007 0.667685 0.8589257 0.6637602 0.854781 0.6593073 0.8655074 0.6638342 0.8713284 0.6487542 0.854781 0.6593073 0.854781 0.6593073 0.8589257 0.6637602 0.8655074 0.6638342 0.8273751 0.4324841 0.8273851 0.4266119 0.7727153 0.4286239 0.8892841 0.6489303 0.8951306 0.6508775 0.8957071 0.6450251 0.8957071 0.6450251 0.8894961 0.6426716 0.8892841 0.6489303 0.8629432 0.6307776 0.8892841 0.6489303 0.8894961 0.6426716 0.8894961 0.6426716 0.8707504 0.6316937 0.8629432 0.6307776 0.8998666 0.7576112 0.9561633 0.7565979 0.944783 0.755731 0.944783 0.755731 0.9003337 0.7556948 0.8998666 0.7576112 0.8750224 0.5846142 0.8714178 0.5892797 0.8903823 0.5779166 0.8903823 0.5779166 0.8821972 0.569932 0.8750224 0.5846142 0.5173032 0.2129217 0.5187814 0.2325541 0.5728597 0.2323564 0.5728597 0.2323564 0.5736966 0.2137213 0.5173032 0.2129217 0.8903823 0.5779166 0.8905449 0.5893576 0.8957071 0.5878946 0.8957071 0.5878946 0.8954663 0.5741949 0.8903823 0.5779166 0.8714178 0.5892797 0.8792691 0.5930121 0.8905449 0.5893576 0.8905449 0.5893576 0.8903823 0.5779166 0.8714178 0.5892797 0.8691912 0.6019377 0.8792691 0.5930121 0.8714178 0.5892797 0.8750224 0.5846142 0.8821972 0.569932 0.879935 0.5707483 0.8490421 0.8057928 0.8556036 0.813961 0.8569126 0.8063625 0.8682404 0.7249054 0.8641444 0.6980631 0.8629587 0.7115085 0.8704384 0.653991 0.8655074 0.6638342 0.8682404 0.7249054 0.6775575 0.4943258 0.6760627 0.5021205 0.6775575 0.5063394 0.6022351 0.4052454 0.6043241 0.4177469 0.6114574 0.4126871 0.5660086 0.7944239 0.564458 0.8029109 0.5678212 0.8038864 0.5717343 0.8028044 0.5717343 0.7939595 0.5660086 0.7944239 0.5660086 0.7944239 0.5678212 0.8038864 0.5717343 0.8028044 0.8737068 0.7440783 0.8737167 0.7570083 0.8828245 0.7566429 0.8828245 0.7566429 0.881663 0.7372806 0.8737068 0.7440783 0.6043241 0.4177469 0.6125088 0.4155679 0.6114574 0.4126871 0.5649631 0.7717923 0.5568634 0.7727882 0.5552785 0.7881223 0.5649631 0.7856958 0.5649631 0.7717923 0.5552785 0.7881223 0.8556036 0.813961 0.8490421 0.8057928 0.8474992 0.8071653 0.6662615 0.5277451 0.6641775 0.5277683 0.6784466 0.5319262 0.6784466 0.5319262 0.6789191 0.5301511 0.6662615 0.5277451 0.6641775 0.5277683 0.6662615 0.5277451 0.6651004 0.5260863 0.6649435 0.507515 0.6637953 0.5068789 0.6641775 0.5277683 0.6641775 0.5277683 0.6651004 0.5260863 0.6649435 0.507515 0.665778 0.5072324 0.6654289 0.505895 0.6637953 0.5068789 0.6637953 0.5068789 0.6649435 0.507515 0.665778 0.5072324 0.6654289 0.505895 0.665778 0.5072324 0.6667412 0.5058599 0.6667412 0.5058599 0.6666623 0.4724291 0.6654289 0.505895 0.6671854 0.4505841 0.665891 0.4503573 0.6666623 0.4724291 0.665891 0.4503573 0.6671854 0.4505841 0.6656967 0.4471318 0.6656967 0.4471318 0.6641718 0.4490253 0.665891 0.4503573 0.6656967 0.4471318 0.6650837 0.4431338 0.6641718 0.4490253 0.82464 0.8102086 0.8209968 0.7538917 0.8173225 0.8105975 0.6650837 0.4431338 0.6656967 0.4471318 0.6674195 0.4436255 0.6674195 0.4436255 0.6683257 0.4422023 0.6650837 0.4431338 0.678115 0.4502288 0.678341 0.4473235 0.6683257 0.4422023 0.6683257 0.4422023 0.6674195 0.4436255 0.678115 0.4502288 0.678115 0.4502288 0.6802324 0.4524174 0.678341 0.4473235 0.7476164 0.6796103 0.74619 0.6786385 0.7496237 0.6826915 0.74619 0.6786385 0.7476164 0.6796103 0.747583 0.6759033 0.6035228 0.4160602 0.6043241 0.4177469 0.6022351 0.4052454 0.74619 0.6786385 0.747583 0.6759033 0.7496237 0.6686919 0.9176422 0.5681691 0.9157909 0.5686088 0.9172293 0.5695825 0.9176422 0.5681691 0.9172293 0.5695825 0.9176422 0.5715225 0.9148396 0.5683348 0.9137143 0.5677365 0.9148306 0.5715225 0.9137143 0.5677365 0.9148396 0.5683348 0.9157909 0.5677365 0.5920054 0.3629943 0.5911536 0.364467 0.5913941 0.3868064 0.5913941 0.3868064 0.5920054 0.4212243 0.5920054 0.3629943 0.5920054 0.4212243 0.5913941 0.3868064 0.5909657 0.4197641 0.9059723 0.8710943 0.9078295 0.8705503 0.9069942 0.8703128 0.9067078 0.85192 0.9058396 0.8505778 0.9059723 0.8710943 0.9059723 0.8710943 0.9069942 0.8703128 0.9067078 0.85192 0.9058396 0.8505778 0.9067078 0.85192 0.9078295 0.8501946 0.5546759 0.7866837 0.5552785 0.7881223 0.5568634 0.7727882 0.5568634 0.7727882 0.5559399 0.7745744 0.5546759 0.7866837 0.870215 0.7324441 0.8713284 0.7319324 0.8706532 0.7309836 0.8682404 0.7249054 0.870215 0.7324441 0.8706532 0.7309836 0.870684 0.6724159 0.8704384 0.653991 0.8682404 0.7249054 0.8682404 0.7249054 0.8698655 0.7116302 0.870684 0.6724159 0.665891 0.4503573 0.6654289 0.505895 0.6666623 0.4724291 0.9078295 0.8705503 0.9059723 0.8710943 0.9073615 0.8719925 0.8822026 0.7579602 0.8819742 0.8106094 0.8834677 0.8121028 0.8834677 0.8121028 0.8834677 0.7567487 0.8822026 0.7579602 0.5804424 0.2888361 0.5823358 0.2884929 0.581647 0.2871508 0.6784466 0.5319262 0.6802324 0.5306124 0.6789191 0.5301511 0.8706532 0.7309836 0.8698655 0.7116302 0.8682404 0.7249054 0.6030375 0.4402868 0.667979 0.4406547 0.6673641 0.4374494 0.6673641 0.4374494 0.6089153 0.4389514 0.6030375 0.4402868 0.667979 0.4406547 0.6706573 0.4365757 0.6673641 0.4374494 0.7181982 0.3422098 0.7183792 0.4206809 0.7201542 0.4199913 0.6473195 0.3686942 0.6473653 0.42601 0.6489942 0.424947 0.6489942 0.424947 0.6489939 0.3684247 0.6473195 0.3686942 0.9796174 0.5603882 0.9795928 0.4963937 0.9778743 0.4972261 0.9778743 0.4972261 0.9778903 0.5598084 0.9796174 0.5603882 0.8205651 0.7321861 0.8135938 0.735997 0.8147746 0.7369061 0.8147746 0.7369061 0.8211399 0.7337023 0.8205651 0.7321861 0.8881581 0.7359336 0.8855112 0.7318097 0.8846502 0.7333497 0.8846502 0.7333497 0.8866834 0.7365842 0.8881581 0.7359336 0.6490113 0.3588387 0.6473259 0.3580179 0.6473195 0.3686942 0.6473195 0.3686942 0.6489939 0.3684247 0.6490113 0.3588387 0.7199761 0.3428082 0.7181982 0.3422098 0.7201542 0.4199913 0.8140056 0.7916781 0.8140041 0.7587051 0.8122789 0.746344 0.8122789 0.746344 0.8121116 0.8029859 0.8140056 0.7916781 0.8199957 0.7369595 0.8276756 0.73568 0.8211399 0.7337023 0.8276756 0.73568 0.8813764 0.7355002 0.8846502 0.7333497 0.8846502 0.7333497 0.8211399 0.7337023 0.8276756 0.73568 0.8157107 0.7414668 0.8171936 0.7385351 0.8147746 0.7369061 0.8171936 0.7385351 0.8199957 0.7369595 0.8211399 0.7337023 0.8211399 0.7337023 0.8147746 0.7369061 0.8171936 0.7385351 0.8835505 0.7364588 0.8846522 0.7386944 0.8866834 0.7365842 0.8866834 0.7365842 0.8846502 0.7333497 0.8835505 0.7364588 0.8145872 0.7463715 0.8157107 0.7414668 0.8147746 0.7369061 0.8147746 0.7369061 0.8122789 0.746344 0.8145872 0.7463715 0.8140041 0.7587051 0.8145872 0.7463715 0.8122789 0.746344 0.8813764 0.7355002 0.8835505 0.7364588 0.8846502 0.7333497 0.6089205 0.3553475 0.6085593 0.3536645 0.5975975 0.356216 0.5962841 0.3614696 0.6089205 0.3553475 0.5975975 0.356216 0.6673665 0.3568506 0.6706573 0.3578551 0.6679844 0.3536506 0.173896 0.2486593 0.1722249 0.2494485 0.1721811 0.3129238 0.1721811 0.3129238 0.1738438 0.3135691 0.173896 0.2486593 0.8205685 0.8181816 0.8211432 0.8166741 0.8147776 0.8134706 0.1722035 0.3191885 0.1738765 0.3204209 0.1738438 0.3135691 0.8881581 0.8144399 0.8866812 0.8138018 0.8846536 0.8170263 0.7201542 0.3395243 0.7184014 0.3380146 0.7181982 0.3422098 0.8147776 0.8134706 0.8121116 0.8029859 0.8107386 0.803952 0.6473653 0.42601 0.6473259 0.4362105 0.6490113 0.435226 0.8211432 0.8166741 0.8276787 0.8146964 0.8199986 0.8134171 0.8276787 0.8146964 0.8211432 0.8166741 0.8846536 0.8170263 0.8846536 0.8170263 0.8813796 0.8148756 0.8276787 0.8146964 0.8147776 0.8134706 0.8171965 0.8118416 0.8157134 0.8089098 0.8171965 0.8118416 0.8147776 0.8134706 0.8211432 0.8166741 0.8211432 0.8166741 0.8199986 0.8134171 0.8171965 0.8118416 0.8835535 0.8139172 0.8846536 0.8170263 0.8866812 0.8138018 0.8866812 0.8138018 0.8846601 0.8116715 0.8835535 0.8139172 0.8145895 0.8040049 0.8121116 0.8029859 0.8147776 0.8134706 0.8147776 0.8134706 0.8157134 0.8089098 0.8145895 0.8040049 0.8846601 0.8116715 0.8866812 0.8138018 0.8866834 0.7365842 0.8866834 0.7365842 0.8846522 0.7386944 0.8846601 0.8116715 0.8121116 0.8029859 0.8145895 0.8040049 0.8140056 0.7916781 0.8846536 0.8170263 0.8835535 0.8139172 0.8813796 0.8148756 0.5975975 0.356216 0.5934121 0.3646281 0.5962841 0.3614696 0.5959622 0.43641 0.5950932 0.4276385 0.5930256 0.4255242 0.529828 0.9865747 0.5257557 0.9865747 0.5224455 0.9895858 0.5224455 0.9895858 0.5330582 0.9884797 0.529828 0.9865747 0.5180119 0.9787928 0.510741 0.9772068 0.517154 0.9824309 0.4133754 0.5109239 0.4177441 0.5031831 0.4126142 0.5035539 0.521577 0.7789649 0.5213953 0.7819481 0.524128 0.7823352 0.524128 0.7823352 0.5242511 0.7758178 0.521577 0.7789649 0.5217279 0.7762829 0.521577 0.7789649 0.5242511 0.7758178 0.4132733 0.5143019 0.415871 0.5140011 0.4133754 0.5109239 0.5213953 0.7819481 0.5212659 0.7844174 0.523989 0.7870737 0.523989 0.7870737 0.524128 0.7823352 0.5213953 0.7819481 0.517154 0.9824309 0.510741 0.9772068 0.5104286 0.9830302 0.523989 0.7870737 0.5306136 0.7826952 0.524128 0.7823352 0.5310944 0.7758178 0.5306136 0.7826952 0.5323587 0.7804061 0.4608303 0.5029219 0.4544053 0.5073376 0.4606984 0.5069758 0.1613094 0.5491846 0.165228 0.5554119 0.165228 0.5488779 0.1613094 0.5491846 0.1610713 0.555617 0.165228 0.5554119 0.1604226 0.53983 0.1644043 0.5406964 0.1644043 0.5343859 0.517154 0.9824309 0.5104286 0.9830302 0.5121215 0.9867457 0.5121215 0.9867457 0.5165258 0.9868167 0.517154 0.9824309 0.1605353 0.5351631 0.1604226 0.53983 0.1644043 0.5343859 0.4608303 0.5029219 0.4537786 0.5029219 0.4544053 0.5073376 0.5330582 0.9884797 0.5224455 0.9895858 0.5279942 0.9936468 0.5224455 0.9895858 0.5214046 0.9954521 0.5279942 0.9936468 0.5306136 0.7826952 0.523989 0.7870737 0.5320333 0.7859255 0.5320333 0.7859255 0.5323587 0.7804061 0.5306136 0.7826952 0.5078685 0.9785165 0.5080335 0.9811469 0.5104286 0.9830302 0.5104286 0.9830302 0.510741 0.9772068 0.5078685 0.9785165 0.1394003 0.5303911 0.1399194 0.5363726 0.1399194 0.5299157 0.1350749 0.5306916 0.1394003 0.5303911 0.1399194 0.5299157 0.5340138 0.9985896 0.5339637 0.9919068 0.5301981 1.000257 0.2772817 0.6262692 0.278907 0.6319505 0.278907 0.6254099 0.5188322 0.9726811 0.5171146 0.9715511 0.5184092 0.9750461 0.2772817 0.6426447 0.2772173 0.6387111 0.2704655 0.6430553 0.1633481 0.4917324 0.1616871 0.493945 0.1680293 0.4962082 0.421422 0.5144523 0.4226322 0.5117085 0.4188579 0.5142168 0.1616871 0.493945 0.1633481 0.4917324 0.1606576 0.4895713 0.1606576 0.4895713 0.1597813 0.4922201 0.1616871 0.493945 0.4177441 0.5031831 0.4188579 0.5142168 0.4226322 0.5117085 0.4226322 0.5117085 0.4226322 0.5037859 0.4177441 0.5031831 0.1633481 0.4917324 0.1680293 0.4869942 0.1606576 0.4895713 0.5506143 0.9937096 0.544632 0.9943569 0.5506143 0.9975849 0.544632 0.9943569 0.5442909 0.9987492 0.5506143 0.9975849 0.5199705 0.8157867 0.5241957 0.8164528 0.5193544 0.8117023 0.5121297 0.9672026 0.5104727 0.9708499 0.5171146 0.9715511 0.5256493 0.8128337 0.5193544 0.8117023 0.5241957 0.8164528 0.5164881 0.9672142 0.5121297 0.9672026 0.5171146 0.9715511 0.2772173 0.6387111 0.2709507 0.6387111 0.2704655 0.6430553 0.5279942 0.9936468 0.5246988 1.000065 0.5301981 1.000257 0.5279942 0.9936468 0.5301981 1.000257 0.5339637 0.9919068 0.510741 0.9772068 0.5184092 0.9750461 0.5171146 0.9715511 0.5171146 0.9715511 0.5104727 0.9708499 0.510741 0.9772068 0.1663781 0.483642 0.1606576 0.4895713 0.1680293 0.4869942 0.5078471 0.9755244 0.510741 0.9772068 0.5104727 0.9708499 0.5259593 0.7791221 0.5282331 0.7783433 0.5289953 0.7754625 0.5078471 0.9755244 0.5078685 0.9785165 0.510741 0.9772068 0.5180119 0.9787928 0.5184092 0.9750461 0.510741 0.9772068 0.5339637 0.9919068 0.5330582 0.9884797 0.5279942 0.9936468 0.5246988 1.000065 0.5279942 0.9936468 0.5214046 0.9954521 0.4133754 0.5109239 0.4188579 0.5142168 0.4177441 0.5031831 0.4188579 0.5142168 0.4133754 0.5109239 0.415871 0.5140011 0.1640312 0.4958091 0.1680293 0.4962082 0.1616871 0.493945 0.5259593 0.7791221 0.5289953 0.7811825 0.5282331 0.7783433 0.19721 0.8619886 0.19721 0.8431444 0.1790622 0.8431202 0.19721 0.8431444 0.1966417 0.8395951 0.1793287 0.8389305 0.1793287 0.8389305 0.1790622 0.8431202 0.19721 0.8431444 0.2439476 0.6021642 0.235704 0.5987448 0.2358323 0.6246435 0.9565246 0.2100592 0.9623632 0.186761 0.956579 0.187007 0.2548394 0.585389 0.2548561 0.6091532 0.2598545 0.5842794 0.8953706 0.6757122 0.895805 0.651977 0.8727683 0.6517434 0.8727683 0.6517434 0.8724771 0.675572 0.8953706 0.6757122 0.1707869 0.903075 0.1560495 0.903245 0.1533175 0.9074612 0.2598545 0.5842794 0.2582712 0.5828267 0.2548394 0.585389 0.1702313 0.866333 0.1575335 0.8667725 0.1559252 0.8765175 0.1496961 0.8726999 0.1559252 0.8765175 0.1575335 0.8667725 0.1707869 0.903075 0.1533175 0.9074612 0.169583 0.9073321 0.195528 0.838178 0.1793287 0.8389305 0.1966417 0.8395951 0.8908321 0.605063 0.9143759 0.6051424 0.9120343 0.5930462 0.2439476 0.6021642 0.2456192 0.5979688 0.235704 0.5987448 0.9143759 0.6051424 0.915607 0.5916015 0.9120343 0.5930462 0.915607 0.5916015 0.9143759 0.6051424 0.9166781 0.6012731 0.1683737 0.9167332 0.169583 0.9073321 0.1533175 0.9074612 0.1533175 0.9074612 0.1521445 0.917377 0.1683737 0.9167332 0.9166781 0.6012731 0.917015 0.592422 0.915607 0.5916015 0.1533175 0.9074612 0.1516982 0.9074472 0.1521445 0.917377 0.1545436 0.8496354 0.1421747 0.8496489 0.1496961 0.8726999 0.1496961 0.8726999 0.1575335 0.8667725 0.1545436 0.8496354 0.1544374 0.8267757 0.1421747 0.8496489 0.1545436 0.8496354 0.1545436 0.8496354 0.1668636 0.8266931 0.1544374 0.8267757 0.8724771 0.675572 0.872751 0.6966831 0.895805 0.6968751 0.895805 0.6968751 0.8953706 0.6757122 0.8724771 0.675572 0.1668443 0.7933062 0.154293 0.7933515 0.1544374 0.8267757 0.895805 0.6968751 0.872751 0.6966831 0.8728705 0.7298577 0.1668443 0.7933062 0.1544374 0.8267757 0.1668636 0.8266931 0.4648559 0.5011274 0.4649773 0.5276529 0.4886084 0.5011391 0.1559252 0.8765175 0.1560495 0.903245 0.1707869 0.903075 0.1707869 0.903075 0.1702313 0.866333 0.1559252 0.8765175 0.19721 0.8619886 0.1791295 0.8620098 0.1968327 0.8645734 0.19721 0.8619886 0.1790622 0.8431202 0.1791295 0.8620098 0.1794347 0.8663311 0.1968327 0.8645734 0.1791295 0.8620098 0.2439839 0.6210434 0.2358323 0.6246435 0.2456192 0.6253551 0.2439839 0.6210434 0.2439476 0.6021642 0.2358323 0.6246435 0.2548561 0.6091532 0.2598545 0.6101893 0.2598545 0.5842794 0.4886084 0.5277404 0.4886084 0.5011391 0.4649773 0.5276529 0.1406819 0.7132703 0.1432324 0.717456 0.1581217 0.7177514 0.2548561 0.6091532 0.2582521 0.6115971 0.2598545 0.6101893 0.1431469 0.7442655 0.1447799 0.7539704 0.157292 0.7543943 0.1447799 0.7539704 0.1431469 0.7442655 0.1368612 0.7480856 0.1568952 0.7133808 0.1406819 0.7132703 0.1581217 0.7177514 0.1968327 0.8645734 0.1794347 0.8663311 0.1961567 0.8668141 0.8908321 0.605063 0.9120343 0.5930462 0.8931897 0.5929406 0.8931897 0.5929406 0.8906255 0.5916015 0.8908321 0.605063 0.8885072 0.6011067 0.8908321 0.605063 0.8906255 0.5916015 0.8906255 0.5916015 0.8883819 0.5919052 0.8885072 0.6011067 0.1406819 0.7132703 0.1568952 0.7133808 0.1562438 0.7037541 0.1562438 0.7037541 0.1394675 0.7034024 0.1406819 0.7132703 0.1394675 0.7034024 0.1389779 0.7132054 0.1406819 0.7132703 0.1417931 0.771114 0.1447799 0.7539704 0.1368612 0.7480856 0.1368612 0.7480856 0.1293718 0.7710557 0.1417931 0.771114 0.1416758 0.7939714 0.1541042 0.7940422 0.1417931 0.771114 0.1417931 0.771114 0.1293718 0.7710557 0.1416758 0.7939714 0.895805 0.6968751 0.8728705 0.7298577 0.8957688 0.7300388 0.1416802 0.8274082 0.1541094 0.8274315 0.1541042 0.7940422 0.1541042 0.7940422 0.1416758 0.7939714 0.1416802 0.8274082 0.9623632 0.186761 0.9565246 0.2100592 0.9623633 0.2104052 0.1431469 0.7442655 0.157292 0.7543943 0.1581217 0.7177514 0.1581217 0.7177514 0.1432324 0.717456 0.1431469 0.7442655 0.4941571 0.8143629 0.4917809 0.8143819 0.4925819 0.8203962 0.4925819 0.8203962 0.4941571 0.82044 0.4941571 0.8143629 0.486208 0.8170872 0.4810779 0.8170872 0.4813585 0.8224471 0.4813585 0.8224471 0.4860845 0.822339 0.486208 0.8170872 0.1694518 0.5025373 0.1679279 0.5025815 0.1671267 0.5087409 0.1671267 0.5087409 0.1694518 0.5086573 0.1694518 0.5025373 0.3154207 0.6468281 0.3180822 0.6468505 0.3154194 0.6407306 0.3180922 0.6407306 0.3154194 0.6407306 0.3180822 0.6468505 0.9417815 0.3533778 0.9414467 0.3326913 0.9221494 0.3330019 0.9221494 0.3330019 0.9222127 0.3534505 0.9417815 0.3533778 0.9412028 0.2824481 0.9053052 0.2824481 0.9041331 0.3059858 0.9041331 0.3059858 0.9410492 0.305939 0.9412028 0.2824481 0.9041331 0.3059858 0.9053052 0.2824481 0.9000955 0.2828618 0.9000955 0.2828618 0.8988255 0.3101916 0.9041331 0.3059858 0.9668924 0.2900871 0.963242 0.2954323 0.9869686 0.282827 0.8988255 0.3101916 0.8915453 0.3327205 0.9221494 0.3330019 0.9221494 0.3330019 0.9410492 0.305939 0.8988255 0.3101916 0.8915453 0.3327205 0.8910573 0.3545427 0.9221494 0.3330019 0.2495719 0.6936436 0.2495719 0.6810623 0.2482393 0.6821981 0.4925743 0.565391 0.5048147 0.5690742 0.5045019 0.5468121 0.4900441 0.5120267 0.4925743 0.565391 0.5045019 0.5468121 0.5045019 0.5468121 0.5042721 0.4982621 0.4900441 0.5120267 0.8910573 0.3545427 0.9217676 0.3545549 0.9221494 0.3330019 0.4094666 0.5218356 0.4094666 0.4995598 0.3969892 0.5176469 0.5245194 0.5275293 0.5245194 0.4997128 0.5042721 0.4982621 0.5042721 0.4982621 0.5045019 0.5468121 0.5245194 0.5275293 0.9410492 0.305939 0.9221494 0.3330019 0.9414467 0.3326913 0.9041331 0.3059858 0.8988255 0.3101916 0.9410492 0.305939 0.935373 0.4306468 0.9396229 0.4251467 0.9397247 0.3545549 0.8922032 0.3554444 0.8921614 0.4090153 0.9126637 0.4084507 0.9126637 0.4084507 0.9129751 0.3551469 0.8922032 0.3554444 0.9631797 0.3547216 0.9397247 0.3545549 0.9396229 0.4251467 0.9396229 0.4251467 0.9631797 0.4242607 0.9631797 0.3547216 0.9396229 0.4251467 0.935373 0.4306468 0.962745 0.4297292 0.962745 0.4297292 0.9631797 0.4242607 0.9396229 0.4251467 0.9565246 0.1869925 0.941806 0.1925743 0.9417815 0.3490051 0.9417815 0.3490051 0.9565246 0.3545549 0.9565246 0.1869925 0.9869687 0.4392517 0.9631797 0.3571529 0.9632796 0.4267284 0.9869687 0.4392517 0.9632796 0.4267284 0.966924 0.4320678 0.9126637 0.4084507 0.9129315 0.43906 0.935373 0.4306468 0.9126637 0.4084507 0.8910834 0.4392517 0.9129315 0.43906 0.8384347 0.5824217 0.8387787 0.5601426 0.8262891 0.5639012 0.8237179 0.6172198 0.8382306 0.6309177 0.8384347 0.5824217 0.8384347 0.5824217 0.8262891 0.5639012 0.8237179 0.6172198 0.9126637 0.4084507 0.8910573 0.4085498 0.8910834 0.4392517 0.2771974 0.6538662 0.2898763 0.6575026 0.2898763 0.6354826 0.8588052 0.6014928 0.8384347 0.5824217 0.8382306 0.6309177 0.8382306 0.6309177 0.8588052 0.6293258 0.8588052 0.6014928 0.9126637 0.4084507 0.935373 0.4306468 0.9397247 0.3545549 0.9126637 0.4084507 0.9397247 0.3545549 0.9129751 0.3551469 0.963242 0.2954323 0.9631862 0.3313522 0.9869686 0.282827 0.9631797 0.3571529 0.9869687 0.4392517 0.9836862 0.3563459 0.9836258 0.3320681 0.9869686 0.282827 0.9631862 0.3313522 0.9869687 0.4392517 0.9869686 0.282827 0.9836258 0.3320681 0.9836258 0.3320681 0.9836862 0.3563459 0.9869687 0.4392517 0.4372323 0.5003272 0.4372738 0.5077905 0.4393367 0.5000734 0.439467 0.5117589 0.4393367 0.5000734 0.4372738 0.5077905 0.4273316 0.4992378 0.4235978 0.5105356 0.4284304 0.5000945 0.4279758 0.5202571 0.4235978 0.5105356 0.4276767 0.5207117 0.4235978 0.5105356 0.4284304 0.5155368 0.4284304 0.5000945 0.4279758 0.5202571 0.4284304 0.5155368 0.4235978 0.5105356 0.4372796 0.5177282 0.439467 0.5117589 0.4372738 0.5077905 0.4372796 0.5177282 0.439467 0.521322 0.439467 0.5117589 0.4316199 0.5075049 0.4316815 0.500494 0.4294591 0.5000773 0.4294896 0.5133202 0.4316199 0.5075049 0.4294591 0.5000773 0.4294896 0.5133202 0.4317136 0.5178233 0.4316199 0.5075049 0.4317136 0.5178233 0.4294896 0.5133202 0.4294201 0.5210067 0.1690801 0.534529 0.1703119 0.518168 0.1653985 0.5216804 0.1703119 0.518168 0.1690801 0.534529 0.1703119 0.5335779 0.1698 0.5133578 0.1653985 0.5216804 0.1703119 0.518168 0.4372796 0.5177282 0.4317136 0.5178233 0.4294201 0.5210067 0.4294201 0.5210067 0.439467 0.521322 0.4372796 0.5177282 0.4372738 0.5077905 0.4316199 0.5075049 0.4317136 0.5178233 0.4317136 0.5178233 0.4372796 0.5177282 0.4372738 0.5077905 0.4372323 0.5003272 0.4316815 0.500494 0.4316199 0.5075049 0.4316199 0.5075049 0.4372738 0.5077905 0.4372323 0.5003272 0.1308914 0.5176008 0.1325774 0.5176605 0.1312698 0.5085834 0.2369837 0.5879859 0.2354741 0.5881245 0.2369837 0.5973297 0.1417232 0.9237623 0.1400231 0.92352 0.1403046 0.9327862 0.1403046 0.9327862 0.141736 0.9327166 0.1417232 0.9237623 0.3175938 0.6538192 0.3154194 0.6539696 0.3175938 0.6631157 0.1327083 0.5083674 0.1312698 0.5085834 0.1325774 0.5176605 0.4569342 0.5013405 0.4600945 0.5025833 0.4579983 0.4995298 0.4584152 0.5029219 0.4600945 0.5025833 0.4569342 0.5013405 0.4579983 0.4995298 0.4600945 0.5025833 0.4600945 0.4996047 0.1306731 0.5243369 0.1325774 0.5176605 0.1308914 0.5176008 0.9631119 0.242228 0.9631119 0.2353036 0.9610111 0.2358416 0.1417232 0.9237623 0.1412504 0.9169707 0.1397933 0.9169467 0.1397933 0.9169467 0.1400231 0.92352 0.1417232 0.9237623 0.3157942 0.6472907 0.3154194 0.6539696 0.3175938 0.6538192 0.3175938 0.6538192 0.3175014 0.6468505 0.3157942 0.6472907 0.1325774 0.5176605 0.1306731 0.5243369 0.1327083 0.5246366 0.1412504 0.9169707 0.1417232 0.9237623 0.1433055 0.9169467 0.5359424 0.5852968 0.5563481 0.5808665 0.5303485 0.5620812 0.7470646 0.8123467 0.7526339 0.8356019 0.726723 0.8167313 0.7347858 0.8632225 0.726723 0.8167313 0.7526339 0.8356019 0.7347858 0.8632225 0.726723 0.8843109 0.726723 0.8167313 0.5303485 0.5620812 0.5563481 0.5808665 0.5482429 0.5344624 0.5563481 0.5132886 0.5482429 0.5344624 0.5563481 0.5808665 0.301902 0.6596938 0.3068726 0.6408157 0.3034377 0.6398921 0.5361448 0.9990572 0.5395842 0.9980865 0.5345515 0.9793594 0.5345515 0.9793594 0.5308744 0.9791259 0.5361448 0.9990572 0.5190453 0.7285342 0.5190453 0.717031 0.5172799 0.7172012 0.1544268 0.8888201 0.1408681 0.8888201 0.1415249 0.9026053 0.1415249 0.9026053 0.1538653 0.9026705 0.1544268 0.8888201 0.1647881 0.5993561 0.1647708 0.612915 0.1665053 0.6127493 0.1665053 0.6127493 0.1665053 0.599347 0.1647881 0.5993561 0.1695299 0.555617 0.1695299 0.5432881 0.1673789 0.5445868 0.1673789 0.5445868 0.1674343 0.554497 0.1695299 0.555617 0.3034377 0.6398921 0.2980632 0.6600153 0.301902 0.6596938 0.3038462 0.6709225 0.301902 0.6596938 0.2980632 0.6600153 0.3038462 0.6709225 0.3068726 0.6701308 0.301902 0.6596938 0.5395842 0.9688472 0.5308744 0.9791259 0.5345515 0.9793594 0.5356828 0.9688452 0.5308744 0.9791259 0.5395842 0.9688472 0.5174391 0.7004379 0.5172799 0.7172012 0.5190453 0.717031 0.2616245 0.5993697 0.2617232 0.5823001 0.2599515 0.5823102 0.2599515 0.5823102 0.2598545 0.5992603 0.2616245 0.5993697 0.2616245 0.5993697 0.2599362 0.6105907 0.2617232 0.6115971 0.4238612 0.4994342 0.4256399 0.502759 0.4257674 0.4994342 0.2598545 0.5992603 0.2599362 0.6105907 0.2616245 0.5993697 0.2312853 0.5907413 0.2260338 0.6109777 0.2297753 0.6104437 0.2297753 0.6104437 0.2347233 0.5916539 0.2312853 0.5907413 0.5402345 0.999568 0.5436769 0.9986081 0.5387544 0.9796823 0.5387544 0.9796823 0.5349683 0.9795792 0.5402345 0.999568 0.516407 0.8272347 0.5182734 0.8102553 0.5165016 0.810266 0.258002 0.5796715 0.2597998 0.5828267 0.2597998 0.5793487 0.4537786 0.5068498 0.4402199 0.5068498 0.4408767 0.520635 0.4408767 0.520635 0.4532171 0.5207003 0.4537786 0.5068498 0.160166 0.51803 0.1601486 0.531589 0.1618831 0.531423 0.1618831 0.531423 0.1618831 0.5180211 0.160166 0.51803 0.1673789 0.555617 0.1673789 0.5432881 0.165228 0.5445868 0.165228 0.5445868 0.1652832 0.554497 0.1673789 0.555617 0.2297753 0.6104437 0.2260338 0.6109777 0.2314691 0.6218214 0.2314691 0.6218214 0.2347233 0.6211649 0.2297753 0.6104437 0.5387544 0.9796823 0.5436769 0.9691713 0.5398674 0.9693548 0.5349683 0.9795792 0.5387544 0.9796823 0.5398674 0.9693548 0.5165048 0.8786892 0.5176401 0.8672694 0.5158805 0.8669691 0.5176401 0.8504082 0.5158805 0.8669691 0.5176401 0.8672694 0.5182734 0.8102553 0.516407 0.8272347 0.5181791 0.8274359 0.5182734 0.8394892 0.5181791 0.8274359 0.516407 0.8272347 0.516407 0.8272347 0.5164918 0.8385463 0.5182734 0.8394892 0.588623 0.3843775 0.588623 0.3545624 0.5777451 0.3561624 0.5777451 0.3561624 0.5777447 0.3859745 0.588623 0.3843775 0.5141869 0.8786892 0.5158805 0.8786042 0.5158805 0.8474372 0.5158805 0.8474372 0.5141823 0.8476198 0.5141869 0.8786892 0.2624097 0.6526317 0.2641029 0.6525525 0.2641029 0.6216085 0.2641029 0.6216085 0.262405 0.6217859 0.2624097 0.6526317 0.1618831 0.5205032 0.1619821 0.5314983 0.1634494 0.531589 0.1634494 0.531589 0.1634494 0.5203833 0.1618831 0.5205032 0.5371373 0.775996 0.5370541 0.7869808 0.5387178 0.7870737 0.5387178 0.7870737 0.5387178 0.7758702 0.5371373 0.775996 0.2513803 0.5803179 0.2465882 0.6005565 0.2503442 0.6001014 0.2503442 0.6001014 0.2548394 0.5811473 0.2513803 0.5803179 0.2571217 0.6489695 0.2605683 0.6480891 0.2561504 0.6291987 0.2561504 0.6291987 0.2523991 0.6287072 0.2571217 0.6489695 0.5260587 0.8535303 0.5260641 0.8625032 0.5278311 0.8637265 0.5278311 0.8637265 0.5278311 0.8535647 0.5260587 0.8535303 0.9612469 0.2623886 0.961324 0.2724973 0.9631119 0.273536 0.9631119 0.273536 0.9630177 0.2623206 0.9612469 0.2623886 0.2503442 0.6001014 0.2465882 0.6005565 0.2527954 0.6115971 0.2527954 0.6115971 0.2548394 0.6092447 0.2503442 0.6001014 0.260568 0.6188905 0.2575179 0.6187633 0.2523991 0.6287072 0.2523991 0.6287072 0.2561504 0.6291987 0.260568 0.6188905 0.5270597 0.8344237 0.5260587 0.8535303 0.5278311 0.8535647 0.9630177 0.2623206 0.9631119 0.2422283 0.9613401 0.242228 0.9613401 0.242228 0.9612469 0.2623886 0.9630177 0.2623206 0.1454949 0.9288145 0.1456905 0.9378648 0.1473672 0.9376866 0.1473672 0.9376866 0.1469097 0.9285805 0.1454949 0.9288145 0.5305685 0.843744 0.5293417 0.8528329 0.5310551 0.8528573 0.5310551 0.8528573 0.5316359 0.843735 0.5305685 0.843744 0.4121056 0.5150761 0.4121056 0.5057895 0.4099369 0.5060065 0.4099369 0.5060065 0.410463 0.5151848 0.4121056 0.5150761 0.4192137 0.502759 0.4192137 0.4995113 0.4161145 0.5010457 0.1473672 0.9376866 0.1456905 0.9378648 0.1473672 0.9447068 0.1678996 0.5336871 0.1644043 0.5343886 0.1678996 0.5406964 0.5310551 0.8528573 0.5293417 0.8528329 0.5288492 0.859454 0.4099369 0.5060065 0.4121056 0.5057895 0.4106188 0.4992759 0.1444762 0.944394 0.1473672 0.9447068 0.1456905 0.9378648 0.5316359 0.8598273 0.5310551 0.8528573 0.5288492 0.859454 0.9003337 0.7556948 0.944783 0.755731 0.9568559 0.6827262 0.2305178 0.3031566 0.2250568 0.305557 0.2306692 0.3102935 0.5202965 0.8733879 0.513163 0.8873341 0.5149179 0.8817032 0.5456966 0.8972167 0.5416246 0.8917282 0.5501691 0.8403788 0.5501691 0.8403788 0.5563885 0.8342617 0.5456966 0.8972167 0.5265394 0.9384197 0.5223186 0.9361864 0.5233134 0.928223 0.3916014 0.9577893 0.4145566 0.9809295 0.5070667 0.9925882 0.4081284 0.9785367 0.4145566 0.9809295 0.3916014 0.9577893 0.5416246 0.8917282 0.513163 0.8873341 0.5202965 0.8733879 0.5072228 0.9301416 0.5233134 0.928223 0.5142994 0.9321702 0.5233134 0.928223 0.5223186 0.9361864 0.5142994 0.9321702 0.5202965 0.8733879 0.5501691 0.8403788 0.5416246 0.8917282 0.5660933 0.9969263 0.5517884 0.9979161 0.5516779 0.984046 0.5521436 0.9656387 0.548875 0.9704124 0.5436353 0.9580269 0.3675001 0.9862067 0.3685726 0.9582822 0.3337686 0.9592272 0.3337686 0.9592272 0.3351003 0.9978318 0.3675001 0.9862067 0.3916014 0.9577893 0.3914812 0.9792764 0.4081284 0.9785367 0.3916014 0.9577893 0.3598666 0.858042 0.359867 0.9577831 0.3495054 0.9581159 0.359867 0.9577831 0.3598666 0.858042 0.3598666 0.858042 0.3495187 0.8577094 0.3495054 0.9581159 0.3495054 0.9581159 0.3495187 0.8577094 0.3264716 0.9593747 0.5635814 0.9600446 0.5558084 0.964214 0.5563998 0.971908 0.5563998 0.971908 0.5664971 0.9857965 0.5635814 0.9600446 0.5201631 0.8732648 0.5147767 0.8815842 0.5130178 0.8872187 0.5454974 0.8970381 0.5564193 0.83428 0.5501658 0.840377 0.5501658 0.840377 0.5414457 0.8915848 0.5454974 0.8970381 0.5232672 0.9281271 0.5222953 0.9361078 0.5265313 0.9383324 0.5070667 0.9925882 0.4145926 0.8348891 0.3916074 0.8580359 0.3916074 0.8580359 0.4145926 0.8348891 0.4081439 0.8373079 0.5201631 0.8732648 0.5130178 0.8872187 0.5414457 0.8915848 0.5070667 0.82309 0.4145926 0.8348891 0.5070667 0.9925882 0.5232672 0.9281271 0.5142494 0.9321071 0.5222953 0.9361078 0.5414457 0.8915848 0.5501658 0.840377 0.5201631 0.8732648 0.5517498 0.983941 0.5518276 0.9978318 0.566156 0.9968746 0.3683957 0.829807 0.3352688 0.8177857 0.3338113 0.8564459 0.3338113 0.8564459 0.3685725 0.8575415 0.3683957 0.829807 0.5624038 0.948916 0.5594767 0.9320173 0.5517007 0.9278526 0.4081439 0.8373079 0.3915028 0.8365409 0.3916074 0.8580359 0.3916014 0.9577893 0.5070667 0.9925882 0.3916074 0.8580359 0.3916014 0.9577893 0.3916074 0.8580359 0.3598666 0.858042 0.3352688 0.8177857 0.3331301 0.8565349 0.3338113 0.8564459 0.3495187 0.8577094 0.3264875 0.8564411 0.3264716 0.9593747 0.5594767 0.9320173 0.5522873 0.9201685 0.5517007 0.9278526 0.5594767 0.9320173 0.5624038 0.9062957 0.5522873 0.9201685 0.5425578 0.9009937 0.5416246 0.8917282 0.5456966 0.8972167 0.5414457 0.8915848 0.5423913 0.9008215 0.5454974 0.8970381 0.5558084 0.964214 0.5635814 0.9600446 0.5664971 0.9431487 0.5071552 0.9300955 0.5142494 0.9321071 0.5232672 0.9281271 0.223658 0.8197525 0.2116739 0.8145678 0.2097653 0.8188558 0.7905238 0.03018552 0.7493301 0.04317313 0.805505 0.04318696 0.195436 0.8354762 0.2048272 0.8303614 0.1902354 0.8194881 0.1902354 0.8194881 0.1739758 0.8303037 0.195436 0.8354762 0.171593 0.3525396 0.1894195 0.3527233 0.171082 0.3213346 0.4949241 0.2275084 0.4926903 0.2271746 0.4909748 0.2308713 0.4909748 0.2308713 0.4921533 0.2322393 0.4949241 0.2275084 0.4926903 0.2271746 0.4949241 0.2275084 0.4949426 0.2150005 0.4949426 0.2150005 0.4928562 0.2150074 0.4926903 0.2271746 0.2152817 0.834847 0.2217209 0.8241005 0.2097653 0.8188558 0.2097653 0.8188558 0.2048272 0.8303614 0.2152817 0.834847 0.7475139 0.05808359 0.8429291 0.05858761 0.805505 0.04318696 0.805505 0.04318696 0.7493301 0.04317313 0.7475139 0.05808359 0.2048272 0.8303614 0.2097653 0.8188558 0.1902354 0.8194881 0.2097653 0.8188558 0.2116739 0.8145678 0.1945024 0.8145678 0.1945024 0.8145678 0.1902354 0.8194881 0.2097653 0.8188558 0.8431307 0.04313492 0.8431399 0.03008753 0.7905238 0.03018552 0.7905238 0.03018552 0.805505 0.04318696 0.8431307 0.04313492 0.1897552 0.3212074 0.1894195 0.3527233 0.1958278 0.3496348 0.171082 0.3213346 0.1894195 0.3527233 0.1897552 0.3212074 0.8431307 0.04313492 0.805505 0.04318696 0.8429291 0.05858761 0.2097653 0.8188558 0.2217209 0.8241005 0.223658 0.8197525 0.1833043 0.7979987 0.1853334 0.8026672 0.1953924 0.7930534 0.7905238 0.03018552 0.6970414 0.03008753 0.7493301 0.04317313 0.1897552 0.3212074 0.1958278 0.3496348 0.1973459 0.254224 0.1973459 0.254224 0.1895889 0.2321181 0.1897552 0.3212074 0.211765 0.8138354 0.2331795 0.8084264 0.2236795 0.8034895 0.2236795 0.8034895 0.2023186 0.8088226 0.211765 0.8138354 0.1915078 0.813566 0.2023186 0.8088226 0.1853334 0.8026672 0.3429176 0.2275356 0.3460584 0.2325903 0.3468648 0.2308216 0.3468648 0.2308216 0.3451483 0.2271243 0.3429176 0.2275356 0.3449268 0.2150005 0.3429176 0.2275356 0.3451483 0.2271243 0.1973243 0.7973712 0.1853334 0.8026672 0.2023186 0.8088226 0.2165411 0.7973926 0.1973243 0.7973712 0.2023186 0.8088226 0.2023186 0.8088226 0.2236795 0.8034895 0.2165411 0.7973926 0.1973243 0.7973712 0.2165411 0.7973926 0.2126759 0.7930534 0.2126759 0.7930534 0.1953924 0.7930534 0.1973243 0.7973712 0.6966752 0.04312664 0.7493301 0.04317313 0.6970414 0.03008753 0.1953436 0.2034581 0.189607 0.200654 0.1895889 0.2321181 0.1895889 0.2321181 0.1973459 0.254224 0.1953436 0.2034581 0.1806124 0.200699 0.171082 0.2322489 0.1895889 0.2321181 0.1895889 0.2321181 0.189607 0.200654 0.1806124 0.200699 0.171082 0.2322489 0.1806124 0.200699 0.1713105 0.2010598 0.7475139 0.05808359 0.7493301 0.04317313 0.6966752 0.04312664 0.6966752 0.04312664 0.6967404 0.05859476 0.7475139 0.05808359 0.1973243 0.7973712 0.1953924 0.7930534 0.1853334 0.8026672 0.07763242 0.5220711 0.09147644 0.5272915 0.08776938 0.5288212 0.09147644 0.5272915 0.07763242 0.5220711 0.07792395 0.5140643 0.3698024 0.3492459 0.3540366 0.3495387 0.3704255 0.3457846 0.3540366 0.3495387 0.3698024 0.3492459 0.3540618 0.3531348 0.1275138 0.5289567 0.1406401 0.5238984 0.1279464 0.5367199 0.1406401 0.5238984 0.1275138 0.5289567 0.1369318 0.522377 0.1043916 0.6188085 0.100852 0.610934 0.1046887 0.6106193 0.100852 0.610934 0.1043916 0.6188085 0.100852 0.6197453 0.08776938 0.5288212 0.09015417 0.5638962 0.08651155 0.5621652 0.09015417 0.5638962 0.08776938 0.5288212 0.09147644 0.5272915 0.3191601 0.3494862 0.3540366 0.3495387 0.3540618 0.3531348 0.1358637 0.489184 0.1406401 0.5238984 0.1369318 0.522377 0.4365533 0.2255597 0.40494 0.2287539 0.4039429 0.2255597 0.40494 0.2287539 0.4365533 0.2255597 0.4362786 0.2291238 0.4039429 0.2255597 0.40494 0.2287539 0.4035564 0.2292604 0.09015417 0.5638962 0.07763242 0.5661485 0.08651155 0.5621652 0.07763242 0.5661485 0.09015417 0.5638962 0.07765132 0.5742491 0.1580993 0.6840915 0.1431125 0.6875738 0.1423804 0.6840915 0.1431125 0.6875738 0.1580993 0.6840915 0.1583762 0.6879369 0.1395614 0.4875152 0.1275138 0.4850802 0.1275622 0.4771944 0.1275138 0.4850802 0.1395614 0.4875152 0.1358637 0.489184 0.2711065 0.2962409 0.2806087 0.2999591 0.2706706 0.3001219 0.2806087 0.2999591 0.2711065 0.2962409 0.2815381 0.2962411 0.40494 0.2287539 0.4362786 0.2291238 0.4035564 0.2292604 0.3540366 0.3495387 0.3191601 0.3494862 0.3189986 0.3457846 0.1406401 0.5238984 0.1358637 0.489184 0.1395614 0.4875152 0.2884671 0.2815945 0.2884688 0.2736421 0.300279 0.2815945 0.181716 0.3527233 0.18967 0.3527241 0.18967 0.3645361 0.3191193 0.273642 0.3088795 0.2815944 0.304579 0.2815944 0.18967 0.3731368 0.18967 0.3833754 0.1817159 0.3833745 0.3191193 0.273642 0.3191176 0.2815944 0.3088795 0.2815944 0.18967 0.3731368 0.1973459 0.3688371 0.1945315 0.3731371 0.1610074 0.751616 0.1602005 0.7873167 0.1710681 0.7872117 0.1610074 0.751616 0.1710681 0.7872117 0.1716693 0.7516788 0.2381801 0.6824682 0.2381801 0.7109134 0.2439331 0.7118089 0.2381801 0.6824682 0.2439331 0.7118089 0.2439331 0.6833638 0.1539561 0.6438975 0.1549705 0.6438586 0.1549705 0.63766 0.1539561 0.6438975 0.1549705 0.63766 0.153878 0.6383903 0.1422618 0.6438975 0.1531545 0.643884 0.1531545 0.6273362 0.1422618 0.6438975 0.1531545 0.6273362 0.1423059 0.6273497 0.1716693 0.7516788 0.1774427 0.7528163 0.177456 0.7430433 0.1716693 0.7516788 0.177456 0.7430433 0.1724296 0.7409145 0.2515776 0.7162759 0.25919 0.6842457 0.2536723 0.6811824 0.2515776 0.7162759 0.2536723 0.6811824 0.2460401 0.7141527 0.1921393 0.752903 0.1875101 0.7904648 0.2174018 0.7709797 0.1921393 0.752903 0.2174018 0.7709797 0.2376832 0.7531719 0.1716693 0.7516788 0.1710681 0.7872117 0.1766312 0.7909711 0.1716693 0.7516788 0.1766312 0.7909711 0.1774427 0.7528163 0.2578404 0.7483206 0.2574735 0.7491793 0.2707086 0.7657012 0.2578404 0.7483206 0.2707086 0.7657012 0.2710309 0.7649183 0.2376831 0.6433948 0.2381801 0.6824682 0.2439331 0.6833638 0.2376831 0.6433948 0.2439331 0.6833638 0.2434362 0.6442903 0.2710309 0.6609199 0.2632435 0.663172 0.2536723 0.6811824 0.2710309 0.6609199 0.2536723 0.6811824 0.25919 0.6842457 0.2376832 0.7531719 0.2374116 0.7669313 0.2431949 0.7661477 0.2376832 0.7531719 0.2431949 0.7661477 0.2434363 0.7540674 0.2815276 0.690425 0.2658477 0.6757376 0.2606838 0.6965889 0.2815276 0.690425 0.2606838 0.6965889 0.2845691 0.710942 0.1869528 0.6612113 0.1775035 0.6521305 0.1763855 0.6546911 0.1869528 0.6612113 0.1763855 0.6546911 0.1854168 0.6626213 0.2815276 0.690425 0.2881645 0.6841287 0.2692727 0.6666204 0.2815276 0.690425 0.2692727 0.6666204 0.2658477 0.6757376 0.1854168 0.7323563 0.1763855 0.7408862 0.177456 0.7430433 0.1854168 0.7323563 0.177456 0.7430433 0.1869529 0.7334126 0.1600023 0.7015689 0.1602171 0.7298927 0.1750521 0.7262311 0.1600023 0.7015689 0.1750521 0.7262311 0.1748781 0.7010554 0.1843843 0.700102 0.1844924 0.6792934 0.175052 0.6746088 0.1843843 0.700102 0.175052 0.6746088 0.1748781 0.7010554 0.1844925 0.7200593 0.1843843 0.700102 0.1748781 0.7010554 0.1844925 0.7200593 0.1748781 0.7010554 0.1750521 0.7262311 0.1724296 0.6555423 0.1610497 0.6511687 0.1602171 0.6718 0.1724296 0.6555423 0.1602171 0.6718 0.175052 0.6746088 0.2815276 0.7313937 0.2845691 0.710942 0.2606838 0.7248659 0.2815276 0.7313937 0.2606838 0.7248659 0.2658478 0.7458195 0.2658477 0.6757376 0.2643709 0.6746296 0.2591648 0.6961821 0.2658477 0.6757376 0.2591648 0.6961821 0.2606838 0.6965889 0.2376832 0.7531719 0.2381801 0.7109134 0.1923907 0.7117442 0.2376832 0.7531719 0.1923907 0.7117442 0.1921393 0.752903 0.1921393 0.752903 0.1869529 0.7334126 0.177456 0.7430433 0.1921393 0.752903 0.177456 0.7430433 0.1774427 0.7528163 0.1923907 0.7117442 0.1872043 0.7111907 0.1869529 0.7334126 0.1923907 0.7117442 0.1869529 0.7334126 0.1921393 0.752903 0.1610498 0.7455359 0.1610074 0.751616 0.1716693 0.7516788 0.1610498 0.7455359 0.1716693 0.7516788 0.1724296 0.7409145 0.2477285 0.750433 0.2537136 0.754572 0.2574735 0.7491793 0.2477285 0.750433 0.2574735 0.7491793 0.254157 0.7412125 0.2504871 0.7388054 0.254157 0.7412125 0.2525997 0.7329044 0.2504871 0.7388054 0.2525997 0.7329044 0.2469463 0.7294684 0.1423704 0.6272091 0.1502187 0.6273362 0.1502187 0.6165692 0.1423704 0.6272091 0.1502187 0.6165692 0.1422618 0.6164081 0.2707086 0.7657012 0.2574735 0.7491793 0.2537136 0.754572 0.2707086 0.7657012 0.2537136 0.754572 0.2705305 0.7659568 0.2535098 0.7330517 0.2525997 0.7329044 0.254157 0.7412125 0.2535098 0.7330517 0.254157 0.7412125 0.2549689 0.7412905 0.2376832 0.7531719 0.2434363 0.7540674 0.2439331 0.7118089 0.2376832 0.7531719 0.2439331 0.7118089 0.2381801 0.7109134 0.1730227 0.8377144 0.1673577 0.8403686 0.169193 0.8537585 0.1730227 0.8377144 0.169193 0.8537585 0.1785537 0.8423152 0.1923907 0.681455 0.2381801 0.6824682 0.2376831 0.6433948 0.1923907 0.681455 0.2376831 0.6433948 0.1921392 0.643126 0.1716693 0.6454429 0.171068 0.6143429 0.1602004 0.6141323 0.1716693 0.6454429 0.1602004 0.6141323 0.1610074 0.64538 0.2709202 0.660853 0.259187 0.684234 0.2536462 0.6811971 0.2709202 0.660853 0.2536462 0.6811971 0.26313 0.6631398 0.2705731 0.7651487 0.2576018 0.7490783 0.2579721 0.7482216 0.2705731 0.7651487 0.2579721 0.7482216 0.2709202 0.7643857 0.1024736 0.6205393 0.09540218 0.6206162 0.09529489 0.6314151 0.1024736 0.6205393 0.09529489 0.6314151 0.1024736 0.6312844 0.2174016 0.6274312 0.18751 0.610216 0.1921392 0.643126 0.2174016 0.6274312 0.1921392 0.643126 0.2376831 0.6433948 0.2444509 0.7476545 0.2505744 0.7387481 0.2542363 0.7411264 0.2444509 0.7476545 0.2542363 0.7411264 0.2478696 0.7503865 0.2431949 0.6336026 0.2374116 0.6312243 0.2376831 0.6433948 0.2431949 0.6336026 0.2376831 0.6433948 0.2434362 0.6442903 0.2536462 0.6811971 0.259187 0.684234 0.2516413 0.716257 0.2536462 0.6811971 0.2516413 0.716257 0.2460808 0.7141577 0.18751 0.610216 0.1766312 0.6096577 0.1773951 0.6431953 0.18751 0.610216 0.1773951 0.6431953 0.1921392 0.643126 0.2705731 0.7651487 0.2702953 0.7654783 0.2538781 0.7544946 0.2705731 0.7651487 0.2538781 0.7544946 0.2576018 0.7490783 0.2815276 0.7313937 0.2658478 0.7458195 0.2692727 0.7532444 0.2815276 0.7313937 0.2692727 0.7532444 0.2881645 0.7360077 0.1872042 0.6819786 0.1856406 0.6826981 0.1856406 0.7108355 0.1872042 0.6819786 0.1856406 0.7108355 0.1872043 0.7111907 0.1748781 0.7010554 0.175052 0.6746088 0.1602171 0.6718 0.1748781 0.7010554 0.1602171 0.6718 0.1600023 0.7015689 0.2606838 0.7248659 0.2591648 0.7255396 0.2643709 0.74719 0.2606838 0.7248659 0.2643709 0.74719 0.2658478 0.7458195 0.1869528 0.6612113 0.1921392 0.643126 0.1773951 0.6431953 0.1869528 0.6612113 0.1773951 0.6431953 0.1775035 0.6521305 0.1673577 0.8403686 0.1730227 0.8377144 0.1723076 0.8005326 0.1673577 0.8403686 0.1723076 0.8005326 0.1675295 0.8008999 0.1869528 0.6612113 0.1872042 0.6819786 0.1923907 0.681455 0.1869528 0.6612113 0.1923907 0.681455 0.1921392 0.643126 0.1610497 0.6511687 0.1724296 0.6555423 0.1716693 0.6454429 0.1610497 0.6511687 0.1716693 0.6454429 0.1610074 0.64538 0.1743158 0.7899898 0.1677088 0.7904576 0.1675295 0.8008999 0.1743158 0.7899898 0.1675295 0.8008999 0.1723076 0.8005326 0.05832427 0.6224589 0.0474326 0.6223078 0.04749643 0.6382799 0.05832427 0.6224589 0.04749643 0.6382799 0.05832427 0.6384302 0.2525876 0.7327554 0.2469909 0.7294332 0.2460808 0.7141577 0.2525876 0.7327554 0.2460808 0.7141577 0.2516413 0.716257 0.2381801 0.6824682 0.1923907 0.681455 0.1923907 0.7117442 0.2381801 0.6824682 0.1923907 0.7117442 0.2381801 0.7109134 0.468124 0.6442522 0.4765185 0.6439133 0.4764853 0.6841307 0.468124 0.6442522 0.4764853 0.6841307 0.4676239 0.6844884 0.4987559 0.6435232 0.5163353 0.644385 0.5116735 0.6840975 0.4987559 0.6435232 0.5116735 0.6840975 0.4917414 0.6831243 0.3850047 0.5860825 0.3683226 0.5871708 0.3670183 0.5604006 0.3850047 0.5860825 0.3670183 0.5604006 0.3853707 0.5592518 0.4676239 0.6844884 0.4764853 0.6841307 0.4769963 0.710919 0.4676239 0.6844884 0.4769963 0.710919 0.4678121 0.7112898 0.465003 0.6441907 0.459642 0.6439804 0.4598023 0.6171421 0.465003 0.6441907 0.4598023 0.6171421 0.4654567 0.6173639 0.4611396 0.6861084 0.4576224 0.6860118 0.456595 0.6460309 0.4611396 0.6861084 0.456595 0.6460309 0.460076 0.6461265 0.4251424 0.6728997 0.4216861 0.6730658 0.4171922 0.6333222 0.4251424 0.6728997 0.4171922 0.6333222 0.4204904 0.633163 0.46596 0.6000941 0.4603056 0.5998722 0.4608319 0.5829548 0.46596 0.6000941 0.4608319 0.5829548 0.4665085 0.583158 0.3189578 0.2580804 0.3128622 0.2621619 0.3130237 0.2606777 0.3189578 0.2580804 0.3130237 0.2606777 0.3191193 0.2565962 0.4683714 0.728045 0.4781304 0.7419125 0.4675875 0.7415614 0.4683714 0.728045 0.4675875 0.7415614 0.4670668 0.7287492 0.3889664 0.5423531 0.3680065 0.543665 0.3679155 0.5421853 0.3889664 0.5423531 0.3679155 0.5421853 0.3888754 0.5408735 0.2622317 0.562424 0.2997975 0.562424 0.2997951 0.5669222 0.2622317 0.562424 0.2997951 0.5669222 0.2622293 0.5671411 0.4666576 0.5783656 0.4521033 0.5778862 0.4521436 0.576662 0.4666576 0.5783656 0.4521436 0.576662 0.4666979 0.5771414 0.3888754 0.5408735 0.3679155 0.5421853 0.3691491 0.5294221 0.3888754 0.5408735 0.3691491 0.5294221 0.3999612 0.5274989 0.4921359 0.7266205 0.5165262 0.7277476 0.5252556 0.7422708 0.4921359 0.7266205 0.5252556 0.7422708 0.4935112 0.7408039 0.4665085 0.583158 0.4608319 0.5829548 0.4521033 0.5778862 0.4665085 0.583158 0.4521033 0.5778862 0.4666576 0.5783656 0.4572841 0.5840741 0.4567942 0.6019266 0.4554094 0.601397 0.4572841 0.5840741 0.4554094 0.601397 0.4559565 0.5840325 0.4603039 0.6020229 0.4567942 0.6019266 0.4572841 0.5840741 0.4603039 0.6020229 0.4572841 0.5840741 0.4608319 0.5829548 0.4214839 0.6063432 0.4180021 0.6065024 0.4218803 0.5896663 0.4214839 0.6063432 0.4218803 0.5896663 0.4253619 0.5895071 0.4678121 0.7112898 0.4769963 0.710919 0.4775555 0.7276743 0.4678121 0.7112898 0.4775555 0.7276743 0.4683714 0.728045 0.3853707 0.5592518 0.3670183 0.5604006 0.3680065 0.543665 0.3853707 0.5592518 0.3680065 0.543665 0.3889664 0.5423531 0.4654567 0.6173639 0.4598023 0.6171421 0.4603056 0.5998722 0.4654567 0.6173639 0.4603056 0.5998722 0.46596 0.6000941 0.4602012 0.6839854 0.4650602 0.684176 0.4666979 0.7399045 0.4602012 0.6839854 0.4666979 0.7399045 0.4624862 0.7397375 0.4216861 0.6730658 0.4251424 0.6728997 0.4340628 0.7279818 0.4216861 0.6730658 0.4340628 0.7279818 0.4306066 0.7282372 0.4765185 0.6439133 0.468124 0.6442522 0.4703809 0.587656 0.4765185 0.6439133 0.4703809 0.587656 0.4781304 0.5873431 0.5163353 0.644385 0.4987559 0.6435232 0.5105227 0.5881671 0.5163353 0.644385 0.5105227 0.5881671 0.5252556 0.5893513 0.3759834 0.6266742 0.3901491 0.6257458 0.3999612 0.6807641 0.3759834 0.6266742 0.3999612 0.6807641 0.388654 0.6818799 0.4599471 0.6192955 0.4564372 0.6191993 0.4567942 0.6019266 0.4599471 0.6192955 0.4567942 0.6019266 0.4603039 0.6020229 0.4650602 0.684176 0.4602012 0.6839854 0.459642 0.6439804 0.4650602 0.684176 0.459642 0.6439804 0.465003 0.6441907 0.460076 0.6461265 0.456595 0.6460309 0.4564372 0.6191993 0.460076 0.6461265 0.4564372 0.6191993 0.4599471 0.6192955 0.3759834 0.6266742 0.3683226 0.5871708 0.3850047 0.5860825 0.3759834 0.6266742 0.3850047 0.5860825 0.3901491 0.6257458 0.4611396 0.6861084 0.4641531 0.7419125 0.4606323 0.7418158 0.4611396 0.6861084 0.4606323 0.7418158 0.4576224 0.6860118 0.4180021 0.6065024 0.4214839 0.6063432 0.4204904 0.633163 0.4180021 0.6065024 0.4204904 0.633163 0.4171922 0.6333222 0.3128622 0.2621619 0.2754735 0.2580804 0.2756349 0.2565962 0.3128622 0.2621619 0.2756349 0.2565962 0.3130237 0.2606777 0.4917414 0.6831243 0.5116735 0.6840975 0.512655 0.7109099 0.4917414 0.6831243 0.512655 0.7109099 0.4908744 0.7099034 0.4908744 0.7099034 0.512655 0.7109099 0.5165262 0.7277476 0.4908744 0.7099034 0.5165262 0.7277476 0.4921359 0.7266205 0.8248321 0.90876 0.8666452 0.9088314 0.8649966 0.8565328 0.8248321 0.90876 0.8649966 0.8565328 0.8249284 0.8564385 0.7942486 0.8412802 0.7939652 0.8563841 0.8001345 0.8563948 0.7942486 0.8412802 0.8001345 0.8563948 0.8084646 0.841003 0.9626449 0.9311808 0.9626498 0.998292 0.964279 0.9980622 0.9626449 0.9311808 0.964279 0.9980622 0.964274 0.9311333 0.9327884 0.863119 0.9327687 0.8389863 0.9143269 0.8388425 0.9327884 0.863119 0.9143269 0.8388425 0.9088596 0.8622627 0.7752992 0.7816141 0.7458075 0.7768695 0.7423376 0.799176 0.7752992 0.7816141 0.7423376 0.799176 0.7701436 0.8127091 0.964279 0.8395247 0.9626498 0.838896 0.9626436 0.8631279 0.964279 0.8395247 0.9626436 0.8631279 0.9642728 0.8632652 0.9018341 0.9764968 0.863081 0.9766567 0.8515457 0.9982011 0.9018341 0.9764968 0.8515457 0.9982011 0.8781318 0.998292 0.8515457 0.9982011 0.863081 0.9766567 0.8266847 0.9768236 0.8515457 0.9982011 0.8266847 0.9768236 0.8270238 0.9979014 0.9088571 0.9089037 0.9020661 0.841287 0.8649966 0.8565328 0.9088571 0.9089037 0.8649966 0.8565328 0.8666452 0.9088314 0.709454 0.4136666 0.7094514 0.3615239 0.6973848 0.3613016 0.709454 0.4136666 0.6973848 0.3613016 0.6979815 0.4135053 0.8248321 0.90876 0.8249284 0.8564385 0.8043271 0.85648 0.8248321 0.90876 0.8043271 0.85648 0.8039597 0.9087243 0.7850219 0.8453752 0.7661499 0.8426039 0.7755753 0.8588318 0.7850219 0.8453752 0.7755753 0.8588318 0.7834469 0.8589733 0.7886082 0.8213692 0.7918769 0.7953246 0.7752992 0.7816141 0.7886082 0.8213692 0.7752992 0.7816141 0.7701436 0.8127091 0.8100683 0.9903584 0.8082322 0.9764589 0.7940172 0.9761317 0.8100683 0.9903584 0.7940172 0.9761317 0.7971169 0.9903819 0.9327911 0.9311683 0.9327884 0.863119 0.9088596 0.8622627 0.9327911 0.9311683 0.9088596 0.8622627 0.9088571 0.9301817 0.8084646 0.841003 0.8097254 0.8456714 0.8267967 0.8482342 0.8084646 0.841003 0.8267967 0.8482342 0.8269183 0.8407031 0.7458075 0.7768695 0.7441326 0.7769477 0.7410809 0.7974694 0.7458075 0.7768695 0.7410809 0.7974694 0.7423376 0.799176 0.7755753 0.8588318 0.7661499 0.8426039 0.764953 0.8436581 0.7755753 0.8588318 0.764953 0.8436581 0.7753755 0.8610499 0.764953 0.8436581 0.7661499 0.8426039 0.7423376 0.799176 0.764953 0.8436581 0.7423376 0.799176 0.741618 0.8007058 0.799955 0.9610377 0.7999595 0.9087162 0.7935131 0.9087048 0.799955 0.9610377 0.7935131 0.9087048 0.7937857 0.9610269 0.7094614 0.3025192 0.7026059 0.2990223 0.6979815 0.3091046 0.7094614 0.3025192 0.6979815 0.3091046 0.709454 0.309419 0.8633138 0.8409944 0.8269183 0.8407031 0.8267967 0.8482342 0.8633138 0.8409944 0.8267967 0.8482342 0.8649966 0.8565328 0.8273296 0.8196276 0.8103484 0.8271111 0.8084646 0.841003 0.8273296 0.8196276 0.8084646 0.841003 0.8269183 0.8407031 0.7026059 0.4248538 0.7094614 0.4215691 0.709454 0.4136666 0.7026059 0.4248538 0.709454 0.4136666 0.6979815 0.4135053 0.7942486 0.8412802 0.8084646 0.841003 0.8103484 0.8271111 0.7942486 0.8412802 0.8103484 0.8271111 0.7973971 0.8270423 0.8266847 0.9768236 0.8082322 0.9764589 0.8100683 0.9903584 0.8266847 0.9768236 0.8100683 0.9903584 0.8270238 0.9979014 0.8248321 0.90876 0.8247489 0.9610815 0.8648172 0.9611241 0.8248321 0.90876 0.8648172 0.9611241 0.8666452 0.9088314 0.7918769 0.8768761 0.7897974 0.8638611 0.7834469 0.8589733 0.7918769 0.8768761 0.7834469 0.8589733 0.7823469 0.8685601 0.848468 0.2554482 0.8484126 0.2822252 0.8243821 0.2678903 0.848468 0.2554482 0.8243821 0.2678903 0.8299422 0.2444849 0.8782662 0.2822086 0.8484126 0.2822252 0.848468 0.2554482 0.8782662 0.2822086 0.848468 0.2554482 0.8783488 0.2554284 0.8783488 0.2554284 0.848468 0.2554482 0.84878 0.2233896 0.8783488 0.2554284 0.84878 0.2233896 0.8783518 0.232448 0.8265889 0.9692921 0.8095089 0.971795 0.8082322 0.9764589 0.8265889 0.9692921 0.8082322 0.9764589 0.8266847 0.9768236 0.9327687 0.8389863 0.9327884 0.863119 0.9626436 0.8631279 0.9327687 0.8389863 0.9626436 0.8631279 0.9626498 0.838896 0.9088658 0.9971594 0.9327946 0.9982756 0.9327911 0.9311683 0.9088658 0.9971594 0.9327911 0.9311683 0.9088571 0.9301817 0.9626449 0.9311808 0.9327911 0.9311683 0.9327946 0.9982756 0.9626449 0.9311808 0.9327946 0.9982756 0.9626498 0.998292 0.8518524 0.8194121 0.8273296 0.8196276 0.8269183 0.8407031 0.8518524 0.8194121 0.8269183 0.8407031 0.8633138 0.8409944 0.8248321 0.90876 0.8039597 0.9087243 0.8041478 0.9609695 0.8248321 0.90876 0.8041478 0.9609695 0.8247489 0.9610815 0.9018341 0.9764968 0.9088571 0.9089037 0.8666452 0.9088314 0.9018341 0.9764968 0.8666452 0.9088314 0.8648172 0.9611241 0.863081 0.9766567 0.8648172 0.9611241 0.8265889 0.9692921 0.863081 0.9766567 0.8265889 0.9692921 0.8266847 0.9768236 0.8289595 0.1933389 0.828408 0.1794911 0.8362353 0.1782609 0.8289595 0.1933389 0.8362353 0.1782609 0.8480899 0.1928704 0.8299422 0.2444849 0.8291401 0.2179027 0.84878 0.2233896 0.8299422 0.2444849 0.84878 0.2233896 0.848468 0.2554482 0.8783488 0.2554284 0.8799684 0.2551687 0.8798885 0.2815127 0.8783488 0.2554284 0.8798885 0.2815127 0.8782662 0.2822086 0.9327884 0.863119 0.9327911 0.9311683 0.9626449 0.9311808 0.9327884 0.863119 0.9626449 0.9311808 0.9626436 0.8631279 0.8799684 0.2551687 0.8783488 0.2554284 0.8783518 0.232448 0.8799684 0.2551687 0.8783518 0.232448 0.8798327 0.2340485 0.8362353 0.1782609 0.836064 0.1761063 0.8490867 0.1917079 0.8362353 0.1782609 0.8490867 0.1917079 0.8480899 0.1928704 0.8480899 0.1928704 0.8490867 0.1917079 0.8788027 0.2308902 0.8480899 0.1928704 0.8788027 0.2308902 0.8783518 0.232448 0.828408 0.1794911 0.8211082 0.1766425 0.8170408 0.1639481 0.828408 0.1794911 0.8170408 0.1639481 0.8279857 0.1698188 0.4051626 0.7712514 0.3872247 0.7604473 0.3779021 0.7706536 0.4051626 0.7712514 0.3779021 0.7706536 0.4003161 0.7841906 0.5932561 0.5428164 0.6002994 0.4648298 0.5960185 0.4644384 0.5932561 0.5428164 0.5960185 0.4644384 0.5889716 0.5424376 0.5674616 0.4294011 0.5594586 0.5231673 0.5666384 0.5237484 0.5674616 0.4294011 0.5666384 0.5237484 0.57464 0.430022 0.3522663 0.7854105 0.3543583 0.7837468 0.34372 0.7639485 0.3522663 0.7854105 0.34372 0.7639485 0.3412295 0.7648991 0.6239406 0.7513397 0.6273032 0.7512572 0.6255652 0.6730933 0.6239406 0.7513397 0.6255652 0.6730933 0.6222028 0.6731764 0.5594586 0.5231673 0.557923 0.5497379 0.5651159 0.5500395 0.5594586 0.5231673 0.5651159 0.5500395 0.5666384 0.5237484 0.3689552 0.7998713 0.3702796 0.7975487 0.3543583 0.7837468 0.3689552 0.7998713 0.3543583 0.7837468 0.3522663 0.7854105 0.557923 0.5497379 0.5578259 0.5759226 0.5650157 0.5758863 0.557923 0.5497379 0.5650157 0.5758863 0.5651159 0.5500395 0.3898763 0.8065117 0.3902575 0.8038759 0.3702796 0.7975487 0.3898763 0.8065117 0.3702796 0.7975487 0.3689552 0.7998713 0.5916477 0.5652104 0.5873521 0.5649283 0.586655 0.5860568 0.5916477 0.5652104 0.586655 0.5860568 0.590965 0.5862084 0.5578259 0.5759226 0.5589582 0.6018574 0.5661343 0.6015041 0.5578259 0.5759226 0.5661343 0.6015041 0.5650157 0.5758863 0.4356673 0.8098334 0.4357973 0.8071779 0.3902575 0.8038759 0.4356673 0.8098334 0.3902575 0.8038759 0.3898763 0.8065117 0.590965 0.5862084 0.586655 0.5860568 0.586868 0.6070806 0.590965 0.5862084 0.586868 0.6070806 0.591178 0.6070857 0.5589582 0.6018574 0.5621426 0.6485832 0.5693151 0.6482177 0.5589582 0.6018574 0.5693151 0.6482177 0.5661343 0.6015041 0.4852893 0.8107255 0.4852492 0.8080663 0.4357973 0.8071779 0.4852893 0.8107255 0.4357973 0.8071779 0.4356673 0.8098334 0.591178 0.6070857 0.586868 0.6070806 0.5886754 0.6528543 0.591178 0.6070857 0.5886754 0.6528543 0.592985 0.6527418 0.5621426 0.6485832 0.5650405 0.6986613 0.5722122 0.6983524 0.5621426 0.6485832 0.5722122 0.6983524 0.5693151 0.6482177 0.5396784 0.8079252 0.5390011 0.8053163 0.4852492 0.8080663 0.5396784 0.8079252 0.4852492 0.8080663 0.4852893 0.8107255 0.592985 0.6527418 0.5886754 0.6528543 0.5917465 0.7023816 0.592985 0.6527418 0.5917465 0.7023816 0.5960515 0.7021138 0.5650405 0.6986613 0.5674707 0.7552351 0.57464 0.754906 0.5650405 0.6986613 0.57464 0.754906 0.5722122 0.6983524 0.5933322 0.4491019 0.5929463 0.4596097 0.5936769 0.4576072 0.5933322 0.4491019 0.5936769 0.4576072 0.5941264 0.4491442 0.6009141 0.7557175 0.5960515 0.7021138 0.5917465 0.7023816 0.6009141 0.7557175 0.5917465 0.7023816 0.5966219 0.7561579 0.3518423 0.646812 0.337277 0.6356649 0.3694964 0.7240424 0.3518423 0.646812 0.3694964 0.7240424 0.3786143 0.7202641 0.3826539 0.746855 0.3902122 0.7404689 0.3786143 0.7202641 0.3826539 0.746855 0.3786143 0.7202641 0.3694964 0.7240424 0.6219642 0.6498851 0.6222028 0.6731764 0.6255652 0.6730933 0.6219642 0.6498851 0.6255652 0.6730933 0.6253267 0.6497975 0.6222231 0.6278041 0.6219642 0.6498851 0.6253267 0.6497975 0.6222231 0.6278041 0.6253267 0.6497975 0.6255856 0.6277109 0.6227884 0.6058617 0.6222231 0.6278041 0.6255856 0.6277109 0.6227884 0.6058617 0.6255856 0.6277109 0.6261509 0.6057632 0.6239064 0.5599642 0.6227884 0.6058617 0.6261509 0.6057632 0.6239064 0.5599642 0.6261509 0.6057632 0.6272695 0.5598642 0.6242856 0.5103377 0.6239064 0.5599642 0.6272695 0.5598642 0.6242856 0.5103377 0.6272695 0.5598642 0.6276489 0.5102369 0.6235127 0.4558873 0.6242856 0.5103377 0.6276489 0.5102369 0.6235127 0.4558873 0.6276489 0.5102369 0.6268761 0.4557843 0.402651 0.763231 0.4072851 0.7544832 0.3902122 0.7404689 0.402651 0.763231 0.3902122 0.7404689 0.3826539 0.746855 0.4272703 0.7704011 0.428376 0.7605828 0.4072851 0.7544832 0.4272703 0.7704011 0.4072851 0.7544832 0.402651 0.763231 0.4740391 0.7726312 0.4742367 0.7627694 0.428376 0.7605828 0.4740391 0.7726312 0.428376 0.7605828 0.4272703 0.7704011 0.5242567 0.7723828 0.5238666 0.7625296 0.4742367 0.7627694 0.5242567 0.7723828 0.4742367 0.7627694 0.4740391 0.7726312 0.5807116 0.7682584 0.5781866 0.7586254 0.5238666 0.7625296 0.5807116 0.7682584 0.5238666 0.7625296 0.5242567 0.7723828 0.337277 0.6356649 0.3518423 0.646812 0.3530369 0.6421067 0.337277 0.6356649 0.3530369 0.6421067 0.3490273 0.6313816 0.5932561 0.5428164 0.5889716 0.5424376 0.5873521 0.5649283 0.5932561 0.5428164 0.5873521 0.5649283 0.5916477 0.5652104 0.3872247 0.7604473 0.3751208 0.7435191 0.362744 0.7495793 0.3872247 0.7604473 0.362744 0.7495793 0.3779021 0.7706536 0.3751208 0.7435191 0.3579512 0.7013374 0.3450822 0.7062032 0.3751208 0.7435191 0.3450822 0.7062032 0.362744 0.7495793 0.3579512 0.7013374 0.3418389 0.6547399 0.3286917 0.6587949 0.3579512 0.7013374 0.3286917 0.6587949 0.3450822 0.7062032 0.3278054 0.602961 0.3139651 0.6041173 0.3286917 0.6587949 0.3278054 0.602961 0.3286917 0.6587949 0.3418389 0.6547399 0.6239406 0.7513397 0.6243093 0.7561579 0.6276489 0.7560997 0.6239406 0.7513397 0.6276489 0.7560997 0.6273032 0.7512572 0.986222 0.2071202 0.986222 0.1935636 0.9793527 0.1951187 0.986222 0.2071202 0.9793527 0.1951187 0.9793505 0.2073436 0.4271863 0.7752223 0.4051626 0.7712514 0.4003161 0.7841906 0.4271863 0.7752223 0.4003161 0.7841906 0.4264955 0.7889854 0.596896 0.4580482 0.5962372 0.4604349 0.5960185 0.4644384 0.596896 0.4580482 0.5960185 0.4644384 0.6002994 0.4648298 0.5936769 0.4576072 0.5929463 0.4596097 0.5962372 0.4604349 0.5936769 0.4576072 0.5962372 0.4604349 0.596896 0.4580482 0.5206004 0.78965 0.505235 0.7757691 0.4271863 0.7752223 0.5206004 0.78965 0.4271863 0.7752223 0.4264955 0.7889854 0.866741 0.09738099 0.8619543 0.09738337 0.8619657 0.1292132 0.866741 0.09738099 0.8619657 0.1292132 0.866741 0.1292132 0.4113657 0.8166037 0.4568599 0.8144028 0.4567251 0.8116139 0.4113657 0.8166037 0.4567251 0.8116139 0.4113574 0.8138087 0.8073796 0.1292129 0.8295007 0.1292129 0.8295007 0.09738314 0.8073796 0.1292129 0.8295007 0.09738314 0.8073796 0.09738314 0.8294719 0.1312044 0.8295007 0.1292129 0.8073796 0.1292129 0.8294719 0.1312044 0.8073796 0.1292129 0.8077167 0.1311863 0.8076905 0.1630162 0.8294457 0.163034 0.8294719 0.1312044 0.8076905 0.1630162 0.8294719 0.1312044 0.8077167 0.1311863 0.7849974 0.1292129 0.8073796 0.1292129 0.8073796 0.09738314 0.7849974 0.1292129 0.8073796 0.09738314 0.7849974 0.09738314 0.7861577 0.1629983 0.8076905 0.1630162 0.8077167 0.1311863 0.7861577 0.1629983 0.8077167 0.1311863 0.7861839 0.1311689 0.7628086 0.1292129 0.7849974 0.1292129 0.7849974 0.09738314 0.7628086 0.1292129 0.7849974 0.09738314 0.7628086 0.09738314 0.7648205 0.1629809 0.7861577 0.1629983 0.7861839 0.1311689 0.7648205 0.1629809 0.7861839 0.1311689 0.7648468 0.1311513 0.7405477 0.09738361 0.7405477 0.1292129 0.7628086 0.1292129 0.7405477 0.09738361 0.7628086 0.1292129 0.7628086 0.09738314 0.7433933 0.162963 0.7648205 0.1629809 0.7648468 0.1311513 0.7433933 0.162963 0.7648468 0.1311513 0.7434195 0.1311336 0.4113657 0.8166037 0.4113574 0.8138087 0.3808265 0.8134819 0.4113657 0.8166037 0.3808265 0.8134819 0.3803214 0.8162462 0.9771569 0.05176019 0.9771571 0.01992809 0.9754858 0.01992809 0.9771569 0.05176019 0.9754858 0.01992809 0.9754858 0.05176019 0.8295007 0.1292129 0.8619657 0.1292132 0.8619543 0.09738337 0.8295007 0.1292129 0.8619543 0.09738337 0.8295007 0.09738314 0.8294457 0.163034 0.861809 0.1630605 0.8618466 0.1312309 0.8294457 0.163034 0.8618466 0.1312309 0.8294719 0.1312044 0.3808265 0.8134819 0.3529746 0.8017518 0.3513702 0.8040554 0.3808265 0.8134819 0.3513702 0.8040554 0.3803214 0.8162462 0.3529746 0.8017518 0.3324977 0.7799017 0.3300782 0.781331 0.3529746 0.8017518 0.3300782 0.781331 0.3513702 0.8040554 0.3324977 0.7799017 0.323688 0.7511493 0.3209081 0.7514655 0.3324977 0.7799017 0.3209081 0.7514655 0.3300782 0.781331 0.7405477 0.09738361 0.7116789 0.09738314 0.7116789 0.1292129 0.7405477 0.09738361 0.7116789 0.1292129 0.7405477 0.1292129 0.323688 0.7511493 0.3214519 0.7108729 0.3191095 0.7109899 0.323688 0.7511493 0.3191095 0.7109899 0.3209081 0.7514655 0.4568599 0.8144028 0.4635553 0.8138554 0.4634418 0.8115125 0.4568599 0.8144028 0.4634418 0.8115125 0.4567251 0.8116139 0.861809 0.1630605 0.8665956 0.1630667 0.8666218 0.131235 0.861809 0.1630605 0.8666218 0.131235 0.8618466 0.1312309 0.8429601 0.08319789 0.688175 0.08319789 0.6880221 0.09557491 0.8429601 0.08319789 0.6880221 0.09557491 0.8431399 0.09557491 0.4044798 0.2535317 0.4046263 0.2528106 0.3424341 0.2528107 0.4044798 0.2535317 0.3424341 0.2528107 0.3423801 0.2535321 0.6883015 0.07872205 0.688175 0.08319789 0.8429601 0.08319789 0.6883015 0.07872205 0.8429601 0.08319789 0.842943 0.07872205 0.688678 0.06121546 0.6883015 0.07872205 0.842943 0.07872205 0.688678 0.06121546 0.842943 0.07872205 0.8425164 0.06121546 0.1297371 0.01236569 0.130388 0.01222306 0.130388 0.002197921 0.1297371 0.01236569 0.130388 0.002197921 0.1297346 0.002195835 0.1297371 0.1472387 0.1359134 0.1411048 0.1359134 0.01849019 0.1297371 0.1472387 0.1359134 0.01849019 0.1297371 0.01236569 0.4044839 0.2892684 0.3423829 0.2892684 0.3424327 0.2900165 0.4044839 0.2892684 0.3424327 0.2900165 0.4046263 0.2900165 0.1538974 0.6323665 0.1591525 0.6323401 0.1591525 0.4772094 0.1538974 0.6323665 0.1591525 0.4772094 0.1538974 0.4771974 0.8424341 0.05859476 0.6887211 0.05859476 0.688678 0.06121546 0.8424341 0.05859476 0.688678 0.06121546 0.8425164 0.06121546 0.1359134 0.1411048 0.1297371 0.1472387 0.130388 0.1473994 0.1359134 0.1411048 0.130388 0.1473994 0.1360942 0.1417505 0.4949331 0.1986514 0.4949426 0.1970509 0.3417152 0.1970509 0.4949331 0.1986514 0.3417152 0.1970509 0.3417212 0.1986514 0.4946775 0.2003265 0.3414472 0.2003265 0.3412165 0.2150005 0.4946775 0.2003265 0.3412165 0.2150005 0.4949426 0.2150005 0.1359134 0.01849019 0.1359134 0.1411048 0.1980121 0.1411799 0.1359134 0.01849019 0.1980121 0.1411799 0.1980122 0.01832515 0.1297371 0.1472387 0.1297346 0.1574085 0.130388 0.1574245 0.1297371 0.1472387 0.130388 0.1574245 0.130388 0.1473994 0.2062742 0.9973434 0.205012 0.9970263 0.222325 0.978457 0.2062742 0.9973434 0.222325 0.978457 0.2229921 0.9797432 0.288666 0.9630085 0.2888054 0.9644659 0.2531954 0.9661153 0.288666 0.9630085 0.2531954 0.9661153 0.2520867 0.964896 0.2696361 0.7680985 0.288804 0.7681314 0.28867 0.7694389 0.2696361 0.7680985 0.28867 0.7694389 0.2694821 0.769406 0.2901676 0.9631094 0.288666 0.9630085 0.28867 0.7694389 0.2901676 0.9631094 0.28867 0.7694389 0.2901676 0.7694666 0.2362462 0.7694463 0.2373237 0.7681379 0.2696361 0.7680985 0.2362462 0.7694463 0.2696361 0.7680985 0.2694821 0.769406 0.318861 0.9977918 0.322635 0.9969646 0.3212723 0.9978829 0.318861 0.9977918 0.3212723 0.9978829 0.3174984 0.99871 0.3225479 0.80391 0.3186004 0.8041325 0.317017 0.7873931 0.3225479 0.80391 0.317017 0.7873931 0.3209651 0.7872323 0.322635 0.9969646 0.318861 0.9977918 0.3125883 0.9578337 0.322635 0.9969646 0.3125883 0.9578337 0.3165115 0.957754 0.9921408 0.02637743 0.9983502 0.02637743 0.9983502 0.001130819 0.9921408 0.02637743 0.9983502 0.001130819 0.9921408 0.001130819 0.9863909 0.1262006 0.9552071 0.1262167 0.955213 0.1374014 0.9863909 0.1262006 0.955213 0.1374014 0.9804595 0.1373883 0.97952 0.2636457 0.97952 0.2788005 0.9857295 0.2788005 0.97952 0.2636457 0.9857295 0.2788005 0.9857295 0.2636457 0.5120023 0.5805639 0.5253944 0.5876573 0.5306296 0.5777737 0.5120023 0.5805639 0.5306296 0.5777737 0.5224839 0.573459 0.9236915 0.1796541 0.9176909 0.1685035 0.9089157 0.1755481 0.9236915 0.1796541 0.9089157 0.1755481 0.9182733 0.1819017 0.9863909 0.1262006 0.9804595 0.1373883 0.9858916 0.1396023 0.9863909 0.1262006 0.9858916 0.1396023 0.9952095 0.1331907 0.9983502 0.02637743 0.9921408 0.02637743 0.9921408 0.03224331 0.9983502 0.02637743 0.9921408 0.03224331 0.9983502 0.03224331 0.7382898 0.5603049 0.7382898 0.5665144 0.752233 0.5665144 0.7382898 0.5603049 0.752233 0.5665144 0.752233 0.5603049 0.9985046 0.1614389 0.9996215 0.145271 0.9883444 0.1452769 0.9985046 0.1614389 0.9883444 0.1452769 0.9874769 0.1514575 0.9983501 0.04466658 0.9983501 0.03842538 0.9921408 0.03842538 0.9983501 0.04466658 0.9921408 0.03842538 0.9921408 0.04466658 0.9983501 0.050987 0.9983501 0.04466658 0.9921408 0.04466658 0.9983501 0.050987 0.9921408 0.04466658 0.9921408 0.050987 0.9897494 0.1722906 0.9985046 0.1614389 0.9874769 0.1514575 0.9897494 0.1722906 0.9874769 0.1514575 0.9826275 0.1555106 0.752233 0.5603049 0.752233 0.5665144 0.7684395 0.5665144 0.752233 0.5603049 0.7684395 0.5665144 0.7684395 0.5603049 0.7925531 0.5665144 0.7925531 0.5603049 0.7813003 0.5603049 0.7925531 0.5665144 0.7813003 0.5603049 0.7813 0.5665144 0.9057958 0.2038161 0.9167613 0.1937666 0.9158556 0.1875914 0.9057958 0.2038161 0.9158556 0.1875914 0.9045785 0.1876555 0.9146181 0.2146134 0.9216359 0.1977897 0.9167613 0.1937666 0.9146181 0.2146134 0.9167613 0.1937666 0.9057958 0.2038161 0.7813 0.5665144 0.7813003 0.5603049 0.7684395 0.5603049 0.7813 0.5665144 0.7684395 0.5603049 0.7684395 0.5665144 0.9983502 0.03224331 0.9921408 0.03224331 0.9921408 0.03842538 0.9983502 0.03224331 0.9921408 0.03842538 0.9983501 0.03842538 0.9952095 0.1331907 0.9858916 0.1396023 0.9883444 0.1452769 0.9952095 0.1331907 0.9883444 0.1452769 0.9996215 0.145271 0.9182733 0.1819017 0.9089157 0.1755481 0.9045785 0.1876555 0.9182733 0.1819017 0.9045785 0.1876555 0.9158556 0.1875914 0.9185658 0.2285524 0.908084 0.2214477 0.9035685 0.2317548 0.9185658 0.2285524 0.9035685 0.2317548 0.9148043 0.2330533 0.5120023 0.5805639 0.5224839 0.573459 0.5187222 0.5689583 0.5120023 0.5805639 0.5187222 0.5689583 0.5074864 0.5702567 0.9374697 0.2412016 0.9312602 0.2412016 0.9312602 0.2470676 0.9374697 0.2412016 0.9312602 0.2470676 0.9374697 0.2470676 0.9857295 0.2093821 0.97952 0.2093821 0.97952 0.2233253 0.9857295 0.2093821 0.97952 0.2233253 0.9857295 0.2233253 0.5178105 0.5437571 0.5092486 0.5575172 0.5192141 0.5627958 0.5178105 0.5437571 0.5192141 0.5627958 0.5228762 0.5577418 0.9374697 0.2594909 0.9374697 0.2532497 0.9312602 0.2532497 0.9374697 0.2594909 0.9312602 0.2532497 0.9312602 0.2594908 0.9374697 0.2658113 0.9374697 0.2594909 0.9312602 0.2594908 0.9374697 0.2658113 0.9312602 0.2594908 0.9312602 0.2658113 0.5306296 0.5382723 0.5178105 0.5437571 0.5228762 0.5577418 0.5306296 0.5382723 0.5228762 0.5577418 0.5290595 0.5564333 0.9857295 0.2233253 0.97952 0.2233253 0.97952 0.2395316 0.9857295 0.2233253 0.97952 0.2395316 0.9857295 0.2395316 0.97952 0.2636457 0.9857295 0.2636457 0.9857295 0.2523927 0.97952 0.2636457 0.9857295 0.2523927 0.97952 0.2523927 0.9138925 0.2582546 0.9189581 0.2442696 0.9152963 0.2392159 0.9138925 0.2582546 0.9152963 0.2392159 0.9053305 0.2444944 0.9267115 0.2637394 0.9251416 0.2455783 0.9189581 0.2442696 0.9267115 0.2637394 0.9189581 0.2442696 0.9138925 0.2582546 0.9374697 0.2319839 0.9312602 0.2319839 0.9312602 0.2412016 0.9374697 0.2319839 0.9312602 0.2412016 0.9374697 0.2412016 0.97952 0.2523927 0.9857295 0.2523927 0.9857295 0.2395316 0.97952 0.2523927 0.9857295 0.2395316 0.97952 0.2395316 0.8237369 0.5603049 0.7925531 0.5603049 0.7925531 0.5665144 0.8237369 0.5603049 0.7925531 0.5665144 0.8237369 0.5665144 0.8917932 0.1638092 0.8917934 0.2665007 0.902978 0.2605634 0.8917932 0.1638092 0.902978 0.2605634 0.902978 0.1697463 0.9983503 0.0624479 0.9983503 0.05126321 0.9921408 0.05126321 0.9983503 0.0624479 0.9921408 0.05126321 0.9921407 0.0624479 0.1272127 0.6216606 0.1272128 0.613713 0.1254224 0.6137211 0.1272127 0.6216606 0.1254224 0.6137211 0.1254224 0.6216685 0.1313253 0.6744669 0.1313438 0.6764136 0.1392908 0.6764136 0.1313253 0.6744669 0.1392908 0.6764136 0.1392723 0.6744669 0.08585107 0.6330284 0.08585107 0.6354339 0.08825606 0.6354334 0.08585107 0.6330284 0.08825606 0.6354334 0.08825606 0.6330278 0.1392806 0.6670361 0.1392908 0.6652079 0.1313434 0.6652079 0.1392806 0.6670361 0.1313434 0.6652079 0.1313331 0.6670361 0.1236321 0.6137211 0.123632 0.6216685 0.1254224 0.6216606 0.1236321 0.6137211 0.1254224 0.6216606 0.1254224 0.613713 0.2786553 0.2856125 0.2786656 0.2837848 0.2707181 0.2837848 0.2786553 0.2856125 0.2707181 0.2837848 0.2707076 0.2856126 0.07838374 0.6243592 0.07838374 0.6267648 0.08078825 0.6267639 0.07838374 0.6243592 0.08078825 0.6267639 0.08078825 0.6243583 0.618187 0.07324558 0.6261346 0.07324558 0.626138 0.0714665 0.618187 0.07324558 0.626138 0.0714665 0.6181904 0.0714665 0.1313253 0.6725202 0.1313438 0.6744669 0.1392908 0.6744669 0.1313253 0.6725202 0.1392908 0.6744669 0.1392723 0.6725202 0.2779175 0.2700839 0.2699699 0.270084 0.2699663 0.2718631 0.2779175 0.2700839 0.2699663 0.2718631 0.277914 0.2718631 0.2779175 0.268305 0.2699699 0.268305 0.2699663 0.270084 0.2779175 0.268305 0.2699663 0.270084 0.277914 0.2700839 0.09480249 0.6185851 0.09674966 0.6185666 0.09674966 0.6106193 0.09480249 0.6185851 0.09674966 0.6106193 0.09480255 0.6106383 0.4861929 0.5789282 0.4894099 0.5789298 0.4894264 0.5745078 0.4861929 0.5789282 0.4894264 0.5745078 0.486209 0.5745063 0.09885138 0.6419341 0.09884458 0.6387171 0.09503722 0.6386845 0.09885138 0.6419341 0.09503722 0.6386845 0.09504365 0.6419014 0.1218419 0.6137211 0.1218418 0.6216685 0.123632 0.6216606 0.1218419 0.6137211 0.123632 0.6216606 0.1236317 0.613713 0.09885138 0.6386845 0.09884458 0.6354675 0.09503722 0.6354348 0.09885138 0.6386845 0.09503722 0.6354348 0.09504365 0.6386518 0.1947951 0.1942658 0.1915774 0.1942664 0.1915774 0.1991605 0.1947951 0.1942658 0.1915774 0.1991605 0.1947951 0.1991597 0.4908566 0.6157898 0.494074 0.6157916 0.4940901 0.6113696 0.4908566 0.6157898 0.4940901 0.6113696 0.4908728 0.6113678 0.4908728 0.6113678 0.4940901 0.6113696 0.494074 0.6073281 0.4908728 0.6113678 0.494074 0.6073281 0.4908566 0.6073262 0.09309786 0.6354344 0.08988088 0.6354339 0.08988088 0.6403297 0.09309786 0.6354344 0.08988088 0.6403297 0.09309786 0.6403301 0.1034278 0.6386518 0.103421 0.6354348 0.09884458 0.6354675 0.1034278 0.6386518 0.09884458 0.6354675 0.09885138 0.6386845 0.486209 0.5745063 0.4894264 0.5745078 0.4894099 0.5704663 0.486209 0.5745063 0.4894099 0.5704663 0.4861929 0.5704646 0.626138 0.06790834 0.6181904 0.06790834 0.618187 0.06968694 0.626138 0.06790834 0.618187 0.06968694 0.6261346 0.06968694 0.08344608 0.6330284 0.08344608 0.6354339 0.08585107 0.6354334 0.08344608 0.6330284 0.08585107 0.6354334 0.08585107 0.6330278 0.1989506 0.1975816 0.2021676 0.1975809 0.2021676 0.192687 0.1989506 0.1975816 0.2021676 0.192687 0.1989506 0.1926876 0.2707181 0.2856125 0.2707076 0.2874403 0.2786553 0.2874404 0.2707181 0.2856125 0.2786553 0.2874404 0.2786656 0.2856125 0.08319437 0.62436 0.08078825 0.6243592 0.08078825 0.6267639 0.08319437 0.62436 0.08078825 0.6267639 0.08319437 0.6267648 0.2085977 0.1975827 0.2118151 0.1975831 0.2118151 0.1926874 0.2085977 0.1975827 0.2118151 0.1926874 0.2085977 0.192687 0.1200506 0.6216606 0.1200507 0.613713 0.118261 0.6137211 0.1200506 0.6216606 0.118261 0.6137211 0.118261 0.6216685 0.1034278 0.6419014 0.103421 0.6386845 0.09884458 0.6387171 0.1034278 0.6419014 0.09884458 0.6387171 0.09885138 0.6419341 0.1313434 0.6688638 0.1313331 0.670692 0.1392806 0.670692 0.1313434 0.6688638 0.1392806 0.670692 0.1392908 0.6688638 0.1313253 0.6764136 0.1313438 0.6783608 0.1392908 0.6783608 0.1313253 0.6764136 0.1392908 0.6783608 0.1392723 0.6764136 0.6852895 0.6240006 0.6494199 0.6305726 0.6613333 0.7044463 0.6852895 0.6240006 0.6613333 0.7044463 0.6852895 0.7056988 0.7816917 0.5677471 0.7816917 0.5877032 0.822414 0.5877032 0.7816917 0.5677471 0.822414 0.5877032 0.8182792 0.5677471 0.7818757 0.6738557 0.7818211 0.6916888 0.79381 0.6916807 0.7818757 0.6738557 0.79381 0.6916807 0.8055675 0.6733335 0.7816917 0.5877032 0.7816917 0.6089552 0.822952 0.6089552 0.7816917 0.5877032 0.822952 0.6089552 0.822414 0.5877032 0.7818111 0.6411762 0.7818728 0.6566484 0.8182218 0.6566484 0.7818111 0.6411762 0.8182218 0.6566484 0.819476 0.6411761 0.7816917 0.6089552 0.7816917 0.6260514 0.8228179 0.6260514 0.7816917 0.6089552 0.8228179 0.6260514 0.822952 0.6089552 0.7816917 0.6260514 0.7818111 0.6411762 0.819476 0.6411761 0.7816917 0.6260514 0.819476 0.6411761 0.822817 0.6260514 0.7175439 0.7035917 0.7236607 0.7042298 0.7405073 0.6240006 0.7175439 0.7035917 0.7405073 0.6240006 0.7165512 0.6252531 0.8061349 0.780172 0.81027 0.760216 0.7695474 0.760216 0.8061349 0.780172 0.7695474 0.760216 0.7695474 0.780172 0.81027 0.760216 0.8108079 0.738964 0.7695474 0.738964 0.81027 0.760216 0.7695474 0.738964 0.7695474 0.760216 0.75793 0.6732396 0.7695112 0.6916333 0.7815427 0.6866506 0.75793 0.6732396 0.7815427 0.6866506 0.7816257 0.6738563 0.8108079 0.738964 0.8106738 0.7218678 0.7695474 0.7218678 0.8108079 0.738964 0.7695474 0.7218678 0.7695474 0.738964 0.7457453 0.6539353 0.7816917 0.6566492 0.7816917 0.6411769 0.7457453 0.6539353 0.7816917 0.6411769 0.7440271 0.6410266 0.4949334 0.3531348 0.4948983 0.3461372 0.3704255 0.3461372 0.4949334 0.3531348 0.3704255 0.3461372 0.3704606 0.3531348 0.1812786 0.3851541 0.1812786 0.5096177 0.2681149 0.5095558 0.1812786 0.3851541 0.2681149 0.5095558 0.2681149 0.3850923 0.1958542 0.1575867 0.1958542 0.1942658 0.1980121 0.1941034 0.1958542 0.1575867 0.1980121 0.1941034 0.1980121 0.1574245 0.6598315 0.03809762 0.6965106 0.03809762 0.6966752 0.0359686 0.6598315 0.03809762 0.6966752 0.0359686 0.6599962 0.0359686 0.4698359 0.5652733 0.4698359 0.5862117 0.476976 0.586188 0.4698359 0.5652733 0.476976 0.586188 0.476976 0.5652489 0.1272128 0.613713 0.1272128 0.5927757 0.1203852 0.5927205 0.1272128 0.613713 0.1203852 0.5927205 0.1203852 0.613658 0.2734709 0.2487547 0.2944102 0.2487547 0.2944028 0.2415062 0.2734709 0.2487547 0.2944028 0.2415062 0.2734638 0.241506 0.3024942 0.2932025 0.2815554 0.2932025 0.2815381 0.3004264 0.3024942 0.2932025 0.2815381 0.3004264 0.3024768 0.3004264 0.2734652 0.2562908 0.2944043 0.2562908 0.2944102 0.2487547 0.2734652 0.2562908 0.2944102 0.2487547 0.2734709 0.2487547 0.1203852 0.613658 0.1203852 0.5927205 0.1125954 0.592745 0.1203852 0.613658 0.1125954 0.592745 0.1125954 0.6136825 0.3024768 0.3004264 0.2815381 0.3004264 0.2815514 0.3079816 0.3024768 0.3004264 0.2815514 0.3079816 0.3024902 0.3079816 0.476976 0.5652489 0.476976 0.586188 0.484592 0.5862042 0.476976 0.5652489 0.484592 0.5862042 0.484592 0.5652657 0.4216304 0.502759 0.4238612 0.5024777 0.4238612 0.4997971 0.4216304 0.502759 0.4238612 0.4997971 0.4216304 0.5000786 0.1634274 0.4965498 0.1638324 0.5004086 0.166557 0.5004086 0.1634274 0.4965498 0.166557 0.5004086 0.1668974 0.4965498 0.5721303 0.780759 0.5715215 0.7800921 0.5591197 0.7997242 0.5721303 0.780759 0.5591197 0.7997242 0.5597283 0.8003911 0.1463267 0.8785119 0.144995 0.8785707 0.1446357 0.8888201 0.1463267 0.8785119 0.1446357 0.8888201 0.1491931 0.8886184 0.5042573 0.8224471 0.506341 0.8222812 0.506341 0.8168534 0.5042573 0.8224471 0.506341 0.8168534 0.5042573 0.8166841 0.1695974 0.5645307 0.1695974 0.5588881 0.1652663 0.5580599 0.1695974 0.5645307 0.1652663 0.5580599 0.1652665 0.5637024 0.2482393 0.6810623 0.2496508 0.6808929 0.2496508 0.6754497 0.2482393 0.6810623 0.2496508 0.6754497 0.2482393 0.6752829 0.4402199 0.5068498 0.4419443 0.5066675 0.4419442 0.5012246 0.4402199 0.5068498 0.4419442 0.5012246 0.4402201 0.5010709 0.2449266 0.5895121 0.2429002 0.5897324 0.2429002 0.5951424 0.2449266 0.5895121 0.2429002 0.5951424 0.2449266 0.5952559 0.1636775 0.5042026 0.1641675 0.5087409 0.1668757 0.5087409 0.1636775 0.5042026 0.1668757 0.5087409 0.1671267 0.5042026 0.1404635 0.9397465 0.1408312 0.9444121 0.1435484 0.9444121 0.1404635 0.9397465 0.1435484 0.9444121 0.1439239 0.9397465 0.4419443 0.5066675 0.4434143 0.5056821 0.4434143 0.5022118 0.4419443 0.5066675 0.4434143 0.5022118 0.4419442 0.5012246 0.5004476 0.8165304 0.4990121 0.8174417 0.4990121 0.8208556 0.5004476 0.8165304 0.4990121 0.8208556 0.5004476 0.8218849 0.3316307 0.5741054 0.3324682 0.5745389 0.3487339 0.5582165 0.3316307 0.5741054 0.3487339 0.5582165 0.3478962 0.5577831 0.5727601 0.7812701 0.5721303 0.780759 0.5597283 0.8003911 0.5727601 0.7812701 0.5597283 0.8003911 0.5603581 0.800902 0.258002 0.5793566 0.2548394 0.579732 0.2548394 0.582457 0.258002 0.5793566 0.2548394 0.582457 0.258002 0.5828267 0.506341 0.8222812 0.5075193 0.8212308 0.5075193 0.8177704 0.506341 0.8222812 0.5075193 0.8177704 0.506341 0.8168534 0.5004476 0.8218849 0.4990121 0.8208556 0.4961711 0.821214 0.5004476 0.8218849 0.4961711 0.821214 0.4959914 0.8224471 0.2686385 0.6219373 0.269603 0.6218987 0.2700955 0.6150701 0.2686385 0.6219373 0.2700955 0.6150701 0.2691777 0.6144096 0.1621153 0.5979606 0.1634609 0.5980989 0.1645808 0.5890082 0.1621153 0.5979606 0.1645808 0.5890082 0.1599763 0.5885347 0.9625463 0.3058105 0.9631119 0.2737031 0.9621149 0.273536 0.9625463 0.3058105 0.9621149 0.273536 0.9615494 0.3056434 0.5791832 0.7771814 0.5715215 0.7800921 0.5721303 0.780759 0.5791832 0.7771814 0.5721303 0.780759 0.5791317 0.7781006 0.3305919 0.5814566 0.3401257 0.612948 0.3410639 0.6126827 0.3305919 0.5814566 0.3410639 0.6126827 0.3315303 0.5811911 0.5791317 0.7781006 0.6119399 0.7806077 0.6119913 0.7796883 0.5791317 0.7781006 0.6119913 0.7796883 0.5791832 0.7771814 0.9615494 0.3056434 0.9621747 0.3129456 0.9631119 0.3123704 0.9615494 0.3056434 0.9631119 0.3123704 0.9625463 0.3058105 0.2671601 0.6221284 0.2676693 0.6548289 0.2686385 0.6547324 0.2671601 0.6221284 0.2686385 0.6547324 0.2681292 0.6220321 0.5338767 0.7870737 0.5352786 0.7870737 0.5370541 0.7769874 0.5338767 0.7870737 0.5370541 0.7769874 0.5322564 0.7769874 0.3310582 0.573584 0.3316307 0.5741054 0.3478962 0.5577831 0.3310582 0.573584 0.3478962 0.5577831 0.3473238 0.5572615 0.144995 0.8785707 0.1438941 0.8785117 0.1408681 0.8886184 0.144995 0.8785707 0.1408681 0.8886184 0.1446357 0.8888201 0.3315303 0.5811911 0.3324682 0.5745389 0.3316307 0.5741054 0.3315303 0.5811911 0.3316307 0.5741054 0.3305919 0.5814566 0.5481551 0.9702879 0.5467393 0.9702879 0.5442909 0.9802675 0.5481551 0.9702879 0.5442909 0.9802675 0.549137 0.9802675 0.1645808 0.5890082 0.1634609 0.5980989 0.1645331 0.5979607 0.1645808 0.5890082 0.1645331 0.5979607 0.1682505 0.5885347 0.3324301 0.582093 0.33327 0.5818296 0.3342188 0.574453 0.3324301 0.582093 0.3342188 0.574453 0.3334761 0.573961 0.2186807 0.575358 0.2132736 0.5753099 0.2132736 0.5988731 0.2186807 0.575358 0.2132736 0.5988731 0.2186807 0.5989212 0.1865164 0.5331748 0.191913 0.53326 0.191913 0.5097029 0.1865164 0.5331748 0.191913 0.5097029 0.1865164 0.5096177 0.3119536 0.2702921 0.311955 0.266042 0.2982132 0.266042 0.3119536 0.2702921 0.2982132 0.266042 0.2982121 0.2702921 0.1426655 0.6508302 0.1426655 0.646579 0.1289232 0.646579 0.1426655 0.6508302 0.1289232 0.646579 0.1289238 0.6508302 0.2704422 0.3300818 0.2704835 0.3326448 0.2817261 0.3326448 0.2704422 0.3300818 0.2817261 0.3326448 0.2816848 0.3300818 0.2704571 0.3172459 0.2704805 0.3198043 0.2817261 0.3198043 0.2704571 0.3172459 0.2817261 0.3198043 0.2817023 0.3172459 0.1811454 0.5332614 0.1865164 0.5331748 0.1865164 0.5096177 0.1811454 0.5332614 0.1865164 0.5096177 0.1811454 0.5097043 0.2694992 0.2081266 0.2695004 0.2143427 0.2929397 0.2143427 0.2694992 0.2081266 0.2929397 0.2143427 0.2929384 0.2081266 0.1446 0.6912426 0.1446201 0.6952165 0.1583608 0.6952165 0.1446 0.6912426 0.1583608 0.6952165 0.1583407 0.6912426 0.2704799 0.3146654 0.2704571 0.3172459 0.2817023 0.3172459 0.2704799 0.3146654 0.2817023 0.3172459 0.2817255 0.3146654 0.1406401 0.6106488 0.1376734 0.6106474 0.1376734 0.6218417 0.1406401 0.6106488 0.1376734 0.6218417 0.1406401 0.621843 0.2709542 0.2352899 0.2709512 0.2415062 0.2944072 0.241506 0.2709542 0.2352899 0.2944072 0.241506 0.2944102 0.2352899 0.2132736 0.5753099 0.2079139 0.5753595 0.2079139 0.5989224 0.2132736 0.5753099 0.2079139 0.5989224 0.2132736 0.5988731 0.6249844 0.05124616 0.6250004 0.05475479 0.638742 0.05475479 0.6249844 0.05124616 0.638742 0.05475479 0.638726 0.05124616 0.6250004 0.05475479 0.6249882 0.05859476 0.6387297 0.05859476 0.6250004 0.05475479 0.6387297 0.05859476 0.638742 0.05475479 0.1446354 0.6879369 0.1446 0.6912426 0.1583407 0.6912426 0.1446354 0.6879369 0.1583407 0.6912426 0.1583762 0.6879369 0.1317401 0.6218343 0.1347064 0.6218338 0.1347066 0.6106474 0.1317401 0.6218343 0.1347066 0.6106474 0.1317402 0.6106479 0.2704835 0.3326448 0.2704428 0.3352195 0.2816853 0.3352195 0.2704835 0.3326448 0.2816853 0.3352195 0.2817261 0.3326448 0.1392908 0.670692 0.1313434 0.670692 0.1313331 0.6725202 0.1392908 0.670692 0.1313331 0.6725202 0.1392806 0.6725202 0.4973071 0.6073281 0.4940901 0.6073262 0.4941062 0.6113678 0.4973071 0.6073281 0.4941062 0.6113678 0.4973233 0.6113696 0.05893409 0.6118192 0.05893403 0.6197664 0.06088095 0.6197478 0.05893409 0.6118192 0.06088095 0.6197478 0.06088095 0.6118006 0.08988088 0.6354344 0.08666348 0.6354339 0.08666348 0.6403297 0.08988088 0.6354344 0.08666348 0.6403297 0.08988088 0.6403301 0.2754887 0.1726168 0.2754955 0.1758334 0.2800719 0.1758006 0.2754887 0.1726168 0.2800719 0.1758006 0.2800654 0.1725841 0.2699699 0.2718631 0.2699663 0.273642 0.277914 0.2736421 0.2699699 0.2718631 0.277914 0.2736421 0.2779175 0.2718631 0.2716814 0.1725841 0.2716881 0.1758006 0.2754955 0.1758334 0.2716814 0.1725841 0.2754955 0.1758334 0.2754887 0.1726168 0.0731998 0.6336823 0.0731998 0.6360878 0.07560509 0.6360873 0.0731998 0.6336823 0.07560509 0.6360873 0.07560509 0.6336819 0.2021676 0.1975816 0.205385 0.1975809 0.205385 0.192687 0.2021676 0.1975816 0.205385 0.192687 0.2021676 0.1926876 0.4973233 0.6113696 0.4941062 0.6113678 0.4940901 0.6157898 0.4973233 0.6113696 0.4940901 0.6157898 0.4973071 0.6157916 0.2708086 0.2081266 0.278756 0.2081266 0.2787666 0.2062984 0.2708086 0.2081266 0.2787666 0.2062984 0.270819 0.2062984 0.4926599 0.5745078 0.4894425 0.5745063 0.4894264 0.5789282 0.4926599 0.5745078 0.4894264 0.5789282 0.4926438 0.5789298 0.118261 0.613713 0.11647 0.6137211 0.11647 0.6216685 0.118261 0.613713 0.11647 0.6216685 0.118261 0.6216606 0.1980121 0.1942658 0.1947951 0.1942664 0.1947951 0.1991605 0.1980121 0.1942658 0.1947951 0.1991605 0.1980121 0.1991597 0.07560509 0.6336823 0.07560509 0.6360878 0.07801049 0.6360873 0.07560509 0.6336823 0.07801049 0.6360873 0.07801049 0.6336819 0.09503698 0.6321854 0.09504365 0.6354024 0.09885138 0.6354348 0.09503698 0.6321854 0.09885138 0.6354348 0.09884458 0.6322178 0.6181904 0.06968694 0.618187 0.0714665 0.6261346 0.0714665 0.6181904 0.06968694 0.6261346 0.0714665 0.626138 0.06968694 0.09884458 0.6322178 0.09885138 0.6354348 0.1034278 0.6354024 0.09884458 0.6322178 0.1034278 0.6354024 0.103421 0.6321854 0.08344608 0.6403297 0.08666348 0.6403301 0.08666348 0.6354344 0.08344608 0.6403297 0.08666348 0.6354344 0.08344608 0.6354339 0.6232497 0.03234297 0.6311969 0.03234297 0.6311782 0.0303958 0.6232497 0.03234297 0.6311782 0.0303958 0.6232312 0.0303958 0.4926438 0.5704663 0.4894264 0.5704646 0.4894425 0.5745063 0.4926438 0.5704663 0.4894425 0.5745063 0.4926599 0.5745078 0.2707099 0.281994 0.2707179 0.2837848 0.2786656 0.2837848 0.2707099 0.281994 0.2786656 0.2837848 0.2786576 0.281994 0.2737789 0.310047 0.2817261 0.310047 0.2817075 0.3080999 0.2737789 0.310047 0.2817075 0.3080999 0.2737606 0.3080999 0.1129007 0.6216606 0.1146796 0.6216642 0.1146797 0.6137166 0.1129007 0.6216606 0.1146797 0.6137166 0.1129008 0.613713 0.07597798 0.6267644 0.07838374 0.6267648 0.07838374 0.6243594 0.07597798 0.6267644 0.07838374 0.6243594 0.07597798 0.6243592 0.11647 0.613713 0.1146797 0.6137211 0.1146796 0.6216685 0.11647 0.613713 0.1146796 0.6216685 0.11647 0.6216606 0.6932071 0.1442655 0.4308236 0.1442655 0.430828 0.146354 0.6932071 0.1442655 0.430828 0.146354 0.6932114 0.146354 0.04419475 0.321966 0.04419499 0.5821949 0.04628396 0.5821956 0.04419475 0.321966 0.04628396 0.5821956 0.04628401 0.321967 0.03870803 0.5866815 0.03870803 0.321011 0.03703695 0.3248777 0.03870803 0.5866815 0.03703695 0.3248777 0.03703683 0.5858898 0.03036278 0.3180245 0.03036278 0.5836897 0.0320335 0.5828984 0.03036278 0.3180245 0.0320335 0.5828984 0.0320335 0.3218916 0.2139074 0.03188592 0.234965 0.03188592 0.2349721 0.02246403 0.2139074 0.03188592 0.2349721 0.02246403 0.2139146 0.02246403 0.2139165 0.04094821 0.234974 0.04094821 0.234965 0.03188592 0.2139165 0.04094821 0.234965 0.03188592 0.2139074 0.03188592 0.2139061 0.01392793 0.2349619 0.01392793 0.2349314 0.004188776 0.2139061 0.01392793 0.2349314 0.004188776 0.2138755 0.004188776 0.2138371 0.02246379 0.2348932 0.02246379 0.2349619 0.01392793 0.2138371 0.02246379 0.2349619 0.01392793 0.2139061 0.01392793 0.6597996 0.04914855 0.638742 0.04914855 0.6387587 0.05859476 0.6597996 0.04914855 0.6387587 0.05859476 0.659816 0.05859476 0.6598213 0.04011654 0.6387637 0.04011654 0.638742 0.04914855 0.6598213 0.04011654 0.638742 0.04914855 0.6597996 0.04914855 0.01396691 0.2591111 0.01396697 0.002195835 0.01187801 0.002200067 0.01396691 0.2591111 0.01187801 0.002200067 0.01187801 0.2591153 0.2662456 0.5448709 0.24755 0.5448709 0.2475485 0.5469601 0.2662456 0.5448709 0.2475485 0.5469601 0.266244 0.5469601 0.01187801 0.258128 0.01187801 0.002196848 0.009789288 0.002195835 0.01187801 0.258128 0.009789288 0.002195835 0.009789228 0.2581269 0.196781 0.5873827 0.1946921 0.587388 0.1946921 0.6037802 0.196781 0.5873827 0.1946921 0.6037802 0.196781 0.603775 0.009789228 0.2623298 0.009789288 0.002195835 0.008117914 0.005468726 0.009789228 0.2623298 0.008117914 0.005468726 0.008117854 0.2621702 0.006446719 0.002195835 0.006446719 0.2623243 0.008117854 0.2621656 0.006446719 0.002195835 0.008117854 0.2621656 0.008117914 0.005469322 0.6339827 0.0646134 0.6359384 0.0630961 0.6171031 0.0630961 0.6339827 0.0646134 0.6171031 0.0630961 0.6172799 0.06475764 0.2475361 0.5693643 0.2477136 0.5677028 0.2288777 0.5677023 0.2475361 0.5693643 0.2288777 0.5677023 0.2308328 0.5692196 0.4046263 0.2525891 0.4046452 0.2892684 0.4949426 0.2892684 0.4046263 0.2525891 0.4949426 0.2892684 0.4949235 0.2525891 0.4926599 0.5704653 0.4926599 0.5816518 0.4956264 0.5816511 0.4926599 0.5704653 0.4956264 0.5816511 0.4956264 0.5704646 0.2704805 0.3249425 0.2817261 0.3249425 0.2817023 0.3223851 0.2704805 0.3249425 0.2817023 0.3223851 0.2704571 0.3223851 0.2704571 0.3223851 0.2817023 0.3223851 0.2817255 0.3198043 0.2704571 0.3223851 0.2817255 0.3198043 0.2704799 0.3198043 0.1376734 0.621843 0.1376734 0.6106488 0.1347066 0.6106474 0.1376734 0.621843 0.1347066 0.6106474 0.1347064 0.6218417 0.2817255 0.3249426 0.2704829 0.3249425 0.2704422 0.3275186 0.2817255 0.3249426 0.2704422 0.3275186 0.2816848 0.3275186 0.2816848 0.3275186 0.2704422 0.3275186 0.2704835 0.3300818 0.2816848 0.3275186 0.2704835 0.3300818 0.2817261 0.3300818 0.2137349 0.3506469 0.2495167 0.3506467 0.2495166 0.3481534 0.2137349 0.3506469 0.2495166 0.3481534 0.2137349 0.3481534 0.2137349 0.3631134 0.2495166 0.3631135 0.2495166 0.3606202 0.2137349 0.3631134 0.2495166 0.3606202 0.2137349 0.3606201 0.2137349 0.3606201 0.2495166 0.3606202 0.2495167 0.3581269 0.2137349 0.3606201 0.2495167 0.3581269 0.2137349 0.3581267 0.2137349 0.3581267 0.2495167 0.3581269 0.2495167 0.3556334 0.2137349 0.3581267 0.2495167 0.3556334 0.2137349 0.3556334 0.2137349 0.3556334 0.2495167 0.3556334 0.2495167 0.3531401 0.2137349 0.3556334 0.2495167 0.3531401 0.2137349 0.3531401 0.2137349 0.3531401 0.2495167 0.3531401 0.2495167 0.3506467 0.2137349 0.3531401 0.2495167 0.3506467 0.2137349 0.3506469 0.3421337 0.4986841 0.3421337 0.3554387 0.3182595 0.3554387 0.9626436 0.8631279 0.9626449 0.9311808 0.964274 0.9311333 0.9626436 0.8631279 0.964274 0.9311333 0.9642728 0.8632652 0.8480899 0.1928704 0.84878 0.2233896 0.8291401 0.2179027 0.8480899 0.1928704 0.8291401 0.2179027 0.8289595 0.1933389 0.7661499 0.8426039 0.7850219 0.8453752 0.7886082 0.8213692 0.7661499 0.8426039 0.7886082 0.8213692 0.7701436 0.8127091 0.7146507 0.1629396 0.7433933 0.162963 0.7434195 0.1311336 0.7146507 0.1629396 0.7434195 0.1311336 0.7146769 0.1311103 0.2103627 0.6167911 0.2186807 0.6167935 0.2186807 0.5989248 0.2103627 0.6167911 0.2186807 0.5989248 0.2103627 0.5989224 0.1093446 0.6106193 0.1093446 0.5927523 0.09412723 0.5927205 0.1093446 0.6106193 0.09412723 0.5927205 0.09412723 0.6105876 0.9902383 0.09203273 0.9989361 0.07683759 0.9906113 0.07662945 0.2929373 0.2226607 0.2929397 0.2143427 0.2750714 0.2143427 0.2929373 0.2226607 0.2750714 0.2143427 0.275069 0.2226608 0.6426081 0.01487046 0.624741 0.01487046 0.6247093 0.03008753 0.6426081 0.01487046 0.6247093 0.03008753 0.6425763 0.03008753 0.6846936 0.4295284 0.6933913 0.414333 0.6850666 0.4141256 0.08641797 0.7202 0.001345098 0.7201967 0.001345098 0.7631047 0.08641797 0.7202 0.001345098 0.7631047 0.07873398 0.7631078 0.1305032 0.7158133 0.1287209 0.7158133 0.1278756 0.7587213 0.1305032 0.7158133 0.1278756 0.7587213 0.1296581 0.7587213 0.07873398 0.7631078 0.06649535 0.7983874 0.07368195 0.7963396 0.07873398 0.7631078 0.07368195 0.7963396 0.08592128 0.7631081 0.0953741 0.7202609 0.08752936 0.7631644 0.09436321 0.7631643 0.0953741 0.7202609 0.09436321 0.7631643 0.1024011 0.7202609 0.1275684 0.7217466 0.1033337 0.7217468 0.1029198 0.7646645 0.1275684 0.7217466 0.1029198 0.7646645 0.126275 0.7646643 0.2932777 0.7696327 0.2897245 0.7630454 0.2930735 0.7573927 0.2932777 0.7696327 0.2930735 0.7573927 0.2981302 0.7647992 0.07873398 0.7631078 0.001345098 0.7631047 0.001347303 0.8017573 0.07873398 0.7631078 0.001347303 0.8017573 0.06649535 0.7983874 0.126275 0.7646643 0.1029198 0.7646645 0.1024011 0.7979117 0.126275 0.7646643 0.1024011 0.7979117 0.1244181 0.792953 0.2897245 0.7630454 0.2702211 0.7583738 0.2713615 0.7517842 0.2897245 0.7630454 0.2713615 0.7517842 0.2930735 0.7573927 0.2702178 0.760065 0.2702211 0.7583738 0.2897245 0.7630454 0.2702178 0.760065 0.2897245 0.7630454 0.2892192 0.765216 0.2897245 0.7630454 0.2932777 0.7696327 0.2914145 0.7708911 0.2897245 0.7630454 0.2914145 0.7708911 0.2892192 0.765216 0.07777065 0.6772915 0.08641797 0.7202 0.09360533 0.7202003 0.07777065 0.6772915 0.09360533 0.7202003 0.08495789 0.6772919 0.2932965 0.8298557 0.2932777 0.7696327 0.2981302 0.7647992 0.2932965 0.8298557 0.2981302 0.7647992 0.2981306 0.8294064 0.2914145 0.7708911 0.2932777 0.7696327 0.2932965 0.8298557 0.2914145 0.7708911 0.2932965 0.8298557 0.2914382 0.8298662 0.1259531 0.7973738 0.1277354 0.7973738 0.1296581 0.7587213 0.1259531 0.7973738 0.1296581 0.7587213 0.1278756 0.7587213 0.08641797 0.7202 0.07777065 0.6772915 0.001348376 0.6772885 0.08641797 0.7202 0.001348376 0.6772885 0.001345098 0.7201967 0.1305032 0.7158133 0.1296581 0.6729051 0.1278756 0.6729051 0.1305032 0.7158133 0.1278756 0.6729051 0.1287209 0.7158133 0.06650137 0.6420111 0.07777065 0.6772915 0.08495789 0.6772919 0.06650137 0.6420111 0.08495789 0.6772919 0.07368785 0.6440594 0.08752936 0.7631644 0.07730561 0.7941033 0.08495837 0.7914337 0.08752936 0.7631644 0.08495837 0.7914337 0.09436321 0.7631643 0.1275684 0.7217466 0.1261168 0.6788493 0.1027615 0.6788496 0.1275684 0.7217466 0.1027615 0.6788496 0.1033337 0.7217468 0.08840602 0.6773486 0.09523981 0.6773485 0.08495843 0.6490678 0.08840602 0.6773486 0.08495843 0.6490678 0.07730567 0.6463974 0.2932777 0.7696326 0.2981302 0.7647992 0.2930736 0.7573926 0.2932777 0.7696326 0.2930736 0.7573926 0.2897244 0.7630453 0.07777065 0.6772915 0.06650137 0.6420111 0.001353681 0.6386361 0.07777065 0.6772915 0.001353681 0.6386361 0.001348376 0.6772885 0.1261168 0.6788493 0.1244183 0.6505872 0.1024011 0.6456316 0.1261168 0.6788493 0.1024011 0.6456316 0.1027615 0.6788496 0.2897244 0.7630453 0.2930736 0.7573926 0.2713614 0.7517842 0.2897244 0.7630453 0.2713614 0.7517842 0.270221 0.7583739 0.2702178 0.760065 0.2892192 0.765216 0.2897244 0.7630453 0.2702178 0.760065 0.2897244 0.7630453 0.270221 0.7583739 0.2892192 0.765216 0.2914145 0.7708911 0.2932777 0.7696326 0.2892192 0.765216 0.2932777 0.7696326 0.2897244 0.7630453 0.2932964 0.8298557 0.2981306 0.8294063 0.2981302 0.7647992 0.2932964 0.8298557 0.2981302 0.7647992 0.2932777 0.7696326 0.2914145 0.7708911 0.2914382 0.8298662 0.2932964 0.8298557 0.2914145 0.7708911 0.2932964 0.8298557 0.2932777 0.7696326 0.1259531 0.6342526 0.1278756 0.6729051 0.1296581 0.6729051 0.1259531 0.6342526 0.1296581 0.6729051 0.1277354 0.6342526 0.541254 0.7085065 0.5388207 0.6817845 0.5421225 0.6817437 0.541254 0.7085065 0.5421225 0.6817437 0.544739 0.7084545 0.4500237 0.6743839 0.4504773 0.7012106 0.4448229 0.7014325 0.4500237 0.6743839 0.4448229 0.7014325 0.4446623 0.6745942 0.3934752 0.6321778 0.3926082 0.6053986 0.4143887 0.6043922 0.3934752 0.6321778 0.4143887 0.6043922 0.4134072 0.6312046 0.4790564 0.6447672 0.4792447 0.6179658 0.4884287 0.6183367 0.4790564 0.6447672 0.4884287 0.6183367 0.4879179 0.6451249 0.5362359 0.6840097 0.5395056 0.7106429 0.5211368 0.7114887 0.5362359 0.6840097 0.5211368 0.7114887 0.5195338 0.6847347 0.4450964 0.6724479 0.4449673 0.6992788 0.4414578 0.6993752 0.4450964 0.6724479 0.4414578 0.6993752 0.4416157 0.6725435 0.522871 0.6446338 0.5370539 0.6440226 0.5362359 0.6840097 0.522871 0.6446338 0.5362359 0.6840097 0.5195338 0.6847347 0.44616 0.6324661 0.4450964 0.6724479 0.4416157 0.6725435 0.44616 0.6324661 0.4416157 0.6725435 0.4426429 0.6325626 0.5443587 0.6417979 0.5421225 0.6817437 0.5388207 0.6817845 0.5443587 0.6417979 0.5388207 0.6817845 0.5408985 0.6418415 0.4500807 0.6343985 0.4500237 0.6743839 0.4446623 0.6745942 0.4500807 0.6343985 0.4446623 0.6745942 0.4452216 0.6345893 0.4004896 0.6717787 0.3934752 0.6321778 0.4134072 0.6312046 0.4004896 0.6717787 0.4134072 0.6312046 0.418069 0.670917 0.4795565 0.6850035 0.4790564 0.6447672 0.4879179 0.6451249 0.4795565 0.6850035 0.4879179 0.6451249 0.487951 0.6853424 0.44616 0.6324661 0.4426429 0.6325626 0.4456526 0.5767574 0.44616 0.6324661 0.4456526 0.5767574 0.4491734 0.5766608 0.522871 0.6446338 0.5294876 0.5883808 0.5408493 0.5882653 0.522871 0.6446338 0.5408493 0.5882653 0.5370539 0.6440226 0.487951 0.6853424 0.4895628 0.7419125 0.4818134 0.7415996 0.487951 0.6853424 0.4818134 0.7415996 0.4795565 0.6850035 0.418069 0.670917 0.4269891 0.7259507 0.4122564 0.727135 0.418069 0.670917 0.4122564 0.727135 0.4004896 0.6717787 0.4452216 0.6345893 0.4475065 0.5788372 0.4517184 0.5786702 0.4452216 0.6345893 0.4517184 0.5786702 0.4500807 0.6343985 0.5408985 0.6418415 0.5464602 0.5862324 0.5499253 0.5862779 0.5408985 0.6418415 0.5499253 0.5862779 0.5443587 0.6417979 0.5395056 0.7106429 0.5449105 0.7270527 0.5239318 0.7280187 0.5395056 0.7106429 0.5239318 0.7280187 0.5211368 0.7114887 0.4504773 0.7012106 0.4509805 0.7184804 0.445326 0.7187022 0.4504773 0.7012106 0.445326 0.7187022 0.4448229 0.7014325 0.544739 0.7084545 0.5496301 0.7250248 0.5461451 0.7250769 0.544739 0.7084545 0.5461451 0.7250769 0.541254 0.7085065 0.4792447 0.6179658 0.4798039 0.6012105 0.4889879 0.6015813 0.4792447 0.6179658 0.4889879 0.6015813 0.4884287 0.6183367 0.3926082 0.6053986 0.3938695 0.5886815 0.4182599 0.5875545 0.3926082 0.6053986 0.4182599 0.5875545 0.4143887 0.6043922 0.4449673 0.6992788 0.4453243 0.7165516 0.4418146 0.7166479 0.4449673 0.6992788 0.4418146 0.7166479 0.4414578 0.6993752 0.4509805 0.7184804 0.451529 0.7354163 0.4458524 0.7356196 0.4509805 0.7184804 0.4458524 0.7356196 0.445326 0.7187022 0.3938695 0.5886815 0.3952449 0.5744981 0.4269891 0.5730313 0.3938695 0.5886815 0.4269891 0.5730313 0.4182599 0.5875545 0.4423046 0.7345004 0.4409769 0.7345419 0.44043 0.7171773 0.4423046 0.7345004 0.44043 0.7171773 0.4418146 0.7166479 0.4453243 0.7165516 0.4458524 0.7356196 0.4423046 0.7345004 0.4453243 0.7165516 0.4423046 0.7345004 0.4418146 0.7166479 0.451529 0.7354163 0.4516782 0.7402088 0.4371238 0.7406882 0.451529 0.7354163 0.4371238 0.7406882 0.4458524 0.7356196 0.5449804 0.7285336 0.5574495 0.7406287 0.5266103 0.7420542 0.5449804 0.7285336 0.5266103 0.7420542 0.5240017 0.7294996 0.5449105 0.7270527 0.5449804 0.7285336 0.5240017 0.7294996 0.5449105 0.7270527 0.5240017 0.7294996 0.5239318 0.7280187 0.4798039 0.6012105 0.4784993 0.6005063 0.47902 0.5876942 0.4798039 0.6012105 0.47902 0.5876942 0.4895628 0.5873431 0.3736128 0.2900652 0.3736181 0.2947821 0.3360521 0.2945633 0.3736128 0.2900652 0.3360521 0.2945633 0.3360471 0.2900651 0.6531791 0.03188824 0.6530172 0.03040432 0.6591215 0.0344839 0.6531791 0.03188824 0.6591215 0.0344839 0.6592836 0.0359686 0.4516782 0.7402088 0.4517184 0.741433 0.437164 0.7419125 0.4516782 0.7402088 0.437164 0.7419125 0.4371238 0.7406882 0.6592836 0.0359686 0.6591215 0.0344839 0.6965131 0.03040432 0.6592836 0.0359686 0.6965131 0.03040432 0.6966752 0.03188824 0.7241879 0.9673112 0.7308107 0.9664003 0.7301029 0.9042196 0.7241879 0.9673112 0.7301029 0.9042196 0.724258 0.9044935 0.7199772 0.9610478 0.7212555 0.8994172 0.7231506 0.8995506 0.7199772 0.9610478 0.7231506 0.8995506 0.7218549 0.9622889 0.7267519 0.9679843 0.7241879 0.9673112 0.7221242 0.9927303 0.7267519 0.9679843 0.7221242 0.9927303 0.7262888 0.9935166 0.7281146 0.997679 0.7861688 0.9978667 0.7868759 0.9936664 0.7281146 0.997679 0.7868759 0.9936664 0.7262888 0.9935166 0.7908366 0.96667 0.790835 0.9040914 0.7301029 0.9042196 0.7908366 0.96667 0.7301029 0.9042196 0.7308107 0.9664003 0.6465388 0.8108336 0.6598912 0.80765 0.6604582 0.7909426 0.6465388 0.8108336 0.6604582 0.7909426 0.61615 0.8035356 0.5932059 0.89686 0.5994355 0.8350118 0.5966524 0.8355132 0.5932059 0.89686 0.5966524 0.8355132 0.5906136 0.8970021 0.6641378 0.9111605 0.661152 0.9106878 0.6606494 0.977626 0.6641378 0.9111605 0.6606494 0.977626 0.6641378 0.9807764 0.6661608 0.8048795 0.6671739 0.7908358 0.6604582 0.7909426 0.6661608 0.8048795 0.6604582 0.7909426 0.6598912 0.80765 0.6661608 0.8048795 0.6598912 0.80765 0.6577544 0.8109037 0.6661608 0.8048795 0.6577544 0.8109037 0.6640036 0.8090381 0.6377429 0.7848011 0.5783404 0.7797208 0.5768492 0.7841411 0.6377429 0.7848011 0.5768492 0.7841411 0.6604582 0.7909426 0.6950346 0.9406808 0.6952824 0.9406801 0.6931597 0.9360926 0.6950346 0.9406808 0.6931597 0.9360926 0.6928817 0.9360924 0.5906136 0.8970021 0.5627252 0.8956608 0.5682864 0.9536569 0.5906136 0.8970021 0.5682864 0.9536569 0.5966523 0.9550776 0.6952824 0.9406801 0.6950346 0.9406808 0.696529 0.9430944 0.6952824 0.9406801 0.696529 0.9430944 0.6967587 0.9429188 0.698001 0.943934 0.7069318 0.944413 0.7069634 0.9441328 0.698001 0.943934 0.7069634 0.9441328 0.6980441 0.9436495 0.6843963 0.9786827 0.6843963 0.9186751 0.6826602 0.9146418 0.6843963 0.9786827 0.6826602 0.9146418 0.6804614 0.9782137 0.7267519 0.9679843 0.7262888 0.9935166 0.7868759 0.9936664 0.7267519 0.9679843 0.7868759 0.9936664 0.7903515 0.9692163 0.7181515 0.9642503 0.7169163 0.9635765 0.7199772 0.9610478 0.7181515 0.9642503 0.7199772 0.9610478 0.7218549 0.9622889 0.7234194 0.8649422 0.7234194 0.7962429 0.7220602 0.8002669 0.7234194 0.8649422 0.7220602 0.8002669 0.7219231 0.8652243 0.6808488 0.7843039 0.6819485 0.8115091 0.706349 0.8117147 0.6808488 0.7843039 0.706349 0.8117147 0.7070372 0.7912723 0.668347 0.7817034 0.6675274 0.8116794 0.6819485 0.8115091 0.668347 0.7817034 0.6819485 0.8115091 0.6808488 0.7843039 0.6153073 0.825652 0.6093089 0.8358755 0.6447613 0.8377528 0.6153073 0.825652 0.6447613 0.8377528 0.6449452 0.8305131 0.6928817 0.9360924 0.6931597 0.9360926 0.6908921 0.9271693 0.6928817 0.9360924 0.6908921 0.9271693 0.6906018 0.9271692 0.6090663 0.8233227 0.6210823 0.8188351 0.6211888 0.8167788 0.6090663 0.8233227 0.6211888 0.8167788 0.6076263 0.821828 0.6534023 0.8436966 0.7168136 0.8418611 0.7132474 0.8174679 0.6534023 0.8436966 0.7132474 0.8174679 0.6528258 0.8181917 0.6568332 0.9073339 0.7175028 0.9069064 0.7175028 0.8444379 0.6568332 0.9073339 0.7175028 0.8444379 0.6575419 0.8452571 0.7123684 0.8132483 0.6544834 0.813988 0.6528258 0.8181917 0.7123684 0.8132483 0.6528258 0.8181917 0.7132474 0.8174679 0.6604582 0.9981507 0.6598912 0.9839977 0.6465386 0.9805233 0.6604582 0.9981507 0.6465386 0.9805233 0.61615 0.9846331 0.6759468 0.912897 0.676595 0.9797846 0.6797867 0.9793304 0.6759468 0.912897 0.6797867 0.9793304 0.6797867 0.9097632 0.6509149 0.907099 0.6508194 0.8443878 0.6485314 0.8189889 0.6509149 0.907099 0.6485314 0.8189889 0.6463189 0.9064195 0.6604582 0.9981507 0.6671739 0.9972655 0.6661608 0.9856517 0.6604582 0.9981507 0.6661608 0.9856517 0.6598912 0.9839977 0.6930671 0.9182441 0.6952824 0.9136505 0.6950346 0.9136503 0.6930671 0.9182441 0.6950346 0.9136503 0.6928213 0.9182437 0.5681311 0.8340218 0.5627252 0.8956608 0.5906136 0.8970021 0.5681311 0.8340218 0.5906136 0.8970021 0.5966524 0.8355132 0.6952824 0.9136505 0.6967587 0.9114107 0.696529 0.911235 0.6952824 0.9136505 0.696529 0.911235 0.6950346 0.9136503 0.7656354 0.8735979 0.7667953 0.9007449 0.7406132 0.8937418 0.7656354 0.8735979 0.7406132 0.8937418 0.741267 0.8732925 0.6641378 0.9228295 0.6669075 0.9807764 0.676595 0.9797846 0.6641378 0.9228295 0.676595 0.9797846 0.6759468 0.912897 0.6508194 0.8443878 0.6509149 0.907099 0.6568332 0.9073339 0.6508194 0.8443878 0.6568332 0.9073339 0.6575419 0.8452571 0.6908921 0.9271693 0.6930671 0.9182441 0.6928213 0.9182437 0.6908921 0.9271693 0.6928213 0.9182437 0.6906018 0.9271692 0.7200739 0.9098792 0.7181666 0.9086841 0.7151681 0.9112867 0.7200739 0.9098792 0.7151681 0.9112867 0.7164193 0.9119303 0.7667953 0.9007449 0.7656354 0.8735979 0.7799999 0.8736509 0.7667953 0.9007449 0.7799999 0.8736509 0.7792687 0.9034678 0.6447613 0.954901 0.6093089 0.955871 0.6153073 0.9683579 0.6447613 0.954901 0.6153073 0.9683579 0.6449452 0.9633464 0.6447613 0.954901 0.6446964 0.8961952 0.5944297 0.8958082 0.6447613 0.954901 0.5944297 0.8958082 0.6093089 0.955871 0.7181666 0.9086841 0.7200739 0.9098792 0.7198424 0.847128 0.7181666 0.9086841 0.7198424 0.847128 0.7179444 0.8470407 0.6980441 0.9106782 0.7069634 0.9101809 0.7069318 0.9099003 0.6980441 0.9106782 0.7069318 0.9099003 0.698001 0.9103932 0.6870881 0.9729394 0.6884421 0.9689435 0.6884421 0.9089671 0.6870881 0.9729394 0.6884421 0.9089671 0.6850498 0.9093711 0.7256045 0.8846408 0.7242441 0.8887033 0.7242441 0.8194798 0.7256045 0.8846408 0.7242441 0.8194798 0.7257485 0.8191578 0.6076261 0.9680013 0.6090663 0.9663361 0.5994355 0.9552658 0.6076261 0.9680013 0.5994355 0.9552658 0.5966523 0.9550776 0.5906136 0.8970021 0.5966523 0.9550776 0.5994355 0.9552658 0.5906136 0.8970021 0.5994355 0.9552658 0.5932059 0.89686 0.6508194 0.8443878 0.6534023 0.8436966 0.6528258 0.8181917 0.6508194 0.8443878 0.6528258 0.8181917 0.6485314 0.8189889 0.5732815 0.8015285 0.5681311 0.8340218 0.5966524 0.8355132 0.5732815 0.8015285 0.5966524 0.8355132 0.61615 0.8035356 0.5994355 0.8350118 0.6090663 0.8233227 0.6076263 0.821828 0.5994355 0.8350118 0.6076263 0.821828 0.5966524 0.8355132 0.6446964 0.8961952 0.6447613 0.8377528 0.6093089 0.8358755 0.6446964 0.8961952 0.6093089 0.8358755 0.5944297 0.8958082 0.1923907 0.681455 0.1872042 0.6819786 0.1872043 0.7111907 0.1923907 0.681455 0.1872043 0.7111907 0.1923907 0.7117442 0.2542363 0.7411264 0.2576018 0.7490783 0.2538781 0.7544946 0.2542363 0.7411264 0.2538781 0.7544946 0.2478696 0.7503865 0.2525876 0.7327554 0.2534445 0.7333126 0.2579721 0.7482216 0.2525876 0.7327554 0.2579721 0.7482216 0.2542363 0.7411264 0.1875101 0.7904648 0.1921393 0.752903 0.1774427 0.7528163 0.1875101 0.7904648 0.1774427 0.7528163 0.1766312 0.7909711 0.2542363 0.7411264 0.2505744 0.7387481 0.2469909 0.7294332 0.2542363 0.7411264 0.2469909 0.7294332 0.2525876 0.7327554 0.2443041 0.7476735 0.2477285 0.750433 0.254157 0.7412125 0.2443041 0.7476735 0.254157 0.7412125 0.2504871 0.7388054 0.1086186 0.6263903 0.1054348 0.6444647 0.1191292 0.6488941 0.1086186 0.6263903 0.1191292 0.6488941 0.1191292 0.6279961 0.2460401 0.7141527 0.2469463 0.7294684 0.2525997 0.7329044 0.2460401 0.7141527 0.2525997 0.7329044 0.2515776 0.7162759 0.1559638 0.6426075 0.156024 0.6415359 0.1549705 0.6415359 0.1559638 0.6426075 0.1549705 0.6415359 0.1556575 0.6425945 0.1550588 0.6426972 0.1549705 0.6431007 0.155857 0.6438975 0.1550588 0.6426972 0.155857 0.6438975 0.155857 0.6426075 0.3412295 0.7648991 0.34372 0.7639485 0.3190408 0.6898898 0.3412295 0.7648991 0.3190408 0.6898898 0.3165134 0.6907319 0.6009141 0.4496363 0.5941264 0.4491442 0.5936769 0.4576072 0.6009141 0.4496363 0.5936769 0.4576072 0.596896 0.4580482 0.3682518 0.7694873 0.3576112 0.7783014 0.3777379 0.7950512 0.3682518 0.7694873 0.3777379 0.7950512 0.3843314 0.782902 0.607884 0.6624444 0.6035995 0.6628231 0.6106463 0.7408216 0.607884 0.6624444 0.6106463 0.7408216 0.614927 0.7404302 0.5791075 0.7561579 0.5862861 0.755537 0.5782846 0.6618105 0.5791075 0.7561579 0.5782846 0.6618105 0.5711048 0.6623916 0.4320295 0.7449449 0.4550825 0.7482793 0.4551213 0.7456137 0.4320295 0.7449449 0.4551213 0.7456137 0.4328749 0.7424094 0.6178872 0.4606024 0.6161491 0.5387623 0.6195116 0.5388455 0.6178872 0.4606024 0.6195116 0.5388455 0.6212497 0.4606848 0.5711048 0.6623916 0.5782846 0.6618105 0.5767623 0.6355194 0.5711048 0.6623916 0.5767623 0.6355194 0.5695691 0.6358209 0.4127224 0.7342263 0.4320295 0.7449449 0.4328749 0.7424094 0.4127224 0.7342263 0.4328749 0.7424094 0.4144498 0.7321857 0.5695691 0.6358209 0.5767623 0.6355194 0.576662 0.6096727 0.5695691 0.6358209 0.576662 0.6096727 0.5694722 0.6096363 0.3993105 0.7168503 0.4127224 0.7342263 0.4144498 0.7321857 0.3993105 0.7168503 0.4144498 0.7321857 0.4016557 0.7155884 0.6062757 0.6400505 0.6055929 0.6190527 0.601283 0.6192042 0.6062757 0.6400505 0.601283 0.6192042 0.6019799 0.6403325 0.5694722 0.6096363 0.576662 0.6096727 0.5777807 0.5840547 0.5694722 0.6096363 0.5777807 0.5840547 0.5706046 0.5837014 0.3804881 0.6749734 0.3993105 0.7168503 0.4016557 0.7155884 0.3804881 0.6749734 0.4016557 0.7155884 0.382938 0.6739408 0.6055929 0.6190527 0.6058058 0.5981755 0.6014959 0.5981805 0.6055929 0.6190527 0.6014959 0.5981805 0.601283 0.6192042 0.5706046 0.5837014 0.5777807 0.5840547 0.5809611 0.5373412 0.5706046 0.5837014 0.5809611 0.5373412 0.5737888 0.5369758 0.3626355 0.6286669 0.3804881 0.6749734 0.382938 0.6739408 0.3626355 0.6286669 0.382938 0.6739408 0.3651469 0.6277929 0.6058058 0.5981755 0.6076127 0.5525192 0.6033031 0.5524067 0.6058058 0.5981755 0.6033031 0.5524067 0.6014959 0.5981805 0.5737888 0.5369758 0.5809611 0.5373412 0.5838585 0.4872068 0.5737888 0.5369758 0.5838585 0.4872068 0.5766868 0.486898 0.3466174 0.5766196 0.3626355 0.6286669 0.3651469 0.6277929 0.3466174 0.5766196 0.3651469 0.6277929 0.3493002 0.576361 0.6076127 0.5525192 0.6106793 0.5031468 0.6063743 0.5028791 0.6076127 0.5525192 0.6063743 0.5028791 0.6033031 0.5524067 0.5766868 0.486898 0.5838585 0.4872068 0.5862861 0.4306536 0.5766868 0.486898 0.5862861 0.4306536 0.5791171 0.4303247 0.60796 0.7561579 0.6087542 0.7561156 0.6083047 0.7476527 0.60796 0.7561579 0.6083047 0.7476527 0.6075742 0.7456503 0.6155418 0.4495422 0.6112495 0.4491018 0.6063743 0.5028791 0.6155418 0.4495422 0.6063743 0.5028791 0.6106793 0.5031468 0.5315938 0.7488418 0.4534377 0.7507141 0.4532463 0.7605819 0.5315938 0.7488418 0.4532463 0.7605819 0.5472867 0.7583359 0.4272058 0.7566546 0.4532463 0.7605819 0.4534377 0.7507141 0.4272058 0.7566546 0.4534377 0.7507141 0.4303941 0.7472873 0.6159108 0.562054 0.6192734 0.5621415 0.6195116 0.5388455 0.6159108 0.562054 0.6195116 0.5388455 0.6161491 0.5387623 0.6161695 0.5841354 0.6195321 0.5842284 0.6192734 0.5621415 0.6161695 0.5841354 0.6192734 0.5621415 0.6159108 0.562054 0.6167349 0.606078 0.6200973 0.6061766 0.6195321 0.5842284 0.6167349 0.606078 0.6195321 0.5842284 0.6161695 0.5841354 0.6178529 0.6519762 0.6212158 0.6520762 0.6200973 0.6061766 0.6178529 0.6519762 0.6200973 0.6061766 0.6167349 0.606078 0.6182321 0.7016034 0.6215955 0.7017042 0.6212158 0.6520762 0.6182321 0.7016034 0.6212158 0.6520762 0.6178529 0.6519762 0.6174592 0.756055 0.6208226 0.7561579 0.6215955 0.7017042 0.6174592 0.756055 0.6215955 0.7017042 0.6182321 0.7016034 0.4046627 0.7440106 0.4272058 0.7566546 0.4303941 0.7472873 0.4046627 0.7440106 0.4303941 0.7472873 0.4111167 0.7365044 0.3890044 0.7237042 0.4046627 0.7440106 0.4111167 0.7365044 0.3890044 0.7237042 0.4111167 0.7365044 0.3977426 0.7190926 0.3698647 0.6809733 0.3890044 0.7237042 0.3977426 0.7190926 0.3698647 0.6809733 0.3977426 0.7190926 0.3789746 0.6771909 0.3517741 0.6341267 0.3698647 0.6809733 0.3789746 0.6771909 0.3517741 0.6341267 0.3789746 0.6771909 0.3610905 0.6308949 0.3350168 0.5800583 0.3517741 0.6341267 0.3610905 0.6308949 0.3350168 0.5800583 0.3610905 0.6308949 0.3449072 0.5788948 0.5472867 0.7583359 0.5469875 0.745833 0.535539 0.7460128 0.5472867 0.7583359 0.535539 0.7460128 0.5315938 0.7488418 0.607884 0.6624444 0.6062757 0.6400505 0.6019799 0.6403325 0.607884 0.6624444 0.6019799 0.6403325 0.6035995 0.6628231 0.3843314 0.782902 0.3777379 0.7950512 0.4026123 0.8024781 0.3843314 0.782902 0.4026123 0.8024781 0.4042884 0.7887995 0.4042884 0.7887995 0.4026123 0.8024781 0.4493798 0.8049722 0.4042884 0.7887995 0.4493798 0.8049722 0.449766 0.7912196 0.449766 0.7912196 0.4493798 0.8049722 0.4995416 0.8049457 0.449766 0.7912196 0.4995416 0.8049457 0.4990708 0.7911954 0.552591 0.7875112 0.4990708 0.7911954 0.4995416 0.8049457 0.552591 0.7875112 0.4995416 0.8049457 0.5560277 0.8009678 0.6178872 0.4606024 0.6212497 0.4606848 0.6215955 0.4558427 0.6178872 0.4606024 0.6215955 0.4558427 0.6182562 0.4557846 0.9793465 0.1945728 0.972475 0.1943493 0.9724773 0.2065742 0.9793465 0.1945728 0.9724773 0.2065742 0.9793465 0.2081293 0.3572924 0.7499758 0.3445131 0.7551326 0.3576112 0.7783014 0.3572924 0.7499758 0.3576112 0.7783014 0.3682518 0.7694873 0.6115236 0.7472118 0.614927 0.7404302 0.6106463 0.7408216 0.6115236 0.7472118 0.6106463 0.7408216 0.6108651 0.744825 0.6083047 0.7476527 0.6115236 0.7472118 0.6108651 0.744825 0.6083047 0.7476527 0.6108651 0.744825 0.6075742 0.7456503 0.3130888 0.666427 0.3445131 0.7551326 0.3572924 0.7499758 0.3130888 0.666427 0.3572924 0.7499758 0.3312339 0.6764037 0.4550825 0.7482793 0.5332306 0.7460646 0.5331548 0.7434015 0.4550825 0.7482793 0.5331548 0.7434015 0.4551213 0.7456137 0.6155418 0.7556235 0.6115236 0.7472118 0.6083047 0.7476527 0.6155418 0.7556235 0.6083047 0.7476527 0.6087542 0.7561156 0.6249844 0.04773694 0.638726 0.04773694 0.6387382 0.04389739 0.6249844 0.04773694 0.6387382 0.04389739 0.6249967 0.04389739 0.3740719 0.2293913 0.3878134 0.2293913 0.3878148 0.2251425 0.3740719 0.2293913 0.3878148 0.2251425 0.374073 0.2251425 0.1583762 0.6952165 0.1446354 0.6952165 0.1446 0.6985221 0.1583762 0.6952165 0.1446 0.6985221 0.1583407 0.6985221 0.1583407 0.6985221 0.1446 0.6985221 0.1446201 0.7024955 0.1583407 0.6985221 0.1446201 0.7024955 0.1583608 0.7024955 0.05071115 0.6211354 0.05071121 0.6073934 0.04646033 0.6073939 0.05071115 0.6211354 0.04646033 0.6073939 0.04646027 0.6211357 0.6250004 0.05124568 0.638742 0.05124616 0.638726 0.04773694 0.6250004 0.05124568 0.638726 0.04773694 0.6249844 0.04773694 0.9631155 0.2338451 0.9631155 0.2104271 0.9565246 0.2104052 0.9631155 0.2338451 0.9565246 0.2104052 0.9565246 0.2338231 0.5492502 0.5258175 0.5492502 0.5008324 0.5435813 0.5008649 0.5492502 0.5258175 0.5435813 0.5008649 0.5435813 0.52585 0.5435813 0.52585 0.5435813 0.5008649 0.5378347 0.5008337 0.5435813 0.52585 0.5378347 0.5008337 0.5378347 0.5258189 0.3088291 0.6391447 0.3088291 0.6630831 0.3154194 0.6631157 0.3088291 0.6391447 0.3154194 0.6631157 0.3154194 0.6391772 0.5378347 0.5256388 0.5378347 0.5007004 0.5321968 0.5009115 0.5378347 0.5256388 0.5321968 0.5009115 0.5321968 0.52585 0.5321968 0.52585 0.5321968 0.5009115 0.526421 0.5007152 0.5321968 0.52585 0.526421 0.5007152 0.526421 0.5256536 0.1359134 0.01849019 0.1360942 0.01786357 0.130388 0.01222306 0.1359134 0.01849019 0.130388 0.01222306 0.1297371 0.01236569 0.1297371 0.01236569 0.1272128 0.002225995 0.1272128 0.1573823 0.1297371 0.01236569 0.1272128 0.1573823 0.1297371 0.1472387 0.1021451 0.002195835 0.1021451 0.3219606 0.1272128 0.321966 0.1021451 0.002195835 0.1272128 0.321966 0.1272128 0.002201259 0.06699395 0.002195835 0.06699395 0.3210076 0.0753073 0.3210117 0.06699395 0.002195835 0.0753073 0.3210117 0.0753073 0.002200067 0.3736181 0.3186454 0.6933891 0.3186451 0.6933913 0.2935716 0.3736181 0.3186454 0.6933913 0.2935716 0.3736202 0.2935716 0.0503692 0.002213299 0.0503692 0.3180278 0.05868166 0.3180106 0.0503692 0.002213299 0.05868166 0.3180106 0.05868166 0.002195835 0.3036137 0.2907471 0.3036131 0.29906 0.3286622 0.29906 0.3036137 0.2907471 0.3286622 0.29906 0.328663 0.2907471 0.0503692 0.321011 0.0503692 0.002199172 0.04369485 0.002195835 0.0503692 0.321011 0.04369485 0.002195835 0.04369485 0.3210076 0.007395446 0.3180245 0.007395446 0.6377957 0.01066744 0.6377958 0.007395446 0.3180245 0.01066744 0.6377958 0.01066744 0.3180246 0.4491589 0.2267114 0.4458897 0.2283989 0.4709392 0.2283989 0.4491589 0.2267114 0.4709392 0.2283989 0.4676704 0.2267114 0.37362 0.2935716 0.693391 0.2935716 0.6933913 0.2902998 0.37362 0.2935716 0.6933913 0.2902998 0.3736204 0.2902998 0.02037292 0.6338495 0.02535957 0.6338391 0.02535992 0.3180245 0.02037292 0.6338495 0.02535992 0.3180245 0.02037292 0.3180348 0.6932114 0.146354 0.3734468 0.146354 0.3734415 0.1714221 0.6932114 0.146354 0.3734415 0.1714221 0.693206 0.1714221 0.4458903 0.2217242 0.4458897 0.2283989 0.4491589 0.2267114 0.4458903 0.2217242 0.4491589 0.2267114 0.4491595 0.2217242 0.4676707 0.2217242 0.4676704 0.2267114 0.4709392 0.2283989 0.4676707 0.2217242 0.4709392 0.2283989 0.4709397 0.2217242 0.03702056 0.3180106 0.03702056 0.002195835 0.03034687 0.002209842 0.03702056 0.3180106 0.03034687 0.002209842 0.03034681 0.3180245 0.1708101 0.1574262 0.1522812 0.1574245 0.1522812 0.4771955 0.1708101 0.1574262 0.1522812 0.4771955 0.1708101 0.4771974 0.03034681 0.318027 0.02535992 0.3180245 0.02535992 0.6368362 0.03034681 0.318027 0.02535992 0.6368362 0.03034681 0.6368384 0.6933891 0.3437184 0.6933913 0.3186452 0.3736202 0.3186454 0.6933891 0.3437184 0.3736202 0.3186454 0.3736181 0.3437184 0.08361983 0.002200067 0.0753073 0.002195835 0.0753073 0.3210076 0.08361983 0.002200067 0.0753073 0.3210076 0.08361983 0.3210117 0.1272128 0.4771891 0.1522812 0.4771944 0.1522812 0.1574299 0.1272128 0.4771891 0.1522812 0.1574299 0.1272128 0.1574245 0.05868166 0.3180278 0.06699395 0.3180106 0.06699395 0.002195835 0.05868166 0.3180278 0.06699395 0.002195835 0.05868166 0.002213299 0.2391965 0.5611179 0.2642456 0.5611179 0.2642462 0.5528045 0.2391965 0.5611179 0.2642462 0.5528045 0.239197 0.5528045 0.04369485 0.002199172 0.03702056 0.002195835 0.03702056 0.3210076 0.04369485 0.002199172 0.03702056 0.3210076 0.04369485 0.321011 0.004123747 0.3180252 8.52819e-4 0.3180245 8.52791e-4 0.637789 0.004123747 0.3180252 8.52791e-4 0.637789 0.004123628 0.6377899 0.4923365 0.604057 0.4923365 0.5855453 0.4906489 0.5822765 0.4923365 0.604057 0.4906489 0.5822765 0.4906489 0.6073258 0.007395446 0.3180252 0.004123747 0.3180245 0.004123628 0.637789 0.007395446 0.3180252 0.004123628 0.637789 0.007395446 0.6377899 0.03870803 0.3210214 0.03870797 0.6368362 0.04369479 0.6368256 0.03870803 0.3210214 0.04369479 0.6368256 0.04369485 0.321011 0.6932092 0.1964954 0.6932114 0.1714221 0.3734405 0.1714221 0.6932092 0.1964954 0.3734405 0.1714221 0.3734382 0.1964954 0.4973233 0.6073262 0.4973233 0.6040573 0.4923365 0.604057 0.4973233 0.6073262 0.4923365 0.604057 0.4906489 0.6073258 0.4973233 0.5855458 0.4973233 0.5822771 0.4906489 0.5822765 0.4973233 0.5855458 0.4906489 0.5822765 0.4923365 0.5855453 0.02367287 0.3180245 0.03034681 0.3180106 0.03034687 0.002195835 0.02367287 0.3180245 0.03034687 0.002195835 0.02367287 0.002209842 0.08361983 0.002195835 0.08361983 0.3219606 0.1021451 0.3219645 0.08361983 0.002195835 0.1021451 0.3219645 0.1021451 0.002200067 0.0370205 0.6368384 0.03702056 0.3180271 0.03203374 0.3180245 0.0370205 0.6368384 0.03203374 0.3180245 0.0320335 0.6368362 0.3469766 0.5174186 0.3469766 0.5525511 0.3608677 0.5525511 0.3469766 0.5174186 0.3608677 0.5525511 0.3614898 0.5174186 0.6381824 0.5465085 0.6388046 0.581641 0.6526956 0.581641 0.6381824 0.5465085 0.6526956 0.581641 0.6526956 0.5465085 0.6534887 0.5851103 0.6534887 0.6198566 0.6788797 0.6198566 0.6534887 0.5851103 0.6788797 0.6198566 0.6788797 0.5851103 0.3626762 0.5269801 0.3766388 0.5269801 0.3773503 0.5240267 0.3626762 0.5269801 0.3773503 0.5240267 0.3633876 0.5240267 0.6788797 0.6198566 0.6534887 0.6198566 0.656442 0.6224365 0.6788797 0.6198566 0.656442 0.6224365 0.6759263 0.6224365 0.3773503 0.5240267 0.3773503 0.5045426 0.3633876 0.5045426 0.3773503 0.5240267 0.3633876 0.5045426 0.3633876 0.5240267 0.6485506 0.4582239 0.6290664 0.4582239 0.6290664 0.4719052 0.6485506 0.4582239 0.6290664 0.4719052 0.6485506 0.4719053 0.3766388 0.5015892 0.3626762 0.5015892 0.3633876 0.5045426 0.3766388 0.5015892 0.3633876 0.5045426 0.3773503 0.5045426 0.6534887 0.5851103 0.6788797 0.5851103 0.6759263 0.5825305 0.6534887 0.5851103 0.6759263 0.5825305 0.656442 0.5825305 0.4396617 0.5941173 0.4392668 0.6077929 0.4422318 0.6074268 0.4396617 0.5941173 0.4422318 0.6074268 0.4426268 0.5937513 0.6296781 0.4507266 0.6290664 0.4582239 0.6485506 0.4582239 0.6296781 0.4507266 0.6485506 0.4582239 0.6479389 0.4507267 0.3883453 0.5585324 0.3887404 0.5722081 0.3917055 0.572574 0.3883453 0.5585324 0.3917055 0.572574 0.3913106 0.5588984 0.3883453 0.5585324 0.3913106 0.5588984 0.3917055 0.5513867 0.3883453 0.5585324 0.3917055 0.5513867 0.3888136 0.5471357 0.8838068 0.1663551 0.8830096 0.1933155 0.8802418 0.1907356 0.8838068 0.1663551 0.8802418 0.1907356 0.8808534 0.1637752 0.4422318 0.6074268 0.4392668 0.6077929 0.4397349 0.6191896 0.4422318 0.6074268 0.4397349 0.6191896 0.4426268 0.6149387 0.8613691 0.1637752 0.8619809 0.1907356 0.8592129 0.1933155 0.8613691 0.1637752 0.8592129 0.1933155 0.8584159 0.1663551 0.5713954 0.4257263 0.5599363 0.4250486 0.5602045 0.4160488 0.5713954 0.4257263 0.5602045 0.4160488 0.5713954 0.3905883 0.8808534 0.1637752 0.8802418 0.1907356 0.8619809 0.1907356 0.8808534 0.1637752 0.8619809 0.1907356 0.8613691 0.1637752 0.6388046 0.581641 0.6381824 0.5465085 0.6274441 0.5721632 0.6388046 0.581641 0.6274441 0.5721632 0.6273353 0.5811663 0.6269101 0.4463939 0.6296781 0.4507266 0.6479389 0.4507267 0.6269101 0.4463939 0.6479389 0.4507267 0.6507068 0.446394 0.5720736 0.4144874 0.5809357 0.4144873 0.5809357 0.3906906 0.5720736 0.4144874 0.5809357 0.3906906 0.5720736 0.3906906 0.7149525 0.3138428 0.7149525 0.3321036 0.7123727 0.3348717 0.7149525 0.3138428 0.7123727 0.3348717 0.7123727 0.3110747 0.3955829 0.5098215 0.3922088 0.504278 0.3821052 0.504278 0.3955829 0.5098215 0.3821052 0.504278 0.3785423 0.5098215 0.6621534 0.5028129 0.6451128 0.502813 0.6451128 0.5195993 0.6621534 0.5028129 0.6451128 0.5195993 0.6621534 0.5195993 0.9816284 0.1758651 0.9816284 0.1462991 0.9648559 0.1462991 0.9816284 0.1758651 0.9648559 0.1462991 0.9648559 0.1758651 0.8969996 0.6535083 0.9128971 0.6535083 0.9128971 0.6523547 0.8969996 0.6535083 0.9128971 0.6523547 0.8961802 0.6523547 0.7395549 0.2924749 0.7552208 0.2924749 0.7552208 0.2913212 0.7395549 0.2924749 0.7552208 0.2913212 0.7387474 0.2913212 0.7613096 0.2913212 0.7552208 0.2913212 0.7552208 0.2924749 0.7613096 0.2913212 0.7552208 0.2924749 0.7613096 0.2924749 0.9180937 0.6819207 0.9180937 0.6807671 0.9128971 0.6807671 0.9180937 0.6819207 0.9128971 0.6807671 0.9128971 0.6819207 0.845264 0.06240499 0.8441103 0.06240499 0.8441103 0.06655192 0.845264 0.06240499 0.8441103 0.06655192 0.845264 0.06655192 0.7387474 0.3208871 0.7552208 0.3208871 0.7552208 0.3197335 0.7387474 0.3208871 0.7552208 0.3197335 0.7395548 0.3197335 0.8961802 0.6819207 0.9128971 0.6819207 0.9128971 0.6807671 0.8961802 0.6819207 0.9128971 0.6807671 0.8969996 0.6807671 0.5582902 0.3834391 0.5753308 0.3834391 0.5753308 0.3666527 0.5582902 0.3834391 0.5753308 0.3666527 0.5582902 0.3666527 0.8961802 0.6819207 0.8969996 0.6807671 0.8969996 0.6535083 0.8961802 0.6819207 0.8969996 0.6535083 0.8961802 0.6523547 0.7387474 0.3208871 0.7395548 0.3197335 0.7395549 0.2924749 0.7387474 0.3208871 0.7395549 0.2924749 0.7387474 0.2913212 0.5582902 0.3834391 0.5618531 0.3889827 0.5719568 0.3889827 0.5582902 0.3834391 0.5719568 0.3889827 0.5753308 0.3834391 0.9128971 0.6535083 0.9180937 0.6535083 0.9180937 0.6523547 0.9128971 0.6535083 0.9180937 0.6523547 0.9128971 0.6523547 0.7205418 0.3349595 0.7205418 0.3292441 0.7193881 0.3292441 0.7205418 0.3349595 0.7193881 0.3292441 0.7193881 0.3349595 0.7552208 0.3208871 0.7613095 0.3208871 0.7613095 0.3197335 0.7552208 0.3208871 0.7613095 0.3197335 0.7552208 0.3197335 0.717081 0.3349595 0.7182347 0.3349595 0.7182347 0.3292441 0.717081 0.3349595 0.7182347 0.3292441 0.717081 0.3292441 0.7182347 0.3250972 0.7182347 0.3292441 0.7193881 0.3292441 0.7182347 0.3250972 0.7193881 0.3292441 0.7193881 0.3250972 0.3955827 0.5257851 0.3955829 0.5098215 0.3785423 0.5098215 0.3955827 0.5257851 0.3785423 0.5098215 0.3785421 0.5257852 0.6451128 0.5195993 0.6451128 0.4923406 0.628479 0.4923406 0.6451128 0.5195993 0.628479 0.4923406 0.628479 0.5195993 0.4591736 0.5379021 0.4591736 0.5219385 0.442133 0.5219385 0.4591736 0.5379021 0.442133 0.5219385 0.4421331 0.5379021 0.4557998 0.5434457 0.4591736 0.5379021 0.4421331 0.5379021 0.4557998 0.5434457 0.4421331 0.5379021 0.4456961 0.5434457 0.6587794 0.4972693 0.6486757 0.4972693 0.6451128 0.502813 0.6587794 0.4972693 0.6451128 0.502813 0.6621534 0.5028129 0.6311969 0.0352686 0.6529969 0.0352686 0.6530123 0.03040432 0.6311969 0.0352686 0.6530123 0.03040432 0.6312122 0.03040432 0.2908335 0.2293378 0.2690334 0.2293378 0.2690319 0.234721 0.2908335 0.2293378 0.2690319 0.234721 0.2908321 0.234721 0.1406401 0.6106474 0.1406401 0.5888486 0.1364527 0.588804 0.1406401 0.6106474 0.1364527 0.588804 0.1364527 0.6106026 0.1364527 0.6106026 0.1364527 0.588804 0.131419 0.5888294 0.1364527 0.6106026 0.131419 0.5888294 0.131419 0.610628 0.06729942 0.6226852 0.06729942 0.6008848 0.06191468 0.6008853 0.06729942 0.6226852 0.06191468 0.6008853 0.06191468 0.6226857 0.631217 0.03971344 0.6530172 0.03971344 0.6529969 0.0352686 0.631217 0.03971344 0.6529969 0.0352686 0.6311969 0.0352686 0.474194 0.5291374 0.474194 0.5642698 0.488085 0.5642698 0.474194 0.5291374 0.488085 0.5642698 0.488707 0.5291374 0.6672087 0.581641 0.6665866 0.5465085 0.6526956 0.5465085 0.6672087 0.581641 0.6526956 0.5465085 0.6526956 0.581641 0.6280978 0.5851103 0.6280978 0.6198566 0.6534887 0.6198566 0.6280978 0.5851103 0.6534887 0.6198566 0.6534887 0.5851103 0.9492681 0.1640449 0.9632309 0.1640449 0.9639424 0.1610915 0.9492681 0.1640449 0.9639424 0.1610915 0.9499797 0.1610915 0.6534887 0.6198566 0.6280978 0.6198566 0.6310512 0.6224365 0.6534887 0.6198566 0.6310512 0.6224365 0.6505354 0.6224365 0.9639424 0.1610915 0.9639424 0.1416073 0.9499797 0.1416073 0.9639424 0.1610915 0.9499797 0.1416073 0.9499797 0.1610915 0.6489757 0.5328271 0.6294914 0.532827 0.6294914 0.5465084 0.6489757 0.5328271 0.6294914 0.5465084 0.6489757 0.5465085 0.9632309 0.1386539 0.9492681 0.1386539 0.9499797 0.1416073 0.9632309 0.1386539 0.9499797 0.1416073 0.9639424 0.1416073 0.6280978 0.5851103 0.6534887 0.5851103 0.6505354 0.5825305 0.6280978 0.5851103 0.6505354 0.5825305 0.6310512 0.5825305 0.7748891 0.5718982 0.774494 0.5855738 0.7774592 0.5852078 0.7748891 0.5718982 0.7774592 0.5852078 0.7778542 0.5715323 0.6301032 0.5253298 0.6294914 0.532827 0.6489757 0.5328271 0.6301032 0.5253298 0.6489757 0.5328271 0.6483639 0.5253299 0.3883453 0.5839707 0.3887404 0.5976464 0.3917055 0.5980124 0.3883453 0.5839707 0.3917055 0.5980124 0.3913106 0.5843367 0.3883453 0.5839707 0.3913106 0.5843367 0.3917055 0.5768249 0.3883453 0.5839707 0.3917055 0.5768249 0.3888136 0.572574 0.871311 0.01714962 0.8705136 0.04411011 0.8677458 0.04153025 0.871311 0.01714962 0.8677458 0.04153025 0.8683575 0.01456981 0.7774592 0.5852078 0.774494 0.5855738 0.7749623 0.5969706 0.7774592 0.5852078 0.7749623 0.5969706 0.7778542 0.5927197 0.8488733 0.01456981 0.849485 0.04153025 0.846717 0.04411011 0.8488733 0.01456981 0.846717 0.04411011 0.8459198 0.01714962 0.7803843 0.625148 0.768925 0.6244704 0.7691935 0.6154707 0.7803843 0.625148 0.7691935 0.6154707 0.7803843 0.5900102 0.8683575 0.01456981 0.8677458 0.04153025 0.849485 0.04153025 0.8683575 0.01456981 0.849485 0.04153025 0.8488733 0.01456981 0.6665866 0.5465085 0.6672087 0.581641 0.677947 0.5559862 0.6665866 0.5465085 0.677947 0.5559862 0.6780558 0.5469831 0.6273353 0.5209972 0.6301032 0.5253298 0.6483639 0.5253299 0.6273353 0.5209972 0.6483639 0.5253299 0.6511319 0.5209973 0.4292213 0.6194468 0.4380833 0.6194468 0.4380833 0.59565 0.4292213 0.6194468 0.4380833 0.59565 0.4292213 0.59565 0.42813 0.6063296 0.42813 0.6245904 0.4255501 0.6273583 0.42813 0.6063296 0.4255501 0.6273583 0.4255501 0.6035615 0.3257477 0.5679848 0.3087069 0.5679849 0.3087069 0.5847712 0.3257477 0.5679848 0.3087069 0.5847712 0.3257477 0.5847712 0.7577214 0.5674046 0.7577214 0.5969706 0.774494 0.5969706 0.7577214 0.5674046 0.774494 0.5969706 0.774494 0.5674046 0.7396332 0.2925021 0.7555307 0.2925021 0.7555307 0.2913485 0.7396332 0.2925021 0.7555307 0.2913485 0.7388138 0.2913485 0.7396 0.2924745 0.755266 0.2924745 0.755266 0.2913208 0.7396 0.2924745 0.755266 0.2913208 0.7387927 0.2913208 0.7613547 0.2913208 0.755266 0.2913208 0.755266 0.2924745 0.7613547 0.2913208 0.755266 0.2924745 0.7613547 0.2924745 0.7607273 0.3209145 0.7607273 0.3197609 0.7555307 0.3197609 0.7607273 0.3209145 0.7555307 0.3197609 0.7555307 0.3209145 0.717081 0.3250972 0.7159275 0.3250972 0.7159275 0.3292441 0.717081 0.3250972 0.7159275 0.3292441 0.717081 0.3292441 0.7387927 0.3208869 0.755266 0.3208869 0.755266 0.3197331 0.7387927 0.3208869 0.755266 0.3197331 0.7396 0.3197331 0.7388136 0.3209145 0.7555307 0.3209145 0.7555307 0.3197609 0.7388136 0.3209145 0.7555307 0.3197609 0.7396332 0.3197609 0.2837669 0.6214327 0.3008074 0.6214328 0.3008074 0.6046463 0.2837669 0.6214327 0.3008074 0.6046463 0.2837669 0.6046463 0.7388136 0.3209145 0.7396332 0.3197609 0.7396332 0.2925021 0.7388136 0.3209145 0.7396332 0.2925021 0.7388138 0.2913485 0.7387927 0.3208869 0.7396 0.3197331 0.7396 0.2924745 0.7387927 0.3208869 0.7396 0.2924745 0.7387927 0.2913208 0.2837669 0.6214327 0.28733 0.6269764 0.2974336 0.6269764 0.2837669 0.6214327 0.2974336 0.6269764 0.3008074 0.6214328 0.7555307 0.2925021 0.7607273 0.2925021 0.7607273 0.2913485 0.7555307 0.2925021 0.7607273 0.2913485 0.7555307 0.2913485 0.8464176 0.07226729 0.8464176 0.06655192 0.845264 0.06655192 0.8464176 0.07226729 0.845264 0.06655192 0.845264 0.07226729 0.755266 0.3208869 0.7613547 0.3208869 0.7613547 0.3197331 0.755266 0.3208869 0.7613547 0.3197331 0.755266 0.3197331 0.7159275 0.3349595 0.717081 0.3349595 0.717081 0.3292441 0.7159275 0.3349595 0.717081 0.3292441 0.7159275 0.3292441 0.7193881 0.3250972 0.7193881 0.3292441 0.7205418 0.3292441 0.7193881 0.3250972 0.7205418 0.3292441 0.7205418 0.3250972 0.6602654 0.4743993 0.6443017 0.4743993 0.6443017 0.4914399 0.6602654 0.4743993 0.6443017 0.4914399 0.6602654 0.4914399 0.4588379 0.5752027 0.4588379 0.5479441 0.4422042 0.547944 0.4588379 0.5752027 0.4422042 0.547944 0.4422042 0.5752027 0.6443017 0.4743993 0.6283382 0.4743993 0.6283382 0.4914399 0.6443017 0.4743993 0.6283382 0.4914399 0.6443017 0.4914399 0.3223736 0.5624412 0.3122699 0.5624412 0.3087069 0.5679849 0.3223736 0.5624412 0.3087069 0.5679849 0.3257477 0.5679848 0.3226349 0.8523162 0.3165115 0.957754 0.3125883 0.9578337 0.3226349 0.8523162 0.3125883 0.9578337 0.3187402 0.8518413 0.2961373 0.8522703 0.3187402 0.8518413 0.3125883 0.9578337 0.2961373 0.8522703 0.3125883 0.9578337 0.2901616 0.9564753 0.203978 0.9984719 0.1424542 0.99871 0.1414458 0.9972839 0.203978 0.9984719 0.1414458 0.9972839 0.205012 0.9970263 0.2229921 0.9797432 0.222325 0.978457 0.2520867 0.964896 0.2229921 0.9797432 0.2520867 0.964896 0.2531954 0.9661153 0.1414197 0.9536979 0.222325 0.978457 0.205012 0.9970263 0.1414197 0.9536979 0.205012 0.9970263 0.1414458 0.9972839 0.191913 0.5145712 0.191913 0.5491362 0.2113308 0.5491407 0.191913 0.5145712 0.2113308 0.5491407 0.2113308 0.5118051 0.1753576 0.1766828 0.1739231 0.1765003 0.1715998 0.1842628 0.1753576 0.1766828 0.1715998 0.1842628 0.1732352 0.183903 0.2498508 0.2183082 0.2125145 0.2183082 0.2125129 0.2373738 0.2498508 0.2183082 0.2125129 0.2373738 0.2470788 0.2373738 0.3075768 0.1986514 0.3417152 0.1986513 0.3417122 0.1972495 0.3075768 0.1986514 0.3417122 0.1972495 0.307574 0.1972495 0.2959412 0.2047921 0.2957583 0.2033579 0.2767096 0.2010351 0.2959412 0.2047921 0.2767096 0.2010351 0.2765391 0.2024265 0.1739231 0.1765003 0.1753576 0.1766828 0.1729905 0.1574245 0.1739231 0.1765003 0.1729905 0.1574245 0.1715998 0.1575953 0.1732352 0.183903 0.1715998 0.1842628 0.173018 0.1961423 0.1732352 0.183903 0.173018 0.1961423 0.1745193 0.1959595 0.2113308 0.5118051 0.2113308 0.5491407 0.2181583 0.5490421 0.2113308 0.5118051 0.2181583 0.5490421 0.2181583 0.5096177 0.2125145 0.2183082 0.2498508 0.2183082 0.2520819 0.2109396 0.2125145 0.2183082 0.2520819 0.2109396 0.2126566 0.2109396 0.2957583 0.2033579 0.2959412 0.2047921 0.3032724 0.2026709 0.2957583 0.2033579 0.3032724 0.2026709 0.3036313 0.201035 0.3029761 0.3439845 0.2729623 0.3439845 0.2729616 0.345497 0.3029761 0.3439845 0.2729616 0.345497 0.3029754 0.345497 0.2181583 0.5096177 0.2181583 0.5490421 0.229996 0.5428829 0.2181583 0.5096177 0.229996 0.5428829 0.2299953 0.5127794 0.2126566 0.2109396 0.2520819 0.2109396 0.2489255 0.1992542 0.2126566 0.2109396 0.2489255 0.1992542 0.2188212 0.1992542 0.3036313 0.201035 0.3032724 0.2026709 0.3148649 0.203925 0.3036313 0.201035 0.3148649 0.203925 0.3150473 0.2024234 0.2484191 0.1004084 0.2511911 0.08098709 0.2138547 0.08098709 0.2484191 0.1004084 0.2138547 0.08098709 0.2138532 0.1004089 0.1946751 0.8378605 0.201896 0.8357385 0.2022561 0.8341025 0.1946751 0.8378605 0.2022561 0.8341025 0.1944929 0.8364259 0.2511512 0.1194704 0.2483851 0.1004089 0.2138197 0.1004089 0.2511512 0.1194704 0.2138197 0.1004089 0.2138154 0.1194704 0.3966823 0.1434475 0.3966852 0.144849 0.4308236 0.1448489 0.3966823 0.1434475 0.4308236 0.1448489 0.4308206 0.1434475 0.6424505 0.0777058 0.6618536 0.07534867 0.6616851 0.07395738 0.6424505 0.0777058 0.6616851 0.07395738 0.6426351 0.07627254 0.1944929 0.8364259 0.175588 0.8341025 0.1754169 0.8354939 0.1944929 0.8364259 0.1754169 0.8354939 0.1946751 0.8378605 0.201896 0.8357385 0.213949 0.8370482 0.2141324 0.8355469 0.201896 0.8357385 0.2141324 0.8355469 0.2022561 0.8341025 0.2511911 0.08098709 0.2533898 0.07402908 0.2139646 0.07402908 0.2511911 0.08098709 0.2139646 0.07402908 0.2138547 0.08098709 0.2138154 0.1194704 0.2139654 0.126978 0.2533898 0.126978 0.2138154 0.1194704 0.2533898 0.126978 0.2511512 0.1194704 0.6426351 0.07627254 0.6347674 0.07395738 0.6351241 0.07559305 0.6426351 0.07627254 0.6351241 0.07559305 0.6424505 0.0777058 0.09412723 0.5927215 0.09261471 0.5927205 0.09261465 0.6227344 0.09412723 0.5927215 0.09261465 0.6227344 0.09412723 0.6227353 0.2533898 0.07402908 0.2502324 0.06218034 0.2201279 0.06218034 0.2533898 0.07402908 0.2201279 0.06218034 0.2139646 0.07402908 0.2139654 0.126978 0.2201264 0.1386619 0.25023 0.1386619 0.2139654 0.126978 0.25023 0.1386619 0.2533898 0.126978 0.6347674 0.07395738 0.6233451 0.07529264 0.6235254 0.0767942 0.6347674 0.07395738 0.6235254 0.0767942 0.6351241 0.07559305 0.2898155 0.7120836 0.2890632 0.7122815 0.2983228 0.7336448 0.2898155 0.7120836 0.2983228 0.7336448 0.299075 0.7334469 0.1513074 0.8888201 0.1527309 0.8888201 0.1540642 0.8787496 0.1513074 0.8888201 0.1540642 0.8787496 0.1491931 0.8787496 0.146151 0.8666614 0.1449197 0.8667223 0.1449216 0.8769782 0.146151 0.8666614 0.1449216 0.8769782 0.1491354 0.8767693 0.2236812 0.5763469 0.2234848 0.5854367 0.2246925 0.5852983 0.2236812 0.5763469 0.2246925 0.5852983 0.2278144 0.5758733 0.2915643 0.7047975 0.2898155 0.7120836 0.2907302 0.711923 0.2915643 0.7047975 0.2907302 0.711923 0.2923012 0.7053776 0.1449197 0.8667223 0.1436856 0.8666614 0.1406981 0.8767693 0.1449197 0.8667223 0.1406981 0.8767693 0.1449216 0.8769782 0.1632633 0.6029196 0.1618429 0.6029196 0.1599096 0.612915 0.1632633 0.6029196 0.1599096 0.612915 0.1647708 0.612915 0.2222285 0.5852983 0.2234848 0.5854367 0.2236812 0.5763469 0.2222285 0.5852983 0.2236812 0.5763469 0.2193822 0.5758733 0.2864929 0.697754 0.2865221 0.7304337 0.2874108 0.7305306 0.2864929 0.697754 0.2874108 0.7305306 0.2873815 0.697851 0.2923012 0.7053776 0.3129388 0.6797422 0.3122019 0.6791623 0.2923012 0.7053776 0.3122019 0.6791623 0.2915643 0.7047975 0.2873815 0.697851 0.2874108 0.6900766 0.2865229 0.6906496 0.2873815 0.697851 0.2865229 0.6906496 0.2864929 0.697754 0.9625974 0.347286 0.9627249 0.315232 0.9618672 0.3154228 0.9625974 0.347286 0.9618672 0.3154228 0.9617396 0.3474766 0.3324301 0.582093 0.3426273 0.6133841 0.3434672 0.6131208 0.3324301 0.582093 0.3434672 0.6131208 0.33327 0.5818296 0.2671601 0.6221284 0.2681292 0.6220321 0.2686385 0.6149932 0.2671601 0.6221284 0.2686385 0.6149932 0.2677177 0.6143689 0.9617396 0.3474766 0.9618583 0.3540549 0.9627249 0.3545549 0.9617396 0.3474766 0.9627249 0.3545549 0.9625974 0.347286 0.3334761 0.573961 0.3342188 0.574453 0.350505 0.5577711 0.3334761 0.573961 0.350505 0.5577711 0.3497624 0.5572791 0.3342188 0.574453 0.3349143 0.5748868 0.3512005 0.5582048 0.3342188 0.574453 0.3512005 0.5582048 0.350505 0.5577711 0.2907302 0.711923 0.2898155 0.7120836 0.299075 0.7334469 0.2907302 0.711923 0.299075 0.7334469 0.2999898 0.7332863 0.1598766 0.5108777 0.1602461 0.515523 0.162971 0.515523 0.1598766 0.5108777 0.162971 0.515523 0.163347 0.5108777 0.1668975 0.4965646 0.1673139 0.5004086 0.1700383 0.5004086 0.1668975 0.4965646 0.1700383 0.5004086 0.1703673 0.4965646 0.2496763 0.6640604 0.2482393 0.6650475 0.2482393 0.6685179 0.2496763 0.6640604 0.2482393 0.6685179 0.2496763 0.6695036 0.4537786 0.5029219 0.4569342 0.5025183 0.4569342 0.4997934 0.4537786 0.5029219 0.4569342 0.4997934 0.4537786 0.4994515 0.4518231 0.5066935 0.4528665 0.5057526 0.4528665 0.5022855 0.4518231 0.5066935 0.4528665 0.5022855 0.4518231 0.5012552 0.8489129 0.573014 0.8466891 0.5730109 0.8466891 0.5757358 0.8489129 0.573014 0.8466891 0.5757358 0.8489129 0.5757389 0.4476824 0.5012372 0.4466024 0.5022166 0.4466024 0.5056867 0.4476824 0.5012372 0.4466024 0.5056867 0.4476824 0.5066804 0.445132 0.5066621 0.4466024 0.5056772 0.4466024 0.5022074 0.445132 0.5066621 0.4466024 0.5022074 0.445132 0.5012198 0.163347 0.510896 0.1636934 0.515523 0.1664159 0.515523 0.163347 0.510896 0.1664159 0.515523 0.1668141 0.510896 0.4434143 0.5068498 0.445132 0.5066621 0.445132 0.5012198 0.4434143 0.5068498 0.445132 0.5012198 0.4434143 0.5010711 0.4497569 0.5010704 0.4476824 0.5012372 0.4476824 0.5066804 0.4497569 0.5010704 0.4476824 0.5066804 0.4497569 0.5068498 0.4497569 0.5068498 0.4518231 0.5066935 0.4518231 0.5012552 0.4497569 0.5068498 0.4518231 0.5012552 0.4497569 0.5010758 0.2496477 0.6695036 0.2482393 0.6696857 0.2482393 0.6751285 0.2496477 0.6695036 0.2482393 0.6751285 0.2496477 0.6752829 0.5442151 0.7780398 0.5442151 0.7722638 0.5398935 0.7721309 0.5442151 0.7780398 0.5398935 0.7721309 0.5398935 0.7779068 0.2924116 0.6645193 0.2915715 0.6648443 0.3053054 0.6835825 0.2924116 0.6645193 0.3053054 0.6835825 0.3061455 0.6832575 0.5109513 0.8178419 0.5095515 0.8178419 0.5076947 0.8278322 0.5109513 0.8178419 0.5076947 0.8278322 0.5124847 0.8278322 0.1476593 0.91819 0.1463218 0.9181901 0.1457939 0.9282235 0.1476593 0.91819 0.1457939 0.9282235 0.1503708 0.9282229 0.164592 0.5724142 0.1635483 0.5819538 0.1646039 0.5818746 0.164592 0.5724142 0.1646039 0.5818746 0.1682045 0.5721426 0.5183779 0.8639542 0.5189839 0.8711094 0.5199179 0.8704964 0.5183779 0.8639542 0.5199179 0.8704964 0.5193699 0.8640684 0.1463218 0.9181901 0.145231 0.91819 0.1420611 0.9282227 0.1463218 0.9181901 0.1420611 0.9282227 0.1457939 0.9282235 0.2288089 0.5854367 0.2302235 0.5854367 0.2326558 0.5753447 0.2288089 0.5854367 0.2326558 0.5753447 0.2278144 0.5753447 0.1621941 0.5818746 0.1635483 0.5819538 0.164592 0.5724142 0.1621941 0.5818746 0.164592 0.5724142 0.1599574 0.5721426 0.2925016 0.6570299 0.3068557 0.6274233 0.3060226 0.6270411 0.2925016 0.6570299 0.3060226 0.6270411 0.2916683 0.6566481 0.5193699 0.8640684 0.5199179 0.831489 0.518926 0.8313748 0.5193699 0.8640684 0.518926 0.8313748 0.5183779 0.8639542 0.2916683 0.6566481 0.2915715 0.6648443 0.2924116 0.6645193 0.2916683 0.6566481 0.2924116 0.6645193 0.2925016 0.6570299 0.2990738 0.7061122 0.3090997 0.7374539 0.3100289 0.7371724 0.2990738 0.7061122 0.3100289 0.7371724 0.3000031 0.7058305 0.2686385 0.6219373 0.2691311 0.6548289 0.2700955 0.6547903 0.2686385 0.6219373 0.2700955 0.6547903 0.269603 0.6218987 0.3000031 0.7058305 0.3008409 0.6991656 0.3000017 0.6987473 0.3000031 0.7058305 0.3000017 0.6987473 0.2990738 0.7061122 0.2994147 0.6982322 0.3000017 0.6987473 0.3160362 0.6821838 0.2994147 0.6982322 0.3160362 0.6821838 0.3154495 0.6816688 0.3000017 0.6987473 0.3008409 0.6991656 0.3168754 0.6826023 0.3000017 0.6987473 0.3168754 0.6826023 0.3160362 0.6821838 0.2931217 0.6641236 0.2924116 0.6645193 0.3061455 0.6832575 0.2931217 0.6641236 0.3061455 0.6832575 0.3068557 0.6828619 0.1636775 0.5087409 0.1631957 0.5041994 0.1604854 0.5041994 0.1636775 0.5087409 0.1604854 0.5041994 0.1602258 0.5087409 0.1599569 0.4963545 0.1603324 0.5004086 0.1630573 0.5004086 0.1599569 0.4963545 0.1630573 0.5004086 0.1634274 0.4963545 0.4959914 0.8166087 0.4945873 0.8175035 0.4945873 0.8209214 0.4959914 0.8166087 0.4945873 0.8209214 0.4959914 0.8219698 0.237448 0.5952559 0.2408723 0.5948442 0.2408723 0.5921194 0.237448 0.5952559 0.2408723 0.5921194 0.237448 0.591786 0.549569 0.7778731 0.5507428 0.7768236 0.5507428 0.7733626 0.549569 0.7778731 0.5507428 0.7733626 0.5495692 0.7724447 0.27788 0.6584254 0.2802303 0.6581866 0.2802303 0.655503 0.27788 0.6584254 0.2802303 0.655503 0.27788 0.6557418 0.4959914 0.8219698 0.4945873 0.8209214 0.491594 0.8212257 0.4959914 0.8219698 0.491594 0.8212257 0.4912964 0.8224471 0.5460266 0.7778705 0.5474855 0.7768843 0.5474855 0.7734139 0.5460266 0.7778705 0.5474855 0.7734139 0.5460266 0.7724273 0.1403802 0.9339125 0.1407498 0.9385782 0.1434673 0.9385782 0.1403802 0.9339125 0.1434673 0.9385782 0.143841 0.9339125 0.5442151 0.7780398 0.5460266 0.7778705 0.5460266 0.7724273 0.5442151 0.7780398 0.5460266 0.7724273 0.5442151 0.7722604 0.2408723 0.5952559 0.2429002 0.5950392 0.2429002 0.5896251 0.2408723 0.5952559 0.2429002 0.5896251 0.2408723 0.5895078 0.5474855 0.7780398 0.549569 0.7778731 0.5495692 0.7724447 0.5474855 0.7780398 0.5495692 0.7724447 0.5474855 0.7722762 0.2449266 0.5952559 0.2464549 0.5950704 0.2464549 0.5896275 0.2449266 0.5952559 0.2464549 0.5896275 0.2449266 0.5894768 0.1652663 0.5645307 0.1652663 0.5588815 0.1606374 0.5581508 0.1652663 0.5645307 0.1606374 0.5581508 0.1606374 0.5637999 0.2707076 0.2892685 0.2786553 0.2892684 0.2786656 0.2874404 0.2707076 0.2892685 0.2786656 0.2874404 0.2707181 0.2874404 0.1200506 0.6216685 0.1218418 0.6216606 0.1218419 0.613713 0.1200506 0.6216685 0.1218419 0.613713 0.1200507 0.6137211 0.08041584 0.6336823 0.07801049 0.6336819 0.07801049 0.6360873 0.08041584 0.6336823 0.07801049 0.6360873 0.08041584 0.6360878 0.6181904 0.06612902 0.618187 0.06790834 0.6261346 0.06790834 0.6181904 0.06612902 0.6261346 0.06790834 0.626138 0.06612902 0.1814772 0.5332799 0.1814772 0.5412269 0.1834244 0.5412083 0.1814772 0.5332799 0.1834244 0.5412083 0.1834244 0.5332612 0.1313331 0.6688638 0.1392806 0.6688638 0.1392908 0.6670361 0.1313331 0.6688638 0.1392908 0.6670361 0.1313434 0.6670361 0.9051948 0.2659944 0.8987882 0.2753156 0.9108706 0.2797216 0.9051948 0.2659944 0.9108706 0.2797216 0.9108706 0.2684441 0.8917949 0.1638092 0.8917951 0.2665007 0.9029797 0.2605634 0.8917949 0.1638092 0.9029797 0.2605634 0.9029796 0.1697463 0.8987895 0.154994 0.9051961 0.1643155 0.9108721 0.1618655 0.8987895 0.154994 0.9108721 0.1618655 0.9108721 0.1505883 0.9934446 0.6667169 0.9996539 0.6667169 0.9996539 0.6605347 0.9934446 0.6667169 0.9996539 0.6605347 0.9934446 0.6605347 0.9934443 0.8425491 0.9934443 0.9452408 0.9996539 0.9452408 0.9934443 0.8425491 0.9996539 0.9452408 0.9996539 0.8425491 0.9934443 0.831296 0.9996539 0.831296 0.9996539 0.8184354 0.9934443 0.831296 0.9996539 0.8184354 0.9934443 0.8184354 0.9934446 0.7634001 0.9996539 0.7634001 0.9996539 0.6725825 0.9934446 0.7634001 0.9996539 0.6725825 0.9934446 0.6725828 0.9214762 0.214354 0.908084 0.2214477 0.9185658 0.2285524 0.9214762 0.214354 0.9185658 0.2285524 0.9267115 0.2242379 0.937885 0.2698352 0.9211015 0.2627221 0.9170509 0.2675737 0.937885 0.2698352 0.9170509 0.2675737 0.9270379 0.278596 0.9270379 0.278596 0.9170509 0.2675737 0.9108706 0.2684441 0.9270379 0.278596 0.9108706 0.2684441 0.9108706 0.2797216 0.9934443 0.8425491 0.9996539 0.8425491 0.9996539 0.831296 0.9934443 0.8425491 0.9996539 0.831296 0.9934443 0.831296 0.9996539 0.8022291 0.9934443 0.8022289 0.9934443 0.8184354 0.9996539 0.8022291 0.9934443 0.8184354 0.9996539 0.8184354 0.9378867 0.1604744 0.9270396 0.1517136 0.9170522 0.1627359 0.9378867 0.1604744 0.9170522 0.1627359 0.921103 0.1675878 0.9934446 0.6479734 0.9934446 0.6542937 0.9996539 0.6542937 0.9934446 0.6479734 0.9996539 0.6542937 0.9996539 0.6479734 0.9934446 0.6542937 0.9934446 0.6605347 0.9996539 0.6605347 0.9934446 0.6542937 0.9996539 0.6605347 0.9996539 0.6542937 0.9270396 0.1517136 0.9108721 0.1505883 0.9108721 0.1618655 0.9270396 0.1517136 0.9108721 0.1618655 0.9170522 0.1627359 0.9996539 0.7882857 0.9934443 0.7882857 0.9934443 0.8022289 0.9996539 0.7882857 0.9934443 0.8022289 0.9996539 0.8022291 0.9934446 0.6725828 0.9996539 0.6725825 0.9996539 0.6667169 0.9934446 0.6725828 0.9996539 0.6667169 0.9934446 0.6667169 0.8917949 0.1638092 0.9029796 0.1697463 0.9051961 0.1643155 0.8917949 0.1638092 0.9051961 0.1643155 0.8987895 0.154994 0.902978 0.2605634 0.8917934 0.2665007 0.8987882 0.2753156 0.902978 0.2605634 0.8987882 0.2753156 0.9051948 0.2659944 0.9051964 0.2659944 0.89879 0.2753156 0.9108723 0.2797216 0.9051964 0.2659944 0.9108723 0.2797216 0.9108723 0.2684441 0.5074864 0.5702567 0.5187222 0.5689583 0.5192141 0.5627958 0.5074864 0.5702567 0.5192141 0.5627958 0.5092486 0.5575172 0.898788 0.154994 0.9051947 0.1643155 0.9108706 0.1618655 0.898788 0.154994 0.9108706 0.1618655 0.9108706 0.1505883 0.9996539 0.7692659 0.9934446 0.7692659 0.9934443 0.775448 0.9996539 0.7692659 0.9934443 0.775448 0.9996539 0.775448 0.9488743 0.1683264 0.9176909 0.1685035 0.9236915 0.1796541 0.9488743 0.1683264 0.9236915 0.1796541 0.9489377 0.1795108 0.9996539 0.9564937 0.9934443 0.9564937 0.9934443 0.9693545 0.9996539 0.9564937 0.9934443 0.9693545 0.9996539 0.9693545 0.9374697 0.2470676 0.9312602 0.2470676 0.9312602 0.2532497 0.9374697 0.2470676 0.9312602 0.2532497 0.9374697 0.2532497 0.9148043 0.2330533 0.9035685 0.2317548 0.9053305 0.2444944 0.9148043 0.2330533 0.9053305 0.2444944 0.9152963 0.2392159 0.9378867 0.2698352 0.9211031 0.2627221 0.9170525 0.2675737 0.9378867 0.2698352 0.9170525 0.2675737 0.9270396 0.278596 0.9270396 0.278596 0.9170525 0.2675737 0.9108723 0.2684441 0.9270396 0.278596 0.9108723 0.2684441 0.9108723 0.2797216 0.9996539 0.9452408 0.9934443 0.9452408 0.9934443 0.9564937 0.9996539 0.9452408 0.9934443 0.9564937 0.9996539 0.9564937 0.9934443 0.9855608 0.9996537 0.9855608 0.9996539 0.9693545 0.9934443 0.9855608 0.9996539 0.9693545 0.9934443 0.9693545 0.937885 0.1604745 0.9270379 0.1517136 0.9170509 0.1627359 0.937885 0.1604745 0.9170509 0.1627359 0.9211014 0.1675878 0.9996539 0.7880095 0.9996539 0.7816892 0.9934446 0.7816892 0.9996539 0.7880095 0.9934446 0.7816892 0.9934443 0.7880095 0.9996539 0.7816892 0.9996539 0.775448 0.9934443 0.775448 0.9996539 0.7816892 0.9934443 0.775448 0.9934446 0.7816892 0.9270379 0.1517136 0.9108706 0.1505883 0.9108706 0.1618655 0.9270379 0.1517136 0.9108706 0.1618655 0.9170509 0.1627359 0.9934443 0.999504 0.9996537 0.999504 0.9996537 0.9855608 0.9934443 0.999504 0.9996537 0.9855608 0.9934443 0.9855608 0.9996539 0.7634001 0.9934446 0.7634001 0.9934446 0.7692659 0.9996539 0.7634001 0.9934446 0.7692659 0.9996539 0.7692659 0.8917932 0.1638092 0.902978 0.1697463 0.9051947 0.1643155 0.8917932 0.1638092 0.9051947 0.1643155 0.898788 0.154994 0.9029797 0.2605634 0.8917951 0.2665007 0.89879 0.2753156 0.9029797 0.2605634 0.89879 0.2753156 0.9051964 0.2659944 0.9983503 0.07390868 0.9983503 0.06272423 0.9921407 0.06272423 0.9983503 0.07390868 0.9921407 0.06272423 0.9921407 0.07390868 0.2700601 0.3146654 0.2817261 0.3146654 0.2817165 0.310047 0.2700601 0.3146654 0.2817165 0.310047 0.2700505 0.310047 0.2714166 0.3033625 0.2714262 0.3079816 0.2815381 0.3079817 0.2714166 0.3033625 0.2815381 0.3079817 0.2815283 0.3033625 0.07781863 0.6360883 0.0731998 0.6360878 0.0731998 0.6409449 0.07781863 0.6360883 0.0731998 0.6409449 0.07781863 0.6409453 0.06617766 0.6250013 0.06155878 0.6250011 0.06155878 0.6329473 0.06617766 0.6250013 0.06155878 0.6329473 0.06617766 0.6329478 0.1047257 0.6153177 0.1093446 0.6153081 0.1093068 0.6106193 0.1047257 0.6153177 0.1093068 0.6106193 0.1046887 0.6106292 0.07781863 0.6409453 0.08243751 0.640944 0.08243751 0.6360888 0.07781863 0.6409453 0.08243751 0.6360888 0.07781863 0.6360898 0.304579 0.2815944 0.300279 0.2815945 0.3002778 0.2864553 0.304579 0.2815944 0.3002778 0.2864553 0.3045775 0.2892685 0.3088795 0.2815944 0.304579 0.2815944 0.3045775 0.2892685 0.3088795 0.2815944 0.3045775 0.2892685 0.3088784 0.2864553 0.18967 0.3645361 0.18967 0.3731368 0.1973459 0.3688371 0.18967 0.3645361 0.1973459 0.3688371 0.1945316 0.3645365 0.1046887 0.6191233 0.1093067 0.6191138 0.1093446 0.6153081 0.1046887 0.6191233 0.1093446 0.6153081 0.1047257 0.6153177 0.18967 0.3645361 0.181716 0.3527233 0.1817159 0.3833745 0.18967 0.3645361 0.1817159 0.3833745 0.18967 0.3731368 0.2622269 0.5671411 0.2622293 0.5625224 0.2316699 0.5625224 0.2622269 0.5671411 0.2316699 0.5625224 0.2316675 0.5671411 0.2884688 0.2736421 0.300279 0.2815945 0.304579 0.2815944 0.2884688 0.2736421 0.304579 0.2815944 0.3191193 0.273642 0.1416712 0.6644271 0.1416733 0.6603251 0.1331753 0.6603022 0.1416712 0.6644271 0.1331753 0.6603022 0.1331731 0.6644045 0.2719747 0.276661 0.2719758 0.2807628 0.2800366 0.2807801 0.2719747 0.276661 0.2800366 0.2807801 0.2800354 0.2766783 0.2800354 0.2766783 0.2800366 0.2807801 0.2884671 0.2807628 0.2800354 0.2766783 0.2884671 0.2807628 0.2884659 0.276661 0.1333214 0.6561547 0.1333301 0.6602562 0.1409488 0.6603022 0.1333214 0.6561547 0.1409488 0.6603022 0.1409401 0.6562007 0.1409401 0.6562007 0.1409488 0.6603022 0.1496409 0.6602562 0.1409401 0.6562007 0.1496409 0.6602562 0.1496322 0.6561547 0.4956264 0.578553 0.4997287 0.578557 0.4997287 0.5704688 0.4956264 0.578553 0.4997287 0.5704688 0.4956264 0.5704646 0.100852 0.6106193 0.09674966 0.6106225 0.09674966 0.6190316 0.100852 0.6106193 0.09674966 0.6190316 0.100852 0.6190285 0.1496386 0.6644045 0.1496409 0.6603022 0.1416733 0.6603251 0.1496386 0.6644045 0.1416733 0.6603251 0.1416712 0.6644271 0.9727153 0.6971856 0.9762309 0.688495 0.9762309 0.5614712 0.9727153 0.6971856 0.9762309 0.5614712 0.9727156 0.5527808 0.9216823 0.2277103 0.9216823 0.2442467 0.9302655 0.2456101 0.9216823 0.2277103 0.9302655 0.2456101 0.9302655 0.2290735 0.9841876 0.6994646 0.9841875 0.843697 0.9923388 0.8423442 0.9841876 0.6994646 0.9923388 0.8423442 0.9923388 0.7008174 0.9598551 0.7068124 0.9598546 0.8363903 0.9713684 0.8363903 0.9598551 0.7068124 0.9713684 0.8363903 0.9713689 0.7068124 0.9832709 0.1768205 0.9828159 0.1929436 0.9863312 0.1929702 0.9832709 0.1768205 0.9863312 0.1929702 0.9863312 0.1764335 0.9769505 0.6982749 0.9769503 0.8448868 0.9841875 0.843697 0.9769505 0.6982749 0.9841875 0.843697 0.9841876 0.6994646 0.9762309 0.688495 0.9881892 0.688495 0.9881892 0.5614712 0.9762309 0.688495 0.9881892 0.5614712 0.9762309 0.5614712 0.9828159 0.1929436 0.9832709 0.1768205 0.9821121 0.177546 0.9828159 0.1929436 0.9821121 0.177546 0.9804674 0.1848465 0.9815159 0.9977843 0.9815159 0.8655727 0.9655464 0.8681669 0.9815159 0.9977843 0.9655464 0.8681669 0.9655465 0.9951898 0.9743917 0.8449081 0.9769503 0.8448868 0.9769505 0.6982749 0.9743917 0.8449081 0.9769505 0.6982749 0.9743919 0.6982961 0.9636105 0.2078887 0.9721937 0.2065252 0.9721937 0.1899887 0.9636105 0.2078887 0.9721937 0.1899887 0.9636105 0.1913521 0.9771664 0.1935087 0.9802267 0.1938956 0.9802267 0.1773589 0.9771664 0.1935087 0.9802267 0.1773589 0.9767112 0.1773856 0.9767112 0.1773856 0.974363 0.1854827 0.9760075 0.1927832 0.9767112 0.1773856 0.9760075 0.1927832 0.9771664 0.1935087 0.9713689 0.7068124 0.9713684 0.8363903 0.9743917 0.8449081 0.9713689 0.7068124 0.9743917 0.8449081 0.9743919 0.6982961 0.3959887 0.01050841 0.3960275 0.1384839 0.4130052 0.1261042 0.3959887 0.01050841 0.4130052 0.1261042 0.4132255 0.02276116 0.5695133 0.1256492 0.5697541 0.02224165 0.5527135 0.01001071 0.5695133 0.1256492 0.5527135 0.01001071 0.5527426 0.1379981 0.5812162 0.124622 0.5812441 0.02321225 0.5697541 0.02224165 0.5812162 0.124622 0.5697541 0.02224165 0.5695133 0.1256492 0.4132255 0.02276116 0.4130052 0.1261042 0.4238441 0.1251286 0.4132255 0.02276116 0.4238441 0.1251286 0.4238794 0.02368521 0.4729288 0.2173747 0.4729288 0.2198956 0.4887 0.2291405 0.4729288 0.2173747 0.4887 0.2291405 0.4887 0.2266196 0.3960275 0.1384839 0.3959887 0.01050841 0.3759334 0.01051437 0.3960275 0.1384839 0.3759334 0.01051437 0.375972 0.1384899 0.5048251 0.1380088 0.5047964 0.01002144 0.4276239 0.01003891 0.5048251 0.1380088 0.4276239 0.01003891 0.4276526 0.1380262 0.5329057 0.1380026 0.5328767 0.01001524 0.5047964 0.01002144 0.5329057 0.1380026 0.5047964 0.01002144 0.5048251 0.1380088 0.3716406 0.2173741 0.3558688 0.2266195 0.3558688 0.2291405 0.3716406 0.2173741 0.3558688 0.2291405 0.3716406 0.2198953 0.375972 0.1384899 0.3759334 0.01051437 0.3473774 0.01052314 0.375972 0.1384899 0.3473774 0.01052314 0.3474161 0.1384987 0.5527426 0.1379981 0.5527135 0.01001071 0.5328767 0.01001524 0.5527426 0.1379981 0.5328767 0.01001524 0.5329057 0.1380026 0.4729288 0.2173747 0.3716406 0.2173741 0.3716406 0.2198953 0.4729288 0.2173747 0.3716406 0.2198953 0.4729288 0.2198956 0.3474161 0.1384987 0.3473774 0.01052314 0.2702119 0.01054644 0.3474161 0.1384987 0.2702119 0.01054644 0.2702506 0.1385219 0.4408463 0.5347445 0.3957026 0.5347445 0.3956807 0.543776 0.4408463 0.5347445 0.3956807 0.543776 0.4408247 0.543776 0.4408247 0.543776 0.3956807 0.543776 0.3956974 0.5532219 0.4408247 0.543776 0.3956974 0.5532219 0.4408413 0.5532217 0.171082 0.5446898 0.171082 0.5898304 0.1796182 0.5898991 0.171082 0.5446898 0.1796182 0.5898991 0.1796182 0.5447587 0.1796182 0.5447587 0.1796182 0.5898991 0.1893575 0.5898684 0.1796182 0.5447587 0.1893575 0.5898684 0.1893575 0.5447278 0.3957018 0.571706 0.4408463 0.571706 0.4408373 0.5626437 0.3957018 0.571706 0.4408373 0.5626437 0.3956928 0.5626437 0.3956928 0.5626437 0.4408373 0.5626437 0.4408444 0.5532219 0.3956928 0.5626437 0.4408444 0.5532219 0.3957002 0.5532217 0.2062808 0.9973397 0.2229987 0.9797394 0.2223316 0.9784532 0.2062808 0.9973397 0.2223316 0.9784532 0.2050186 0.9970225 0.2886727 0.9630047 0.2520933 0.9648922 0.253202 0.9661116 0.2886727 0.9630047 0.253202 0.9661116 0.288812 0.9644622 0.2696428 0.7680947 0.2694887 0.7694022 0.2886766 0.7694351 0.2696428 0.7680947 0.2886766 0.7694351 0.2888107 0.7681275 0.2901743 0.9631057 0.2901743 0.7694627 0.2886766 0.7694351 0.2901743 0.9631057 0.2886766 0.7694351 0.2886727 0.9630047 0.2362529 0.7694424 0.2694887 0.7694022 0.2696428 0.7680947 0.2362529 0.7694424 0.2696428 0.7680947 0.2373303 0.7681339 0.3188738 0.997788 0.3175111 0.9987062 0.3212851 0.9978792 0.3188738 0.997788 0.3212851 0.9978792 0.3226477 0.9969609 0.3225607 0.8039063 0.3209778 0.7872285 0.3170297 0.7873892 0.3225607 0.8039063 0.3170297 0.7873892 0.3186131 0.8041288 0.3226477 0.9969609 0.3165242 0.9577503 0.3126011 0.9578299 0.3226477 0.9969609 0.3126011 0.9578299 0.3188738 0.997788 0.3226477 0.8523123 0.318753 0.8518376 0.3126011 0.9578299 0.3226477 0.8523123 0.3126011 0.9578299 0.3165242 0.9577503 0.29615 0.8522664 0.2901743 0.9564715 0.3126011 0.9578299 0.29615 0.8522664 0.3126011 0.9578299 0.318753 0.8518376 0.2039846 0.9984681 0.2050186 0.9970225 0.1414524 0.9972801 0.2039846 0.9984681 0.1414524 0.9972801 0.1424608 0.9987062 0.2229987 0.9797394 0.253202 0.9661116 0.2520933 0.9648922 0.2229987 0.9797394 0.2520933 0.9648922 0.2223316 0.9784532 0.1414263 0.9536941 0.1414524 0.9972801 0.2050186 0.9970225 0.1414263 0.9536941 0.2050186 0.9970225 0.2223316 0.9784532 0.2314345 0.8264376 0.2694693 0.953437 0.2694887 0.7694022 0.2314345 0.8264376 0.2694887 0.7694022 0.2361271 0.810158 0.2314278 0.8264414 0.2361206 0.8101618 0.2694821 0.769406 0.2314278 0.8264414 0.2694821 0.769406 0.2694626 0.9534408 0.8667414 0.09738123 0.8667414 0.1292132 0.8619661 0.1292132 0.8667414 0.09738123 0.8619661 0.1292132 0.8619547 0.09738361 0.3159072 0.7451136 0.3186658 0.7446627 0.3133772 0.6995514 0.3159072 0.7451136 0.3133772 0.6995514 0.310604 0.6998765 0.8073799 0.1292132 0.80738 0.09738361 0.8295012 0.09738361 0.8073799 0.1292132 0.8295012 0.09738361 0.8295012 0.1292132 0.8294722 0.1312047 0.8077171 0.1311868 0.8073799 0.1292132 0.8294722 0.1312047 0.8073799 0.1292132 0.8295012 0.1292132 0.8076909 0.1630164 0.8077171 0.1311868 0.8294722 0.1312047 0.8076909 0.1630164 0.8294722 0.1312047 0.8294461 0.1630343 0.7849978 0.1292132 0.7849978 0.09738361 0.80738 0.09738361 0.7849978 0.1292132 0.80738 0.09738361 0.8073799 0.1292132 0.7861581 0.1629987 0.7861842 0.1311691 0.8077171 0.1311868 0.7861581 0.1629987 0.8077171 0.1311868 0.8076909 0.1630164 0.7628089 0.1292132 0.7628089 0.09738361 0.7849978 0.09738361 0.7628089 0.1292132 0.7849978 0.09738361 0.7849978 0.1292132 0.7648209 0.1629813 0.764847 0.1311517 0.7861842 0.1311691 0.7648209 0.1629813 0.7861842 0.1311691 0.7861581 0.1629987 0.740548 0.09738409 0.7628089 0.09738361 0.7628089 0.1292132 0.740548 0.09738409 0.7628089 0.1292132 0.740548 0.1292132 0.7433937 0.1629635 0.7434197 0.1311341 0.764847 0.1311517 0.7433937 0.1629635 0.764847 0.1311517 0.7648209 0.1629813 0.3159072 0.7451136 0.3213602 0.7756769 0.3240039 0.7747245 0.3159072 0.7451136 0.3240039 0.7747245 0.3186658 0.7446627 0.9752094 0.01992809 0.9735383 0.01992809 0.9735383 0.05176019 0.9752094 0.01992809 0.9735383 0.05176019 0.9752094 0.05176019 0.8295012 0.1292132 0.8295012 0.09738361 0.8619547 0.09738361 0.8295012 0.1292132 0.8619547 0.09738361 0.8619661 0.1292132 0.8294461 0.1630343 0.8294722 0.1312047 0.8618468 0.1312311 0.8294461 0.1630343 0.8618468 0.1312311 0.8618095 0.163061 0.3240039 0.7747245 0.3213602 0.7756769 0.3381415 0.8022312 0.3240039 0.7747245 0.3381415 0.8022312 0.3401501 0.8002701 0.3401501 0.8002701 0.3381415 0.8022312 0.364055 0.8195005 0.3401501 0.8002701 0.364055 0.8195005 0.3650675 0.816879 0.3650675 0.816879 0.364055 0.8195005 0.3950222 0.8236395 0.3650675 0.816879 0.3950222 0.8236395 0.3948774 0.8208454 0.740548 0.09738409 0.740548 0.1292132 0.7116793 0.1292132 0.740548 0.09738409 0.7116793 0.1292132 0.7116793 0.09738361 0.3948774 0.8208454 0.3950222 0.8236395 0.435244 0.818764 0.3948774 0.8208454 0.435244 0.818764 0.4349747 0.8164342 0.310604 0.6998765 0.3133772 0.6995514 0.3123735 0.6929089 0.310604 0.6998765 0.3123735 0.6929089 0.3100441 0.693182 0.8618095 0.163061 0.8618468 0.1312311 0.8666222 0.131235 0.8618095 0.163061 0.8666222 0.131235 0.8665961 0.1630672 0.7146511 0.1629401 0.7146771 0.1311105 0.7434197 0.1311341 0.7146511 0.1629401 0.7434197 0.1311341 0.7433937 0.1629635 0.3701218 0.1714221 0.3701162 0.1469545 0.3284935 0.1469544 0.3701218 0.1714221 0.3284935 0.1469544 0.3284989 0.1714221 0.3701184 0.1964954 0.3701131 0.1720281 0.32849 0.1720281 0.3701184 0.1964954 0.32849 0.1720281 0.3284956 0.1964954 0.3736181 0.3192505 0.3736161 0.2947821 0.331984 0.2947821 0.3736181 0.3192505 0.331984 0.2947821 0.3319862 0.3192505 0.3701162 0.1469545 0.3701218 0.1714221 0.3734415 0.1682299 0.3701162 0.1469545 0.3734415 0.1682299 0.3734375 0.1501466 0.03704291 0.6282735 0.03870797 0.6282735 0.03870803 0.5866816 0.03704291 0.6282735 0.03870803 0.5866816 0.03704291 0.5866815 0.2750896 0.2243505 0.2929499 0.2243875 0.2929499 0.2227226 0.2750896 0.2243505 0.2929499 0.2227226 0.2750894 0.2226859 0.33604 0.291643 0.3360471 0.289978 0.332558 0.289978 0.33604 0.291643 0.332558 0.289978 0.3325509 0.291643 0.2966238 0.2243505 0.2966238 0.2226859 0.2929499 0.2227226 0.2966238 0.2243505 0.2929499 0.2227226 0.2929499 0.2243875 0.3319862 0.3192505 0.331984 0.2947821 0.328663 0.2979747 0.3319862 0.3192505 0.328663 0.2979747 0.3286647 0.3160578 0.328663 0.3192505 0.3286654 0.3437184 0.3702971 0.3437184 0.328663 0.3192505 0.3702971 0.3437184 0.3702951 0.3192505 0.3701131 0.1720281 0.3701184 0.1964954 0.3734382 0.1933037 0.3701131 0.1720281 0.3734382 0.1933037 0.3734342 0.1752198 0.2712422 0.5597308 0.2712419 0.561396 0.3128337 0.561396 0.2712422 0.5597308 0.3128337 0.561396 0.3128337 0.5597308 0.2103261 0.6204566 0.2103627 0.6025964 0.208698 0.6025965 0.2103261 0.6204566 0.208698 0.6025965 0.2086614 0.6204566 0.33604 0.2933085 0.3360471 0.291643 0.332558 0.291643 0.33604 0.2933085 0.332558 0.291643 0.3325509 0.2933084 0.2103261 0.5989224 0.2086614 0.5989226 0.208698 0.6025965 0.2103261 0.5989224 0.208698 0.6025965 0.2103627 0.6025964 0.3702951 0.3192505 0.3702971 0.3437184 0.3736181 0.3405267 0.3702951 0.3192505 0.3736181 0.3405267 0.3736164 0.3224427 0.5531585 0.6895046 0.5539201 0.6891699 0.5465623 0.6724479 0.5531585 0.6895046 0.5465623 0.6724479 0.5457527 0.6726391 0.5457527 0.6726391 0.5465623 0.6724479 0.5456327 0.6651019 0.5457527 0.6726391 0.5456327 0.6651019 0.5448071 0.6652043 0.5507826 0.6380637 0.5515868 0.6382765 0.5593921 0.6217575 0.5507826 0.6380637 0.5593921 0.6217575 0.5586398 0.6214023 0.1392958 0.8033584 0.1387097 0.8033584 0.1387097 0.9986689 0.1392958 0.8033584 0.1387097 0.9986689 0.1392958 0.9986689 0.1059384 0.802408 0.1059383 0.9996192 0.1387097 0.9986689 0.1059384 0.802408 0.1387097 0.9986689 0.1387097 0.8033584 0.09171807 0.9996192 0.09171813 0.802408 0.05126488 0.8020339 0.09171807 0.9996192 0.05126488 0.8020339 0.05126488 0.9994793 0.5515868 0.6382765 0.5507826 0.6380637 0.5496371 0.6454702 0.5515868 0.6382765 0.5496371 0.6454702 0.5504596 0.6455948 0.1059383 0.9996192 0.1059384 0.802408 0.09171813 0.802408 0.1059383 0.9996192 0.09171813 0.802408 0.09171807 0.9996192 0.553016 0.6668002 0.5522 0.6669623 0.5576141 0.6933222 0.553016 0.6668002 0.5576141 0.6933222 0.5584301 0.6931599 0.5448071 0.6652043 0.5456327 0.6651019 0.5487601 0.643974 0.5448071 0.6652043 0.5487601 0.643974 0.5479488 0.6437898 0.5504596 0.6455948 0.5496371 0.6454702 0.5522 0.6669623 0.5504596 0.6455948 0.5522 0.6669623 0.553016 0.6668002 8.42692e-4 0.9985704 0.001259624 0.9985704 0.001259624 0.8029429 8.42692e-4 0.9985704 0.001259624 0.8029429 8.42692e-4 0.8029429 0.05126488 0.9994793 0.05126488 0.8020339 0.001259624 0.8029429 0.05126488 0.9994793 0.001259624 0.8029429 0.001259624 0.9985704 0.5479488 0.6437898 0.5487601 0.643974 0.5548822 0.6177678 0.5479488 0.6437898 0.5548822 0.6177678 0.554071 0.6175836 0.6211254 0.05898582 0.6211263 0.06289321 0.6301582 0.0629118 0.6211254 0.05898582 0.6301582 0.0629118 0.6301571 0.05900532 0.6301571 0.05900532 0.6301582 0.0629118 0.6396041 0.06289321 0.6301571 0.05900532 0.6396041 0.06289321 0.6396029 0.05898571 0.140022 0.6654958 0.1400302 0.669402 0.1485667 0.6694533 0.140022 0.6654958 0.1485667 0.6694533 0.1485586 0.6655465 0.1485586 0.6655465 0.1485667 0.6694533 0.1583058 0.669402 0.1485586 0.6655465 0.1583058 0.669402 0.1582978 0.6654958 0.6387416 0.04388922 0.638742 0.03998309 0.6296796 0.03999048 0.6387416 0.04388922 0.6296796 0.03999048 0.6296792 0.04389739 0.6296792 0.04389739 0.6296796 0.03999048 0.6202576 0.03998309 0.6296792 0.04389739 0.6202576 0.03998309 0.620257 0.0438891 0.08641797 0.7202 0.07873398 0.7631078 0.08592128 0.7631081 0.08641797 0.7202 0.08592128 0.7631081 0.09360533 0.7202003 0.1316565 0.6282892 0.1369995 0.6438975 0.1422618 0.6365767 0.1316565 0.6282892 0.1422618 0.6365767 0.1422618 0.6231974 0.7939652 0.8563841 0.7935131 0.9087048 0.7999595 0.9087162 0.7939652 0.8563841 0.7999595 0.9087162 0.8001345 0.8563948 0.799955 0.9610377 0.7937857 0.9610269 0.7940172 0.9761317 0.799955 0.9610377 0.7940172 0.9761317 0.8082322 0.9764589 0.8518524 0.8194121 0.8633138 0.8409944 0.9020661 0.841287 0.8518524 0.8194121 0.9020661 0.841287 0.8784387 0.8194121 0.0953741 0.7202609 0.1024011 0.7202609 0.09523981 0.6773485 0.0953741 0.7202609 0.09523981 0.6773485 0.08840602 0.6773486 0.585367 0.0994271 0.5853759 0.1399265 0.6338297 0.1399265 0.585367 0.0994271 0.6338297 0.1399265 0.6338208 0.0994271 0.4139451 0.2209185 0.3735672 0.2209185 0.3735656 0.2241107 0.4139451 0.2209185 0.3735656 0.2241107 0.4139435 0.2241107 0.6796142 0.5609508 0.6796177 0.6014503 0.7280822 0.6014503 0.6796142 0.5609508 0.7280822 0.6014503 0.7280787 0.5609508 0.9455952 0.4406871 0.9456041 0.4811851 0.9940579 0.4811851 0.9455952 0.4406871 0.9940579 0.4811851 0.994049 0.4406871 0.2800722 0.1726419 0.2800719 0.1758333 0.3284897 0.1758334 0.2800722 0.1726419 0.3284897 0.1758334 0.32849 0.1726421 0.1714094 0.5898991 0.1714094 0.6302772 0.1746014 0.630279 0.1714094 0.5898991 0.1746014 0.630279 0.1746014 0.589901 0.6338297 0.09942543 0.6338332 0.1399251 0.6822977 0.1399251 0.6338297 0.09942543 0.6822977 0.1399251 0.6822943 0.09942543 0.6396043 0.05972027 0.6396041 0.0629118 0.6880219 0.0629118 0.6396043 0.05972027 0.6880219 0.0629118 0.6880221 0.05972027 0.709454 0.309419 0.6979815 0.3091046 0.6973848 0.3613016 0.709454 0.309419 0.6973848 0.3613016 0.7094514 0.3615239 0.7372039 0.3014886 0.7323433 0.3021305 0.7324196 0.3127539 0.7372039 0.3014886 0.7324196 0.3127539 0.7373796 0.3111516 0.7308593 0.3684636 0.7338017 0.3744164 0.7373796 0.3615466 0.7308593 0.3684636 0.7373796 0.3615466 0.7324422 0.3563796 0.5951125 0.7731865 0.5951352 0.7678953 0.5833683 0.7687976 0.5951125 0.7731865 0.5833683 0.7687976 0.5859026 0.7769128 0.7324422 0.3563796 0.7373796 0.3615466 0.7373796 0.3111516 0.7324422 0.3563796 0.7373796 0.3111516 0.7324196 0.3127539 0.2316028 0.2719622 0.2409378 0.2619943 0.240985 0.260922 0.2316028 0.2719622 0.240985 0.260922 0.2217914 0.2718665 0.7208967 0.8100753 0.7142707 0.8099042 0.7148292 0.8180388 0.7208967 0.8100753 0.7148292 0.8180388 0.7208967 0.8184915 0.5356961 0.8274277 0.5261771 0.8273352 0.5298153 0.8370995 0.5356961 0.8274277 0.5298153 0.8370995 0.5356961 0.8361059 0.691987 0.6184496 0.7016498 0.618627 0.7032521 0.6136664 0.691987 0.6184496 0.7032521 0.6136664 0.6926288 0.6135887 0.2396911 0.980687 0.2272301 0.9857183 0.2327927 0.9775787 0.2396911 0.980687 0.2327927 0.9775787 0.2446715 0.974815 0.8498214 0.5805005 0.8611758 0.5814381 0.8614033 0.5761469 0.8498214 0.5805005 0.8614033 0.5761469 0.8531247 0.5723936 0.7520449 0.618627 0.7468778 0.6136881 0.7032521 0.6136664 0.7520449 0.618627 0.7032521 0.6136664 0.7016498 0.618627 0.678115 0.4502288 0.6789191 0.5301511 0.6802324 0.5306124 0.678115 0.4502288 0.6802324 0.5306124 0.6802324 0.4524174 0.5892137 0.2575976 0.5801745 0.2474929 0.575401 0.2502259 0.5892137 0.2575976 0.575401 0.2502259 0.5894903 0.2587075 0.710981 0.8082826 0.7176069 0.8081116 0.7176069 0.799695 0.710981 0.8082826 0.7176069 0.799695 0.7115395 0.8001475 0.6089153 0.4389514 0.5950932 0.4276385 0.5959622 0.43641 0.6089153 0.4389514 0.5959622 0.43641 0.6030375 0.4402868 0.9795928 0.4963937 0.9883931 0.4963864 0.9883077 0.4900354 0.9795928 0.4963937 0.9883077 0.4900354 0.9794889 0.4901481 0.7183792 0.4206809 0.7095067 0.4208569 0.709846 0.4248538 0.7183792 0.4206809 0.709846 0.4248538 0.7186017 0.4247232 0.1738438 0.3135691 0.182645 0.3080897 0.1826694 0.2485784 0.1738438 0.3135691 0.1826694 0.2485784 0.173896 0.2486593 0.6384909 0.3690134 0.6473195 0.3686942 0.6473259 0.3580179 0.6384909 0.3690134 0.6473259 0.3580179 0.6385061 0.357953 0.9796174 0.5603882 0.9883931 0.5604959 0.9883931 0.4963864 0.9796174 0.5603882 0.9883931 0.4963864 0.9795928 0.4963937 0.7181982 0.3422098 0.7094614 0.3421722 0.7095067 0.4208569 0.7181982 0.3422098 0.7095067 0.4208569 0.7183792 0.4206809 0.5950932 0.4276385 0.5962841 0.3614696 0.5934121 0.3646281 0.5950932 0.4276385 0.5934121 0.3646281 0.5930256 0.4255242 0.6706573 0.4365757 0.6706573 0.3578551 0.6673665 0.3568506 0.6706573 0.4365757 0.6673665 0.3568506 0.6673641 0.4374494 0.6473195 0.3686942 0.6384909 0.3690134 0.638525 0.4297424 0.6473195 0.3686942 0.638525 0.4297424 0.6473653 0.42601 0.6473653 0.42601 0.638525 0.4297424 0.6385138 0.4378503 0.6473653 0.42601 0.6385138 0.4378503 0.6473259 0.4362105 0.7094614 0.3421722 0.7181982 0.3422098 0.7184014 0.3380146 0.7094614 0.3421722 0.7184014 0.3380146 0.7096452 0.3378891 0.1738438 0.3135691 0.1738765 0.3204209 0.1826694 0.3189892 0.1738438 0.3135691 0.1826694 0.3189892 0.182645 0.3080897 0.6673665 0.3568506 0.6679844 0.3536506 0.6085593 0.3536645 0.6673665 0.3568506 0.6085593 0.3536645 0.6089205 0.3553475 0.9939126 0.5634651 0.9956838 0.4854852 0.99689 0.4858098 0.9939126 0.5634651 0.99689 0.4858098 0.99689 0.567214 0.5121297 0.9672026 0.5164881 0.9672142 0.5201693 0.9541959 0.5121297 0.9672026 0.5201693 0.9541959 0.5163814 0.9541857 0.2709507 0.6387111 0.2772173 0.6387111 0.2764849 0.6254099 0.2709507 0.6387111 0.2764849 0.6254099 0.2710389 0.6254099 0.544632 0.9943569 0.5506143 0.9937096 0.5495437 0.9802675 0.544632 0.9943569 0.5495437 0.9802675 0.5443446 0.98083 0.5241957 0.8164528 0.5199705 0.8157867 0.5219772 0.8288518 0.5241957 0.8164528 0.5219772 0.8288518 0.5256493 0.8294306 0.5275285 0.9663096 0.5235742 0.9678496 0.5241499 0.9809594 0.5275285 0.9663096 0.5241499 0.9809594 0.5275285 0.9796435 0.8908321 0.605063 0.8905048 0.6408681 0.9142271 0.6409752 0.8908321 0.605063 0.9142271 0.6409752 0.9143759 0.6051424 0.5131485 0.8669321 0.5131485 0.8488814 0.5080196 0.8487387 0.5131485 0.8669321 0.5080196 0.8487387 0.5080594 0.8669223 0.51337 0.8851879 0.51337 0.8669321 0.5080196 0.8669581 0.51337 0.8851879 0.5080196 0.8669581 0.5080471 0.8851466 0.5482584 0.7595441 0.5536687 0.7595929 0.5536687 0.7414473 0.5482584 0.7595441 0.5536687 0.7414473 0.5482331 0.7414891 0.5130096 0.8465709 0.5130096 0.8284822 0.5082849 0.8286441 0.5130096 0.8465709 0.5082849 0.8286441 0.5081819 0.8466265 0.4863126 0.8223904 0.4911404 0.8224471 0.4912964 0.8170561 0.4863126 0.8223904 0.4912964 0.8170561 0.486208 0.8170561 0.5199179 0.8502737 0.5199182 0.8711094 0.5228549 0.8690879 0.5199179 0.8502737 0.5228549 0.8690879 0.5228549 0.8503019 0.2457278 0.5803536 0.2270538 0.5881074 0.2293646 0.5901296 0.2457278 0.5803536 0.2293646 0.5901296 0.2460014 0.5832222 0.5565387 0.7595929 0.5565387 0.7433646 0.5536687 0.7411782 0.5565387 0.7595929 0.5536687 0.7411782 0.5536687 0.7593939 0.2846908 0.6312796 0.2788282 0.6120526 0.2756347 0.611485 0.2846908 0.6312796 0.2756347 0.611485 0.2821372 0.6328098 0.9575264 0.2338451 0.9565246 0.2543409 0.9597359 0.2544288 0.9575264 0.2338451 0.9597359 0.2544288 0.9606392 0.2359496 0.2270538 0.5881074 0.2193186 0.6068579 0.2224735 0.6068345 0.2270538 0.5881074 0.2224735 0.6068345 0.2293646 0.5901296 0.9615494 0.3109015 0.959995 0.2941768 0.9565246 0.2941727 0.9615494 0.3109015 0.9565246 0.2941727 0.9582693 0.3129456 0.2788282 0.6120526 0.2883288 0.5941329 0.286172 0.5916103 0.2788282 0.6120526 0.286172 0.5916103 0.2756347 0.611485 0.9565246 0.2543409 0.9575264 0.2754297 0.9606392 0.273443 0.9565246 0.2543409 0.9606392 0.273443 0.9597359 0.2544288 0.2193186 0.6068579 0.2270538 0.6256218 0.2293646 0.6235511 0.2193186 0.6068579 0.2293646 0.6235511 0.2224735 0.6068345 0.959995 0.2941768 0.9615494 0.2774791 0.9582693 0.2754297 0.959995 0.2941768 0.9582693 0.2754297 0.9565246 0.2941727 0.2883288 0.5941329 0.3076276 0.588018 0.3075762 0.5848281 0.2883288 0.5941329 0.3075762 0.5848281 0.286172 0.5916103 0.4608303 0.4993812 0.4608303 0.5207003 0.4637475 0.520505 0.4608303 0.4993812 0.4637475 0.520505 0.4637475 0.5012831 0.2270538 0.6256218 0.2457278 0.6334072 0.2460014 0.630487 0.2270538 0.6256218 0.2460014 0.630487 0.2293646 0.6235511 0.5305297 0.9837757 0.5305297 0.9670889 0.5276784 0.9671168 0.5305297 0.9837757 0.5276784 0.9671168 0.5276785 0.9858473 0.3076276 0.588018 0.3254194 0.5972896 0.3273096 0.5951113 0.3076276 0.588018 0.3273096 0.5951113 0.3075762 0.5848281 0.3022845 0.6260973 0.2815728 0.6346969 0.2838837 0.6367192 0.3022845 0.6260973 0.2838837 0.6367192 0.302558 0.6289655 0.5257059 0.8502737 0.5257059 0.8314878 0.5227691 0.8335094 0.5257059 0.8502737 0.5227691 0.8335094 0.5227691 0.8502455 0.2729043 0.6581751 0.2564063 0.65121 0.2539245 0.6532981 0.2729043 0.6581751 0.2539245 0.6532981 0.2724429 0.6611164 0.127803 0.5042346 0.127803 0.5224502 0.1306731 0.5246366 0.127803 0.5042346 0.1306731 0.5246366 0.1306731 0.5044333 0.2815728 0.6346969 0.2729938 0.6554933 0.2761486 0.6554699 0.2815728 0.6346969 0.2761486 0.6554699 0.2838837 0.6367192 0.2451267 0.6561502 0.2442234 0.6746294 0.2474346 0.6747175 0.2451267 0.6561502 0.2474346 0.6747175 0.2482393 0.6582545 0.2564063 0.65121 0.2495729 0.6344826 0.246254 0.6345223 0.2564063 0.65121 0.246254 0.6345223 0.2539245 0.6532981 0.9617396 0.3525109 0.959995 0.3337379 0.9565246 0.3337336 0.9617396 0.3525109 0.9565246 0.3337336 0.9584596 0.3545549 0.2729938 0.6554933 0.2815728 0.6763045 0.2838837 0.6742336 0.2729938 0.6554933 0.2838837 0.6742336 0.2761486 0.6554699 0.2442234 0.6746294 0.2451268 0.6936436 0.2482393 0.6916571 0.2442234 0.6746294 0.2482393 0.6916571 0.2474346 0.6747175 0.2495729 0.6344826 0.2564066 0.6177919 0.2539245 0.6157874 0.2495729 0.6344826 0.2539245 0.6157874 0.246254 0.6345223 0.959995 0.3337379 0.9617396 0.3149949 0.9584596 0.3129456 0.959995 0.3337379 0.9584596 0.3129456 0.9565246 0.3337336 0.2815728 0.6763045 0.3022847 0.6849394 0.302558 0.6820192 0.2815728 0.6763045 0.302558 0.6820192 0.2838837 0.6742336 0.5130096 0.8274048 0.5130096 0.8466265 0.5159268 0.846431 0.5130096 0.8274048 0.5159268 0.846431 0.5159268 0.8293065 0.2564066 0.6177919 0.2729043 0.6109148 0.2724429 0.608068 0.2564066 0.6177919 0.2724429 0.608068 0.2539245 0.6157874 0.5199179 0.8315433 0.5199179 0.8502737 0.5227691 0.8502458 0.5199179 0.8315433 0.5227691 0.8502458 0.5227691 0.8294716 0.5042573 0.822251 0.504169 0.8171216 0.5004642 0.8171216 0.5042573 0.822251 0.5004642 0.8171216 0.5004476 0.8224471 0.5165258 0.9868167 0.5121215 0.9867457 0.516406 0.9996017 0.5165258 0.9868167 0.516406 0.9996017 0.5201693 0.9996623 0.1558371 0.9186244 0.1498861 0.9182077 0.1507522 0.9316595 0.1558371 0.9186244 0.1507522 0.9316595 0.1558371 0.9320155 0.4606984 0.5069758 0.4544053 0.5073376 0.4551541 0.5207003 0.4606984 0.5069758 0.4551541 0.5207003 0.4605313 0.520391 0.9184266 0.444014 0.9192673 0.511533 0.9435334 0.5115206 0.9184266 0.444014 0.9435334 0.5115206 0.9443962 0.444014 0.9714391 0.511533 0.9184266 0.5127364 0.9184342 0.6802987 0.9714391 0.511533 0.9184342 0.6802987 0.9714392 0.6815236 0.1703474 0.5816674 0.1703474 0.567276 0.1682045 0.5681433 0.1703474 0.5816674 0.1682045 0.5681433 0.1686505 0.5819538 0.2662004 0.6236698 0.2644535 0.6236936 0.2641031 0.6375712 0.2662004 0.6236698 0.2641031 0.6375712 0.2662004 0.6381506 0.1703933 0.5978125 0.1703934 0.5834211 0.1682505 0.5842885 0.1703933 0.5978125 0.1682505 0.5842885 0.1686965 0.5980989 0.2662004 0.6381506 0.2644535 0.6381745 0.2641031 0.6520524 0.2662004 0.6381506 0.2641031 0.6520524 0.2662004 0.6526317 0.6060781 0.4262565 0.6144268 0.4214298 0.6138741 0.4180319 0.6060781 0.4262565 0.6138741 0.4180319 0.6055059 0.4203283 0.5117382 0.8973991 0.513163 0.8873341 0.5416246 0.8917282 0.5117382 0.8973991 0.5416246 0.8917282 0.5425578 0.9009937 0.4145566 0.9809295 0.4239656 0.9892919 0.4282121 0.9925673 0.4145566 0.9809295 0.4282121 0.9925673 0.5070667 0.9925882 0.5265394 0.9384197 0.5233134 0.928223 0.5511466 0.9245458 0.5265394 0.9384197 0.5511466 0.9245458 0.5489774 0.9410373 0.5425578 0.9009937 0.5456966 0.8972167 0.5546274 0.9002394 0.5425578 0.9009937 0.5546274 0.9002394 0.5541416 0.9030998 0.5072228 0.9301416 0.5088284 0.9115543 0.5252529 0.9141606 0.5072228 0.9301416 0.5252529 0.9141606 0.5233134 0.928223 0.5520371 0.9177964 0.5252529 0.9141606 0.5425578 0.9009937 0.5520371 0.9177964 0.5425578 0.9009937 0.5541416 0.9030998 0.3914812 0.9792764 0.3916014 0.9577893 0.3685726 0.9582822 0.3914812 0.9792764 0.3685726 0.9582822 0.3675001 0.9862067 0.5511466 0.9245458 0.5233134 0.928223 0.5252529 0.9141606 0.5511466 0.9245458 0.5252529 0.9141606 0.5520371 0.9177964 0.5115996 0.8972887 0.5423913 0.9008215 0.5414457 0.8915848 0.5115996 0.8972887 0.5414457 0.8915848 0.5130178 0.8872187 0.5546209 0.8985468 0.5454974 0.8970381 0.5423913 0.9008215 0.5546209 0.8985468 0.5423913 0.9008215 0.5540137 0.9027876 0.5251764 0.9140424 0.5232672 0.9281271 0.5511449 0.9243298 0.5251764 0.9140424 0.5511449 0.9243298 0.5520113 0.9175359 0.5423913 0.9008215 0.5251764 0.9140424 0.5520113 0.9175359 0.5423913 0.9008215 0.5520113 0.9175359 0.5540137 0.9027876 0.5232672 0.9281271 0.5265313 0.9383324 0.5490277 0.9408584 0.5232672 0.9281271 0.5490277 0.9408584 0.5511449 0.9243298 0.5117382 0.8973991 0.5425578 0.9009937 0.5252529 0.9141606 0.5117382 0.8973991 0.5252529 0.9141606 0.5088284 0.9115543 0.5070667 0.82309 0.4298573 0.8232617 0.425908 0.8250776 0.5070667 0.82309 0.425908 0.8250776 0.4145926 0.8348891 0.5087136 0.9114714 0.5251764 0.9140424 0.5423913 0.9008215 0.5087136 0.9114714 0.5423913 0.9008215 0.5115996 0.8972887 0.5071552 0.9300955 0.5232672 0.9281271 0.5251764 0.9140424 0.5071552 0.9300955 0.5251764 0.9140424 0.5087136 0.9114714 0.3685725 0.8575415 0.3916074 0.8580359 0.3915028 0.8365409 0.3685725 0.8575415 0.3915028 0.8365409 0.3683957 0.829807 0.5265313 0.9383324 0.5489758 0.9702803 0.5529085 0.9646186 0.5265313 0.9383324 0.5529085 0.9646186 0.5490277 0.9408584 0.2137352 0.3736016 0.2137352 0.376945 0.2495162 0.376945 0.2137352 0.3736016 0.2495162 0.376945 0.2495162 0.3736016 0.2137352 0.376945 0.2137352 0.3802883 0.2495162 0.3802883 0.2137352 0.376945 0.2495162 0.3802883 0.2495162 0.376945 0.2137352 0.3802883 0.2137352 0.3836317 0.2495162 0.3836317 0.2137352 0.3802883 0.2495162 0.3836317 0.2495162 0.3802883 0.2137352 0.3635714 0.2137352 0.3669148 0.2495162 0.3669149 0.2137352 0.3635714 0.2495162 0.3669149 0.2495162 0.3635715 0.2137352 0.3669148 0.2137352 0.3702582 0.2495162 0.3702583 0.2137352 0.3669148 0.2495162 0.3702583 0.2495162 0.3669149 0.2137352 0.3702582 0.2137352 0.3736016 0.2495162 0.3736016 0.2137352 0.3702582 0.2495162 0.3736016 0.2495162 0.3702583 0.2700601 0.3146654 0.2700505 0.310047 0.2817165 0.310047 0.2700601 0.3146654 0.2817165 0.310047 0.2817261 0.3146654 0.2714166 0.3033625 0.2815283 0.3033625 0.2815381 0.3079817 0.2714166 0.3033625 0.2815381 0.3079817 0.2714262 0.3079816 0.07781863 0.6360883 0.07781863 0.6409453 0.0731998 0.6409449 0.07781863 0.6360883 0.0731998 0.6409449 0.0731998 0.6360878 0.06617766 0.6250013 0.06617766 0.6329478 0.06155878 0.6329473 0.06617766 0.6250013 0.06155878 0.6329473 0.06155878 0.6250011 0.1047257 0.6153177 0.1046887 0.6106292 0.1093068 0.6106193 0.1047257 0.6153177 0.1093068 0.6106193 0.1093446 0.6153081 0.07781863 0.6409453 0.07781863 0.6360898 0.08243751 0.6360888 0.07781863 0.6409453 0.08243751 0.6360888 0.08243751 0.640944 0.304579 0.2815944 0.3045775 0.2892685 0.3002778 0.2864553 0.304579 0.2815944 0.3002778 0.2864553 0.300279 0.2815945 0.3088795 0.2815944 0.3088784 0.2864553 0.3045775 0.2892685 0.3088795 0.2815944 0.3045775 0.2892685 0.304579 0.2815944 0.18967 0.3645361 0.1945316 0.3645365 0.1973459 0.3688371 0.18967 0.3645361 0.1973459 0.3688371 0.18967 0.3731368 0.1046887 0.6191233 0.1047257 0.6153177 0.1093446 0.6153081 0.1046887 0.6191233 0.1093446 0.6153081 0.1093067 0.6191138 0.18967 0.3645361 0.18967 0.3731368 0.1817159 0.3833745 0.18967 0.3645361 0.1817159 0.3833745 0.181716 0.3527233 0.2622269 0.5671411 0.2316675 0.5671411 0.2316699 0.5625224 0.2622269 0.5671411 0.2316699 0.5625224 0.2622293 0.5625224 0.2884688 0.2736421 0.3191193 0.273642 0.304579 0.2815944 0.2884688 0.2736421 0.304579 0.2815944 0.300279 0.2815945 0.9760208 0.2822378 0.9741905 0.277465 0.9743495 0.2822378 0.9741905 0.277465 0.9760208 0.2822378 0.9761798 0.277465 0.9741905 0.277465 0.9761798 0.277465 0.9741905 0.2450901 0.9741905 0.2450901 0.9761798 0.277465 0.9761798 0.2449998 0.6359384 0.06900173 0.6285865 0.07324558 0.6334865 0.07324558 0.6285865 0.07324558 0.6359384 0.06900173 0.6334901 0.06475764 0.6285865 0.07324558 0.6334901 0.06475764 0.626138 0.06900173 0.626138 0.06900173 0.6334901 0.06475764 0.6285898 0.06475764 0.1575571 0.6559979 0.1575589 0.6644865 0.1600078 0.660242 0.1575589 0.6644865 0.1575571 0.6559979 0.1526576 0.6559979 0.1575589 0.6644865 0.1526576 0.6559979 0.1526595 0.6644865 0.1526595 0.6644865 0.1526576 0.6559979 0.150209 0.660242 0.01721006 0.3155142 0.00353533 0.3098508 0.009199678 0.3155137 0.00353533 0.3098508 0.01721006 0.3155142 0.02287393 0.3098508 0.00353533 0.3098508 0.02287393 0.3098508 0.00353533 0.3018416 0.00353533 0.3018416 0.02287393 0.3098508 0.02287364 0.3018416 0.00353533 0.3018416 0.02287364 0.3018416 0.009199261 0.2961786 0.009199261 0.2961786 0.02287364 0.3018416 0.01720952 0.2961786 0.01701754 0.2946058 0.003342866 0.2889438 0.009007334 0.2946058 0.003342866 0.2889438 0.01701754 0.2946058 0.02268093 0.2889438 0.003342866 0.2889438 0.02268093 0.2889438 0.003342092 0.2809368 0.003342092 0.2809368 0.02268093 0.2889438 0.02268064 0.2809368 0.003342092 0.2809368 0.02268064 0.2809368 0.009005963 0.2752748 0.009005963 0.2752748 0.02268064 0.2809368 0.01701623 0.2752748 0.4216304 0.5020304 0.4192137 0.5020684 0.4204221 0.502759 0.4192137 0.5020684 0.4216304 0.5020304 0.4192137 0.5006492 0.4192137 0.5006492 0.4216304 0.5020304 0.4216304 0.5006113 0.4192137 0.5006492 0.4216304 0.5006113 0.4204221 0.4999207 0.1536266 0.6544296 0.1536257 0.6470591 0.1514987 0.6507441 0.1536257 0.6470591 0.1536266 0.6544296 0.1578813 0.6544296 0.1536257 0.6470591 0.1578813 0.6544296 0.1578809 0.6470591 0.1578809 0.6470591 0.1578813 0.6544296 0.1600083 0.6507441 0.05071121 0.6095214 0.0580818 0.6095196 0.05439639 0.6073934 0.0580818 0.6095196 0.05071121 0.6095214 0.05071121 0.6137753 0.0580818 0.6095196 0.05071121 0.6137753 0.05808144 0.6137738 0.05808144 0.6137738 0.05071121 0.6137753 0.05439639 0.6159014 0.08966982 0.6474018 0.09899407 0.6420183 0.09277814 0.6420183 0.09899407 0.6420183 0.08966982 0.6474018 0.1021019 0.6474018 0.1021019 0.6474018 0.08966982 0.6474018 0.09277719 0.6527855 0.1021019 0.6474018 0.09277719 0.6527855 0.09899336 0.6527855 0.2786656 0.2850247 0.2860172 0.2807802 0.2811165 0.2807802 0.2860172 0.2807802 0.2786656 0.2850247 0.2811152 0.2892684 0.2860172 0.2807802 0.2811152 0.2892684 0.2884671 0.2850247 0.2884671 0.2850247 0.2811152 0.2892684 0.2860159 0.2892685 0.1876685 0.5332612 0.191913 0.5406129 0.191913 0.5357124 0.191913 0.5406129 0.1876685 0.5332612 0.1834244 0.535711 0.191913 0.5406129 0.1834244 0.535711 0.1876685 0.5430628 0.1876685 0.5430628 0.1834244 0.535711 0.1834244 0.5406118 0.3248286 0.339888 0.3063246 0.339888 0.3155758 0.3437184 0.3063246 0.339888 0.3248286 0.339888 0.328663 0.3306385 0.3063246 0.339888 0.328663 0.3306385 0.3024942 0.3306385 0.3024942 0.3306385 0.328663 0.3306385 0.3248328 0.3213896 0.3024942 0.3306385 0.3248328 0.3213896 0.3063286 0.3213894 0.2322733 0.7932158 0.2137688 0.7932158 0.2230207 0.7970474 0.2137688 0.7932158 0.2322733 0.7932158 0.2361066 0.7839646 0.2137688 0.7932158 0.2361066 0.7839646 0.209937 0.7839646 0.209937 0.7839646 0.2361066 0.7839646 0.2322748 0.7747138 0.209937 0.7839646 0.2322748 0.7747138 0.2137705 0.7747138 0.61615 0.9846331 0.5682864 0.9536569 0.5732815 0.982621 0.5682864 0.9536569 0.61615 0.9846331 0.5966523 0.9550776 0.5966523 0.9550776 0.61615 0.9846331 0.6076261 0.9680013 0.696529 0.9430944 0.6980441 0.9436495 0.6967587 0.9429188 0.6980441 0.9436495 0.696529 0.9430944 0.6971507 0.9436786 0.6980441 0.9436495 0.6971507 0.9436786 0.698001 0.943934 0.6971507 0.9106498 0.6980441 0.9106782 0.698001 0.9103932 0.6980441 0.9106782 0.6971507 0.9106498 0.696529 0.911235 0.6980441 0.9106782 0.696529 0.911235 0.6967587 0.9114107 0.1451974 0.6521942 0.1451964 0.6448232 0.1430696 0.6485087 0.1451964 0.6448232 0.1451974 0.6521942 0.1494522 0.6521942 0.1451964 0.6448232 0.1494522 0.6521942 0.1494516 0.6448232 0.1494516 0.6448232 0.1494522 0.6521942 0.1515792 0.6485087 0.629069 0.03234297 0.6290706 0.03971344 0.6311969 0.03602814 0.6290706 0.03971344 0.629069 0.03234297 0.624815 0.03234297 0.6290706 0.03971344 0.624815 0.03234297 0.6248165 0.03971344 0.6248165 0.03971344 0.624815 0.03234297 0.6226888 0.03602814 0.1456134 0.9172115 0.1400483 0.9073223 0.1400483 0.9139136 0.1400483 0.9073223 0.1456134 0.9172115 0.1456134 0.9040292 0.1456134 0.9040292 0.1456134 0.9172115 0.1511785 0.9139184 0.1456134 0.9040292 0.1511785 0.9139184 0.1511785 0.9073273 0.8442698 0.575007 0.8454794 0.5729063 0.8442698 0.5735908 0.8454794 0.5729063 0.8442698 0.575007 0.8466891 0.5736383 0.8466891 0.5736383 0.8442698 0.575007 0.8454794 0.5757389 0.8466891 0.5736383 0.8454794 0.5757389 0.8466891 0.5750545 0.3178693 0.6400104 0.3154194 0.6400321 0.3166443 0.6407306 0.3154194 0.6400321 0.3178693 0.6400104 0.3154194 0.6386129 0.3154194 0.6386129 0.3178693 0.6400104 0.3178693 0.6385912 0.3154194 0.6386129 0.3178693 0.6385912 0.3166443 0.6378926 0.8606051 0.06624555 0.8453468 0.05992692 0.851667 0.06624555 0.8453468 0.05992692 0.8606051 0.06624555 0.866925 0.05992692 0.8453468 0.05992692 0.866925 0.05992692 0.8453465 0.05098932 0.8453465 0.05098932 0.866925 0.05992692 0.866925 0.05098932 0.8453465 0.05098932 0.866925 0.05098932 0.8516665 0.04467082 0.8516665 0.04467082 0.866925 0.05098932 0.8606045 0.04467082 0.3007299 0.234721 0.3159886 0.2410384 0.3096678 0.234721 0.3159886 0.2410384 0.3007299 0.234721 0.2944102 0.2410383 0.3159886 0.2410384 0.2944102 0.2410383 0.3159891 0.2499734 0.3159891 0.2499734 0.2944102 0.2410383 0.294411 0.2499734 0.3159891 0.2499734 0.294411 0.2499734 0.3096694 0.2562908 0.3096694 0.2562908 0.294411 0.2499734 0.3007317 0.2562908 0.3373833 0.218829 0.3188788 0.218829 0.3281309 0.2226607 0.3188788 0.218829 0.3373833 0.218829 0.3412165 0.2095776 0.3188788 0.218829 0.3412165 0.2095776 0.3150473 0.2095776 0.3150473 0.2095776 0.3412165 0.2095776 0.3373849 0.2003265 0.3150473 0.2095776 0.3373849 0.2003265 0.3188804 0.2003265 0.3248286 0.3175587 0.3063246 0.3175587 0.3155758 0.3213894 0.3063246 0.3175587 0.3248286 0.3175587 0.328663 0.3083094 0.3063246 0.3175587 0.328663 0.3083094 0.3024942 0.3083094 0.3024942 0.3083094 0.328663 0.3083094 0.3248328 0.29906 0.3024942 0.3083094 0.3248328 0.29906 0.3063286 0.29906 0.9784458 0.2774652 0.9766154 0.2822378 0.9782865 0.2822378 0.9766154 0.2822378 0.9784458 0.2774652 0.9764562 0.2774652 0.9764562 0.2774652 0.9784458 0.2774652 0.9784458 0.24509 0.9764562 0.2774652 0.9784458 0.24509 0.9764562 0.2449997 0.2261636 0.5529739 0.2261636 0.5714784 0.229996 0.5622264 0.2261636 0.5714784 0.2261636 0.5529739 0.2169125 0.5491407 0.2261636 0.5714784 0.2169125 0.5491407 0.2169125 0.5753099 0.2169125 0.5753099 0.2169125 0.5491407 0.2076615 0.5529721 0.2169125 0.5753099 0.2076615 0.5529721 0.2076615 0.5714768 0.6841881 0.09174376 0.6656836 0.09174364 0.6749351 0.09557491 0.6656836 0.09174364 0.6841881 0.09174376 0.6880221 0.08249455 0.6656836 0.09174364 0.6880221 0.08249455 0.6618536 0.08249455 0.6618536 0.08249455 0.6880221 0.08249455 0.6841922 0.07324558 0.6618536 0.08249455 0.6841922 0.07324558 0.6656878 0.07324558 0.5436353 0.9580269 0.5526646 0.9656801 0.5521436 0.9656387 0.5526646 0.9656801 0.5436353 0.9580269 0.5489774 0.9410373 0.5489774 0.9410373 0.5436353 0.9580269 0.5265394 0.9384197 0.5516779 0.984046 0.5671538 0.9968589 0.5660933 0.9969263 0.5671538 0.9968589 0.5516779 0.984046 0.5526646 0.9656801 0.5526646 0.9656801 0.5516779 0.984046 0.548875 0.9704124 0.5526646 0.9656801 0.548875 0.9704124 0.5521436 0.9656387 0.5456966 0.8972167 0.5671538 0.8228735 0.5546274 0.9002394 0.5671538 0.8228735 0.5456966 0.8972167 0.5563885 0.8342617 0.5671538 0.8228735 0.5563885 0.8342617 0.5659421 0.8237952 0.5672214 0.9968327 0.5517498 0.983941 0.566156 0.9968746 0.5517498 0.983941 0.5672214 0.9968327 0.5529085 0.9646186 0.5517498 0.983941 0.5529085 0.9646186 0.5489758 0.9702803 0.5672214 0.8229577 0.5454974 0.8970381 0.5546209 0.8985468 0.5454974 0.8970381 0.5672214 0.8229577 0.5564193 0.83428 0.5564193 0.83428 0.5672214 0.8229577 0.5660567 0.8237767 0.3460584 0.2325903 0.4909748 0.2308713 0.3468648 0.2308216 0.4909748 0.2308713 0.3460584 0.2325903 0.4921533 0.2322393 0.4921533 0.2322393 0.3460584 0.2325903 0.4395436 0.234721</float_array>
          <technique_common>
            <accessor source="#Loader_car_Loader_car_Material_0-mesh-map-0-array" count="11607" stride="2">
              <param name="S" type="float"/>
              <param name="T" type="float"/>
            </accessor>
          </technique_common>
        </source>
        <vertices id="Loader_car_Loader_car_Material_0-mesh-vertices">
          <input semantic="POSITION" source="#Loader_car_Loader_car_Material_0-mesh-positions"/>
        </vertices>
        <triangles material="Loader_car_Material-material" count="3869">
          <input semantic="VERTEX" source="#Loader_car_Loader_car_Material_0-mesh-vertices" offset="0"/>
          <input semantic="NORMAL" source="#Loader_car_Loader_car_Material_0-mesh-normals" offset="1"/>
          <input semantic="TEXCOORD" source="#Loader_car_Loader_car_Material_0-mesh-map-0" offset="2" set="0"/>
          <p>0 0 0 1 1 1 2 2 2 3 3 3 4 4 4 5 5 5 6 6 6 7 7 7 8 8 8 9 9 9 10 10 10 11 11 11 12 12 12 13 13 13 14 14 14 15 15 15 16 16 16 17 17 17 18 18 18 19 19 19 20 20 20 21 21 21 22 22 22 23 23 23 24 24 24 25 25 25 26 26 26 27 27 27 28 28 28 29 29 29 30 30 30 31 31 31 32 32 32 33 33 33 34 34 34 35 35 35 36 36 36 37 36 37 38 36 38 30 30 39 39 37 40 31 31 41 40 38 42 39 37 43 30 30 44 41 39 45 42 40 46 43 41 47 44 42 48 45 43 49 46 44 50 44 42 51 47 45 52 45 43 53 48 46 54 49 47 55 50 48 56 51 49 57 52 50 58 53 51 59 54 52 60 55 53 61 56 54 62 57 55 63 58 56 64 59 57 65 60 58 66 61 59 67 62 60 68 63 61 69 52 50 70 51 49 71 64 62 72 65 63 73 66 64 74 67 65 75 68 66 76 69 67 77 70 68 78 71 69 79 72 70 80 67 65 81 69 67 82 73 71 83 74 72 84 75 73 85 76 74 86 77 75 87 78 76 88 61 59 89 72 70 90 79 77 91 70 68 92 80 78 93 81 79 94 82 80 95 83 81 96 84 82 97 85 83 98 86 84 99 87 85 100 88 86 101 89 87 102 90 88 103 91 89 104 89 87 105 91 89 106 92 90 107 93 91 108 94 92 109 95 93 110 96 94 111 97 95 112 98 96 113 99 97 114 100 98 115 90 88 116 90 88 117 98 96 118 99 97 119 101 99 120 102 100 121 103 101 122 100 98 123 104 102 124 90 88 125 105 103 126 106 104 127 107 105 128 108 106 129 109 107 130 110 108 131 110 108 132 111 109 133 108 106 134 112 110 135 113 111 136 114 112 137 114 112 138 115 113 139 112 110 140 114 112 141 113 111 142 116 114 143 117 115 144 118 116 145 109 107 146 109 107 147 108 106 148 117 115 149 119 117 150 120 117 151 121 117 152 119 118 153 122 118 154 123 118 155 124 119 156 125 120 157 126 121 158 126 121 159 127 122 160 124 119 161 121 123 162 128 123 163 119 123 164 128 124 165 129 124 166 119 124 167 130 125 168 131 126 169 132 127 170 132 127 171 133 128 172 130 125 173 119 129 174 123 129 175 120 129 176 131 126 177 134 130 178 135 131 179 135 131 180 132 127 181 131 126 182 136 132 183 137 133 184 138 134 185 139 135 186 140 135 187 141 135 188 142 136 189 143 137 190 144 138 191 145 139 192 146 139 193 147 139 194 147 140 195 148 140 196 145 140 197 149 141 198 150 141 199 151 141 200 151 142 201 150 142 202 152 142 203 153 143 204 154 143 205 151 143 206 154 144 207 155 144 208 151 144 209 156 145 210 157 145 211 158 145 212 151 146 213 155 146 214 159 146 215 160 147 216 161 148 217 162 149 218 163 150 219 164 150 220 165 150 221 163 151 222 166 151 223 167 151 224 163 152 225 165 152 226 168 152 227 163 153 228 169 153 229 166 153 230 170 154 231 171 155 232 172 156 233 172 157 234 173 158 235 170 159 236 173 158 237 172 157 238 174 160 239 175 161 240 176 162 241 177 163 242 177 163 243 178 164 244 175 161 245 179 165 246 180 166 247 181 167 248 181 167 249 182 168 250 179 165 251 178 164 252 177 163 253 183 169 254 183 169 255 184 170 256 178 164 257 138 134 258 185 171 259 186 172 260 186 172 261 144 138 262 138 134 263 187 173 264 188 173 265 185 174 266 185 175 267 189 176 268 187 176 269 189 177 270 185 171 271 138 134 272 138 134 273 137 133 274 189 177 275 143 137 276 190 178 277 144 138 278 191 179 279 144 138 280 190 178 281 192 180 282 193 181 283 186 172 284 193 181 285 142 136 286 144 138 287 194 182 288 195 182 289 196 182 290 196 183 291 197 183 292 194 183 293 198 184 294 189 177 295 137 133 296 137 133 297 199 185 298 198 184 299 156 186 300 200 186 301 201 186 302 202 187 303 200 187 304 156 187 305 156 188 306 203 188 307 157 188 308 156 189 309 158 189 310 202 189 311 159 190 312 204 190 313 151 190 314 205 191 315 203 191 316 156 191 317 206 192 318 205 192 319 156 192 320 207 193 321 208 194 322 209 194 323 210 195 324 211 195 325 212 196 326 213 197 327 214 197 328 215 197 329 215 198 330 216 198 331 213 198 332 217 199 333 218 199 334 219 199 335 219 200 336 220 200 337 217 200 338 221 201 339 222 201 340 223 201 341 223 202 342 224 202 343 221 202 344 225 203 345 226 203 346 227 203 347 228 204 348 229 204 349 230 204 350 231 205 351 232 205 352 233 205 353 234 206 354 235 206 355 236 206 356 237 207 357 238 207 358 239 207 359 239 208 360 240 208 361 237 208 362 241 209 363 242 209 364 243 209 365 243 210 366 244 210 367 241 210 368 245 211 369 246 212 370 247 212 371 248 213 372 249 213 373 250 214 374 251 215 375 252 215 376 253 215 377 253 216 378 254 216 379 251 216 380 255 217 381 256 217 382 257 217 383 257 218 384 258 218 385 255 218 386 259 219 387 260 219 388 261 219 389 261 220 390 262 220 391 259 220 392 263 221 393 264 221 394 265 221 395 266 222 396 267 222 397 268 222 398 269 223 399 270 223 400 271 223 401 272 224 402 273 224 403 274 224 404 275 225 405 276 225 406 277 225 407 277 226 408 278 226 409 275 226 410 279 227 411 280 227 412 281 227 413 281 228 414 282 228 415 279 228 416 283 229 417 284 230 418 285 231 419 285 231 420 286 232 421 283 229 422 287 233 423 288 234 424 289 235 425 289 235 426 290 236 427 287 233 428 291 237 429 292 238 430 293 239 431 293 239 432 294 239 433 291 237 434 295 240 435 296 241 436 297 242 437 297 242 438 298 243 439 295 240 440 299 244 441 300 245 442 301 246 443 301 246 444 302 247 445 299 244 446 303 248 447 299 244 448 302 247 449 302 247 450 304 249 451 303 248 452 305 250 453 306 251 454 307 252 455 307 252 456 308 253 457 305 250 458 309 254 459 305 250 460 308 253 461 308 253 462 310 255 463 309 254 464 311 256 465 309 254 466 310 255 467 310 255 468 312 257 469 311 256 470 313 258 471 311 256 472 312 257 473 312 257 474 314 259 475 313 258 476 315 260 477 316 261 478 317 262 479 317 262 480 318 263 481 315 260 482 319 264 483 315 260 484 318 263 485 318 263 486 320 265 487 319 264 488 321 266 489 319 264 490 320 265 491 320 265 492 322 267 493 321 266 494 323 268 495 321 266 496 322 267 497 322 267 498 324 269 499 323 268 500 325 270 501 326 271 502 327 272 503 327 272 504 328 273 505 325 270 506 329 274 507 325 270 508 328 273 509 328 273 510 330 275 511 329 274 512 331 276 513 329 274 514 330 275 515 330 275 516 332 277 517 331 276 518 333 278 519 331 276 520 332 277 521 332 277 522 334 279 523 333 278 524 335 280 525 336 281 526 337 282 527 337 282 528 338 283 529 335 280 530 300 245 531 335 280 532 338 283 533 338 283 534 301 246 535 300 245 536 339 284 537 340 285 538 341 286 539 341 286 540 342 287 541 339 284 542 343 288 543 339 284 544 342 287 545 342 287 546 344 289 547 343 288 548 345 290 549 346 291 550 347 292 551 347 292 552 348 293 553 345 290 554 349 294 555 345 290 556 348 293 557 348 293 558 350 295 559 349 294 560 351 296 561 349 294 562 350 295 563 350 295 564 352 297 565 351 296 566 353 298 567 351 296 568 352 297 569 352 297 570 354 299 571 353 298 572 355 300 573 356 301 574 357 302 575 357 302 576 358 303 577 355 300 578 359 304 579 355 300 580 358 303 581 358 303 582 360 305 583 359 304 584 361 306 585 359 304 586 360 305 587 360 305 588 362 307 589 361 306 590 363 308 591 361 306 592 362 307 593 362 307 594 364 309 595 363 308 596 365 310 597 366 311 598 367 312 599 367 312 600 368 313 601 365 310 602 369 314 603 365 310 604 368 313 605 368 313 606 370 315 607 369 314 608 371 316 609 369 314 610 370 315 611 370 315 612 372 317 613 371 316 614 373 318 615 371 316 616 372 317 617 372 317 618 374 319 619 373 318 620 375 320 621 376 321 622 377 322 623 377 322 624 378 323 625 375 320 626 340 285 627 375 320 628 378 323 629 378 323 630 341 286 631 340 285 632 379 324 633 380 325 634 381 326 635 381 326 636 382 327 637 379 324 638 383 328 639 379 324 640 382 327 641 382 327 642 384 329 643 383 328 644 385 330 645 386 331 646 387 332 647 387 332 648 388 333 649 385 330 650 389 334 651 385 330 652 388 333 653 388 333 654 390 335 655 389 334 656 391 336 657 389 334 658 390 335 659 390 335 660 392 337 661 391 336 662 393 338 663 394 339 664 395 340 665 395 340 666 396 341 667 393 338 668 397 342 669 393 338 670 396 341 671 396 341 672 398 343 673 397 342 674 399 344 675 397 342 676 398 343 677 398 343 678 400 345 679 399 344 680 401 346 681 402 347 682 403 348 683 403 348 684 404 349 685 401 346 686 405 350 687 401 346 688 404 349 689 404 349 690 406 351 691 405 350 692 407 352 693 405 350 694 406 351 695 406 351 696 408 353 697 407 352 698 380 325 699 409 354 700 410 355 701 410 355 702 381 326 703 380 325 704 411 356 705 412 357 706 413 358 707 413 358 708 414 359 709 411 356 710 415 360 711 416 361 712 412 357 713 412 357 714 411 356 715 415 360 716 417 362 717 418 363 718 419 364 719 419 364 720 420 365 721 417 362 722 421 366 723 422 367 724 418 363 725 418 363 726 417 362 727 421 366 728 423 368 729 424 369 730 422 367 731 422 367 732 421 366 733 423 368 734 425 370 735 426 371 736 427 372 737 427 372 738 428 373 739 425 370 740 429 374 741 430 375 742 426 371 743 426 371 744 425 370 745 429 374 746 431 376 747 432 377 748 430 375 749 430 375 750 429 374 751 431 376 752 433 378 753 434 379 754 435 380 755 435 380 756 436 381 757 433 378 758 437 382 759 438 383 760 434 379 761 434 379 762 433 378 763 437 382 764 439 384 765 440 385 766 438 383 767 438 383 768 437 382 769 439 384 770 414 359 771 413 358 772 441 386 773 441 386 774 442 387 775 414 359 776 443 388 777 59 57 778 444 389 779 445 390 780 446 391 781 447 392 782 448 393 783 449 394 784 450 395 785 451 396 786 452 396 787 453 396 788 454 397 789 455 397 790 456 397 791 457 398 792 458 399 793 459 400 794 460 401 795 461 401 796 462 401 797 463 402 798 464 402 799 465 402 800 466 403 801 467 403 802 468 403 803 469 404 804 470 405 805 471 406 806 472 407 807 473 408 808 474 409 809 473 408 810 475 410 811 474 409 812 473 408 813 476 411 814 475 410 815 477 412 816 478 413 817 479 414 818 479 414 819 480 415 820 477 412 821 481 416 822 482 417 823 483 418 824 484 419 825 483 418 826 482 417 827 482 417 828 485 420 829 484 419 830 484 419 831 486 421 832 483 418 833 487 422 834 482 417 835 481 416 836 488 423 837 489 424 838 490 425 839 491 426 840 492 427 841 493 428 842 493 428 843 494 429 844 491 426 845 495 430 846 496 431 847 494 429 848 493 428 849 492 427 850 497 432 851 498 433 852 499 434 853 500 435 854 499 434 855 501 436 856 500 435 857 502 437 858 500 435 859 501 436 860 503 438 861 495 430 862 494 429 863 494 429 864 493 428 865 503 438 866 504 439 867 505 440 868 506 441 869 507 442 870 508 443 871 505 440 872 505 440 873 504 439 874 507 442 875 504 439 876 509 444 877 507 442 878 506 441 879 505 440 880 510 445 881 505 440 882 508 443 883 511 446 884 511 446 885 510 445 886 505 440 887 509 444 888 512 447 889 513 448 890 514 449 891 515 450 892 516 451 893 513 448 894 507 442 895 509 444 896 517 452 897 518 453 898 506 441 899 519 454 900 520 455 901 521 456 902 522 457 903 523 458 904 524 459 905 524 459 906 525 460 907 522 457 908 523 458 909 526 461 910 527 462 911 528 463 912 525 460 913 524 459 914 529 464 915 530 465 916 531 466 917 529 464 918 532 467 919 530 465 920 501 436 921 533 468 922 502 437 923 532 467 924 529 464 925 534 469 926 535 470 927 524 459 928 523 458 929 523 458 930 527 462 931 535 470 932 481 416 933 536 471 934 537 472 935 536 471 936 481 416 937 515 450 938 506 441 939 518 453 940 538 473 941 539 474 942 487 422 943 481 416 944 540 475 945 532 467 946 534 469 947 541 476 948 542 477 949 543 478 950 544 479 951 24 24 952 26 26 953 545 480 954 546 481 955 547 482 956 548 483 957 549 484 958 550 485 959 551 486 960 552 487 961 553 488 962 554 489 963 555 490 964 556 491 965 557 492 966 558 493 967 559 494 968 560 495 969 561 496 970 562 497 971 563 498 972 564 499 973 565 500 974 566 501 975 567 501 976 568 501 977 569 502 978 570 502 979 571 502 980 572 118 981 573 118 982 574 118 983 575 503 984 576 503 985 577 503 986 578 150 987 579 150 988 580 150 989 581 504 990 582 504 991 583 504 992 584 118 993 585 118 994 586 118 995 587 505 996 588 505 997 589 505 998 590 506 999 92 90 1000 91 89 1001 90 88 1002 104 102 1003 91 89 1004 591 507 1005 91 89 1006 104 102 1007 91 89 1008 591 507 1009 590 506 1010 592 150 1011 593 150 1012 594 150 1013 595 118 1014 596 118 1015 597 118 1016 598 508 1017 599 508 1018 600 508 1019 601 118 1020 602 118 1021 603 118 1022 598 150 1023 600 150 1024 604 150 1025 601 118 1026 605 118 1027 606 118 1028 607 509 1029 608 509 1030 609 509 1031 610 510 1032 611 511 1033 612 512 1034 613 513 1035 614 514 1036 615 515 1037 616 516 1038 617 516 1039 618 516 1040 619 517 1041 620 518 1042 621 519 1043 614 514 1044 622 520 1045 615 515 1046 623 521 1047 624 522 1048 625 523 1049 626 524 1050 627 525 1051 628 526 1052 629 527 1053 625 523 1054 630 528 1055 624 522 1056 630 528 1057 625 523 1058 631 529 1059 632 530 1060 614 514 1061 622 520 1062 614 514 1063 632 530 1064 633 531 1065 627 525 1066 626 524 1067 634 532 1068 635 533 1069 636 534 1070 637 535 1071 638 536 1072 635 533 1073 636 534 1074 635 533 1075 638 536 1076 639 537 1077 626 524 1078 640 538 1079 628 526 1080 640 538 1081 626 524 1082 641 539 1083 119 539 1084 642 539 1085 643 540 1086 644 541 1087 645 542 1088 645 542 1089 646 543 1090 643 540 1091 647 544 1092 648 545 1093 649 546 1094 649 546 1095 650 547 1096 647 544 1097 651 548 1098 652 549 1099 653 550 1100 653 550 1101 654 551 1102 651 548 1103 655 552 1104 656 553 1105 657 554 1106 657 554 1107 658 555 1108 655 552 1109 644 541 1110 659 556 1111 660 557 1112 660 557 1113 645 542 1114 644 541 1115 661 558 1116 650 547 1117 649 546 1118 662 559 1119 654 551 1120 653 550 1121 663 560 1122 664 561 1123 665 562 1124 665 562 1125 666 563 1126 663 560 1127 664 561 1128 667 564 1129 665 562 1130 660 557 1131 659 556 1132 668 565 1133 668 565 1134 669 566 1135 660 557 1136 670 567 1137 671 568 1138 672 569 1139 672 569 1140 673 570 1141 670 567 1142 674 571 1143 675 572 1144 676 573 1145 676 573 1146 662 559 1147 674 571 1148 677 574 1149 678 575 1150 679 576 1151 679 576 1152 680 577 1153 677 574 1154 665 562 1155 667 564 1156 666 563 1157 649 546 1158 681 578 1159 661 558 1160 653 550 1161 674 571 1162 662 559 1163 682 579 1164 683 580 1165 684 581 1166 682 579 1167 685 582 1168 683 580 1169 686 583 1170 687 584 1171 688 585 1172 689 586 1173 690 587 1174 691 588 1175 692 589 1176 684 581 1177 693 590 1178 684 581 1179 692 589 1180 690 587 1181 694 591 1182 695 592 1183 696 593 1184 693 590 1185 684 581 1186 697 594 1187 698 595 1188 699 596 1189 700 597 1190 701 598 1191 702 599 1192 703 600 1193 702 599 1194 701 598 1195 704 601 1196 705 602 1197 706 603 1198 707 604 1199 706 603 1200 705 602 1201 708 605 1202 706 603 1203 709 606 1204 707 604 1205 710 607 1206 703 600 1207 711 608 1208 703 600 1209 710 607 1210 701 598 1211 712 609 1212 683 580 1213 685 582 1214 684 581 1215 683 580 1216 697 594 1217 713 610 1218 697 594 1219 683 580 1220 683 580 1221 712 609 1222 713 610 1223 186 172 1224 193 181 1225 144 138 1226 152 611 1227 153 611 1228 151 611 1229 164 612 1230 163 612 1231 714 612 1232 168 613 1233 169 613 1234 163 613 1235 715 614 1236 716 615 1237 717 616 1238 718 617 1239 719 618 1240 720 619 1241 721 620 1242 722 621 1243 723 622 1244 724 239 1245 725 239 1246 726 239 1247 72 70 1248 71 69 1249 727 623 1250 53 51 1251 52 50 1252 728 624 1253 729 239 1254 730 239 1255 731 239 1256 727 623 1257 732 625 1258 733 626 1259 728 624 1260 734 627 1261 735 628 1262 736 629 1263 737 630 1264 738 631 1265 739 632 1266 740 633 1267 741 634 1268 736 629 1269 738 631 1270 742 635 1271 743 636 1272 744 637 1273 745 638 1274 745 638 1275 746 639 1276 743 636 1277 747 640 1278 737 630 1279 748 641 1280 749 642 1281 750 643 1282 751 644 1283 752 645 1284 753 646 1285 754 647 1286 755 648 1287 746 639 1288 756 649 1289 745 638 1290 756 649 1291 746 639 1292 757 650 1293 758 651 1294 759 652 1295 759 652 1296 750 643 1297 757 650 1298 760 653 1299 761 654 1300 762 655 1301 762 655 1302 763 656 1303 760 653 1304 764 657 1305 765 658 1306 766 659 1307 766 659 1308 767 660 1309 764 657 1310 757 650 1311 749 642 1312 768 661 1313 769 662 1314 770 663 1315 771 664 1316 772 665 1317 773 666 1318 774 667 1319 775 668 1320 752 645 1321 754 647 1322 754 647 1323 776 669 1324 775 668 1325 777 670 1326 778 671 1327 736 629 1328 741 634 1329 779 672 1330 739 632 1331 736 629 1332 742 635 1333 777 670 1334 737 630 1335 736 629 1336 778 671 1337 778 671 1338 748 641 1339 737 630 1340 743 636 1341 780 673 1342 781 674 1343 781 674 1344 744 637 1345 743 636 1346 782 675 1347 771 664 1348 770 663 1349 745 638 1350 783 676 1351 756 649 1352 739 632 1353 784 677 1354 785 678 1355 749 642 1356 757 650 1357 750 643 1358 753 646 1359 752 645 1360 786 679 1361 787 680 1362 788 681 1363 773 666 1364 789 682 1365 749 642 1366 751 644 1367 790 683 1368 791 684 1369 792 685 1370 793 686 1371 794 687 1372 795 688 1373 796 689 1374 797 690 1375 798 691 1376 799 692 1377 797 690 1378 796 689 1379 796 689 1380 800 693 1381 799 692 1382 801 694 1383 802 695 1384 803 696 1385 790 683 1386 803 696 1387 804 697 1388 790 683 1389 804 697 1390 791 684 1391 803 696 1392 790 683 1393 801 694 1394 805 698 1395 806 699 1396 807 700 1397 808 701 1398 809 702 1399 810 703 1400 811 704 1401 798 691 1402 797 690 1403 812 705 1404 813 706 1405 814 707 1406 815 708 1407 814 707 1408 813 706 1409 813 706 1410 816 709 1411 815 708 1412 817 710 1413 815 708 1414 816 709 1415 816 709 1416 818 711 1417 817 710 1418 819 712 1419 817 710 1420 818 711 1421 818 711 1422 820 713 1423 819 712 1424 821 714 1425 822 715 1426 823 716 1427 823 716 1428 824 717 1429 821 714 1430 825 718 1431 821 714 1432 824 717 1433 824 717 1434 826 719 1435 825 718 1436 827 720 1437 825 718 1438 826 719 1439 826 719 1440 828 721 1441 827 720 1442 829 722 1443 827 720 1444 828 721 1445 830 723 1446 829 722 1447 828 721 1448 828 721 1449 831 724 1450 830 723 1451 832 725 1452 830 723 1453 831 724 1454 833 726 1455 832 725 1456 831 724 1457 831 724 1458 834 727 1459 833 726 1460 835 728 1461 833 726 1462 834 727 1463 836 729 1464 835 728 1465 834 727 1466 836 729 1467 837 730 1468 838 731 1469 839 732 1470 838 731 1471 837 730 1472 837 730 1473 840 733 1474 839 732 1475 841 734 1476 839 732 1477 840 733 1478 840 733 1479 842 735 1480 841 734 1481 843 736 1482 844 737 1483 845 738 1484 845 738 1485 846 739 1486 843 736 1487 847 740 1488 843 736 1489 846 739 1490 846 739 1491 848 741 1492 847 740 1493 849 742 1494 847 740 1495 848 741 1496 848 741 1497 850 743 1498 849 742 1499 742 635 1500 851 744 1501 852 745 1502 853 746 1503 854 747 1504 855 748 1505 856 749 1506 855 748 1507 854 747 1508 857 750 1509 856 749 1510 854 747 1511 851 744 1512 738 631 1513 737 630 1514 836 729 1515 858 751 1516 837 730 1517 858 751 1518 836 729 1519 834 727 1520 851 744 1521 742 635 1522 738 631 1523 747 640 1524 859 752 1525 737 630 1526 786 679 1527 860 753 1528 861 754 1529 861 754 1530 753 646 1531 786 679 1532 862 755 1533 863 756 1534 864 757 1535 865 758 1536 866 759 1537 867 760 1538 868 761 1539 869 762 1540 870 763 1541 871 764 1542 872 765 1543 873 766 1544 873 766 1545 874 767 1546 871 764 1547 875 768 1548 876 769 1549 877 770 1550 878 771 1551 879 772 1552 880 773 1553 881 774 1554 882 775 1555 883 776 1556 884 777 1557 885 778 1558 886 779 1559 887 780 1560 888 781 1561 889 782 1562 889 782 1563 890 783 1564 887 780 1565 891 784 1566 892 785 1567 893 786 1568 894 787 1569 895 788 1570 896 789 1571 896 789 1572 897 790 1573 894 787 1574 898 791 1575 899 792 1576 875 768 1577 875 768 1578 877 770 1579 898 791 1580 900 793 1581 890 783 1582 889 782 1583 901 794 1584 902 795 1585 903 796 1586 904 797 1587 905 798 1588 906 799 1589 902 795 1590 907 800 1591 908 801 1592 908 801 1593 909 802 1594 902 795 1595 910 803 1596 903 796 1597 902 795 1598 911 804 1599 904 797 1600 906 799 1601 872 765 1602 912 805 1603 913 806 1604 913 806 1605 873 766 1606 872 765 1607 914 807 1608 915 808 1609 916 809 1610 917 810 1611 918 811 1612 868 761 1613 868 761 1614 870 763 1615 917 810 1616 919 812 1617 920 813 1618 914 807 1619 915 808 1620 877 770 1621 876 769 1622 876 769 1623 916 809 1624 915 808 1625 921 814 1626 922 815 1627 923 816 1628 924 817 1629 925 818 1630 884 777 1631 926 819 1632 905 798 1633 904 797 1634 927 820 1635 911 804 1636 906 799 1637 901 794 1638 907 800 1639 902 795 1640 921 814 1641 928 821 1642 922 815 1643 929 822 1644 930 823 1645 928 821 1646 928 821 1647 931 824 1648 929 822 1649 928 821 1650 921 814 1651 931 824 1652 888 781 1653 932 825 1654 889 782 1655 933 826 1656 934 827 1657 935 828 1658 935 828 1659 936 829 1660 933 826 1661 937 830 1662 938 831 1663 939 832 1664 940 833 1665 941 834 1666 942 835 1667 943 836 1668 944 837 1669 945 838 1670 946 839 1671 947 840 1672 948 841 1673 933 826 1674 936 829 1675 949 842 1676 949 842 1677 950 843 1678 933 826 1679 951 844 1680 952 845 1681 953 846 1682 942 835 1683 929 822 1684 931 824 1685 931 824 1686 940 833 1687 942 835 1688 954 847 1689 930 823 1690 929 822 1691 955 848 1692 956 849 1693 957 850 1694 931 824 1695 958 851 1696 940 833 1697 931 824 1698 921 814 1699 958 851 1700 867 760 1701 863 756 1702 959 852 1703 960 853 1704 866 759 1705 865 758 1706 961 854 1707 918 811 1708 962 855 1709 963 856 1710 962 855 1711 964 857 1712 965 858 1713 914 807 1714 920 813 1715 966 859 1716 967 860 1717 968 861 1718 914 807 1719 916 809 1720 919 812 1721 969 862 1722 874 767 1723 873 766 1724 914 807 1725 965 858 1726 915 808 1727 970 863 1728 971 864 1729 886 779 1730 886 779 1731 972 865 1732 970 863 1733 970 863 1734 973 866 1735 971 864 1736 974 867 1737 971 864 1738 973 866 1739 973 866 1740 975 868 1741 974 867 1742 976 869 1743 925 818 1744 974 867 1745 974 867 1746 975 868 1747 976 869 1748 884 777 1749 925 818 1750 976 869 1751 976 869 1752 977 870 1753 884 777 1754 978 871 1755 979 872 1756 966 859 1757 962 855 1758 980 873 1759 981 874 1760 981 874 1761 964 857 1762 962 855 1763 918 811 1764 917 810 1765 980 873 1766 980 873 1767 962 855 1768 918 811 1769 982 875 1770 983 876 1771 984 877 1772 985 878 1773 878 771 1774 880 773 1775 880 773 1776 869 762 1777 985 878 1778 880 773 1779 879 772 1780 986 879 1781 986 879 1782 987 880 1783 880 773 1784 869 762 1785 880 773 1786 987 880 1787 987 880 1788 988 881 1789 869 762 1790 869 762 1791 988 881 1792 870 763 1793 875 768 1794 899 792 1795 989 882 1796 898 791 1797 990 883 1798 899 792 1799 972 865 1800 886 779 1801 885 778 1802 885 778 1803 884 777 1804 991 884 1805 977 870 1806 991 884 1807 884 777 1808 871 764 1809 874 767 1810 992 885 1811 993 886 1812 994 887 1813 995 888 1814 996 889 1815 993 886 1816 995 888 1817 995 888 1818 997 890 1819 996 889 1820 998 891 1821 999 892 1822 901 794 1823 901 794 1824 903 796 1825 998 891 1826 874 767 1827 1000 893 1828 992 885 1829 1001 894 1830 1002 895 1831 1003 896 1832 1001 894 1833 1003 896 1834 1004 897 1835 989 882 1836 899 792 1837 990 883 1838 1005 898 1839 1006 899 1840 1007 900 1841 1007 900 1842 1008 901 1843 1005 898 1844 1008 901 1845 1009 902 1846 1005 898 1847 1010 903 1848 1005 898 1849 1009 902 1850 1009 902 1851 1011 904 1852 1010 903 1853 1011 904 1854 1012 905 1855 1010 903 1856 1013 906 1857 1010 903 1858 1012 905 1859 1012 905 1860 1014 907 1861 1013 906 1862 1015 908 1863 1013 906 1864 1014 907 1865 1016 909 1866 1015 908 1867 1014 907 1868 1017 910 1869 1016 909 1870 1014 907 1871 1014 907 1872 1018 911 1873 1017 910 1874 1018 911 1875 1019 912 1876 1017 910 1877 1017 910 1878 1020 913 1879 1021 914 1880 1022 915 1881 1023 916 1882 1024 917 1883 1025 918 1884 1026 919 1885 1027 920 1886 991 884 1887 977 870 1888 1028 921 1889 1029 922 1890 1028 921 1891 977 870 1892 1030 923 1893 1029 922 1894 977 870 1895 871 764 1896 992 885 1897 1031 924 1898 1032 925 1899 1033 926 1900 1034 927 1901 1035 928 1902 1032 925 1903 1034 927 1904 1036 929 1905 1037 930 1906 1038 931 1907 1039 932 1908 1038 931 1909 1037 930 1910 1040 933 1911 1041 934 1912 1042 935 1913 1042 935 1914 1043 936 1915 1040 933 1916 1044 937 1917 1040 933 1918 1043 936 1919 1045 938 1920 1046 939 1921 1047 940 1922 1048 941 1923 1045 938 1924 1047 940 1925 1047 940 1926 1049 942 1927 1048 941 1928 1050 943 1929 1048 941 1930 1049 942 1931 1051 944 1932 1052 945 1933 1004 897 1934 1004 897 1935 1003 896 1936 1051 944 1937 1053 946 1938 1054 947 1939 1055 948 1940 1053 946 1941 1055 948 1942 885 778 1943 1056 949 1944 1057 950 1945 885 778 1946 885 778 1947 991 884 1948 1056 949 1949 1058 951 1950 1047 940 1951 1046 939 1952 907 800 1953 1059 952 1954 1060 953 1955 1060 953 1956 908 801 1957 907 800 1958 984 877 1959 983 876 1960 883 776 1961 926 819 1962 1061 954 1963 905 798 1964 1020 913 1965 1017 910 1966 1019 912 1967 1062 955 1968 983 876 1969 982 875 1970 885 778 1971 1057 950 1972 1053 946 1973 1063 956 1974 748 641 1975 778 671 1976 1064 957 1977 1063 956 1978 778 671 1979 1065 958 1980 1066 959 1981 1067 960 1982 1067 960 1983 1068 961 1984 1065 958 1985 773 666 1986 772 665 1987 787 680 1988 1069 962 1989 747 640 1990 748 641 1991 1070 963 1992 1071 964 1993 1072 965 1994 1073 966 1995 1074 967 1996 1075 968 1997 1076 969 1998 1066 959 1999 1077 970 2000 1066 959 2001 1076 969 2002 1067 960 2003 1078 971 2004 1071 964 2005 1079 972 2006 1079 972 2007 1080 973 2008 1078 971 2009 1081 974 2010 1082 975 2011 1083 976 2012 1083 976 2013 1084 977 2014 1081 974 2015 1085 978 2016 1086 979 2017 1087 980 2018 1086 979 2019 1085 978 2020 1088 981 2021 1089 982 2022 1090 983 2023 1091 984 2024 1092 985 2025 1093 986 2026 1094 987 2027 772 665 2028 774 667 2029 1095 988 2030 1073 966 2031 1075 968 2032 1096 989 2033 1096 989 2034 1097 990 2035 1073 966 2036 777 670 2037 742 635 2038 1064 957 2039 777 670 2040 1064 957 2041 778 671 2042 1065 958 2043 1068 961 2044 1098 991 2045 1098 991 2046 1099 992 2047 1065 958 2048 1093 986 2049 1092 985 2050 1100 993 2051 1076 969 2052 1101 994 2053 1067 960 2054 739 632 2055 779 672 2056 784 677 2057 1071 964 2058 1078 971 2059 1072 965 2060 1102 995 2061 1075 968 2062 1074 967 2063 1070 963 2064 1072 965 2065 1103 996 2066 808 701 2067 1104 997 2068 1105 998 2069 1105 998 2070 809 702 2071 808 701 2072 1106 999 2073 1107 1000 2074 1108 1001 2075 1109 1002 2076 1110 1003 2077 1111 1004 2078 1112 1005 2079 1113 1006 2080 1114 1007 2081 1115 1008 2082 1116 1009 2083 1111 1004 2084 1111 1004 2085 1110 1003 2086 1115 1008 2087 1117 1010 2088 1118 1011 2089 1119 1012 2090 1120 1013 2091 1117 1010 2092 1108 1001 2093 1107 1000 2094 1120 1013 2095 1108 1001 2096 1119 1012 2097 1108 1001 2098 1117 1010 2099 805 698 2100 1121 1014 2101 806 699 2102 1122 1015 2103 1105 998 2104 1104 997 2105 1110 1003 2106 1109 1002 2107 1123 1016 2108 1124 1017 2109 1125 1018 2110 1126 1019 2111 1127 1020 2112 1128 1021 2113 1124 1017 2114 1124 1017 2115 1126 1019 2116 1127 1020 2117 1129 1022 2118 1130 1023 2119 1128 1021 2120 1128 1021 2121 1127 1020 2122 1129 1022 2123 1131 1024 2124 1132 1025 2125 1130 1023 2126 1130 1023 2127 1129 1022 2128 1131 1024 2129 1133 1026 2130 1134 1027 2131 1135 1028 2132 1135 1028 2133 1136 1029 2134 1133 1026 2135 1137 1030 2136 1138 1031 2137 1134 1027 2138 1134 1027 2139 1133 1026 2140 1137 1030 2141 1139 1032 2142 1140 1033 2143 1138 1031 2144 1138 1031 2145 1137 1030 2146 1139 1032 2147 1140 1033 2148 1139 1032 2149 1141 1034 2150 1142 1035 2151 1143 1036 2152 1144 1037 2153 1145 1038 2154 1146 1039 2155 1147 1040 2156 1143 1036 2157 1142 1035 2158 1148 1041 2159 1149 1042 2160 1150 1043 2161 1143 1036 2162 1143 1036 2163 1148 1041 2164 1149 1042 2165 1150 1043 2166 1149 1042 2167 1151 1044 2168 1150 1043 2169 1151 1044 2170 1152 1045 2171 1153 1046 2172 1090 983 2173 1152 1045 2174 1154 1047 2175 1155 1048 2176 1090 983 2177 1090 983 2178 1153 1046 2179 1154 1047 2180 1156 1049 2181 1157 1050 2182 1155 1048 2183 1155 1048 2184 1154 1047 2185 1156 1049 2186 1158 1051 2187 1159 1052 2188 1160 1053 2189 1160 1053 2190 1161 1054 2191 1158 1051 2192 1162 1055 2193 1163 1056 2194 1159 1052 2195 1159 1052 2196 1158 1051 2197 1162 1055 2198 1164 1057 2199 784 677 2200 779 672 2201 1163 1056 2202 1162 1055 2203 1165 1058 2204 1166 1059 2205 1167 1060 2206 1064 957 2207 1168 1061 2208 1169 1062 2209 1170 1063 2210 1169 1062 2211 1168 1061 2212 1171 1064 2213 1125 1018 2214 1124 1017 2215 1169 1062 2216 1169 1062 2217 1171 1064 2218 1125 1018 2219 748 641 2220 1063 956 2221 1167 1060 2222 1090 983 2223 1089 982 2224 1152 1045 2225 1150 1043 2226 1152 1045 2227 1089 982 2228 1063 956 2229 1064 957 2230 1167 1060 2231 1102 995 2232 1074 967 2233 1172 1065 2234 1172 1065 2235 1173 1066 2236 1102 995 2237 866 759 2238 864 757 2239 867 760 2240 1174 1067 2241 1175 1068 2242 1176 1069 2243 1176 1069 2244 1177 1070 2245 1174 1067 2246 1178 1071 2247 1179 1072 2248 1180 1073 2249 1180 1073 2250 1181 1074 2251 1178 1071 2252 1182 1075 2253 1183 1076 2254 1184 1077 2255 1185 1078 2256 1186 1079 2257 1187 1080 2258 1187 1080 2259 1188 1081 2260 1185 1078 2261 1189 1082 2262 1190 1083 2263 1191 1084 2264 1192 1085 2265 1193 1086 2266 1194 1087 2267 1195 1088 2268 1196 1089 2269 1197 1090 2270 1198 1091 2271 1199 1092 2272 1200 1093 2273 1200 1093 2274 948 841 2275 1198 1091 2276 1175 1068 2277 1201 1094 2278 1202 1095 2279 1202 1095 2280 1176 1069 2281 1175 1068 2282 891 784 2283 893 786 2284 1203 1096 2285 1204 1097 2286 1205 1098 2287 1206 1099 2288 1206 1099 2289 1207 1100 2290 1204 1097 2291 1208 1101 2292 1189 1082 2293 1191 1084 2294 1191 1084 2295 1209 1102 2296 1208 1101 2297 1200 1093 2298 1199 1092 2299 1210 1103 2300 1211 1104 2301 1212 1105 2302 1213 1106 2303 1214 1107 2304 1215 1108 2305 1216 1109 2306 1212 1105 2307 1217 1110 2308 1218 1111 2309 1218 1111 2310 1219 1112 2311 1212 1105 2312 1212 1105 2313 1211 1104 2314 1220 1113 2315 1214 1107 2316 1216 1109 2317 1221 1114 2318 1188 1081 2319 1187 1080 2320 1222 1115 2321 1222 1115 2322 1223 1116 2323 1188 1081 2324 1224 1117 2325 1225 1118 2326 1226 1119 2327 1227 1120 2328 1182 1075 2329 1184 1077 2330 1184 1077 2331 1228 1121 2332 1227 1120 2333 1226 1119 2334 1229 1122 2335 1230 1123 2336 1225 1118 2337 1224 1117 2338 1190 1083 2339 1190 1083 2340 1189 1082 2341 1225 1118 2342 1231 1124 2343 1232 1125 2344 1233 1126 2345 1234 1127 2346 1235 1128 2347 1236 1129 2348 1216 1109 2349 1215 1108 2350 1237 1130 2351 1214 1107 2352 1221 1114 2353 1238 1131 2354 1212 1105 2355 1219 1112 2356 1213 1106 2357 1232 1125 2358 1239 1132 2359 1233 1126 2360 1240 1133 2361 1241 1134 2362 1239 1132 2363 1242 1135 2364 1243 1136 2365 1244 1137 2366 1241 1134 2367 1233 1126 2368 1239 1132 2369 1200 1093 2370 946 839 2371 948 841 2372 1245 1138 2373 1246 1139 2374 1247 1140 2375 1247 1140 2376 1248 1141 2377 1245 1138 2378 1249 1142 2379 1250 1143 2380 1251 1144 2381 1252 1145 2382 1253 1146 2383 1254 1147 2384 1255 1148 2385 1256 1149 2386 1257 1150 2387 1245 1138 2388 1258 1151 2389 1259 1152 2390 1259 1152 2391 1246 1139 2392 1245 1138 2393 1260 1153 2394 1261 1154 2395 1262 1155 2396 1197 1156 2397 1263 1157 2398 1264 1158 2399 1252 1145 2400 1254 1147 2401 1241 1134 2402 1241 1134 2403 1240 1133 2404 1252 1145 2405 1265 1159 2406 1266 1160 2407 1267 1161 2408 1268 1162 2409 1269 1163 2410 1270 1164 2411 1254 1147 2412 1271 1165 2413 1241 1134 2414 1271 1165 2415 1233 1126 2416 1241 1134 2417 1235 1128 2418 1234 1127 2419 1272 1166 2420 1273 1167 2421 1228 1121 2422 1274 1168 2423 1275 1169 2424 1276 1170 2425 1186 1079 2426 1229 1122 2427 1226 1119 2428 1277 1171 2429 1228 1121 2430 1184 1077 2431 1278 1172 2432 1187 1080 2433 1186 1079 2434 1276 1170 2435 1225 1118 2436 1277 1171 2437 1226 1119 2438 1179 1072 2439 1279 1173 2440 1180 1073 2441 1280 1174 2442 1281 1175 2443 1195 1088 2444 1195 1088 2445 1282 1176 2446 1280 1174 2447 1282 1176 2448 1283 1177 2449 1280 1174 2450 1284 1178 2451 1285 1179 2452 1283 1177 2453 1283 1177 2454 1282 1176 2455 1284 1178 2456 1286 1180 2457 1285 1179 2458 1284 1178 2459 1284 1178 2460 1263 1157 2461 1286 1180 2462 1197 1156 2463 1287 1181 2464 1286 1180 2465 1286 1180 2466 1263 1157 2467 1197 1156 2468 979 872 2469 967 860 2470 966 859 2471 1273 1167 2472 1288 1182 2473 1289 1183 2474 1289 1183 2475 1290 1184 2476 1273 1167 2477 1228 1121 2478 1273 1167 2479 1290 1184 2480 1290 1184 2481 1227 1120 2482 1228 1121 2483 1291 1185 2484 982 875 2485 984 877 2486 984 877 2487 882 775 2488 1291 1185 2489 1292 1186 2490 1183 1076 2491 1192 1085 2492 1192 1085 2493 1194 1087 2494 1292 1186 2495 1293 1187 2496 1202 1095 2497 1201 1094 2498 1201 1094 2499 1294 1188 2500 1293 1187 2501 1192 1085 2502 1295 1189 2503 1296 1190 2504 1296 1190 2505 1193 1086 2506 1192 1085 2507 1183 1076 2508 1297 1191 2509 1295 1189 2510 1295 1189 2511 1192 1085 2512 1183 1076 2513 1182 1075 2514 1297 1191 2515 1183 1076 2516 1292 1186 2517 1194 1087 2518 1298 1192 2519 1209 1102 2520 1299 1193 2521 1208 1101 2522 1196 1089 2523 1195 1088 2524 1281 1175 2525 1300 1194 2526 1197 1090 2527 1196 1089 2528 1301 1195 2529 1302 1196 2530 1303 1197 2531 1185 1078 2532 1304 1198 2533 1186 1079 2534 1305 1199 2535 1306 1200 2536 1307 1201 2537 1308 1202 2538 1309 1203 2539 1305 1199 2540 1305 1199 2541 1307 1201 2542 1308 1202 2543 1310 1204 2544 1211 1104 2545 1213 1106 2546 1213 1106 2547 1311 1205 2548 1310 1204 2549 1304 1198 2550 1275 1169 2551 1186 1079 2552 1312 1206 2553 1313 1207 2554 1314 1208 2555 1315 1209 2556 1312 1206 2557 1314 1208 2558 1299 1193 2559 1209 1102 2560 1316 1210 2561 1317 1211 2562 1318 1212 2563 1319 1213 2564 1319 1213 2565 1320 1214 2566 1317 1211 2567 1318 1212 2568 1317 1211 2569 1321 1215 2570 1322 1216 2571 1323 1217 2572 1318 1212 2573 1318 1212 2574 1321 1215 2575 1322 1216 2576 1324 1218 2577 1325 1219 2578 1323 1217 2579 1323 1217 2580 1322 1216 2581 1324 1218 2582 1325 1219 2583 1324 1218 2584 1326 1220 2585 1326 1220 2586 1327 1221 2587 1325 1219 2588 1328 1222 2589 1329 1223 2590 1327 1221 2591 1329 1223 2592 1328 1222 2593 1330 1224 2594 1330 1224 2595 1331 1225 2596 1329 1223 2597 1330 1224 2598 1332 1226 2599 1331 1225 2600 867 760 2601 864 757 2602 863 756 2603 1332 1226 2604 1330 1224 2605 1333 1227 2606 1333 1227 2607 1334 1228 2608 1332 1226 2609 1335 1229 2610 1336 1230 2611 1334 1228 2612 1334 1228 2613 1333 1227 2614 1335 1229 2615 1335 1229 2616 1337 1231 2617 1336 1230 2618 1338 1232 2619 1339 1233 2620 1340 1234 2621 1339 1233 2622 1338 1232 2623 1341 1235 2624 1342 1236 2625 1304 1198 2626 1185 1078 2627 1339 1233 2628 1341 1235 2629 1343 1237 2630 1344 1238 2631 1345 1239 2632 1346 1240 2633 1344 1238 2634 1346 1240 2635 1347 1241 2636 1348 1242 2637 1349 1243 2638 1350 1244 2639 1349 1243 2640 1348 1242 2641 1351 1245 2642 1352 1246 2643 1353 1247 2644 1354 1248 2645 1354 1248 2646 1355 1249 2647 1352 1246 2648 1355 1249 2649 1354 1248 2650 1356 1250 2651 1357 1251 2652 1358 1252 2653 1359 1253 2654 1360 1254 2655 1361 1255 2656 1357 1251 2657 1357 1251 2658 1359 1253 2659 1360 1254 2660 1361 1255 2661 1360 1254 2662 1362 1256 2663 1363 1257 2664 1314 1208 2665 1313 1207 2666 1313 1207 2667 1364 1258 2668 1363 1257 2669 1365 1259 2670 1366 1260 2671 1367 1261 2672 1196 1089 2673 1365 1259 2674 1367 1261 2675 1368 1262 2676 1300 1194 2677 1196 1089 2678 1196 1089 2679 1369 1263 2680 1368 1262 2681 1329 1223 2682 1325 1219 2683 1327 1221 2684 1358 1252 2685 1357 1251 2686 1370 1264 2687 1219 1112 2688 1218 1111 2689 1371 1265 2690 1371 1265 2691 1372 1266 2692 1219 1112 2693 1215 1108 2694 1373 1267 2695 1237 1130 2696 1319 1213 2697 1374 1268 2698 1320 1214 2699 1367 1261 2700 1369 1263 2701 1196 1089 2702 1375 1269 2703 1376 1270 2704 1377 1271 2705 1377 1271 2706 1378 1272 2707 1375 1269 2708 1376 1270 2709 1379 1273 2710 1377 1271 2711 1380 1274 2712 1381 1275 2713 1382 1276 2714 1383 1277 2715 1384 1278 2716 1385 1279 2717 1385 1279 2718 1386 1280 2719 1383 1277 2720 1387 1281 2721 1388 1282 2722 1389 1283 2723 1389 1283 2724 1390 1284 2725 1387 1281 2726 1391 1285 2727 1392 1286 2728 1393 1287 2729 1393 1287 2730 1394 1288 2731 1391 1285 2732 1395 1289 2733 1396 1290 2734 1397 1291 2735 1397 1291 2736 1398 1292 2737 1395 1289 2738 1399 1293 2739 1400 1294 2740 1383 1277 2741 1383 1277 2742 1386 1280 2743 1399 1293 2744 1401 1295 2745 1380 1274 2746 1382 1276 2747 1402 1296 2748 1403 1297 2749 1404 1298 2750 1404 1298 2751 1405 1299 2752 1402 1296 2753 1406 1300 2754 1407 1301 2755 1394 1288 2756 1407 1301 2757 1408 1302 2758 1397 1291 2759 1397 1291 2760 1394 1288 2761 1407 1301 2762 1409 1303 2763 1410 1304 2764 1393 1287 2765 1410 1304 2766 1406 1300 2767 1394 1288 2768 1394 1288 2769 1393 1287 2770 1410 1304 2771 1411 1305 2772 1412 1306 2773 1398 1292 2774 1398 1292 2775 1397 1291 2776 1411 1305 2777 1413 1307 2778 1409 1303 2779 1393 1287 2780 1393 1287 2781 1404 1298 2782 1413 1307 2783 1403 1297 2784 1413 1307 2785 1404 1298 2786 1408 1302 2787 1411 1305 2788 1397 1291 2789 1414 1308 2790 1415 1309 2791 1416 1310 2792 1417 1311 2793 1414 1308 2794 1416 1310 2795 1418 1312 2796 1419 1313 2797 1420 1314 2798 1421 1315 2799 1422 1316 2800 1423 1317 2801 1423 1317 2802 1424 1318 2803 1421 1315 2804 1425 1319 2805 1426 1320 2806 1427 1321 2807 1428 1322 2808 1429 1323 2809 1424 1318 2810 1430 1324 2811 1431 1325 2812 1432 1326 2813 1433 1327 2814 1434 1328 2815 1380 1274 2816 1427 1321 2817 1405 1299 2818 1435 1329 2819 1384 1278 2820 1436 1330 2821 1437 1331 2822 1426 1320 2823 1438 1332 2824 1439 1333 2825 1438 1332 2826 1426 1320 2827 1432 1326 2828 1432 1326 2829 1440 1334 2830 1438 1332 2831 1427 1321 2832 1441 1335 2833 1442 1336 2834 1441 1335 2835 1427 1321 2836 1426 1320 2837 1426 1320 2838 1439 1333 2839 1441 1335 2840 1443 1337 2841 1432 1326 2842 1431 1325 2843 1431 1325 2844 1444 1338 2845 1443 1337 2846 1445 1339 2847 1405 1299 2848 1427 1321 2849 1427 1321 2850 1442 1336 2851 1445 1339 2852 1444 1338 2853 1431 1325 2854 1398 1292 2855 1398 1292 2856 1412 1306 2857 1444 1338 2858 1405 1299 2859 1445 1339 2860 1402 1296 2861 1432 1326 2862 1443 1337 2863 1440 1334 2864 1416 1310 2865 1446 1340 2866 1417 1311 2867 1447 1341 2868 1448 1342 2869 1449 1343 2870 1450 1344 2871 1451 1345 2872 1452 1346 2873 1452 1346 2874 1453 1347 2875 1450 1344 2876 1454 1348 2877 1455 1349 2878 1456 1350 2879 1457 1351 2880 1458 1352 2881 1459 1353 2882 1460 1354 2883 1461 1355 2884 1462 1356 2885 1462 1356 2886 1463 1357 2887 1460 1354 2888 1464 1358 2889 1460 1354 2890 1463 1357 2891 1465 1359 2892 1466 1360 2893 1457 1351 2894 1461 1355 2895 1467 1361 2896 1468 1362 2897 1468 1362 2898 1462 1356 2899 1461 1355 2900 1456 1350 2901 1455 1349 2902 1469 1363 2903 1468 1362 2904 1470 1364 2905 1462 1356 2906 1471 1365 2907 1470 1364 2908 1472 1366 2909 1473 1367 2910 1474 1368 2911 1475 1369 2912 1476 1370 2913 1477 1371 2914 1478 1372 2915 1476 1370 2916 1479 1373 2917 1477 1371 2918 1480 1374 2919 1481 1375 2920 1482 1376 2921 1456 1350 2922 1469 1363 2923 1483 1377 2924 1483 1377 2925 1484 1378 2926 1456 1350 2927 1485 1379 2928 1480 1374 2929 1482 1376 2930 1473 1367 2931 1486 1380 2932 1474 1368 2933 1453 1347 2934 1452 1346 2935 1487 1381 2936 1452 1346 2937 1488 1382 2938 1487 1381 2939 1470 1364 2940 1468 1362 2941 1489 1383 2942 1489 1383 2943 1472 1366 2944 1470 1364 2945 1490 1384 2946 1491 1385 2947 1469 1363 2948 1469 1363 2949 1455 1349 2950 1490 1384 2951 1492 1386 2952 1493 1387 2953 1494 1388 2954 1495 1389 2955 1492 1386 2956 1494 1388 2957 1496 1390 2958 1497 1391 2959 1498 1392 2960 1499 1393 2961 1500 1394 2962 1501 1395 2963 1502 1396 2964 1503 1397 2965 1504 1398 2966 1505 1399 2967 1506 1400 2968 1507 1401 2969 1508 1402 2970 1509 1403 2971 1510 1404 2972 1511 1405 2973 1512 1406 2974 1513 1407 2975 1509 1403 2976 1508 1402 2977 1514 1408 2978 1514 1408 2979 1515 1409 2980 1509 1403 2981 1458 1352 2982 1513 1407 2983 1512 1406 2984 1512 1406 2985 1516 1410 2986 1458 1352 2987 1508 1402 2988 1517 1411 2989 1514 1408 2990 1518 1412 2991 1519 1413 2992 1520 1414 2993 1519 1413 2994 1521 1415 2995 1520 1414 2996 1522 1416 2997 1523 1417 2998 1524 1418 2999 1525 1419 3000 1526 1420 3001 1503 1397 3002 1527 1421 3003 1524 1418 3004 1523 1417 3005 1528 1422 3006 1525 1419 3007 1503 1397 3008 1506 1400 3009 1529 1423 3010 1507 1401 3011 1487 1381 3012 1530 1424 3013 1498 1392 3014 1487 1381 3015 1498 1392 3016 1497 1391 3017 1455 1349 3018 1504 1398 3019 1503 1397 3020 1503 1397 3021 1526 1420 3022 1455 1349 3023 1531 1425 3024 1514 1408 3025 1517 1411 3026 1532 1426 3027 1455 1349 3028 1526 1420 3029 1533 1427 3030 1534 1428 3031 1535 1429 3032 1532 1426 3033 1490 1384 3034 1455 1349 3035 1454 1348 3036 1504 1398 3037 1455 1349 3038 1497 1391 3039 1453 1347 3040 1487 1381 3041 1530 1424 3042 1487 1381 3043 1488 1382 3044 1457 1351 3045 1513 1407 3046 1458 1352 3047 1513 1407 3048 1457 1351 3049 1466 1360 3050 1536 1430 3051 1510 1404 3052 1509 1403 3053 1533 1427 3054 1537 1431 3055 1534 1428 3056 1538 1432 3057 1539 1433 3058 1540 1434 3059 1539 1433 3060 1541 1435 3061 1542 1436 3062 1542 1436 3063 1540 1434 3064 1539 1433 3065 1543 1437 3066 1544 1438 3067 1545 1439 3068 1546 1440 3069 1547 1441 3070 1548 1442 3071 1549 1443 3072 1550 1444 3073 1551 1445 3074 1552 1446 3075 1553 1447 3076 1554 1448 3077 1554 1448 3078 1555 1449 3079 1552 1446 3080 1556 1450 3081 1557 1451 3082 1558 1452 3083 1551 1445 3084 1559 1453 3085 1549 1443 3086 1560 1454 3087 1561 1455 3088 1562 1456 3089 1563 1457 3090 1562 1456 3091 1561 1455 3092 1556 1450 3093 1558 1452 3094 1564 1458 3095 1565 1459 3096 1542 1436 3097 1541 1435 3098 1566 1460 3099 1567 1461 3100 1568 1462 3101 1543 1437 3102 1569 1463 3103 1544 1438 3104 1567 1461 3105 1570 1464 3106 1568 1462 3107 1570 1464 3108 1567 1461 3109 1571 1465 3110 1572 1466 3111 1564 1458 3112 1558 1452 3113 1558 1452 3114 1573 1467 3115 1572 1466 3116 1571 1465 3117 1574 1468 3118 1570 1464 3119 1558 1452 3120 1575 1469 3121 1573 1467 3122 1576 1470 3123 1577 1471 3124 1563 1457 3125 1563 1457 3126 1561 1455 3127 1576 1470 3128 1578 1472 3129 1577 1471 3130 1576 1470 3131 1576 1470 3132 1579 1473 3133 1578 1472 3134 1555 1449 3135 1580 1474 3136 1581 1475 3137 1581 1475 3138 1552 1446 3139 1555 1449 3140 1582 1476 3141 1583 1477 3142 1578 1472 3143 1581 1475 3144 1580 1474 3145 1584 1478 3146 1582 1476 3147 1578 1472 3148 1579 1473 3149 1585 1479 3150 1586 1480 3151 1587 1481 3152 1562 1456 3153 1557 1451 3154 1556 1450 3155 1556 1450 3156 1560 1454 3157 1562 1456 3158 1538 1432 3159 1588 1482 3160 1589 1483 3161 1538 1432 3162 1540 1434 3163 1588 1482 3164 1590 1484 3165 1589 1483 3166 1588 1482 3167 1591 1485 3168 1545 1439 3169 1592 1486 3170 1591 1485 3171 1543 1437 3172 1545 1439 3173 1550 1444 3174 1593 1487 3175 1551 1445 3176 1594 1488 3177 1587 1481 3178 1586 1480 3179 1595 1489 3180 1596 1490 3181 1597 1491 3182 1550 1444 3183 1598 1492 3184 1593 1487 3185 1599 1493 3186 1600 1494 3187 1601 1495 3188 1600 1494 3189 1599 1493 3190 1602 1496 3191 1603 1497 3192 1595 1489 3193 1597 1491 3194 1589 1483 3195 1590 1484 3196 1604 1498 3197 1566 1460 3198 1568 1462 3199 1605 1499 3200 1605 1499 3201 1606 1500 3202 1566 1460 3203 1607 1501 3204 1566 1460 3205 1606 1500 3206 1606 1500 3207 1608 1502 3208 1607 1501 3209 1595 1489 3210 1603 1497 3211 1609 1503 3212 1609 1503 3213 1610 1504 3214 1595 1489 3215 1610 1504 3216 1611 1505 3217 1595 1489 3218 1612 1506 3219 1600 1494 3220 1602 1496 3221 1602 1496 3222 1613 1507 3223 1612 1506 3224 1614 1508 3225 1615 1509 3226 1612 1506 3227 1612 1506 3228 1613 1507 3229 1614 1508 3230 1581 1475 3231 1584 1478 3232 1616 1510 3233 1617 1511 3234 1618 1512 3235 1615 1509 3236 1615 1509 3237 1614 1508 3238 1617 1511 3239 1547 1441 3240 1546 1440 3241 1619 1513 3242 1599 1493 3243 1601 1495 3244 1597 1491 3245 1597 1491 3246 1596 1490 3247 1599 1493 3248 1620 1514 3249 1621 1515 3250 1622 1516 3251 1622 1516 3252 1623 1517 3253 1620 1514 3254 1624 1518 3255 1625 1519 3256 1626 1520 3257 1626 1520 3258 1627 1521 3259 1624 1518 3260 1628 1522 3261 1629 1523 3262 1630 1524 3263 1630 1524 3264 1631 1525 3265 1628 1522 3266 1632 1526 3267 1633 1527 3268 1634 1528 3269 1635 1529 3270 1634 1528 3271 1633 1527 3272 1636 1530 3273 1637 1531 3274 1638 1532 3275 1638 1532 3276 1639 1533 3277 1636 1530 3278 1640 1534 3279 1641 1535 3280 1642 1536 3281 1642 1536 3282 1643 1537 3283 1640 1534 3284 1642 1536 3285 1641 1535 3286 1644 1538 3287 1644 1538 3288 1645 1539 3289 1642 1536 3290 1646 1540 3291 1647 1541 3292 1648 1542 3293 1645 1539 3294 1649 1543 3295 1638 1532 3296 1638 1532 3297 1643 1537 3298 1645 1539 3299 1649 1543 3300 1650 1544 3301 1638 1532 3302 1651 1545 3303 1652 1545 3304 1653 1545 3305 1654 1546 3306 1655 1547 3307 1656 1548 3308 1657 1549 3309 1654 1546 3310 1656 1548 3311 1656 1548 3312 1658 1550 3313 1657 1549 3314 1650 1544 3315 1659 1551 3316 1638 1532 3317 1660 1552 3318 1661 1552 3319 1662 1552 3320 1663 1553 3321 1664 1554 3322 1658 1550 3323 1658 1550 3324 1656 1548 3325 1663 1553 3326 1643 1537 3327 1638 1532 3328 1637 1531 3329 1642 1536 3330 1645 1539 3331 1643 1537 3332 1665 1555 3333 1666 1556 3334 1667 1557 3335 1668 1558 3336 1669 1559 3337 1670 1560 3338 1670 1560 3339 1671 1561 3340 1668 1558 3341 1672 1562 3342 1667 1557 3343 1666 1556 3344 1666 1556 3345 1673 1563 3346 1672 1562 3347 1666 1556 3348 1665 1555 3349 1674 1564 3350 1674 1564 3351 1673 1563 3352 1666 1556 3353 1675 1565 3354 1676 1566 3355 1677 1567 3356 1677 1567 3357 1678 1568 3358 1675 1565 3359 1679 1569 3360 1680 1570 3361 1681 1571 3362 1679 1569 3363 1681 1571 3364 1682 1572 3365 1670 1560 3366 1683 1573 3367 1665 1555 3368 1670 1560 3369 1684 1574 3370 1683 1573 3371 1685 1575 3372 1686 1576 3373 1687 1577 3374 1688 1578 3375 1689 1579 3376 1685 1575 3377 1685 1575 3378 1687 1577 3379 1688 1578 3380 1670 1560 3381 1690 1580 3382 1684 1574 3383 1691 1581 3384 1692 1581 3385 1693 1581 3386 1694 1582 3387 1685 1575 3388 1689 1579 3389 1689 1579 3390 1695 1583 3391 1694 1582 3392 1670 1560 3393 1665 1555 3394 1667 1557 3395 1670 1560 3396 1667 1557 3397 1671 1561 3398 1647 1541 3399 1696 1584 3400 1648 1542 3401 1680 1570 3402 1679 1569 3403 1697 1585 3404 1698 1586 3405 1648 1542 3406 1696 1584 3407 1679 1569 3408 1648 1542 3409 1698 1586 3410 1698 1586 3411 1697 1585 3412 1679 1569 3413 1699 1587 3414 1700 1588 3415 1701 1589 3416 1702 1590 3417 1701 1589 3418 1700 1588 3419 1703 1591 3420 1704 1592 3421 1705 1593 3422 1706 1594 3423 1704 1592 3424 1707 1595 3425 1704 1592 3426 1708 1596 3427 1705 1593 3428 1706 1594 3429 1708 1596 3430 1704 1592 3431 1709 1597 3432 1702 1590 3433 1700 1588 3434 1709 1597 3435 1710 1598 3436 1702 1590 3437 1711 1599 3438 1712 1600 3439 1713 1601 3440 1714 1602 3441 1711 1599 3442 1713 1601 3443 1714 1602 3444 1715 1603 3445 1711 1599 3446 1715 1603 3447 1714 1602 3448 1716 1604 3449 1717 1605 3450 1718 1606 3451 1719 1607 3452 1718 1606 3453 1717 1605 3454 1720 1608 3455 1721 1609 3456 1719 1607 3457 1718 1606 3458 1709 1597 3459 1715 1603 3460 1716 1604 3461 1716 1604 3462 1710 1598 3463 1709 1597 3464 1700 1588 3465 1711 1599 3466 1715 1603 3467 1715 1603 3468 1709 1597 3469 1700 1588 3470 1699 1587 3471 1712 1600 3472 1711 1599 3473 1711 1599 3474 1700 1588 3475 1699 1587 3476 1722 1610 3477 1723 1611 3478 1724 1612 3479 1725 1613 3480 1726 1614 3481 1727 1615 3482 1728 1616 3483 1729 1617 3484 1730 1618 3485 1730 1618 3486 1731 1619 3487 1728 1616 3488 1732 1620 3489 1733 1621 3490 1734 1622 3491 1735 1623 3492 1724 1612 3493 1723 1611 3494 1736 1624 3495 1737 1625 3496 1738 1626 3497 1739 1627 3498 1737 1625 3499 1736 1624 3500 1738 1626 3501 1737 1625 3502 1740 1628 3503 1741 1629 3504 1723 1611 3505 1722 1610 3506 1742 1630 3507 1743 1631 3508 1744 1632 3509 1728 1616 3510 1745 1633 3511 1746 1634 3512 1746 1634 3513 1729 1617 3514 1728 1616 3515 1747 1635 3516 1733 1621 3517 1732 1620 3518 1732 1620 3519 1748 1636 3520 1747 1635 3521 1723 1611 3522 1741 1629 3523 1749 1637 3524 1745 1633 3525 1728 1616 3526 1750 1638 3527 1751 1639 3528 1752 1639 3529 1753 1639 3530 1754 1640 3531 1755 1640 3532 1756 1640 3533 1757 1641 3534 1758 1641 3535 1759 1641 3536 1760 1642 3537 1761 1642 3538 1762 1642 3539 1763 1643 3540 1764 1643 3541 1765 1643 3542 1766 1644 3543 1767 1644 3544 1768 1644 3545 1769 1645 3546 1770 1646 3547 1771 1647 3548 1772 1648 3549 1773 1649 3550 1774 1650 3551 1774 1650 3552 1775 1651 3553 1772 1648 3554 1776 1652 3555 1777 1653 3556 1778 1654 3557 1779 1655 3558 1780 1656 3559 1781 1657 3560 1781 1657 3561 1782 1658 3562 1779 1655 3563 1783 1659 3564 1784 1660 3565 1785 1661 3566 1785 1661 3567 1786 1662 3568 1783 1659 3569 1787 1663 3570 1788 1664 3571 1789 1665 3572 1789 1665 3573 1790 1666 3574 1787 1663 3575 1771 1647 3576 1791 1667 3577 1769 1645 3578 1792 1668 3579 1769 1645 3580 1791 1667 3581 1792 1668 3582 1793 1669 3583 1769 1645 3584 1794 1670 3585 1775 1651 3586 1774 1650 3587 1795 1671 3588 1775 1651 3589 1794 1670 3590 1796 1672 3591 1778 1654 3592 1777 1653 3593 1797 1673 3594 1798 1674 3595 1799 1675 3596 1799 1675 3597 1800 1676 3598 1797 1673 3599 1797 1673 3600 1801 1677 3601 1802 1678 3602 1803 1679 3603 1804 1680 3604 1805 1681 3605 1800 1676 3606 1801 1677 3607 1797 1673 3608 1806 1682 3609 1807 1683 3610 1808 1684 3611 1808 1684 3612 1809 1685 3613 1806 1682 3614 1810 1686 3615 1811 1687 3616 1812 1688 3617 1812 1688 3618 1813 1689 3619 1810 1686 3620 1814 1690 3621 1815 1691 3622 1816 1692 3623 1817 1693 3624 1818 1694 3625 1819 1695 3626 1820 1696 3627 1821 1697 3628 1822 1698 3629 1822 1698 3630 1823 1699 3631 1820 1696 3632 1824 1700 3633 1825 1701 3634 1826 1702 3635 1826 1702 3636 1827 1703 3637 1824 1700 3638 1828 1704 3639 1829 1705 3640 1830 1706 3641 1830 1706 3642 1831 1707 3643 1828 1704 3644 1808 1684 3645 1807 1683 3646 1832 1708 3647 1832 1708 3648 1833 1709 3649 1808 1684 3650 1812 1688 3651 1834 1710 3652 1835 1711 3653 1813 1689 3654 1812 1688 3655 1835 1711 3656 1836 1712 3657 1837 1713 3658 1838 1714 3659 1839 1715 3660 1838 1714 3661 1837 1713 3662 1815 1691 3663 1814 1690 3664 1840 1716 3665 1841 1717 3666 1840 1716 3667 1814 1690 3668 1814 1690 3669 1842 1718 3670 1841 1717 3671 1843 1719 3672 1844 1720 3673 1845 1721 3674 1845 1721 3675 1846 1722 3676 1843 1719 3677 1847 1723 3678 1848 1724 3679 1849 1725 3680 1849 1725 3681 1850 1726 3682 1847 1723 3683 1851 1727 3684 1852 1728 3685 1853 1729 3686 1853 1729 3687 1854 1730 3688 1851 1727 3689 1855 1731 3690 1856 1732 3691 1857 1733 3692 1857 1733 3693 1858 1734 3694 1855 1731 3695 1859 1735 3696 1860 1736 3697 1861 1737 3698 1861 1737 3699 1862 1738 3700 1859 1735 3701 1863 1739 3702 1864 1740 3703 1865 1741 3704 1865 1741 3705 1866 1742 3706 1863 1739 3707 1867 1743 3708 1868 1744 3709 1869 1745 3710 1869 1745 3711 1870 1746 3712 1867 1743 3713 1871 1747 3714 1872 1748 3715 1873 1749 3716 1873 1749 3717 1874 1750 3718 1871 1747 3719 1875 1751 3720 1876 1752 3721 1877 1753 3722 1877 1753 3723 1878 1754 3724 1875 1751 3725 1865 1741 3726 1864 1740 3727 1879 1755 3728 1879 1755 3729 1880 1756 3730 1865 1741 3731 1881 1757 3732 1882 1758 3733 1870 1746 3734 1870 1746 3735 1869 1745 3736 1881 1757 3737 1883 1759 3738 1871 1747 3739 1874 1750 3740 1878 1754 3741 1884 1760 3742 1885 1761 3743 1885 1761 3744 1875 1751 3745 1878 1754 3746 1886 1762 3747 1887 1763 3748 1888 1764 3749 1888 1764 3750 1889 1765 3751 1886 1762 3752 1890 1766 3753 1891 1767 3754 1892 1768 3755 1892 1768 3756 1893 1769 3757 1890 1766 3758 1894 1770 3759 1895 1771 3760 1896 1772 3761 1896 1772 3762 1897 1773 3763 1894 1770 3764 1898 1774 3765 1899 1775 3766 1900 1776 3767 1888 1764 3768 1887 1763 3769 1901 1777 3770 1902 1778 3771 1903 1779 3772 1904 1780 3773 1892 1768 3774 1891 1767 3775 1905 1781 3776 1896 1772 3777 1895 1771 3778 1906 1782 3779 1907 1783 3780 1901 1777 3781 1887 1763 3782 1908 1784 3783 1892 1768 3784 1905 1781 3785 882 775 3786 984 877 3787 883 776 3788 888 781 3789 1909 1785 3790 932 825 3791 1910 1786 3792 1911 1787 3793 1912 1788 3794 1913 1789 3795 1914 1790 3796 1915 1791 3797 1915 1791 3798 1916 1792 3799 1913 1789 3800 1917 1793 3801 1918 1794 3802 1919 1795 3803 1920 1796 3804 1921 1797 3805 1922 1798 3806 1923 1799 3807 1921 1797 3808 1920 1796 3809 1914 1790 3810 1911 1787 3811 1910 1786 3812 1924 1800 3813 1919 1795 3814 1925 1801 3815 1919 1795 3816 1918 1794 3817 1925 1801 3818 1910 1786 3819 1915 1791 3820 1914 1790 3821 1926 1802 3822 1927 1803 3823 1928 1804 3824 1929 1805 3825 1930 1806 3826 1931 1807 3827 1932 1808 3828 1933 1809 3829 1934 1810 3830 1934 1810 3831 1935 1811 3832 1932 1808 3833 1920 1796 3834 1936 1812 3835 1923 1799 3836 1920 1796 3837 1937 1813 3838 1938 1814 3839 1939 1815 3840 1938 1814 3841 1937 1813 3842 1937 1813 3843 1940 1816 3844 1939 1815 3845 1939 1815 3846 1940 1816 3847 1941 1817 3848 1942 1818 3849 1943 1819 3850 1944 1820 3851 1944 1820 3852 1945 1821 3853 1942 1818 3854 1946 1822 3855 1947 1823 3856 1948 1824 3857 1949 1825 3858 1950 1826 3859 1951 1827 3860 1951 1827 3861 1952 1828 3862 1949 1825 3863 1953 1829 3864 1954 1830 3865 1955 1831 3866 1922 1798 3867 1956 1832 3868 1957 1833 3869 1957 1833 3870 1956 1832 3871 1958 1834 3872 1946 1822 3873 1948 1824 3874 1952 1828 3875 1959 1835 3876 1956 1835 3877 1922 1835 3878 1953 1829 3879 1960 1836 3880 1954 1830 3881 1952 1828 3882 1951 1827 3883 1946 1822 3884 1961 1837 3885 1962 1838 3886 1963 1839 3887 1964 1840 3888 1965 1841 3889 1966 1842 3890 1966 1842 3891 1967 1843 3892 1964 1840 3893 1968 1844 3894 1969 1845 3895 1970 1846 3896 1958 1834 3897 1971 1847 3898 1957 1833 3899 1920 1796 3900 1922 1798 3901 1957 1833 3902 1920 1796 3903 1957 1833 3904 1937 1813 3905 1965 1841 3906 1972 1848 3907 1966 1842 3908 1940 1816 3909 1973 1849 3910 1941 1817 3911 1969 1845 3912 1974 1850 3913 1970 1846 3914 1969 1845 3915 1975 1851 3916 1974 1850 3917 1976 1852 3918 1914 1790 3919 1913 1789 3920 1952 1828 3921 1977 1853 3922 1949 1825 3923 1943 1819 3924 1942 1818 3925 1978 1854 3926 1979 1855 3927 1960 1836 3928 1953 1829 3929 1980 1856 3930 1981 1857 3931 1982 1858 3932 1983 1859 3933 1984 1860 3934 1985 1861 3935 1986 1862 3936 1987 1863 3937 1988 1864 3938 1988 1864 3939 1989 1865 3940 1986 1862 3941 1990 1866 3942 1991 1867 3943 1992 1868 3944 1993 1869 3945 1994 1870 3946 1995 1871 3947 1995 1871 3948 1996 1872 3949 1993 1869 3950 1994 1870 3951 1993 1869 3952 1997 1873 3953 1997 1873 3954 1998 1874 3955 1994 1870 3956 1999 1875 3957 2000 1876 3958 2001 1877 3959 2001 1878 3960 1987 1879 3961 1999 1880 3962 2002 1881 3963 2003 1882 3964 2004 1883 3965 2004 1883 3966 2005 1884 3967 2002 1881 3968 1987 1863 3969 2001 1885 3970 1988 1864 3971 2006 1886 3972 2007 1887 3973 2008 1888 3974 2008 1888 3975 2009 1889 3976 2006 1886 3977 2010 1890 3978 2011 1891 3979 1983 1859 3980 1983 1859 3981 1985 1861 3982 2010 1890 3983 2012 1892 3984 1991 1867 3985 2013 1893 3986 1992 1868 3987 1991 1867 3988 2012 1892 3989 2014 1894 3990 2004 1883 3991 2003 1882 3992 1982 1858 3993 2015 1895 3994 1980 1856 3995 2016 1896 3996 2017 1897 3997 2018 1898 3998 1983 1859 3999 2019 1899 4000 1984 1860 4001 2012 1892 4002 2013 1893 4003 2020 1900 4004 2020 1900 4005 2021 1901 4006 2012 1892 4007 2022 1902 4008 2023 1903 4009 2024 1904 4010 2024 1904 4011 2025 1905 4012 2022 1902 4013 2026 1906 4014 2025 1905 4015 2027 1907 4016 2028 1908 4017 2029 1909 4018 2030 1910 4019 2030 1910 4020 2031 1911 4021 2028 1908 4022 2032 1912 4023 2028 1908 4024 2031 1911 4025 2033 1913 4026 2027 1907 4027 2025 1905 4028 2034 1914 4029 2033 1913 4030 2025 1905 4031 2025 1905 4032 2024 1904 4033 2034 1914 4034 2035 1915 4035 2036 1915 4036 2037 1915 4037 2037 1916 4038 2038 1916 4039 2035 1916 4040 2039 1917 4041 1984 1860 4042 2019 1899 4043 2040 1918 4044 2041 1919 4045 2021 1901 4046 2021 1901 4047 2020 1900 4048 2040 1918 4049 2042 1920 4050 2043 1921 4051 2021 1901 4052 2021 1901 4053 2041 1919 4054 2042 1920 4055 2043 1921 4056 2042 1920 4057 2044 1922 4058 2002 1881 4059 2005 1884 4060 2045 1923 4061 2045 1923 4062 2046 1924 4063 2002 1881 4064 2047 1925 4065 2018 1898 4066 2017 1897 4067 2048 1926 4068 2049 1927 4069 2050 1928 4070 2049 1927 4071 2048 1926 4072 2051 1929 4073 2052 1930 4074 2053 1931 4075 2054 1932 4076 2053 1931 4077 2052 1930 4078 2055 1933 4079 2056 1934 4080 2057 1935 4081 2058 1936 4082 2057 1935 4083 2056 1934 4084 2059 1937 4085 2060 1938 4086 2061 1939 4087 2062 1940 4088 2061 1939 4089 2060 1938 4090 2063 1941 4091 2050 1928 4092 2064 1942 4093 2065 1943 4094 2064 1942 4095 2050 1928 4096 2049 1927 4097 2066 1944 4098 2053 1931 4099 2055 1933 4100 2067 1945 4101 2057 1935 4102 2059 1937 4103 2068 1946 4104 2069 1947 4105 2070 1948 4106 2069 1947 4107 2068 1946 4108 2071 1949 4109 2070 1948 4110 2069 1947 4111 2072 1950 4112 2064 1942 4113 2073 1951 4114 2065 1943 4115 2073 1951 4116 2064 1942 4117 2074 1952 4118 2075 1953 4119 2076 1954 4120 2077 1955 4121 2076 1954 4122 2075 1953 4123 2078 1956 4124 2079 1957 4125 2080 1958 4126 2081 1959 4127 2080 1958 4128 2079 1957 4129 2067 1945 4130 2082 1960 4131 2083 1961 4132 2084 1962 4133 2083 1961 4134 2082 1960 4135 2085 1963 4136 2069 1947 4137 2071 1949 4138 2072 1950 4139 2053 1931 4140 2066 1944 4141 2086 1964 4142 2057 1935 4143 2067 1945 4144 2079 1957 4145 2087 118 4146 2088 118 4147 2089 118 4148 2090 150 4149 2091 150 4150 2092 150 4151 2093 1965 4152 2094 1965 4153 2095 1965 4154 2096 150 4155 2097 150 4156 2098 150 4157 2099 118 4158 2100 118 4159 2101 118 4160 2096 150 4161 2102 150 4162 2103 150 4163 2104 1966 4164 2105 1967 4165 2106 1968 4166 2104 1966 4167 2106 1968 4168 2107 1969 4169 2108 1970 4170 2109 1971 4171 2110 1972 4172 2108 1970 4173 2110 1972 4174 2111 1973 4175 2112 1974 4176 2113 1975 4177 2114 1976 4178 2112 1974 4179 2114 1976 4180 2115 1977 4181 2116 1978 4182 2117 1979 4183 2118 1980 4184 2116 1978 4185 2118 1980 4186 2119 1981 4187 2120 1982 4188 2121 1983 4189 2122 1984 4190 2120 1982 4191 2122 1984 4192 2123 1985 4193 2124 1986 4194 2125 1987 4195 2126 1988 4196 2124 1986 4197 2126 1988 4198 2127 1989 4199 2128 1990 4200 13 13 4201 16 16 4202 2128 1990 4203 16 16 4204 15 15 4205 2120 1982 4206 2129 1991 4207 2130 1992 4208 2120 1982 4209 2130 1992 4210 2121 1983 4211 2131 1993 4212 2132 1994 4213 2133 1995 4214 2131 1993 4215 2133 1995 4216 2134 1996 4217 2135 1997 4218 2108 1970 4219 2111 1973 4220 2135 1997 4221 2111 1973 4222 2136 1998 4223 2137 1999 4224 2138 2000 4225 2126 1988 4226 2137 1999 4227 2126 1988 4228 2125 1987 4229 2139 2001 4230 2140 2002 4231 2141 2003 4232 2139 2001 4233 2141 2003 4234 2142 2004 4235 2143 2005 4236 2144 2006 4237 6 6 4238 2143 2005 4239 6 6 4240 8 8 4241 2145 2007 4242 25 25 4243 24 24 4244 2145 2007 4245 24 24 4246 2146 2008 4247 2147 2009 4248 2148 2010 4249 2149 2011 4250 2147 2009 4251 2149 2011 4252 2150 2012 4253 2151 2013 4254 9 9 4255 11 11 4256 2151 2013 4257 11 11 4258 2152 2014 4259 2153 2015 4260 2154 2016 4261 2155 2017 4262 2153 2015 4263 2155 2017 4264 2156 2018 4265 2157 2019 4266 2158 2020 4267 544 479 4268 2157 2019 4269 544 479 4270 2156 2018 4271 2159 2021 4272 2157 2019 4273 2156 2018 4274 2159 2021 4275 2156 2018 4276 2155 2017 4277 26 26 4278 2160 2022 4279 2161 2023 4280 26 26 4281 2161 2023 4282 544 479 4283 2162 2024 4284 8 8 4285 7 7 4286 2162 2024 4287 7 7 4288 2163 2025 4289 2144 2006 4290 2164 2026 4291 2165 2027 4292 2144 2006 4293 2165 2027 4294 6 6 4295 15 15 4296 2166 2028 4297 2167 2029 4298 15 15 4299 2167 2029 4300 2128 1990 4301 2128 1990 4302 2168 2030 4303 2169 2031 4304 2128 1990 4305 2169 2031 4306 2170 2032 4307 2167 2029 4308 2171 2033 4309 2168 2030 4310 2167 2029 4311 2168 2030 4312 2128 1990 4313 2172 2034 4314 2104 1966 4315 2107 1969 4316 2172 2034 4317 2107 1969 4318 10 2035 4319 2173 2036 4320 2174 2037 4321 2175 2038 4322 2173 2036 4323 2175 2038 4324 2176 2039 4325 2177 2040 4326 2178 2041 4327 2179 2042 4328 2177 2040 4329 2179 2042 4330 2180 2043 4331 2181 2044 4332 2182 2045 4333 2183 2046 4334 2181 2047 4335 2183 2048 4336 2184 2049 4337 2185 2050 4338 2175 2038 4339 2174 2037 4340 2185 2050 4341 2174 2037 4342 2186 2051 4343 547 482 4344 546 481 4345 2187 2052 4346 547 482 4347 2187 2052 4348 2188 2053 4349 2139 2001 4350 2142 2004 4351 2110 1972 4352 2139 2001 4353 2110 1972 4354 2109 1971 4355 2189 2054 4356 2190 2055 4357 22 22 4358 2189 2054 4359 22 22 4360 21 21 4361 2191 2056 4362 2192 2057 4363 19 19 4364 2191 2056 4365 19 19 4366 2193 2058 4367 2194 2059 4368 2195 2060 4369 2196 2061 4370 2194 2059 4371 2196 2061 4372 2197 2062 4373 2198 2063 4374 2199 2064 4375 2200 2065 4376 2198 2063 4377 2200 2065 4378 2201 2066 4379 2202 2067 4380 2 2 4381 1 1 4382 2202 2067 4383 1 1 4384 2203 2068 4385 2204 2069 4386 2205 2070 4387 2206 2071 4388 2204 2072 4389 2206 2073 4390 2207 2074 4391 18 18 4392 29 29 4393 2193 2058 4394 18 18 4395 2193 2058 4396 19 19 4397 2208 2075 4398 2209 2076 4399 2210 2077 4400 2208 2075 4401 2210 2077 4402 2211 2078 4403 2212 2079 4404 2213 2080 4405 2135 1997 4406 2212 2079 4407 2135 1997 4408 2136 1998 4409 2200 2065 4410 2199 2064 4411 2214 2081 4412 2200 2065 4413 2214 2081 4414 2215 2082 4415 29 29 4416 28 28 4417 2216 2083 4418 29 29 4419 2216 2083 4420 2193 2058 4421 2217 2084 4422 2218 2085 4423 2219 2086 4424 2217 2084 4425 2219 2086 4426 2220 2087 4427 2221 2088 4428 2222 2089 4429 2223 2090 4430 2221 2088 4431 2223 2090 4432 2224 2091 4433 2225 2092 4434 2226 2093 4435 2227 2094 4436 2225 2092 4437 2227 2094 4438 2228 2095 4439 2156 2018 4440 544 479 4441 2161 2023 4442 2156 2018 4443 2161 2023 4444 2153 2015 4445 7 7 4446 2229 2096 4447 2230 2097 4448 7 7 4449 2230 2097 4450 2163 2025 4451 2231 2098 4452 2193 2058 4453 2216 2083 4454 2231 2098 4455 2216 2083 4456 2232 2099 4457 2190 2055 4458 2189 2054 4459 2233 2100 4460 2190 2055 4461 2233 2100 4462 2234 2101 4463 2231 2098 4464 2235 2102 4465 2191 2056 4466 2231 2098 4467 2191 2056 4468 2193 2058 4469 2160 2022 4470 26 26 4471 2194 2059 4472 2160 2022 4473 2194 2059 4474 2197 2062 4475 2236 2103 4476 2237 2104 4477 2234 2101 4478 2236 2103 4479 2234 2101 4480 2233 2100 4481 2238 2105 4482 2239 2106 4483 2240 2107 4484 2238 2105 4485 2240 2107 4486 2241 2108 4487 2242 2109 4488 2243 2110 4489 2215 2082 4490 2242 2109 4491 2215 2082 4492 2214 2081 4493 2192 2057 4494 2191 2056 4495 2167 2029 4496 2192 2057 4497 2167 2029 4498 2166 2028 4499 2244 2111 4500 2245 2112 4501 2246 2113 4502 2244 2111 4503 2246 2113 4504 2247 2114 4505 2248 2115 4506 2249 2115 4507 2250 2115 4508 2248 2116 4509 2250 2116 4510 2251 2116 4511 2252 2117 4512 2253 2118 4513 2254 2119 4514 2252 2117 4515 2254 2119 4516 2255 2120 4517 2247 2114 4518 2246 2113 4519 2256 2121 4520 2247 2114 4521 2256 2121 4522 2257 2122 4523 2258 2123 4524 2259 2124 4525 2260 2125 4526 2258 2123 4527 2260 2125 4528 2261 2126 4529 2262 2127 4530 2263 2128 4531 2264 2129 4532 2262 2127 4533 2264 2129 4534 2265 2130 4535 2266 2131 4536 2267 2131 4537 2268 2131 4538 2266 2132 4539 2268 2132 4540 2269 2132 4541 2270 2133 4542 2271 2134 4543 40 38 4544 2270 2133 4545 40 38 4546 2272 2135 4547 2273 2136 4548 2274 2136 4549 2275 2136 4550 2273 2137 4551 2275 2137 4552 2276 2137 4553 33 33 4554 35 35 4555 2277 2138 4556 33 33 4557 2277 2138 4558 2278 2139 4559 2279 2140 4560 2280 2140 4561 2281 2140 4562 2279 2141 4563 2281 2141 4564 2282 2141 4565 2283 2142 4566 2284 2142 4567 2285 2142 4568 2283 2143 4569 2285 2143 4570 2286 2143 4571 2287 2144 4572 2288 2144 4573 2289 2144 4574 2287 2145 4575 2289 2145 4576 2290 2145 4577 2291 2146 4578 2292 2146 4579 2293 2146 4580 2291 2147 4581 2293 2147 4582 2294 2147 4583 2295 2148 4584 2296 2148 4585 2297 2148 4586 2295 2149 4587 2297 2149 4588 2298 2149 4589 2272 2135 4590 40 38 4591 30 30 4592 2272 2135 4593 30 30 4594 2299 2150 4595 39 37 4596 2300 2151 4597 2301 2152 4598 39 37 4599 2301 2152 4600 31 31 4601 2302 2153 4602 2300 2151 4603 39 37 4604 2302 2153 4605 39 37 4606 40 38 4607 2303 2154 4608 2304 2154 4609 2305 2154 4610 2303 2155 4611 2305 2155 4612 2306 2155 4613 2257 2122 4614 2256 2121 4615 34 34 4616 2257 2122 4617 34 34 4618 33 33 4619 2255 2120 4620 2254 2119 4621 2307 2156 4622 2255 2120 4623 2307 2156 4624 2308 2157 4625 2261 2126 4626 2260 2125 4627 2271 2134 4628 2261 2126 4629 2271 2134 4630 2270 2133 4631 2309 2158 4632 2310 2159 4633 2311 2160 4634 2309 2158 4635 2311 2160 4636 2312 2161 4637 2313 2162 4638 2314 2163 4639 2315 2164 4640 2313 2165 4641 2315 2166 4642 2316 2167 4643 2245 2112 4644 2244 2111 4645 2317 2168 4646 2245 2112 4647 2317 2168 4648 2318 2169 4649 2319 2170 4650 2320 2171 4651 2321 2172 4652 2319 2173 4653 2321 2174 4654 2322 2175 4655 2323 2176 4656 2324 2177 4657 2325 2178 4658 2323 2176 4659 2325 2178 4660 2326 2179 4661 2327 2180 4662 2328 2181 4663 2300 2151 4664 2327 2180 4665 2300 2151 4666 2302 2153 4667 2310 2159 4668 2309 2158 4669 2259 2124 4670 2310 2159 4671 2259 2124 4672 2258 2123 4673 2265 2130 4674 2264 2129 4675 2328 2181 4676 2265 2130 4677 2328 2181 4678 2327 2180 4679 2323 2176 4680 2253 2118 4681 2252 2117 4682 2323 2176 4683 2252 2117 4684 2324 2177 4685 2262 2127 4686 2329 2182 4687 2330 2183 4688 2262 2127 4689 2330 2183 4690 2263 2128 4691 2331 2184 4692 2332 2184 4693 2333 2184 4694 2331 2185 4695 2333 2185 4696 2334 2185 4697 2335 2186 4698 2336 2186 4699 2337 2186 4700 2335 2187 4701 2337 2187 4702 2338 2187 4703 2339 2188 4704 2340 2188 4705 2341 2188 4706 2339 2189 4707 2341 2189 4708 2342 2189 4709 2343 2190 4710 2344 2190 4711 2345 2190 4712 2343 2191 4713 2345 2191 4714 2346 2191 4715 2347 2192 4716 2348 2193 4717 728 624 4718 2347 2192 4719 728 624 4720 52 50 4721 2349 2194 4722 2350 2195 4723 719 618 4724 2349 2194 4725 719 618 4726 718 617 4727 2351 2196 4728 2352 2197 4729 2353 2198 4730 2351 2196 4731 2353 2198 4732 2354 2199 4733 2355 2200 4734 2356 2201 4735 2357 2202 4736 2355 2200 4737 2357 2202 4738 2358 2203 4739 2359 2204 4740 2360 2205 4741 59 57 4742 2359 2204 4743 59 57 4744 443 388 4745 2361 2206 4746 2362 2207 4747 2363 2208 4748 2361 2206 4749 2363 2208 4750 2364 2209 4751 733 626 4752 732 625 4753 2365 2210 4754 733 626 4755 2365 2210 4756 2366 2211 4757 2365 2210 4758 732 625 4759 2367 2212 4760 2365 2210 4761 2367 2212 4762 42 40 4763 2368 2213 4764 734 627 4765 728 624 4766 2368 2213 4767 728 624 4768 2348 2193 4769 2369 2214 4770 2370 2215 4771 2371 2216 4772 2369 2214 4773 2371 2216 4774 2372 2217 4775 2347 2192 4776 52 50 4777 63 61 4778 2347 2192 4779 63 61 4780 2373 2218 4781 2374 2219 4782 444 389 4783 44 42 4784 2374 2219 4785 44 42 4786 46 44 4787 2375 2220 4788 2376 2221 4789 2359 2204 4790 2375 2220 4791 2359 2204 4792 443 388 4793 43 41 4794 54 52 4795 2377 2222 4796 43 41 4797 2377 2222 4798 2378 2223 4799 2379 2224 4800 2355 2200 4801 2358 2203 4802 2379 2224 4803 2358 2203 4804 2380 2225 4805 718 617 4806 720 619 4807 53 51 4808 718 617 4809 53 51 4810 2381 2226 4811 2360 2205 4812 2382 2227 4813 57 55 4814 2360 2205 4815 57 55 4816 59 57 4817 44 42 4818 444 389 4819 2383 2228 4820 44 42 4821 2383 2228 4822 47 45 4823 2383 2228 4824 444 389 4825 59 57 4826 2383 2228 4827 59 57 4828 58 56 4829 56 54 4830 2384 2229 4831 2385 2230 4832 56 54 4833 2385 2230 4834 2386 2231 4835 2387 2232 4836 2388 2233 4837 2389 2234 4838 2387 2232 4839 2389 2234 4840 2390 2235 4841 735 628 4842 2381 2226 4843 53 51 4844 735 628 4845 53 51 4846 728 624 4847 66 64 4848 65 63 4849 718 617 4850 66 64 4851 718 617 4852 2381 2226 4853 2391 2236 4854 2392 2237 4855 2369 2214 4856 2391 2236 4857 2369 2214 4858 2372 2217 4859 2349 2194 4860 718 617 4861 65 63 4862 2349 2194 4863 65 63 4864 2393 2238 4865 2367 2212 4866 54 52 4867 43 41 4868 2367 2212 4869 43 41 4870 42 40 4871 2347 2192 4872 72 70 4873 727 623 4874 2347 2192 4875 727 623 4876 2348 2193 4877 2394 2239 4878 2395 2240 4879 46 44 4880 2394 2239 4881 46 44 4882 45 43 4883 2396 2241 4884 2397 2242 4885 2398 2243 4886 2396 2241 4887 2398 2243 4888 2399 2244 4889 2400 2245 4890 2397 2242 4891 2396 2241 4892 2400 2245 4893 2396 2241 4894 2401 2246 4895 2401 2246 4896 2396 2241 4897 62 60 4898 2401 2246 4899 62 60 4900 61 59 4901 71 69 4902 55 53 4903 54 52 4904 71 69 4905 54 52 4906 2367 2212 4907 2356 2201 4908 2355 2200 4909 2363 2208 4910 2356 2201 4911 2363 2208 4912 2362 2207 4913 2402 2247 4914 2403 2248 4915 2379 2224 4916 2402 2247 4917 2379 2224 4918 2380 2225 4919 2351 2196 4920 2379 2224 4921 2403 2248 4922 2351 2196 4923 2403 2248 4924 2352 2197 4925 2404 2249 4926 66 64 4927 2381 2226 4928 2404 2249 4929 2381 2226 4930 735 628 4931 2347 2192 4932 2373 2218 4933 79 77 4934 2347 2192 4935 79 77 4936 72 70 4937 733 626 4938 2368 2213 4939 2348 2193 4940 733 626 4941 2348 2193 4942 727 623 4943 732 625 4944 727 623 4945 71 69 4946 732 625 4947 71 69 4948 2367 2212 4949 2405 2250 4950 68 66 4951 67 65 4952 2405 2250 4953 67 65 4954 60 58 4955 2399 2244 4956 2406 2251 4957 62 60 4958 2399 2244 4959 62 60 4960 2396 2241 4961 2401 2246 4962 2407 2252 4963 2408 2253 4964 2401 2246 4965 2408 2253 4966 2400 2245 4967 2355 2200 4968 2379 2224 4969 2351 2196 4970 2355 2200 4971 2351 2196 4972 2363 2208 4973 2407 2252 4974 2401 2246 4975 61 59 4976 2407 2252 4977 61 59 4978 78 76 4979 67 65 4980 73 71 4981 2409 2254 4982 67 65 4983 2409 2254 4984 60 58 4985 60 58 4986 2409 2254 4987 77 75 4988 60 58 4989 77 75 4990 61 59 4991 68 66 4992 2410 2255 4993 2411 2256 4994 68 66 4995 2411 2256 4996 69 67 4997 2412 2257 4998 2413 2258 4999 2414 2259 5000 2412 2257 5001 2414 2259 5002 2415 2260 5003 2416 2261 5004 83 81 5005 2417 2262 5006 2416 2261 5007 2417 2262 5008 2418 2263 5009 2419 2264 5010 2420 2265 5011 2421 2266 5012 2419 2264 5013 2421 2266 5014 2422 2267 5015 2423 2268 5016 2424 2269 5017 2425 2270 5018 2423 2268 5019 2425 2270 5020 2426 2271 5021 2427 2272 5022 2428 2273 5023 2429 2274 5024 2427 2272 5025 2429 2274 5026 2430 2275 5027 2420 2265 5028 2431 2276 5029 2432 2277 5030 2420 2265 5031 2432 2277 5032 2421 2266 5033 2433 2278 5034 2434 2279 5035 2424 2269 5036 2433 2278 5037 2424 2269 5038 2423 2268 5039 2431 2276 5040 2435 2280 5041 2436 2281 5042 2431 2276 5043 2436 2281 5044 2432 2277 5045 2437 2282 5046 2438 2283 5047 2434 2279 5048 2437 2282 5049 2434 2279 5050 2433 2278 5051 2439 2284 5052 2440 2285 5053 2441 2286 5054 2439 2284 5055 2441 2286 5056 2442 2287 5057 2435 2280 5058 2443 2288 5059 2444 2289 5060 2435 2280 5061 2444 2289 5062 2436 2281 5063 2445 2290 5064 2446 2291 5065 2438 2283 5066 2445 2290 5067 2438 2283 5068 2437 2282 5069 2442 2287 5070 2441 2286 5071 2447 2292 5072 2442 2287 5073 2447 2292 5074 2448 2293 5075 2443 2288 5076 2449 2294 5077 2450 2295 5078 2443 2288 5079 2450 2295 5080 2444 2289 5081 2451 2296 5082 2452 2297 5083 2446 2291 5084 2451 2296 5085 2446 2291 5086 2445 2290 5087 2448 2293 5088 2447 2292 5089 2453 2298 5090 2448 2293 5091 2453 2298 5092 2454 2299 5093 2449 2294 5094 2455 2300 5095 2456 2301 5096 2449 2294 5097 2456 2301 5098 2450 2295 5099 2457 2302 5100 2458 2303 5101 2452 2297 5102 2457 2302 5103 2452 2297 5104 2451 2296 5105 2454 2299 5106 2453 2298 5107 2459 2304 5108 2454 2299 5109 2459 2304 5110 2460 2305 5111 2455 2300 5112 2461 2306 5113 2462 2307 5114 2455 2300 5115 2462 2307 5116 2456 2301 5117 2463 2308 5118 2464 2309 5119 2465 2310 5120 2463 2308 5121 2465 2310 5122 2466 2311 5123 2467 2312 5124 2460 2305 5125 2459 2304 5126 2467 2312 5127 2459 2304 5128 2468 2313 5129 2469 2314 5130 2470 2315 5131 2471 2316 5132 2469 2314 5133 2471 2316 5134 2472 2317 5135 2473 2318 5136 2474 2319 5137 2472 2317 5138 2473 2318 5139 2472 2317 5140 2471 2316 5141 2475 2320 5142 2430 2275 5143 2429 2274 5144 2475 2320 5145 2429 2274 5146 2476 2321 5147 2477 2322 5148 2475 2320 5149 2476 2321 5150 2477 2322 5151 2476 2321 5152 2478 2323 5153 2479 2324 5154 2477 2322 5155 2478 2323 5156 2479 2324 5157 2478 2323 5158 2480 2325 5159 2481 2326 5160 2479 2324 5161 2480 2325 5162 2481 2326 5163 2480 2325 5164 2482 2327 5165 2483 2328 5166 2481 2326 5167 2482 2327 5168 2483 2328 5169 2482 2327 5170 2484 2329 5171 2485 2330 5172 2483 2328 5173 2484 2329 5174 2485 2330 5175 2484 2329 5176 2486 2331 5177 2487 2332 5178 2488 2333 5179 2474 2319 5180 2487 2332 5181 2474 2319 5182 2473 2318 5183 2489 2334 5184 2490 2335 5185 2488 2333 5186 2489 2334 5187 2488 2333 5188 2487 2332 5189 2491 2336 5190 2492 2337 5191 2490 2335 5192 2491 2336 5193 2490 2335 5194 2489 2334 5195 2493 2338 5196 2494 2339 5197 2492 2337 5198 2493 2338 5199 2492 2337 5200 2491 2336 5201 2495 2340 5202 2496 2341 5203 2494 2339 5204 2495 2340 5205 2494 2339 5206 2493 2338 5207 2470 2315 5208 2469 2314 5209 2497 2342 5210 2470 2315 5211 2497 2342 5212 2498 2343 5213 2416 2261 5214 2418 2263 5215 2440 2285 5216 2416 2261 5217 2440 2285 5218 2439 2284 5219 2413 2258 5220 2499 2344 5221 2500 2345 5222 2413 2258 5223 2500 2345 5224 2414 2259 5225 2499 2344 5226 2501 2346 5227 2502 2347 5228 2499 2344 5229 2502 2347 5230 2500 2345 5231 2501 2346 5232 2503 2348 5233 2504 2349 5234 2501 2346 5235 2504 2349 5236 2502 2347 5237 2505 2350 5238 2506 2351 5239 2504 2349 5240 2505 2350 5241 2504 2349 5242 2503 2348 5243 2427 2272 5244 2507 2352 5245 2508 2353 5246 2427 2272 5247 2508 2353 5248 2428 2273 5249 553 2354 5250 2509 2354 5251 2510 2354 5252 553 2355 5253 2510 2355 5254 551 2356 5255 2511 2357 5256 2412 2257 5257 2415 2260 5258 2511 2357 5259 2415 2260 5260 2512 2358 5261 85 83 5262 2513 2359 5263 2417 2262 5264 85 83 5265 2417 2262 5266 83 81 5267 2465 2310 5268 2464 2309 5269 2513 2359 5270 2465 2310 5271 2513 2359 5272 85 83 5273 87 85 5274 86 84 5275 2511 2357 5276 87 85 5277 2511 2357 5278 2512 2358 5279 2514 2360 5280 2515 2361 5281 2516 2362 5282 2514 2360 5283 2516 2362 5284 2517 2363 5285 2518 118 5286 2519 118 5287 2520 118 5288 2518 2364 5289 2520 2364 5290 2521 2364 5291 2522 2365 5292 2523 2366 5293 2524 2367 5294 2522 2365 5295 2524 2367 5296 2525 2368 5297 2526 150 5298 2527 150 5299 2528 150 5300 2526 150 5301 2528 150 5302 2529 150 5303 2530 2369 5304 2531 2370 5305 2532 2371 5306 2530 2369 5307 2532 2371 5308 2533 2372 5309 2534 2373 5310 2522 2365 5311 2525 2368 5312 2534 2373 5313 2525 2368 5314 2535 2374 5315 2536 2375 5316 2530 2369 5317 2533 2372 5318 2536 2375 5319 2533 2372 5320 2537 2376 5321 2538 2377 5322 2534 2373 5323 2535 2374 5324 2538 2377 5325 2535 2374 5326 2539 2378 5327 2540 2379 5328 2536 2375 5329 2537 2376 5330 2540 2379 5331 2537 2376 5332 2541 2380 5333 2542 2381 5334 2543 2382 5335 2538 2377 5336 2542 2381 5337 2538 2377 5338 2539 2378 5339 2544 2383 5340 2540 2379 5341 2541 2380 5342 2544 2383 5343 2541 2380 5344 2545 2384 5345 2518 118 5346 2521 118 5347 2546 118 5348 2518 118 5349 2546 118 5350 2547 118 5351 2548 182 5352 2549 182 5353 2550 182 5354 2548 182 5355 2550 182 5356 2551 182 5357 2523 2366 5358 2516 2362 5359 2515 2361 5360 2523 2366 5361 2515 2361 5362 2524 2367 5363 2531 2370 5364 2552 2385 5365 2553 2386 5366 2531 2370 5367 2553 2386 5368 2532 2371 5369 2546 2387 5370 2554 2387 5371 2555 2387 5372 2546 118 5373 2555 118 5374 2547 118 5375 2554 2388 5376 2556 2388 5377 2557 2388 5378 2554 2389 5379 2557 2389 5380 2555 2389 5381 2556 2390 5382 2558 2390 5383 2559 2390 5384 2556 2391 5385 2559 2391 5386 2557 2391 5387 2542 2381 5388 2560 2392 5389 2561 2393 5390 2542 2381 5391 2561 2393 5392 2543 2382 5393 2558 2394 5394 2562 2394 5395 2563 2394 5396 2558 2395 5397 2563 2395 5398 2559 2395 5399 2519 2396 5400 2564 2397 5401 2565 2397 5402 2519 2398 5403 2565 2398 5404 2520 2398 5405 2552 2385 5406 2566 2399 5407 2567 2400 5408 2552 2385 5409 2567 2400 5410 2553 2386 5411 2568 2401 5412 2569 2401 5413 2570 2401 5414 2568 2402 5415 2570 2402 5416 2571 2402 5417 2572 2403 5418 2573 2404 5419 2574 2405 5420 2572 2403 5421 2574 2405 5422 2575 2406 5423 2576 2407 5424 2577 2407 5425 2578 2407 5426 2576 2408 5427 2578 2408 5428 2579 2408 5429 2580 2409 5430 2581 2410 5431 2582 2411 5432 2580 2409 5433 2582 2411 5434 2583 2412 5435 2584 2413 5436 2585 2414 5437 2586 2415 5438 2584 2413 5439 2586 2415 5440 2587 2416 5441 570 2417 5442 2588 2418 5443 2589 2419 5444 570 2420 5445 2589 2421 5446 566 2420 5447 2590 2422 5448 2591 2423 5449 2592 2424 5450 2590 2422 5451 2592 2424 5452 2593 2425 5453 2594 2426 5454 2595 2426 5455 2596 2426 5456 2594 2427 5457 2596 2427 5458 2597 2427 5459 2598 2428 5460 2599 2429 5461 2580 2409 5462 2598 2428 5463 2580 2409 5464 2583 2412 5465 2600 2430 5466 2601 2431 5467 2602 2432 5468 2600 2430 5469 2602 2432 5470 2603 2433 5471 2604 2434 5472 2605 2434 5473 2606 2434 5474 2604 2435 5475 2606 2435 5476 2607 2435 5477 2608 2436 5478 2609 2437 5479 2610 2438 5480 2608 2436 5481 2610 2438 5482 2611 2439 5483 2589 2440 5484 2588 2441 5485 2612 2442 5486 2589 2443 5487 2612 2444 5488 2613 2444 5489 2601 2431 5490 2614 2445 5491 2615 2446 5492 2601 2431 5493 2615 2446 5494 2602 2432 5495 105 103 5496 107 105 5497 2616 2447 5498 105 103 5499 2616 2447 5500 2617 2448 5501 2618 2449 5502 2619 2450 5503 2620 2451 5504 2618 2449 5505 2620 2451 5506 2621 2452 5507 2622 2453 5508 93 91 5509 95 93 5510 2622 2453 5511 95 93 5512 2623 2454 5513 103 101 5514 102 100 5515 95 93 5516 103 101 5517 95 93 5518 94 92 5519 97 2455 5520 2624 2456 5521 2622 2453 5522 97 2455 5523 2622 2453 5524 2623 2454 5525 2625 2457 5526 2626 2458 5527 2627 2459 5528 2625 2457 5529 2627 2459 5530 2628 2460 5531 110 108 5532 109 107 5533 112 110 5534 110 108 5535 112 110 5536 115 113 5537 2626 2458 5538 2625 2457 5539 2629 2461 5540 2626 2458 5541 2629 2461 5542 2630 2462 5543 2631 2463 5544 2632 2464 5545 2633 182 5546 2631 2463 5547 2633 182 5548 2634 182 5549 2635 274 5550 2636 274 5551 2637 274 5552 2635 274 5553 2637 274 5554 2638 274 5555 2639 2465 5556 2640 239 5557 2641 239 5558 2639 2465 5559 2641 239 5560 2642 2466 5561 2643 255 5562 2644 255 5563 2645 255 5564 2643 255 5565 2645 255 5566 2646 255 5567 2647 2467 5568 2648 2467 5569 2649 2467 5570 2647 255 5571 2649 255 5572 2650 255 5573 2651 2468 5574 2652 2468 5575 2653 2468 5576 2651 2469 5577 2653 2469 5578 2654 2469 5579 2632 2464 5580 2631 2463 5581 2655 2470 5582 2632 2464 5583 2655 2470 5584 2656 2471 5585 2657 2472 5586 2658 2473 5587 2659 2474 5588 2657 2472 5589 2659 2474 5590 2660 2475 5591 2661 274 5592 2662 274 5593 2663 274 5594 2661 274 5595 2663 274 5596 2664 274 5597 2665 2476 5598 2666 2477 5599 2667 2478 5600 2665 2476 5601 2667 2478 5602 2668 2479 5603 2669 2480 5604 2665 2476 5605 2668 2479 5606 2669 2480 5607 2668 2479 5608 2670 2481 5609 2671 2482 5610 2672 2482 5611 2673 2482 5612 2671 2483 5613 2673 2483 5614 2674 2483 5615 2660 2475 5616 2659 2474 5617 2675 2484 5618 2660 2475 5619 2675 2484 5620 2676 2485 5621 2677 2486 5622 2678 2487 5623 2679 2488 5624 2677 2486 5625 2679 2488 5626 2680 2489 5627 2681 2490 5628 2682 2490 5629 2683 2490 5630 2681 255 5631 2683 255 5632 2684 255 5633 2685 2491 5634 2686 2491 5635 2687 2491 5636 2685 2492 5637 2687 2492 5638 2688 2492 5639 2680 2489 5640 2679 2488 5641 2676 2485 5642 2680 2489 5643 2676 2485 5644 2675 2484 5645 2656 2471 5646 2655 2470 5647 2667 2478 5648 2656 2471 5649 2667 2478 5650 2666 2477 5651 2689 274 5652 2690 274 5653 2691 274 5654 2689 274 5655 2691 274 5656 2692 274 5657 2693 2493 5658 2694 2493 5659 2695 2493 5660 2693 255 5661 2695 255 5662 2696 255 5663 2697 274 5664 2698 274 5665 2699 274 5666 2697 274 5667 2699 274 5668 2700 274 5669 2701 2494 5670 2702 2494 5671 2703 2494 5672 2701 255 5673 2703 255 5674 2704 255 5675 2705 2495 5676 2706 2496 5677 2707 2497 5678 2705 2495 5679 2707 2497 5680 2708 2498 5681 2709 2499 5682 2710 2500 5683 2711 2501 5684 2709 2499 5685 2711 2501 5686 2712 2502 5687 2713 255 5688 2714 255 5689 2715 255 5690 2713 2503 5691 2715 2503 5692 2716 2503 5693 2717 2504 5694 2718 2505 5695 2719 2506 5696 2717 2504 5697 2719 2506 5698 2720 2507 5699 2721 2508 5700 2717 2504 5701 2720 2507 5702 2721 2508 5703 2720 2507 5704 2722 2509 5705 2723 2510 5706 2724 2510 5707 2725 2510 5708 2723 2511 5709 2725 2511 5710 2726 2511 5711 2712 2502 5712 2711 2501 5713 2727 2512 5714 2712 2502 5715 2727 2512 5716 2728 2513 5717 2639 2465 5718 2642 2466 5719 2729 2514 5720 2639 2465 5721 2729 2514 5722 2730 2515 5723 2731 274 5724 2732 274 5725 2733 274 5726 2731 274 5727 2733 274 5728 2734 274 5729 2735 2516 5730 2736 2516 5731 2732 2516 5732 2735 2517 5733 2732 2517 5734 2731 2517 5735 2737 182 5736 2738 182 5737 2706 2496 5738 2737 182 5739 2706 2496 5740 2705 2495 5741 2730 2515 5742 2729 2514 5743 2728 2513 5744 2730 2515 5745 2728 2513 5746 2727 2512 5747 2739 239 5748 2678 2487 5749 2677 2486 5750 2739 239 5751 2677 2486 5752 2740 239 5753 2741 274 5754 2742 274 5755 2743 274 5756 2741 274 5757 2743 274 5758 2744 274 5759 2745 150 5760 2746 150 5761 2747 150 5762 2745 150 5763 2747 150 5764 2748 150 5765 2749 2518 5766 2750 2519 5767 2751 2520 5768 2749 2518 5769 2751 2520 5770 2752 2521 5771 2753 2522 5772 2754 2523 5773 2755 2524 5774 2753 2522 5775 2755 2524 5776 2756 2525 5777 2757 150 5778 2758 150 5779 2759 150 5780 2757 150 5781 2759 150 5782 2760 150 5783 2761 2526 5784 2762 2527 5785 2763 2528 5786 2761 2526 5787 2763 2528 5788 2764 2529 5789 2765 2530 5790 2766 2531 5791 2767 2532 5792 2765 2530 5793 2767 2532 5794 2768 2533 5795 2769 2534 5796 2770 2535 5797 2771 2536 5798 2769 2534 5799 2771 2536 5800 2772 2537 5801 2773 150 5802 2774 150 5803 2775 150 5804 2773 150 5805 2775 150 5806 2776 150 5807 2777 2538 5808 2778 2539 5809 2779 2540 5810 2777 2538 5811 2779 2540 5812 2780 2541 5813 2781 2542 5814 2782 2543 5815 2783 2544 5816 2781 2542 5817 2783 2544 5818 2784 2545 5819 2785 2546 5820 2786 2547 5821 2787 2548 5822 2785 2546 5823 2787 2548 5824 2788 2549 5825 2789 2550 5826 2790 2551 5827 2791 2552 5828 2789 2550 5829 2791 2552 5830 2792 2553 5831 2793 2554 5832 2794 2555 5833 2795 2556 5834 2793 2554 5835 2795 2556 5836 2796 2557 5837 2797 2558 5838 2798 2559 5839 2799 2560 5840 2797 2558 5841 2799 2560 5842 2800 2561 5843 2801 2562 5844 2802 2563 5845 2803 2564 5846 2801 2562 5847 2803 2564 5848 2804 2565 5849 2805 2566 5850 2806 2567 5851 2807 2568 5852 2805 2566 5853 2807 2568 5854 2808 2569 5855 2809 2570 5856 2810 2571 5857 2811 2572 5858 2809 2570 5859 2811 2572 5860 2812 2573 5861 2813 2574 5862 2814 2575 5863 2815 2576 5864 2813 2574 5865 2815 2576 5866 2816 2577 5867 2817 2558 5868 2818 2559 5869 2819 2560 5870 2817 2558 5871 2819 2560 5872 2820 2561 5873 2820 2561 5874 2819 2560 5875 2821 2578 5876 2820 2561 5877 2821 2578 5878 2822 2579 5879 2823 2580 5880 2824 2581 5881 2825 2582 5882 2823 2580 5883 2825 2582 5884 2826 2583 5885 2827 2584 5886 2828 2585 5887 2810 2571 5888 2827 2584 5889 2810 2571 5890 2809 2570 5891 2800 2561 5892 2799 2560 5893 2829 2578 5894 2800 2561 5895 2829 2578 5896 2830 2579 5897 2831 2586 5898 2832 2587 5899 2833 2588 5900 2831 2586 5901 2833 2588 5902 2834 2589 5903 2835 150 5904 2836 150 5905 2837 150 5906 2835 150 5907 2837 150 5908 2838 150 5909 2839 2574 5910 2840 2575 5911 2841 2576 5912 2839 2574 5913 2841 2576 5914 2842 2577 5915 2843 2590 5916 2844 2591 5917 2845 2592 5918 2843 2590 5919 2845 2592 5920 2846 2593 5921 2847 150 5922 2848 150 5923 2849 150 5924 2847 150 5925 2849 150 5926 2850 150 5927 2851 2580 5928 2852 2581 5929 2853 2582 5930 2851 2580 5931 2853 2582 5932 2854 2583 5933 2855 2594 5934 2856 2595 5935 2857 2596 5936 2855 2594 5937 2857 2596 5938 2858 2597 5939 2859 2598 5940 2860 2599 5941 2802 2563 5942 2859 2598 5943 2802 2563 5944 2801 2562 5945 2861 2600 5946 2862 2601 5947 2863 2602 5948 2861 2600 5949 2863 2602 5950 2864 2603 5951 2865 2604 5952 2866 2605 5953 2867 2606 5954 2865 2604 5955 2867 2606 5956 2868 2607 5957 642 2608 5958 119 2608 5959 129 2608 5960 642 2609 5961 129 2609 5962 2869 2609 5963 2870 2610 5964 2871 2611 5965 2872 2612 5966 2870 2610 5967 2872 2612 5968 2873 2613 5969 133 128 5970 126 121 5971 125 120 5972 133 128 5973 125 120 5974 130 125 5975 2871 2611 5976 2874 2614 5977 2875 2615 5978 2871 2611 5979 2875 2615 5980 2872 2612 5981 2876 2616 5982 135 131 5983 134 130 5984 2876 2616 5985 134 130 5986 2877 2617 5987 2874 2614 5988 2878 2618 5989 2879 2619 5990 2874 2614 5991 2879 2619 5992 2875 2615 5993 2878 2620 5994 2876 2616 5995 2877 2617 5996 2878 2620 5997 2877 2617 5998 2880 2621 5999 163 2622 6000 160 147 6001 162 149 6002 163 2623 6003 162 2623 6004 714 2623 6005 2881 2624 6006 2882 2625 6007 2883 2626 6008 2881 2624 6009 2883 2626 6010 2884 2627 6011 2882 2625 6012 2885 2628 6013 2886 2629 6014 2882 2625 6015 2886 2629 6016 2883 2626 6017 175 161 6018 173 158 6019 174 160 6020 175 161 6021 174 160 6022 176 162 6023 2885 2628 6024 2887 2630 6025 2888 2631 6026 2885 2628 6027 2888 2631 6028 2886 2629 6029 184 170 6030 183 169 6031 180 166 6032 184 170 6033 180 166 6034 179 165 6035 2889 2632 6036 2890 2633 6037 2891 2634 6038 2889 2632 6039 2891 2634 6040 2892 2635 6041 2893 2636 6042 2894 2637 6043 2895 2638 6044 2893 2636 6045 2895 2638 6046 2896 2639 6047 292 238 6048 291 237 6049 2897 2640 6050 292 238 6051 2897 2640 6052 2898 2641 6053 288 234 6054 287 233 6055 2899 2642 6056 288 234 6057 2899 2642 6058 2900 2643 6059 2901 2644 6060 2902 2645 6061 2903 2646 6062 2901 2644 6063 2903 2646 6064 2904 2647 6065 2905 2648 6066 2906 2649 6067 2907 2650 6068 2905 2648 6069 2907 2650 6070 2908 2651 6071 2909 2652 6072 2910 2653 6073 2911 2654 6074 2909 2652 6075 2911 2654 6076 2912 2655 6077 2913 2656 6078 2914 2657 6079 2915 2658 6080 2913 2656 6081 2915 2658 6082 2916 2659 6083 2917 2660 6084 2918 2661 6085 2919 2662 6086 2917 2660 6087 2919 2662 6088 2920 2663 6089 2908 2651 6090 2907 2650 6091 2921 2664 6092 2908 2651 6093 2921 2664 6094 2922 2665 6095 2916 2659 6096 2915 2658 6097 2923 2666 6098 2916 2659 6099 2923 2666 6100 2924 2667 6101 2904 2647 6102 2903 2646 6103 2925 2668 6104 2904 2647 6105 2925 2668 6106 2926 2669 6107 2927 2670 6108 2928 2671 6109 2929 2672 6110 2927 2670 6111 2929 2672 6112 2930 2673 6113 2931 2674 6114 2932 2675 6115 2933 2676 6116 2931 2674 6117 2933 2676 6118 2934 2677 6119 2935 2678 6120 2936 2679 6121 2937 2680 6122 2935 2678 6123 2937 2680 6124 2938 2681 6125 2939 2682 6126 2940 2683 6127 2941 2684 6128 2939 2682 6129 2941 2684 6130 2942 2685 6131 2943 2686 6132 2944 2687 6133 2945 2688 6134 2943 2686 6135 2945 2688 6136 2946 2689 6137 2947 2690 6138 2948 2691 6139 2949 2692 6140 2947 2690 6141 2949 2692 6142 2950 2693 6143 2951 2694 6144 2952 2695 6145 2953 2696 6146 2951 2694 6147 2953 2696 6148 2954 2697 6149 2955 2698 6150 2956 2699 6151 2957 2700 6152 2955 2698 6153 2957 2700 6154 2958 2701 6155 2959 2702 6156 2960 2703 6157 2961 2704 6158 2959 2702 6159 2961 2704 6160 2962 2705 6161 2963 2706 6162 2964 2707 6163 2965 2708 6164 2963 2706 6165 2965 2708 6166 2966 2709 6167 2967 2710 6168 2968 2711 6169 2969 2712 6170 2967 2710 6171 2969 2712 6172 2970 2713 6173 2956 2699 6174 2971 2714 6175 2972 2715 6176 2956 2699 6177 2972 2715 6178 2957 2700 6179 2973 2716 6180 2974 2717 6181 2975 2718 6182 2973 2716 6183 2975 2718 6184 2976 2719 6185 2977 2720 6186 2978 2721 6187 2979 2722 6188 2977 2720 6189 2979 2722 6190 2980 2723 6191 2981 2724 6192 2935 2678 6193 2938 2681 6194 2981 2724 6195 2938 2681 6196 2982 2725 6197 2983 2726 6198 2984 2727 6199 2985 2728 6200 2983 2726 6201 2985 2728 6202 2986 2729 6203 2944 2687 6204 2987 2730 6205 2988 2731 6206 2944 2687 6207 2988 2731 6208 2945 2688 6209 2976 2719 6210 2975 2718 6211 2989 2732 6212 2976 2719 6213 2989 2732 6214 2990 2733 6215 2991 2734 6216 2992 2735 6217 2993 2736 6218 2991 2734 6219 2993 2736 6220 2994 2737 6221 2995 2738 6222 2996 2739 6223 2997 2740 6224 2995 2738 6225 2997 2740 6226 2998 2741 6227 2999 2742 6228 3000 2743 6229 3001 2744 6230 2999 2742 6231 3001 2744 6232 3002 2745 6233 3003 2746 6234 2936 2679 6235 2935 2678 6236 3003 2746 6237 2935 2678 6238 3004 2747 6239 3005 2748 6240 3006 2749 6241 3007 2750 6242 3005 2748 6243 3007 2750 6244 3008 2751 6245 3004 2747 6246 3009 2752 6247 3010 2753 6248 3004 2747 6249 3010 2753 6250 3003 2746 6251 3002 2745 6252 3011 2754 6253 3012 2755 6254 3002 2745 6255 3012 2755 6256 2999 2742 6257 3013 2756 6258 3014 2757 6259 3015 2758 6260 3013 2756 6261 3015 2758 6262 3016 2759 6263 3017 2760 6264 3018 2761 6265 3019 2762 6266 3017 2760 6267 3019 2762 6268 3020 2763 6269 3021 2764 6270 2977 2720 6271 2980 2723 6272 3021 2764 6273 2980 2723 6274 3022 2765 6275 2940 2683 6276 3023 2766 6277 3024 2767 6278 2940 2683 6279 3024 2767 6280 2941 2684 6281 3008 2751 6282 2978 2721 6283 2977 2720 6284 3008 2751 6285 2977 2720 6286 3005 2748 6287 3025 2768 6288 3026 2769 6289 3027 2770 6290 3025 2768 6291 3027 2770 6292 3028 2771 6293 2997 2740 6294 2996 2739 6295 3029 2772 6296 2997 2740 6297 3029 2772 6298 3030 2773 6299 3031 2774 6300 3032 2775 6301 3033 2776 6302 3031 2774 6303 3033 2776 6304 3034 2777 6305 3035 2778 6306 3036 2779 6307 3037 2780 6308 3035 2778 6309 3037 2780 6310 3038 2781 6311 3039 2782 6312 3040 2783 6313 3041 2784 6314 3039 2782 6315 3041 2784 6316 3042 2785 6317 3043 2786 6318 3044 2787 6319 3045 2788 6320 3043 2786 6321 3045 2788 6322 3046 2789 6323 3047 2583 6324 3048 2580 6325 3049 2581 6326 3047 2583 6327 3049 2581 6328 3050 2582 6329 3051 2790 6330 3052 2791 6331 3053 2792 6332 3051 2790 6333 3053 2792 6334 3054 2793 6335 3055 2794 6336 3056 2795 6337 3057 2796 6338 3055 2794 6339 3057 2796 6340 3058 2797 6341 3059 2798 6342 3039 2782 6343 3042 2785 6344 3059 2798 6345 3042 2785 6346 3060 2799 6347 3061 2800 6348 3062 2801 6349 3063 2802 6350 3061 2800 6351 3063 2802 6352 3064 2803 6353 3065 2804 6354 3066 2805 6355 3067 2806 6356 3065 2804 6357 3067 2806 6358 3068 2807 6359 3069 2808 6360 3055 2794 6361 3058 2797 6362 3069 2808 6363 3058 2797 6364 3070 2809 6365 3071 2810 6366 3072 2811 6367 3073 2812 6368 3071 2810 6369 3073 2812 6370 3074 2813 6371 3075 2814 6372 3076 2815 6373 3077 2816 6374 3075 2814 6375 3077 2816 6376 3078 2817 6377 3036 2779 6378 3079 2818 6379 3080 2819 6380 3036 2779 6381 3080 2819 6382 3037 2780 6383 3081 2820 6384 3082 2821 6385 3083 2822 6386 3081 2820 6387 3083 2822 6388 3084 2823 6389 3082 2821 6390 3085 2824 6391 3086 2825 6392 3082 2821 6393 3086 2825 6394 3083 2822 6395 3087 2826 6396 3065 2804 6397 3068 2807 6398 3087 2826 6399 3068 2807 6400 3088 2827 6401 3089 2828 6402 3090 2829 6403 3091 2830 6404 3089 2828 6405 3091 2830 6406 3092 2831 6407 3052 2791 6408 3093 2832 6409 3094 2833 6410 3052 2791 6411 3094 2833 6412 3053 2792 6413 3095 2834 6414 3096 2835 6415 3097 2836 6416 3095 2834 6417 3097 2836 6418 3098 2837 6419 3099 2838 6420 3100 2839 6421 3101 2840 6422 3099 2838 6423 3101 2840 6424 3102 2841 6425 3103 2842 6426 3104 2843 6427 3105 2844 6428 3103 2842 6429 3105 2844 6430 3106 2845 6431 3107 2582 6432 3108 2583 6433 3109 2580 6434 3107 2582 6435 3109 2580 6436 3110 2581 6437 3111 2846 6438 3112 2847 6439 3113 2848 6440 3111 2846 6441 3113 2848 6442 3114 2599 6443 3115 2849 6444 3116 2850 6445 3117 2851 6446 3115 2849 6447 3117 2851 6448 3118 2852 6449 3119 2853 6450 3120 2565 6451 3112 2847 6452 3119 2853 6453 3112 2847 6454 3111 2846 6455 3121 118 6456 3122 118 6457 3123 118 6458 3121 118 6459 3123 118 6460 3124 118 6461 3125 2576 6462 3126 2577 6463 3127 2574 6464 3125 2576 6465 3127 2574 6466 3128 2575 6467 3102 2841 6468 3101 2840 6469 3129 2854 6470 3102 2841 6471 3129 2854 6472 3130 2855 6473 3131 2856 6474 3132 2857 6475 3133 2858 6476 3131 2856 6477 3133 2858 6478 3134 2859 6479 3135 2841 6480 3136 2840 6481 3137 2854 6482 3135 2841 6483 3137 2854 6484 3138 2855 6485 3139 2860 6486 3140 2861 6487 3141 2862 6488 3139 2860 6489 3141 2862 6490 3142 2863 6491 3143 2576 6492 3144 2577 6493 3145 2574 6494 3143 2576 6495 3145 2574 6496 3146 2575 6497 3147 118 6498 3148 118 6499 3149 118 6500 3147 118 6501 3149 118 6502 3150 118 6503 3151 2864 6504 3152 2865 6505 3153 2866 6506 3151 2864 6507 3153 2866 6508 3154 2867 6509 3155 2868 6510 3156 2869 6511 3157 2870 6512 3155 2868 6513 3157 2870 6514 3158 2871 6515 3154 2867 6516 3153 2866 6517 3159 2872 6518 3154 2867 6519 3159 2872 6520 3160 2873 6521 3161 2582 6522 3162 2583 6523 3163 2580 6524 3161 2582 6525 3163 2580 6526 3164 2581 6527 3165 2874 6528 3166 2875 6529 3167 2876 6530 3165 2874 6531 3167 2876 6532 3168 2877 6533 3169 2838 6534 3170 2839 6535 3136 2840 6536 3169 2838 6537 3136 2840 6538 3135 2841 6539 3171 2878 6540 3172 2879 6541 3173 2880 6542 3171 2878 6543 3173 2880 6544 3174 2881 6545 3175 2882 6546 3176 2883 6547 3177 2884 6548 3175 2882 6549 3177 2884 6550 3178 2885 6551 3179 2886 6552 3180 2887 6553 3181 2888 6554 3179 2886 6555 3181 2888 6556 3182 2889 6557 3183 118 6558 3184 118 6559 3185 118 6560 3183 118 6561 3185 118 6562 3186 118 6563 3187 2890 6564 3188 2891 6565 3189 2892 6566 3187 2890 6567 3189 2892 6568 3190 2893 6569 3191 2894 6570 3192 2894 6571 3193 2894 6572 3191 2895 6573 3193 2895 6574 3194 2895 6575 3195 2896 6576 3196 2896 6577 3197 2896 6578 3195 2897 6579 3197 2897 6580 3198 2897 6581 3199 2898 6582 3200 2898 6583 3201 2898 6584 3199 2899 6585 3201 2899 6586 3202 2899 6587 3203 2900 6588 3204 2900 6589 3205 2900 6590 3203 2901 6591 3205 2901 6592 3206 2901 6593 3207 2902 6594 3208 2903 6595 3209 2904 6596 3207 2902 6597 3209 2904 6598 3210 2905 6599 3211 2906 6600 3212 2907 6601 3208 2903 6602 3211 2906 6603 3208 2903 6604 3207 2902 6605 3213 2908 6606 3214 2909 6607 3215 2910 6608 3213 2908 6609 3215 2910 6610 3216 2911 6611 3217 2912 6612 3218 2913 6613 3214 2909 6614 3217 2912 6615 3214 2909 6616 3213 2908 6617 3219 2914 6618 3220 2915 6619 3221 2916 6620 3219 2914 6621 3221 2916 6622 3222 2917 6623 3223 2918 6624 3224 2919 6625 3220 2915 6626 3223 2918 6627 3220 2915 6628 3219 2914 6629 3225 2920 6630 3226 2920 6631 3227 2920 6632 3225 2921 6633 3227 2921 6634 3228 2921 6635 3229 2922 6636 3230 2922 6637 3231 2922 6638 3229 2923 6639 3231 2923 6640 3232 2923 6641 3233 2924 6642 3234 2924 6643 3235 2924 6644 3233 2925 6645 3235 2925 6646 3236 2925 6647 3237 2926 6648 3238 2926 6649 3239 2926 6650 3237 2927 6651 3239 2927 6652 3240 2927 6653 3241 2928 6654 3242 2928 6655 3243 2928 6656 3241 2929 6657 3243 2929 6658 3244 2929 6659 3245 2930 6660 3246 2930 6661 3247 2930 6662 3245 2931 6663 3247 2931 6664 3248 2931 6665 3249 2932 6666 3250 2932 6667 3251 2932 6668 3249 2933 6669 3251 2933 6670 3252 2933 6671 3253 2934 6672 3254 2934 6673 3255 2934 6674 3253 2935 6675 3255 2935 6676 3256 2935 6677 3257 2936 6678 3258 2936 6679 3259 2936 6680 3257 2937 6681 3259 2937 6682 3260 2937 6683 3261 2938 6684 3262 2939 6685 3263 2940 6686 3261 2938 6687 3263 2940 6688 3264 2941 6689 3265 2942 6690 3266 2943 6691 3267 2944 6692 3265 2942 6693 3267 2944 6694 3268 2945 6695 3268 2945 6696 3267 2944 6697 3269 2946 6698 3268 2945 6699 3269 2946 6700 3270 2947 6701 3271 2948 6702 3272 2949 6703 3273 2950 6704 3271 2948 6705 3273 2950 6706 3274 2951 6707 3275 2952 6708 3276 2953 6709 3277 2954 6710 3275 2952 6711 3277 2954 6712 3278 2955 6713 3278 2955 6714 3277 2954 6715 3279 2956 6716 3278 2955 6717 3279 2956 6718 3280 2957 6719 3281 2958 6720 3282 2959 6721 3283 2960 6722 3281 2958 6723 3283 2960 6724 3284 2961 6725 3285 2576 6726 3286 2577 6727 3287 2962 6728 3285 2576 6729 3287 2962 6730 3288 2963 6731 3288 2963 6732 3287 2962 6733 3289 2964 6734 3288 2963 6735 3289 2964 6736 3290 2965 6737 3290 2965 6738 3289 2964 6739 3291 2966 6740 3290 2965 6741 3291 2966 6742 3292 2967 6743 3292 2967 6744 3291 2966 6745 3293 2968 6746 3292 2967 6747 3293 2968 6748 3294 2969 6749 3294 2969 6750 3293 2968 6751 3282 2959 6752 3294 2969 6753 3282 2959 6754 3281 2958 6755 3296 2970 6756 3295 2971 6757 3297 2972 6758 2363 2208 6759 2351 2196 6760 2354 2199 6761 2363 2208 6762 2354 2199 6763 2364 2209 6764 60 58 6765 62 60 6766 2406 2251 6767 60 58 6768 2406 2251 6769 2405 2250 6770 444 389 6771 2374 2219 6772 2375 2220 6773 444 389 6774 2375 2220 6775 443 388 6776 3298 2973 6777 2544 2383 6778 2545 2384 6779 3298 2973 6780 2545 2384 6781 3299 2974 6782 3300 2975 6783 3301 2975 6784 3302 2975 6785 3300 2976 6786 3302 2976 6787 3303 2976 6788 3304 182 6789 3305 182 6790 3306 182 6791 3304 182 6792 3306 182 6793 3307 182 6794 3308 2977 6795 3309 2977 6796 3310 2977 6797 3311 2978 6798 3312 2978 6799 3313 2978 6800 3311 2979 6801 3313 2979 6802 3314 2979 6803 3315 182 6804 3316 182 6805 3317 182 6806 3315 182 6807 3317 182 6808 3318 182 6809 3319 2980 6810 3320 2980 6811 3321 2980 6812 3322 2981 6813 3323 2982 6814 3324 2983 6815 3322 2981 6816 3324 2983 6817 3325 2984 6818 3326 182 6819 3327 182 6820 3328 182 6821 3326 182 6822 3328 182 6823 3329 182 6824 3325 2984 6825 3330 2985 6826 3331 2986 6827 3325 2984 6828 3331 2986 6829 3332 2987 6830 3333 2988 6831 3334 2989 6832 3335 2990 6833 3333 2988 6834 3335 2990 6835 3336 2991 6836 3337 2992 6837 3338 2993 6838 3339 2994 6839 3337 2992 6840 3339 2994 6841 3340 2995 6842 3341 2996 6843 3342 2997 6844 3343 2998 6845 3341 2996 6846 3343 2998 6847 3344 2999 6848 3325 2984 6849 3324 2983 6850 3345 3000 6851 3325 2984 6852 3345 3000 6853 3330 2985 6854 3340 2995 6855 3339 2994 6856 3346 3001 6857 3340 2995 6858 3346 3001 6859 3347 3002 6860 3342 2997 6861 449 394 6862 3348 3003 6863 3342 2997 6864 3348 3003 6865 3343 2998 6866 450 395 6867 449 394 6868 3342 2997 6869 450 395 6870 3342 2997 6871 3349 3004 6872 3342 2997 6873 3341 2996 6874 3350 3005 6875 3342 2997 6876 3350 3005 6877 3349 3004 6878 3351 3006 6879 3322 2981 6880 3352 3007 6881 3351 3006 6882 3352 3007 6883 3353 3008 6884 3354 3009 6885 3341 2996 6886 3344 2999 6887 3354 3009 6888 3344 2999 6889 3355 3010 6890 3350 3005 6891 3341 2996 6892 3354 3009 6893 3350 3005 6894 3354 3009 6895 3356 3011 6896 3357 182 6897 3358 182 6898 3329 182 6899 3357 182 6900 3329 182 6901 3328 182 6902 3322 2981 6903 3351 3006 6904 3359 3012 6905 3322 2981 6906 3359 3012 6907 3323 2982 6908 3326 182 6909 3360 182 6910 3361 182 6911 3326 182 6912 3361 182 6913 3327 182 6914 3362 3013 6915 3351 3006 6916 3353 3008 6917 3362 3013 6918 3353 3008 6919 3363 3014 6920 3334 2989 6921 457 398 6922 459 400 6923 3334 2989 6924 459 400 6925 3335 2990 6926 3337 2992 6927 3364 3015 6928 3365 3016 6929 3337 2992 6930 3365 3016 6931 3338 2993 6932 3366 3017 6933 3367 3018 6934 446 391 6935 3366 3017 6936 446 391 6937 445 390 6938 3368 3019 6939 3369 3020 6940 3370 3021 6941 3368 3019 6942 3370 3021 6943 3371 3022 6944 3351 3006 6945 3362 3013 6946 3372 3023 6947 3351 3006 6948 3372 3023 6949 3359 3012 6950 3364 3015 6951 3373 3024 6952 3374 3025 6953 3364 3015 6954 3374 3025 6955 3365 3016 6956 3371 3022 6957 3370 3021 6958 3375 3026 6959 3371 3022 6960 3375 3026 6961 721 620 6962 723 622 6963 3376 3027 6964 3371 3022 6965 723 622 6966 3371 3022 6967 721 620 6968 3376 3027 6969 3377 3028 6970 3368 3019 6971 3376 3027 6972 3368 3019 6973 3371 3022 6974 3378 3029 6975 3379 3030 6976 3369 3020 6977 3378 3029 6978 3369 3020 6979 3368 3019 6980 3377 3028 6981 3380 3031 6982 3378 3029 6983 3377 3028 6984 3378 3029 6985 3368 3019 6986 3381 182 6987 3361 182 6988 3360 182 6989 3381 182 6990 3360 182 6991 3382 182 6992 3383 3032 6993 3384 3032 6994 3385 3032 6995 3383 3033 6996 3385 3033 6997 3386 3033 6998 3387 3034 6999 3388 3035 7000 3389 3036 7001 3387 3034 7002 3389 3036 7003 3390 3037 7004 3391 3038 7005 3392 3038 7006 3393 3038 7007 3391 3039 7008 3393 3039 7009 3394 3039 7010 3395 3040 7011 3396 3041 7012 3397 3042 7013 3395 3040 7014 3397 3042 7015 3398 3043 7016 3399 3044 7017 3400 3045 7018 3401 3046 7019 3399 3044 7020 3401 3046 7021 3402 3047 7022 3403 3048 7023 3404 3049 7024 3405 3050 7025 3403 3048 7026 3405 3050 7027 3406 3051 7028 3407 3052 7029 3408 3053 7030 3399 3044 7031 3407 3052 7032 3399 3044 7033 3402 3047 7034 3409 3054 7035 3403 3048 7036 3406 3051 7037 3409 3054 7038 3406 3051 7039 3410 3055 7040 3411 3056 7041 3412 3056 7042 3413 3056 7043 3411 3057 7044 3413 3057 7045 3414 3057 7046 3415 3058 7047 3387 3034 7048 3390 3037 7049 3415 3058 7050 3390 3037 7051 3416 3059 7052 3417 3060 7053 3418 3060 7054 3419 3060 7055 3417 3061 7056 3419 3061 7057 3420 3061 7058 3421 3062 7059 3395 3040 7060 3398 3043 7061 3421 3062 7062 3398 3043 7063 3422 3063 7064 3409 3054 7065 3410 3055 7066 3423 3064 7067 3409 3054 7068 3423 3064 7069 3424 3065 7070 3407 3052 7071 3425 3066 7072 3426 3067 7073 3407 3052 7074 3426 3067 7075 3408 3053 7076 3422 3063 7077 3427 3068 7078 3428 3069 7079 3422 3063 7080 3428 3069 7081 3421 3062 7082 3429 3070 7083 3430 3071 7084 3431 3072 7085 3429 3073 7086 3431 3074 7087 3432 3075 7088 3416 3059 7089 3433 3076 7090 3434 3077 7091 3416 3059 7092 3434 3077 7093 3415 3058 7094 3435 3078 7095 3436 3079 7096 3437 3080 7097 3435 3081 7098 3437 3082 7099 3438 3083 7100 3400 3045 7101 3439 3084 7102 3440 3085 7103 3400 3045 7104 3440 3085 7105 3401 3046 7106 3388 3035 7107 3441 3086 7108 3442 3087 7109 3388 3035 7110 3442 3087 7111 3389 3036 7112 3443 3088 7113 3444 3088 7114 3445 3088 7115 3443 3089 7116 3445 3089 7117 3446 3089 7118 3396 3041 7119 469 404 7120 471 406 7121 3396 3041 7122 471 406 7123 3397 3042 7124 3447 3090 7125 3448 3090 7126 3449 3090 7127 3447 3091 7128 3449 3091 7129 3450 3091 7130 3404 3049 7131 3451 3092 7132 3452 3093 7133 3404 3049 7134 3452 3093 7135 3405 3050 7136 3441 3086 7137 3453 3094 7138 472 407 7139 3441 3086 7140 472 407 7141 3442 3087 7142 3454 3095 7143 3455 3095 7144 3456 3095 7145 3454 3096 7146 3456 3096 7147 3457 3096 7148 474 409 7149 475 410 7150 3458 3097 7151 474 409 7152 3458 3097 7153 3452 3093 7154 3451 3092 7155 472 407 7156 474 409 7157 3451 3092 7158 474 409 7159 3452 3093 7160 3453 3094 7161 3459 3098 7162 473 408 7163 3453 3094 7164 473 408 7165 472 407 7166 3460 3099 7167 3461 3099 7168 3462 3099 7169 3460 3100 7170 3462 3100 7171 3463 3100 7172 3464 3101 7173 3465 3101 7174 3466 3101 7175 3464 3102 7176 3466 3102 7177 3467 3102 7178 469 404 7179 3468 3103 7180 3469 3104 7181 469 404 7182 3469 3104 7183 470 405 7184 3470 3105 7185 3471 3105 7186 3472 3105 7187 3470 3106 7188 3472 3106 7189 3473 3106 7190 3474 3107 7191 3475 3107 7192 3476 3107 7193 3474 3108 7194 3476 3108 7195 3477 3108 7196 3478 3109 7197 3479 3109 7198 3480 3109 7199 3478 3110 7200 3480 3110 7201 3481 3110 7202 3482 3111 7203 3483 3111 7204 3484 3111 7205 3482 3112 7206 3484 3112 7207 3485 3112 7208 490 425 7209 489 424 7210 3486 3113 7211 490 425 7212 3486 3113 7213 3487 3114 7214 3488 3115 7215 3489 3116 7216 3490 3117 7217 3488 3115 7218 3490 3117 7219 3491 3118 7220 488 423 7221 490 425 7222 3492 3119 7223 488 423 7224 3492 3119 7225 3493 3120 7226 3494 3121 7227 3495 3122 7228 3496 3123 7229 3494 3121 7230 3496 3123 7231 3493 3120 7232 3497 3124 7233 3498 3125 7234 3486 3113 7235 3497 3124 7236 3486 3113 7237 489 424 7238 483 418 7239 486 421 7240 515 450 7241 483 418 7242 515 450 7243 481 416 7244 3499 3126 7245 3500 3127 7246 539 474 7247 3499 3126 7248 539 474 7249 3501 3128 7250 3502 3129 7251 477 412 7252 480 415 7253 3502 3129 7254 480 415 7255 3503 3130 7256 3504 3131 7257 516 451 7258 515 450 7259 3504 3131 7260 515 450 7261 486 421 7262 3504 3131 7263 486 421 7264 484 419 7265 3504 3131 7266 484 419 7267 3505 3132 7268 3506 3133 7269 3507 3134 7270 536 471 7271 3506 3133 7272 536 471 7273 515 450 7274 3508 3135 7275 3509 3136 7276 3510 3137 7277 3508 3135 7278 3510 3137 7279 3511 3138 7280 3501 3128 7281 3512 3139 7282 3513 3140 7283 3501 3128 7284 3513 3140 7285 3514 3141 7286 3509 3136 7287 3508 3135 7288 3515 3142 7289 3509 3136 7290 3515 3142 7291 3516 3143 7292 3517 3144 7293 3518 3145 7294 3519 3146 7295 3517 3144 7296 3519 3146 7297 3520 3147 7298 3521 3148 7299 3522 3149 7300 3523 3150 7301 3521 3148 7302 3523 3150 7303 3524 3151 7304 488 423 7305 3493 3120 7306 3496 3123 7307 488 423 7308 3496 3123 7309 3525 3152 7310 497 432 7311 492 427 7312 3488 3115 7313 497 432 7314 3488 3115 7315 3491 3118 7316 3526 3153 7317 502 437 7318 533 468 7319 3526 3153 7320 533 468 7321 3527 3154 7322 498 433 7323 3528 3155 7324 3529 3156 7325 498 433 7326 3529 3156 7327 499 434 7328 3530 3157 7329 3531 3158 7330 3528 3155 7331 3530 3157 7332 3528 3155 7333 498 433 7334 3532 3159 7335 3533 3160 7336 3534 3161 7337 3532 3159 7338 3534 3161 7339 3535 3162 7340 3511 3138 7341 3510 3137 7342 3536 3163 7343 3511 3138 7344 3536 3163 7345 3537 3164 7346 3538 3165 7347 485 420 7348 482 417 7349 3538 3165 7350 482 417 7351 487 422 7352 520 455 7353 3539 3166 7354 3540 3167 7355 520 455 7356 3540 3167 7357 542 477 7358 3541 3168 7359 3542 3169 7360 3543 3170 7361 3541 3168 7362 3543 3170 7363 519 454 7364 3544 3171 7365 543 478 7366 542 477 7367 3544 3171 7368 542 477 7369 3540 3167 7370 538 473 7371 509 444 7372 504 439 7373 538 473 7374 504 439 7375 506 441 7376 3545 3172 7377 3546 3173 7378 3547 3174 7379 3545 3172 7380 3547 3174 7381 3548 3175 7382 3549 3176 7383 521 456 7384 541 476 7385 3549 3176 7386 541 476 7387 3550 3177 7388 538 473 7389 3551 3178 7390 512 447 7391 538 473 7392 512 447 7393 509 444 7394 3552 3179 7395 3553 3180 7396 3554 3181 7397 3552 3179 7398 3554 3181 7399 3555 3182 7400 3556 3183 7401 3512 3139 7402 3501 3128 7403 3556 3183 7404 3501 3128 7405 539 474 7406 3553 3180 7407 3557 3184 7408 3558 3185 7409 3553 3180 7410 3558 3185 7411 3554 3181 7412 3559 3186 7413 531 466 7414 530 465 7415 3559 3186 7416 530 465 7417 3560 3187 7418 3561 3188 7419 3562 3189 7420 3546 3173 7421 3561 3188 7422 3546 3173 7423 3545 3172 7424 521 456 7425 3549 3176 7426 3541 3168 7427 521 456 7428 3541 3168 7429 519 454 7430 3536 3163 7431 3552 3179 7432 3555 3182 7433 3536 3163 7434 3555 3182 7435 3537 3164 7436 3563 3190 7437 3564 3191 7438 525 460 7439 3563 3190 7440 525 460 7441 528 463 7442 531 466 7443 3559 3186 7444 3565 3192 7445 531 466 7446 3565 3192 7447 3566 3193 7448 3567 3194 7449 3568 3195 7450 3569 3196 7451 3567 3194 7452 3569 3196 7453 3570 3197 7454 3567 3194 7455 3571 3198 7456 3572 3199 7457 3567 3194 7458 3572 3199 7459 3568 3195 7460 3564 3191 7461 3563 3190 7462 3573 3200 7463 3564 3191 7464 3573 3200 7465 3574 3201 7466 3575 3202 7467 3576 3203 7468 3577 3204 7469 3575 3202 7470 3577 3204 7471 3578 3205 7472 3579 3206 7473 3580 3207 7474 3581 3208 7475 3579 3206 7476 3581 3208 7477 3582 3209 7478 540 475 7479 534 469 7480 3583 3210 7481 540 475 7482 3583 3210 7483 3584 3211 7484 510 445 7485 511 446 7486 3585 3212 7487 510 445 7488 3585 3212 7489 3514 3141 7490 3501 3128 7491 3514 3141 7492 3585 3212 7493 3501 3128 7494 3585 3212 7495 3499 3126 7496 521 456 7497 520 455 7498 542 477 7499 521 456 7500 542 477 7501 541 476 7502 537 472 7503 3556 3183 7504 539 474 7505 537 472 7506 539 474 7507 481 416 7508 3500 3127 7509 3538 3165 7510 487 422 7511 3500 3127 7512 487 422 7513 539 474 7514 3571 3198 7515 3534 3161 7516 3533 3160 7517 3571 3198 7518 3533 3160 7519 3572 3199 7520 2191 2056 7521 2235 2102 7522 2171 2033 7523 2191 2056 7524 2171 2033 7525 2167 2029 7526 2210 2077 7527 2220 2087 7528 2219 2086 7529 2210 2077 7530 2219 2086 7531 2211 2078 7532 3586 3213 7533 3587 3214 7534 1 1 7535 3586 3213 7536 1 1 7537 0 0 7538 13 13 7539 2128 1990 7540 2170 2032 7541 13 13 7542 2170 2032 7543 14 14 7544 3588 3215 7545 3589 3216 7546 3590 3217 7547 3588 3215 7548 3590 3217 7549 3591 3218 7550 3592 3219 7551 2173 2036 7552 2176 2039 7553 3592 3219 7554 2176 2039 7555 3593 3220 7556 4 4 7557 3 3 7558 3594 3221 7559 4 4 7560 3594 3221 7561 3595 3222 7562 2127 1989 7563 3596 3223 7564 3597 3224 7565 2127 1989 7566 3597 3224 7567 2124 1986 7568 3598 3225 7569 3599 3226 7570 3600 3227 7571 3598 3228 7572 3600 3229 7573 3601 3230 7574 3602 3231 7575 3603 3232 7576 3604 3233 7577 3602 3234 7578 3604 3235 7579 3605 3236 7580 2426 2271 7581 2425 2270 7582 81 79 7583 2426 2271 7584 81 79 7585 80 78 7586 84 82 7587 2466 2311 7588 2465 2310 7589 84 82 7590 2465 2310 7591 85 83 7592 3606 3237 7593 3607 3238 7594 3608 3239 7595 3606 3237 7596 3608 3239 7597 3609 3240 7598 3610 3241 7599 3611 3242 7600 3612 3243 7601 3610 3241 7602 3612 3243 7603 557 492 7604 3613 3244 7605 3614 3245 7606 3615 3246 7607 3613 3244 7608 3615 3246 7609 3616 3247 7610 3617 3248 7611 3618 3249 7612 3619 3250 7613 3617 3248 7614 3619 3250 7615 3620 3251 7616 3621 3252 7617 3622 3253 7618 3623 3254 7619 3621 3252 7620 3623 3254 7621 3624 3255 7622 3616 3247 7623 3615 3246 7624 3625 3256 7625 3616 3247 7626 3625 3256 7627 3626 3257 7628 3627 3258 7629 3617 3248 7630 3620 3251 7631 3627 3258 7632 3620 3251 7633 3628 3259 7634 3626 3257 7635 3625 3256 7636 3629 3260 7637 3626 3257 7638 3629 3260 7639 3630 3261 7640 3631 3262 7641 3627 3258 7642 3628 3259 7643 3631 3262 7644 3628 3259 7645 3632 3263 7646 3633 3264 7647 3634 3265 7648 3635 3266 7649 3633 3264 7650 3635 3266 7651 3636 3267 7652 3630 3261 7653 3629 3260 7654 3637 3268 7655 3630 3261 7656 3637 3268 7657 3638 3269 7658 3639 3270 7659 3631 3262 7660 3632 3263 7661 3639 3270 7662 3632 3263 7663 3640 3271 7664 3634 3265 7665 3641 3272 7666 3642 3273 7667 3634 3265 7668 3642 3273 7669 3635 3266 7670 3638 3269 7671 3637 3268 7672 3643 3274 7673 3638 3269 7674 3643 3274 7675 3644 3275 7676 3645 3276 7677 3639 3270 7678 3640 3271 7679 3645 3276 7680 3640 3271 7681 3646 3277 7682 3641 3272 7683 3647 3278 7684 3648 3279 7685 3641 3272 7686 3648 3279 7687 3642 3273 7688 3644 3275 7689 3643 3274 7690 3649 3280 7691 3644 3275 7692 3649 3280 7693 3650 3281 7694 3651 3282 7695 3645 3276 7696 3646 3277 7697 3651 3282 7698 3646 3277 7699 3652 3283 7700 3647 3278 7701 3653 3284 7702 3654 3285 7703 3647 3278 7704 3654 3285 7705 3648 3279 7706 3650 3281 7707 3649 3280 7708 3655 3286 7709 3650 3281 7710 3655 3286 7711 3656 3287 7712 3657 3288 7713 3658 3289 7714 3659 3290 7715 3657 3288 7716 3659 3290 7717 3660 3291 7718 3661 3292 7719 3662 3293 7720 3654 3285 7721 3661 3292 7722 3654 3285 7723 3653 3284 7724 3663 3294 7725 3664 3295 7726 3665 3296 7727 3663 3294 7728 3665 3296 7729 3666 3297 7730 3667 3298 7731 3665 3296 7732 3664 3295 7733 3667 3298 7734 3664 3295 7735 3668 3299 7736 3669 3300 7737 3670 3301 7738 3623 3254 7739 3669 3300 7740 3623 3254 7741 3622 3253 7742 3671 3302 7743 3672 3303 7744 3670 3301 7745 3671 3302 7746 3670 3301 7747 3669 3300 7748 3673 3304 7749 3674 3305 7750 3672 3303 7751 3673 3304 7752 3672 3303 7753 3671 3302 7754 3675 3306 7755 3676 3307 7756 3674 3305 7757 3675 3306 7758 3674 3305 7759 3673 3304 7760 3677 3308 7761 3678 3309 7762 3676 3307 7763 3677 3308 7764 3676 3307 7765 3675 3306 7766 3679 3310 7767 3680 3311 7768 3678 3309 7769 3679 3310 7770 3678 3309 7771 3677 3308 7772 3681 3312 7773 3667 3298 7774 3668 3299 7775 3681 3312 7776 3668 3299 7777 3682 3313 7778 3683 3314 7779 3681 3312 7780 3682 3313 7781 3683 3314 7782 3682 3313 7783 3684 3315 7784 3685 3316 7785 3683 3314 7786 3684 3315 7787 3685 3316 7788 3684 3315 7789 3686 3317 7790 3687 3318 7791 3685 3316 7792 3686 3317 7793 3687 3318 7794 3686 3317 7795 3688 3319 7796 3689 3320 7797 3687 3318 7798 3688 3319 7799 3689 3320 7800 3688 3319 7801 3690 3321 7802 3666 3297 7803 3691 3322 7804 3692 3323 7805 3666 3297 7806 3692 3323 7807 3663 3294 7808 3610 3241 7809 3633 3264 7810 3636 3267 7811 3610 3241 7812 3636 3267 7813 3611 3242 7814 3609 3240 7815 3608 3239 7816 3693 3324 7817 3609 3240 7818 3693 3324 7819 3694 3325 7820 3694 3325 7821 3693 3324 7822 3695 3326 7823 3694 3325 7824 3695 3326 7825 3696 3327 7826 3696 3327 7827 3695 3326 7828 3697 3328 7829 3696 3327 7830 3697 3328 7831 3698 3329 7832 3699 3330 7833 3698 3329 7834 3697 3328 7835 3699 3330 7836 3697 3328 7837 3700 3331 7838 3621 3252 7839 3624 3255 7840 3701 3332 7841 3621 3252 7842 3701 3332 7843 3702 3333 7844 564 3334 7845 563 3335 7846 3703 3336 7847 564 3337 7848 3703 3337 7849 3704 3337 7850 3705 3338 7851 3706 3339 7852 3607 3238 7853 3705 3338 7854 3607 3238 7855 3606 3237 7856 558 493 7857 557 492 7858 3612 3243 7859 558 493 7860 3612 3243 7861 3707 3340 7862 3659 3290 7863 558 493 7864 3707 3340 7865 3659 3290 7866 3707 3340 7867 3660 3291 7868 562 497 7869 3706 3339 7870 3705 3338 7871 562 497 7872 3705 3338 7873 560 495 7874 3618 3249 7875 554 489 7876 556 491 7877 3618 3249 7878 556 491 7879 3619 3250 7880 559 494 7881 558 493 7882 3659 3290 7883 559 494 7884 3659 3290 7885 3658 3289 7886 3708 3341 7887 3709 3342 7888 3710 3343 7889 3708 3341 7890 3710 3343 7891 3711 3344 7892 3712 2789 7893 3713 2786 7894 3714 2787 7895 3712 2789 7896 3714 2787 7897 3715 2788 7898 3716 3345 7899 3717 3346 7900 3718 3347 7901 3716 3345 7902 3718 3347 7903 3719 3348 7904 3719 3348 7905 3718 3347 7906 3720 3349 7907 3719 3348 7908 3720 3349 7909 3721 3350 7910 3722 2582 7911 3723 2583 7912 3724 2580 7913 3722 2582 7914 3724 2580 7915 3725 2581 7916 3726 3351 7917 3727 3352 7918 3709 3342 7919 3726 3351 7920 3709 3342 7921 3708 3341 7922 3728 3353 7923 3729 3354 7924 3730 3355 7925 3728 3353 7926 3730 3355 7927 3731 3356 7928 3732 3357 7929 3733 3358 7930 3734 3359 7931 3732 3357 7932 3734 3359 7933 3735 3360 7934 3735 3360 7935 3734 3359 7936 3736 3361 7937 3735 3360 7938 3736 3361 7939 3737 3362 7940 3738 3363 7941 3739 3364 7942 3740 3365 7943 3738 3363 7944 3740 3365 7945 3741 3366 7946 3742 3367 7947 3743 3368 7948 3744 3369 7949 3742 3367 7950 3744 3369 7951 3745 3370 7952 3745 3370 7953 3744 3369 7954 3746 3371 7955 3745 3370 7956 3746 3371 7957 3747 3372 7958 3748 3373 7959 3749 3374 7960 2585 2414 7961 3748 3373 7962 2585 2414 7963 2584 2413 7964 566 3375 7965 568 3375 7966 571 3375 7967 566 3376 7968 571 3376 7969 570 3376 7970 3750 150 7971 3751 150 7972 3752 150 7973 3750 150 7974 3752 150 7975 3753 150 7976 3754 239 7977 3755 239 7978 3756 239 7979 3754 239 7980 3756 239 7981 3757 239 7982 3758 118 7983 3759 118 7984 3760 118 7985 3758 118 7986 3760 118 7987 3761 118 7988 3762 182 7989 3763 182 7990 3764 182 7991 3762 182 7992 3764 182 7993 3765 182 7994 3766 255 7995 3767 255 7996 3768 255 7997 3766 255 7998 3768 255 7999 3769 255 8000 3770 239 8001 3771 239 8002 3772 239 8003 3770 239 8004 3772 239 8005 3773 239 8006 3774 118 8007 3775 118 8008 3776 118 8009 3774 118 8010 3776 118 8011 3777 118 8012 3778 255 8013 3779 255 8014 3780 255 8015 3778 255 8016 3780 255 8017 3781 255 8018 3782 118 8019 3783 118 8020 3784 118 8021 3782 118 8022 3784 118 8023 3785 118 8024 3786 182 8025 3787 182 8026 3788 182 8027 3786 182 8028 3788 182 8029 3789 182 8030 3790 150 8031 3791 150 8032 3792 150 8033 3790 150 8034 3792 150 8035 3793 150 8036 3794 255 8037 3795 255 8038 3796 255 8039 3794 255 8040 3796 255 8041 3797 255 8042 3798 255 8043 3799 255 8044 3800 255 8045 3798 255 8046 3800 255 8047 3801 255 8048 3802 182 8049 3803 182 8050 3804 182 8051 3802 182 8052 3804 182 8053 3805 182 8054 3806 118 8055 3807 118 8056 3808 118 8057 3806 118 8058 3808 118 8059 3809 118 8060 3810 239 8061 3811 239 8062 3812 239 8063 3810 239 8064 3812 239 8065 3813 239 8066 3814 3377 8067 3815 3377 8068 3816 3377 8069 3814 118 8070 3816 118 8071 3817 118 8072 3818 239 8073 3819 239 8074 3820 239 8075 3818 239 8076 3820 239 8077 3821 239 8078 3822 150 8079 3823 150 8080 3824 150 8081 3822 150 8082 3824 150 8083 3825 150 8084 3826 182 8085 3827 182 8086 3828 182 8087 3826 182 8088 3828 182 8089 3829 182 8090 3830 255 8091 3831 255 8092 3832 255 8093 3830 255 8094 3832 255 8095 3833 255 8096 3834 239 8097 3835 239 8098 3836 239 8099 3834 239 8100 3836 239 8101 3837 239 8102 3838 150 8103 3839 150 8104 3840 150 8105 3838 150 8106 3840 150 8107 3841 150 8108 3842 255 8109 3843 255 8110 3844 255 8111 3842 255 8112 3844 255 8113 3845 255 8114 3846 150 8115 3847 150 8116 3848 150 8117 3846 150 8118 3848 150 8119 3849 150 8120 3850 182 8121 3851 182 8122 3852 182 8123 3850 182 8124 3852 182 8125 3853 182 8126 3854 118 8127 3855 118 8128 3856 118 8129 3854 118 8130 3856 118 8131 3857 118 8132 3858 255 8133 3859 255 8134 3860 255 8135 3858 255 8136 3860 255 8137 3861 255 8138 3862 255 8139 3863 255 8140 3864 255 8141 3862 255 8142 3864 255 8143 3865 255 8144 3866 182 8145 3867 182 8146 3868 182 8147 3866 182 8148 3868 182 8149 3869 182 8150 3870 150 8151 3871 150 8152 3872 150 8153 3870 150 8154 3872 150 8155 3873 150 8156 3874 239 8157 3875 239 8158 3876 239 8159 3874 239 8160 3876 239 8161 3877 239 8162 3878 150 8163 3879 150 8164 3880 150 8165 3878 150 8166 3880 150 8167 3881 150 8168 3882 118 8169 3883 118 8170 3884 118 8171 3882 118 8172 3884 118 8173 3885 118 8174 3886 182 8175 3887 182 8176 3888 182 8177 3886 182 8178 3888 182 8179 3889 182 8180 3890 3378 8181 3891 3378 8182 3892 3378 8183 3890 3379 8184 3892 3379 8185 3893 3379 8186 3888 3380 8187 3887 3380 8188 3894 3380 8189 3888 182 8190 3894 182 8191 3895 182 8192 3896 274 8193 3897 274 8194 3898 274 8195 3896 274 8196 3898 274 8197 3899 274 8198 3900 255 8199 3901 255 8200 3902 255 8201 3900 255 8202 3902 255 8203 3903 255 8204 3904 3381 8205 3905 3381 8206 3906 3381 8207 3904 3382 8208 3906 3382 8209 3907 3382 8210 3886 3383 8211 3889 3383 8212 3908 3383 8213 3886 182 8214 3908 182 8215 3909 182 8216 3910 3384 8217 3911 3384 8218 3912 3384 8219 3910 3385 8220 3912 3385 8221 3913 3385 8222 3914 3386 8223 3915 3386 8224 3916 3386 8225 3914 3387 8226 3916 3387 8227 3917 3387 8228 3918 3388 8229 3919 3388 8230 3920 3388 8231 3918 3389 8232 3920 3389 8233 3921 3389 8234 3922 3390 8235 3923 3391 8236 3924 3392 8237 3922 3393 8238 3924 3394 8239 3925 3395 8240 3926 3396 8241 3927 3397 8242 3928 3398 8243 3926 3399 8244 3928 3400 8245 3929 3401 8246 3930 3402 8247 3931 3403 8248 3932 3404 8249 3930 3405 8250 3932 3406 8251 3933 3407 8252 3934 3408 8253 3935 3409 8254 3936 3410 8255 3934 3411 8256 3936 3412 8257 3937 3413 8258 3938 3414 8259 3939 3415 8260 3940 3416 8261 3938 3417 8262 3940 3418 8263 3941 3419 8264 3942 3420 8265 3943 3420 8266 3944 3420 8267 3942 3421 8268 3944 3421 8269 3945 3421 8270 3946 3422 8271 3947 3423 8272 3948 3424 8273 3946 3425 8274 3948 3426 8275 3949 3427 8276 3950 3428 8277 3951 3428 8278 3952 3428 8279 3950 3429 8280 3952 3429 8281 3953 3429 8282 3954 3430 8283 3955 3430 8284 3956 3430 8285 3954 3431 8286 3956 3431 8287 3957 3431 8288 3958 3432 8289 3959 3432 8290 3960 3432 8291 3958 239 8292 3960 239 8293 3961 239 8294 3962 3433 8295 3963 3433 8296 3964 3433 8297 3962 118 8298 3964 118 8299 3965 118 8300 3966 118 8301 3967 118 8302 3968 118 8303 3966 3434 8304 3968 3434 8305 3969 3434 8306 3970 3435 8307 3971 3435 8308 3972 3435 8309 3970 3435 8310 3972 3435 8311 3973 3435 8312 3974 3436 8313 3975 3437 8314 3976 3438 8315 3974 3436 8316 3976 3438 8317 3977 3439 8318 3978 3440 8319 3979 3441 8320 3980 3442 8321 3978 3440 8322 3980 3442 8323 3981 3443 8324 3982 3444 8325 3980 3442 8326 3979 3441 8327 3982 3444 8328 3979 3441 8329 3983 3445 8330 3984 3446 8331 3985 3447 8332 3986 3448 8333 3984 3446 8334 3986 3448 8335 3987 3449 8336 3988 3450 8337 3989 3451 8338 3990 3452 8339 3988 3450 8340 3990 3452 8341 3991 3453 8342 3992 3454 8343 3993 3455 8344 3994 3456 8345 3992 3454 8346 3994 3456 8347 3995 3457 8348 3996 3458 8349 3987 3449 8350 3986 3448 8351 3996 3458 8352 3986 3448 8353 3997 3459 8354 3998 3460 8355 3999 3460 8356 4000 3460 8357 3998 150 8358 4000 150 8359 4001 150 8360 3996 3461 8361 3997 3461 8362 3974 3461 8363 3996 3462 8364 3974 3462 8365 3977 3462 8366 3992 3463 8367 3995 3463 8368 3978 3463 8369 3992 3464 8370 3978 3464 8371 3981 3464 8372 4002 3465 8373 4003 3465 8374 4004 3465 8375 4002 3466 8376 4004 3466 8377 4005 3466 8378 3975 3437 8379 4006 3467 8380 4007 3468 8381 3975 3437 8382 4007 3468 8383 3976 3438 8384 4008 3469 8385 4009 3470 8386 4010 3471 8387 4008 3469 8388 4010 3471 8389 4011 3472 8390 3993 3455 8391 4012 3473 8392 4013 3474 8393 3993 3455 8394 4013 3474 8395 3994 3456 8396 4014 3475 8397 4015 3476 8398 4016 3477 8399 4014 3475 8400 4016 3477 8401 4017 3478 8402 4018 3479 8403 4019 3480 8404 4020 3481 8405 4018 3479 8406 4020 3481 8407 4021 3482 8408 4022 3483 8409 4023 3483 8410 4024 3483 8411 4022 3484 8412 4024 3484 8413 4025 3484 8414 4026 3485 8415 4027 3485 8416 4028 3485 8417 4026 3486 8418 4028 3486 8419 4029 3486 8420 4030 150 8421 4031 150 8422 4032 150 8423 4030 150 8424 4032 150 8425 4033 150 8426 4034 150 8427 4035 150 8428 4036 150 8429 4034 150 8430 4036 150 8431 4037 150 8432 577 3487 8433 576 3487 8434 3967 3487 8435 577 3488 8436 3967 3488 8437 3966 3488 8438 4038 3489 8439 4039 3490 8440 4040 3491 8441 4038 3489 8442 4040 3491 8443 4041 3492 8444 4042 2576 8445 4043 2577 8446 4044 2574 8447 4042 2576 8448 4044 2574 8449 4045 2575 8450 4046 3493 8451 4047 3494 8452 4048 3495 8453 4046 3493 8454 4048 3495 8455 4049 3496 8456 4049 3496 8457 4048 3495 8458 4050 3497 8459 4049 3496 8460 4050 3497 8461 4051 3498 8462 4052 2582 8463 4053 2583 8464 4054 2580 8465 4052 2582 8466 4054 2580 8467 4055 2581 8468 4056 3499 8469 4057 3500 8470 4039 3490 8471 4056 3499 8472 4039 3490 8473 4038 3489 8474 4058 150 8475 4059 150 8476 4060 150 8477 4058 150 8478 4060 150 8479 4061 150 8480 4062 118 8481 4063 118 8482 4064 118 8483 4062 118 8484 4064 118 8485 4065 118 8486 4066 182 8487 4067 182 8488 4068 182 8489 4066 182 8490 4068 182 8491 4069 182 8492 4070 3501 8493 4071 3501 8494 4072 3501 8495 4070 3502 8496 4072 3502 8497 4073 3502 8498 4068 3380 8499 4067 3380 8500 4074 3380 8501 4068 182 8502 4074 182 8503 4075 182 8504 4076 274 8505 4077 274 8506 4078 274 8507 4076 274 8508 4078 274 8509 4079 274 8510 4080 255 8511 4081 255 8512 4082 255 8513 4080 255 8514 4082 255 8515 4083 255 8516 4084 3381 8517 4085 3381 8518 4086 3381 8519 4084 3382 8520 4086 3382 8521 4087 3382 8522 4066 3503 8523 4069 3503 8524 4088 3503 8525 4066 182 8526 4088 182 8527 4089 182 8528 4090 3384 8529 4091 3384 8530 4092 3384 8531 4090 3385 8532 4092 3385 8533 4093 3385 8534 4094 3504 8535 4095 3504 8536 4096 3504 8537 4094 3505 8538 4096 3505 8539 4097 3505 8540 4098 3506 8541 4099 3506 8542 4100 3506 8543 4098 3507 8544 4100 3507 8545 4101 3507 8546 4102 3508 8547 4103 3509 8548 4104 3510 8549 4102 3393 8550 4104 3511 8551 4105 3395 8552 4106 3512 8553 4107 3513 8554 4108 3514 8555 4106 3515 8556 4108 3516 8557 4109 3517 8558 4110 3518 8559 4111 3519 8560 4112 3520 8561 4110 3521 8562 4112 3522 8563 4113 3523 8564 4114 3524 8565 4115 3525 8566 4116 3526 8567 4114 3411 8568 4116 3527 8569 4117 3413 8570 4118 3528 8571 4119 3529 8572 4120 3530 8573 4118 3531 8574 4120 3532 8575 4121 3533 8576 4122 3534 8577 4123 3534 8578 4124 3534 8579 4122 3535 8580 4124 3535 8581 4125 3535 8582 4126 3536 8583 4127 3537 8584 4128 3538 8585 4126 3539 8586 4128 3540 8587 4129 3541 8588 4130 3542 8589 4131 3542 8590 4132 3542 8591 4130 3543 8592 4132 3543 8593 4133 3543 8594 4134 3544 8595 4135 3544 8596 4136 3544 8597 4134 3431 8598 4136 3431 8599 4137 3431 8600 4138 3545 8601 4139 3545 8602 4140 3545 8603 4138 3546 8604 4140 3546 8605 4141 3546 8606 4142 118 8607 4143 118 8608 4144 118 8609 4142 118 8610 4144 118 8611 4145 118 8612 4146 3547 8613 4147 3547 8614 4148 3547 8615 4146 3548 8616 4148 3548 8617 4149 3548 8618 4150 3549 8619 4151 3550 8620 4152 3551 8621 4150 3549 8622 4152 3551 8623 4153 3552 8624 4154 3553 8625 4155 3554 8626 4156 3555 8627 4154 3553 8628 4156 3555 8629 4157 3556 8630 4158 3557 8631 4156 3555 8632 4155 3554 8633 4158 3557 8634 4155 3554 8635 4159 3445 8636 4160 3446 8637 4161 3447 8638 4162 3558 8639 4160 3446 8640 4162 3558 8641 4163 3559 8642 4164 3560 8643 4165 3561 8644 4166 3562 8645 4164 3560 8646 4166 3562 8647 4167 3563 8648 4168 3564 8649 4169 3565 8650 4170 3566 8651 4168 3564 8652 4170 3566 8653 4171 3567 8654 4172 3568 8655 4163 3559 8656 4162 3558 8657 4172 3568 8658 4162 3558 8659 4173 3569 8660 4174 3570 8661 4175 3570 8662 4176 3570 8663 4174 3571 8664 4176 3571 8665 4177 3571 8666 4172 3572 8667 4173 3572 8668 4150 3572 8669 4172 3573 8670 4150 3573 8671 4153 3573 8672 4168 3574 8673 4171 3574 8674 4154 3574 8675 4168 3575 8676 4154 3575 8677 4157 3575 8678 4178 150 8679 588 150 8680 587 150 8681 4178 3576 8682 587 3576 8683 4179 3576 8684 4151 3550 8685 4180 3577 8686 4181 3578 8687 4151 3550 8688 4181 3578 8689 4152 3551 8690 4182 3579 8691 4183 3580 8692 4184 3581 8693 4182 3579 8694 4184 3581 8695 4185 3582 8696 4169 3565 8697 4186 3583 8698 4187 3584 8699 4169 3565 8700 4187 3584 8701 4170 3566 8702 4188 3585 8703 4189 3586 8704 4190 3587 8705 4188 3585 8706 4190 3587 8707 4191 3588 8708 4192 3479 8709 4193 3480 8710 4194 3481 8711 4192 3479 8712 4194 3481 8713 4195 3482 8714 4196 118 8715 4197 118 8716 4198 118 8717 4196 118 8718 4198 118 8719 4199 118 8720 4200 3485 8721 4201 3485 8722 4202 3485 8723 4200 3589 8724 4202 3589 8725 4203 3589 8726 4204 3590 8727 4205 3590 8728 4206 3590 8729 4204 3591 8730 4206 3591 8731 4207 3591 8732 586 3592 8733 585 3592 8734 4208 3592 8735 586 3593 8736 4208 3593 8737 4209 3593 8738 111 109 8739 2630 2462 8740 2629 2461 8741 111 109 8742 2629 2461 8743 108 106 8744 117 115 8745 108 106 8746 2629 2461 8747 117 115 8748 2629 2461 8749 4210 3594 8750 106 104 8751 4211 3595 8752 4212 3596 8753 106 104 8754 4212 3596 8755 107 105 8756 2617 2448 8757 2616 2447 8758 2621 2452 8759 2617 2448 8760 2621 2452 8761 2620 2451 8762 590 506 8763 591 507 8764 107 105 8765 590 506 8766 107 105 8767 4212 3596 8768 4213 150 8769 4214 150 8770 4215 150 8771 4213 150 8772 4215 150 8773 4216 150 8774 4217 3597 8775 4218 3598 8776 4219 3599 8777 4217 3600 8778 4219 3601 8779 4220 3602 8780 4221 118 8781 4222 118 8782 4223 118 8783 4221 3603 8784 4223 3603 8785 4224 3603 8786 4225 182 8787 4226 182 8788 4227 182 8789 4225 182 8790 4227 182 8791 4228 182 8792 4229 3604 8793 4230 3605 8794 4231 3606 8795 4229 3607 8796 4231 3608 8797 4232 3609 8798 4233 255 8799 4234 255 8800 4235 255 8801 4233 255 8802 4235 255 8803 4236 255 8804 4237 3610 8805 4238 3611 8806 4239 3612 8807 4237 3613 8808 4239 3614 8809 4240 3615 8810 4241 3616 8811 4242 3616 8812 4243 3616 8813 4241 3617 8814 4243 3617 8815 4244 3617 8816 4245 3618 8817 4246 3618 8818 4247 3618 8819 4245 3619 8820 4247 3619 8821 4248 3619 8822 4249 3620 8823 4250 3621 8824 4251 3622 8825 4249 3623 8826 4251 3624 8827 4252 3625 8828 4253 3626 8829 4254 3626 8830 4255 3626 8831 4253 3627 8832 4255 3627 8833 4256 3627 8834 4257 3628 8835 4258 3628 8836 4259 3628 8837 4257 3629 8838 4259 3629 8839 4260 3629 8840 4261 3630 8841 4262 3630 8842 4263 3630 8843 4261 3631 8844 4263 3631 8845 4264 3631 8846 4265 3632 8847 4266 3633 8848 4267 3634 8849 4265 3635 8850 4267 3636 8851 4268 3637 8852 4269 118 8853 4270 118 8854 4271 118 8855 4269 118 8856 4271 118 8857 4272 118 8858 4273 3638 8859 4274 3639 8860 4275 3640 8861 4273 3641 8862 4275 3642 8863 4276 3643 8864 4277 150 8865 4278 150 8866 4279 150 8867 4277 150 8868 4279 150 8869 4280 150 8870 4281 182 8871 4282 182 8872 4283 182 8873 4281 182 8874 4283 182 8875 4284 182 8876 4285 3644 8877 4286 3645 8878 4287 3646 8879 4285 3647 8880 4287 3648 8881 4288 3649 8882 4289 255 8883 4290 255 8884 4291 255 8885 4289 255 8886 4291 255 8887 4292 255 8888 4293 3650 8889 4294 3651 8890 4295 3652 8891 4293 3653 8892 4295 3654 8893 4296 3655 8894 4297 3656 8895 4298 3656 8896 4299 3656 8897 4297 3657 8898 4299 3657 8899 4300 3657 8900 4301 3658 8901 4302 3658 8902 4303 3658 8903 4301 3659 8904 4303 3659 8905 4304 3659 8906 4305 3660 8907 4306 3661 8908 4307 3662 8909 4305 3663 8910 4307 3664 8911 4308 3665 8912 4309 3666 8913 4310 3666 8914 4311 3666 8915 4309 3667 8916 4311 3667 8917 4312 3667 8918 4313 3668 8919 4314 3668 8920 4315 3668 8921 4313 3669 8922 4315 3669 8923 4316 3669 8924 4317 3670 8925 4318 3670 8926 4319 3670 8927 4317 3671 8928 4319 3671 8929 4320 3671 8930 4321 3672 8931 4322 3673 8932 4323 3674 8933 4321 3675 8934 4323 3676 8935 4324 3677 8936 4325 3678 8937 4326 3679 8938 4327 3680 8939 4325 3678 8940 4327 3680 8941 4328 3681 8942 4329 3682 8943 4330 3683 8944 4331 3684 8945 4329 3682 8946 4331 3684 8947 4332 3685 8948 4333 3686 8949 4334 3687 8950 4335 3688 8951 4333 3686 8952 4335 3688 8953 4336 3689 8954 4337 3690 8955 4338 3691 8956 4339 3692 8957 4337 3690 8958 4339 3692 8959 4340 3693 8960 4341 3694 8961 4325 3678 8962 4342 3695 8963 4341 3694 8964 4342 3695 8965 4343 3696 8966 4334 3687 8967 4344 3697 8968 4345 3698 8969 4334 3687 8970 4345 3698 8971 4335 3688 8972 4346 3699 8973 4347 3700 8974 4348 3701 8975 4346 3699 8976 4348 3701 8977 4349 3702 8978 4350 3703 8979 4338 3691 8980 4337 3690 8981 4350 3703 8982 4337 3690 8983 4351 3704 8984 4352 3705 8985 4353 3706 8986 4354 3707 8987 4352 3705 8988 4354 3707 8989 4355 3708 8990 4343 3696 8991 4356 3709 8992 4357 3710 8993 4343 3696 8994 4357 3710 8995 4341 3694 8996 4355 3708 8997 4358 3711 8998 4359 3712 8999 4355 3708 9000 4359 3712 9001 4352 3705 9002 4360 3713 9003 4361 3714 9004 4362 3715 9005 4360 3713 9006 4362 3715 9007 4363 3716 9008 3031 2774 9009 4364 3717 9010 4365 3718 9011 3031 2774 9012 4365 3718 9013 3032 2775 9014 3013 2756 9015 3016 2759 9016 4366 3719 9017 3013 2756 9018 4366 3719 9019 4367 3720 9020 4363 3716 9021 4368 3721 9022 4369 3722 9023 4363 3716 9024 4369 3722 9025 4360 3713 9026 3034 2777 9027 3033 2776 9028 4370 3723 9029 3034 2777 9030 4370 3723 9031 4371 3724 9032 3033 2776 9033 4372 3725 9034 4373 3726 9035 3033 2776 9036 4373 3726 9037 4370 3723 9038 4342 3695 9039 4325 3678 9040 4328 3681 9041 4342 3695 9042 4328 3681 9043 4374 3727 9044 4375 3728 9045 4376 3729 9046 4377 3730 9047 4375 3728 9048 4377 3730 9049 4378 3731 9050 4379 3732 9051 4380 3733 9052 4381 3734 9053 4379 3732 9054 4381 3734 9055 4382 3735 9056 4383 3736 9057 4384 3737 9058 4385 3738 9059 4383 3736 9060 4385 3738 9061 4386 3739 9062 4387 3740 9063 4388 3741 9064 4389 3742 9065 4387 3740 9066 4389 3742 9067 4390 3743 9068 4391 3744 9069 4392 3745 9070 4393 3746 9071 4391 3744 9072 4393 3746 9073 4394 3747 9074 4395 3748 9075 4396 3749 9076 4397 3750 9077 4395 3748 9078 4397 3750 9079 4398 3751 9080 4399 3752 9081 4400 3753 9082 4401 3754 9083 4399 3752 9084 4401 3754 9085 4402 3755 9086 4403 3756 9087 4404 3757 9088 4405 3758 9089 4403 3756 9090 4405 3758 9091 4406 3759 9092 4407 3760 9093 4408 3761 9094 4409 3762 9095 4407 3760 9096 4409 3762 9097 4410 3763 9098 4411 3764 9099 4403 3756 9100 4406 3759 9101 4411 3764 9102 4406 3759 9103 4412 3765 9104 4413 3766 9105 4399 3752 9106 4402 3755 9107 4413 3766 9108 4402 3755 9109 4414 3767 9110 4415 3768 9111 4391 3744 9112 4394 3747 9113 4415 3768 9114 4394 3747 9115 4416 3769 9116 4417 3770 9117 4418 3771 9118 4419 3772 9119 4417 3770 9120 4419 3772 9121 4420 3773 9122 4421 3774 9123 4422 3775 9124 4423 3776 9125 4421 3774 9126 4423 3776 9127 4424 3777 9128 4425 3778 9129 4426 3779 9130 4427 3780 9131 4425 3778 9132 4427 3780 9133 4428 3781 9134 4429 3782 9135 4430 3783 9136 4431 3784 9137 4429 3782 9138 4431 3784 9139 4432 3785 9140 4433 3786 9141 4434 3787 9142 4435 3788 9143 4433 3786 9144 4435 3788 9145 4436 3789 9146 4437 3790 9147 4438 3791 9148 4439 3792 9149 4437 3790 9150 4439 3792 9151 4440 3793 9152 4441 3794 9153 4442 3795 9154 4443 3796 9155 4441 3794 9156 4443 3796 9157 4444 3797 9158 4434 3787 9159 4445 3798 9160 4446 3799 9161 4434 3787 9162 4446 3799 9163 4435 3788 9164 4447 3800 9165 4448 3801 9166 4449 3802 9167 4447 3800 9168 4449 3802 9169 4450 3803 9170 4451 3804 9171 4438 3791 9172 4437 3790 9173 4451 3804 9174 4437 3790 9175 4452 3805 9176 4453 3806 9177 4454 3807 9178 4455 3808 9179 4453 3806 9180 4455 3808 9181 4456 3809 9182 4444 3797 9183 4457 3810 9184 4458 3811 9185 4444 3797 9186 4458 3811 9187 4441 3794 9188 4456 3809 9189 4426 3779 9190 4425 3778 9191 4456 3809 9192 4425 3778 9193 4453 3806 9194 4459 3812 9195 4460 3813 9196 4461 3814 9197 4459 3812 9198 4461 3814 9199 4462 3815 9200 2991 2734 9201 4463 3816 9202 4464 3817 9203 2991 2734 9204 4464 3817 9205 2992 2735 9206 4462 3815 9207 4465 3818 9208 4466 3819 9209 4462 3815 9210 4466 3819 9211 4459 3812 9212 4467 3820 9213 4466 3819 9214 4468 3821 9215 4467 3820 9216 4468 3821 9217 4469 3822 9218 4466 3819 9219 4465 3818 9220 4470 3823 9221 4466 3819 9222 4470 3823 9223 4468 3821 9224 4471 3824 9225 4425 3778 9226 4428 3781 9227 4471 3824 9228 4428 3781 9229 4472 3825 9230 4473 3826 9231 4474 3827 9232 4475 3828 9233 4473 3826 9234 4475 3828 9235 4476 3829 9236 4477 3830 9237 4478 3831 9238 4479 3832 9239 4477 3830 9240 4479 3832 9241 4480 3833 9242 4481 3834 9243 4482 3835 9244 4483 3836 9245 4481 3834 9246 4483 3836 9247 4484 3837 9248 4485 3838 9249 4486 3839 9250 4487 3840 9251 4485 3838 9252 4487 3840 9253 4488 3841 9254 4489 3842 9255 4490 3843 9256 4491 3844 9257 4489 3842 9258 4491 3844 9259 4492 3845 9260 4493 3846 9261 4494 3847 9262 4495 3848 9263 4493 3846 9264 4495 3848 9265 4496 3849 9266 4484 3837 9267 4483 3836 9268 4497 3850 9269 4484 3837 9270 4497 3850 9271 4498 3851 9272 4499 3852 9273 4500 3853 9274 4501 3854 9275 4499 3852 9276 4501 3854 9277 4502 3855 9278 4503 3856 9279 4504 3857 9280 4505 3858 9281 4503 3856 9282 4505 3858 9283 4506 3859 9284 4507 3860 9285 4499 3852 9286 4502 3855 9287 4507 3860 9288 4502 3855 9289 4508 3861 9290 4509 3862 9291 4510 3863 9292 4511 3864 9293 4509 3862 9294 4511 3864 9295 4512 3865 9296 4513 3866 9297 4489 3842 9298 4492 3845 9299 4513 3866 9300 4492 3845 9301 4514 3867 9302 4515 3868 9303 4516 3869 9304 4517 3870 9305 4515 3868 9306 4517 3870 9307 4518 3871 9308 4519 3872 9309 4520 3873 9310 4521 3874 9311 4519 3872 9312 4521 3874 9313 4522 3875 9314 4523 3876 9315 4524 3877 9316 4525 3878 9317 4523 3876 9318 4525 3878 9319 4526 3879 9320 4527 3880 9321 4528 3881 9322 4529 3882 9323 4527 3880 9324 4529 3882 9325 4530 3883 9326 4531 118 9327 4532 118 9328 4533 118 9329 4531 118 9330 4533 118 9331 4534 118 9332 4535 3884 9333 4536 3885 9334 4537 3886 9335 4535 3884 9336 4537 3886 9337 4538 3887 9338 4539 3888 9339 4540 3889 9340 4541 3890 9341 4539 3888 9342 4541 3890 9343 4542 3891 9344 4543 3892 9345 4544 3893 9346 4545 3894 9347 4543 3892 9348 4545 3894 9349 4546 3895 9350 4547 274 9351 4548 274 9352 4549 274 9353 4547 274 9354 4549 274 9355 4550 274 9356 4551 255 9357 4552 255 9358 4553 255 9359 4551 255 9360 4553 255 9361 4554 255 9362 4555 255 9363 4556 255 9364 4557 255 9365 4555 255 9366 4557 255 9367 4558 255 9368 4559 2498 9369 4560 3896 9370 4561 3897 9371 4559 2498 9372 4561 3897 9373 4562 3898 9374 4563 3899 9375 4564 3900 9376 4565 3901 9377 4563 3899 9378 4565 3901 9379 4566 3902 9380 4567 3903 9381 4568 3904 9382 4569 3905 9383 4567 3903 9384 4569 3905 9385 4570 3906 9386 4571 3907 9387 4572 3908 9388 4573 3909 9389 4571 3907 9390 4573 3909 9391 4574 3910 9392 4575 274 9393 2698 274 9394 2697 274 9395 4575 274 9396 2697 274 9397 4576 274 9398 4577 3911 9399 4578 3911 9400 4579 3911 9401 4577 274 9402 4579 274 9403 4580 274 9404 4581 274 9405 4582 274 9406 4583 274 9407 4581 274 9408 4583 274 9409 4584 274 9410 4563 3899 9411 4566 3902 9412 4568 3904 9413 4563 3899 9414 4568 3904 9415 4567 3903 9416 4585 3912 9417 4586 3913 9418 4570 3906 9419 4585 3912 9420 4570 3906 9421 4569 3905 9422 4587 255 9423 4588 255 9424 4589 255 9425 4587 2511 9426 4589 2511 9427 4590 2511 9428 4591 3914 9429 4592 3915 9430 4593 3916 9431 4591 3914 9432 4593 3916 9433 4594 2508 9434 4592 3915 9435 4562 3898 9436 4561 3897 9437 4592 3915 9438 4561 3897 9439 4593 3916 9440 4595 255 9441 4596 255 9442 4597 255 9443 4595 255 9444 4597 255 9445 4598 255 9446 4599 3917 9447 4600 3918 9448 4586 3913 9449 4599 3917 9450 4586 3913 9451 4585 3912 9452 4574 3910 9453 4573 3909 9454 4560 3896 9455 4574 3910 9456 4560 3896 9457 4559 2498 9458 4551 3919 9459 4554 3919 9460 4601 3919 9461 4551 3920 9462 4601 3920 9463 4602 3920 9464 4603 274 9465 4604 274 9466 4605 274 9467 4603 274 9468 4605 274 9469 4606 274 9470 4607 255 9471 4608 255 9472 4609 255 9473 4607 255 9474 4609 255 9475 4610 255 9476 4611 3921 9477 4612 3921 9478 4613 3921 9479 4611 255 9480 4613 255 9481 4614 255 9482 4615 3922 9483 4616 3922 9484 4617 3922 9485 4615 274 9486 4617 274 9487 4618 274 9488 4619 3923 9489 4620 3924 9490 4621 3925 9491 4619 3923 9492 4621 3925 9493 4622 3926 9494 4623 255 9495 4624 255 9496 4625 255 9497 4623 255 9498 4625 255 9499 4626 255 9500 4627 3927 9501 4628 3928 9502 4629 3929 9503 4627 3927 9504 4629 3929 9505 4630 3930 9506 2708 2498 9507 2707 2497 9508 2719 2506 9509 2708 2498 9510 2719 2506 9511 2718 2505 9512 2700 274 9513 2699 274 9514 2734 274 9515 2700 274 9516 2734 274 9517 2733 274 9518 4631 2491 9519 4632 2491 9520 4633 2491 9521 4631 255 9522 4633 255 9523 4634 255 9524 4635 255 9525 4636 255 9526 4637 255 9527 4635 255 9528 4637 255 9529 4638 255 9530 4565 3901 9531 4564 3900 9532 4628 3928 9533 4565 3901 9534 4628 3928 9535 4627 3927 9536 4639 3931 9537 4640 3932 9538 4630 3930 9539 4639 3931 9540 4630 3930 9541 4629 3929 9542 4641 274 9543 4642 274 9544 4643 274 9545 4641 3933 9546 4643 3933 9547 4644 3933 9548 4645 3934 9549 4646 3935 9550 4647 3936 9551 4645 3934 9552 4647 3936 9553 4648 3937 9554 4646 3935 9555 4622 3926 9556 4621 3925 9557 4646 3935 9558 4621 3925 9559 4647 3936 9560 4649 274 9561 4650 274 9562 4651 274 9563 4649 274 9564 4651 274 9565 4652 274 9566 4653 2473 9567 4654 3938 9568 4640 3932 9569 4653 2473 9570 4640 3932 9571 4639 3931 9572 4572 3908 9573 4571 3907 9574 4620 3924 9575 4572 3908 9576 4620 3924 9577 4619 3923 9578 4655 2468 9579 4656 2468 9580 4657 2468 9581 4655 274 9582 4657 274 9583 4658 274 9584 4659 255 9585 4660 255 9586 4661 255 9587 4659 3939 9588 4661 3939 9589 4662 3939 9590 4663 118 9591 4664 118 9592 4665 118 9593 4663 118 9594 4665 118 9595 4666 118 9596 4667 182 9597 4668 182 9598 4669 182 9599 4667 182 9600 4669 182 9601 4670 182 9602 4671 182 9603 4672 182 9604 4673 182 9605 4671 182 9606 4673 182 9607 4674 182 9608 4675 255 9609 4676 255 9610 4677 255 9611 4675 255 9612 4677 255 9613 4678 255 9614 4679 255 9615 4680 255 9616 4681 255 9617 4679 255 9618 4681 255 9619 4682 255 9620 4683 3940 9621 4684 3941 9622 4685 3942 9623 4683 3940 9624 4685 3942 9625 4686 3943 9626 4687 274 9627 4688 274 9628 4689 3944 9629 4687 274 9630 4689 3944 9631 4690 3945 9632 599 150 9633 593 150 9634 4691 150 9635 599 150 9636 4691 150 9637 4692 150 9638 600 150 9639 599 150 9640 4693 3946 9641 600 150 9642 4693 3946 9643 4694 3947 9644 596 118 9645 601 118 9646 606 118 9647 596 118 9648 606 118 9649 4695 118 9650 4696 3948 9651 4697 3949 9652 4684 3941 9653 4696 3948 9654 4684 3941 9655 4683 3940 9656 4698 3950 9657 4699 3950 9658 4700 3950 9659 4698 3951 9660 4700 3951 9661 4701 3951 9662 4702 239 9663 4703 239 9664 4704 239 9665 4702 239 9666 4704 239 9667 4705 239 9668 594 150 9669 593 150 9670 599 150 9671 594 3952 9672 599 3952 9673 598 3952 9674 4706 3953 9675 4707 3954 9676 4708 3955 9677 4706 3953 9678 4708 3955 9679 4709 3956 9680 4710 3957 9681 4711 3958 9682 4712 3959 9683 4710 3957 9684 4712 3959 9685 4713 3960 9686 4713 3960 9687 4712 3959 9688 4714 3961 9689 4713 3960 9690 4714 3961 9691 4715 3962 9692 4716 3963 9693 4717 3964 9694 4718 3965 9695 4716 3963 9696 4718 3965 9697 4719 3966 9698 4719 3966 9699 4718 3965 9700 4720 3967 9701 4719 3966 9702 4720 3967 9703 4721 3968 9704 4722 3969 9705 4723 3970 9706 4724 3971 9707 4722 3969 9708 4724 3971 9709 4725 3972 9710 4726 3973 9711 4727 3974 9712 4728 3975 9713 4726 3973 9714 4728 3975 9715 4729 3976 9716 4730 3977 9717 4731 3978 9718 4707 3954 9719 4730 3977 9720 4707 3954 9721 4706 3953 9722 4732 3979 9723 4733 3979 9724 4734 3979 9725 4732 3980 9726 4734 3980 9727 4735 3980 9728 4736 3981 9729 4737 3981 9730 4738 3981 9731 4736 3982 9732 4738 3982 9733 4739 3982 9734 4740 3983 9735 4741 3984 9736 4742 3985 9737 4740 3983 9738 4742 3985 9739 4743 3986 9740 4744 274 9741 4745 274 9742 619 517 9743 4744 274 9744 619 517 9745 610 510 9746 4746 3987 9747 4747 3988 9748 4748 3989 9749 4746 3990 9750 4748 3991 9751 4749 3992 9752 4750 3993 9753 4751 3994 9754 4741 3984 9755 4750 3993 9756 4741 3984 9757 4740 3983 9758 4752 3995 9759 4753 3995 9760 4754 3995 9761 4752 3996 9762 4754 3996 9763 4755 3996 9764 4756 3997 9765 4757 3998 9766 4758 3999 9767 4756 4000 9768 4758 4001 9769 4759 4002 9770 4760 4003 9771 4761 4003 9772 4762 4003 9773 4760 4004 9774 4762 4004 9775 4763 4004 9776 621 519 9777 4751 3994 9778 4750 3993 9779 621 519 9780 4750 3993 9781 611 511 9782 4764 4005 9783 4765 4005 9784 4766 4005 9785 4764 4005 9786 4766 4005 9787 4767 4005 9788 4768 4006 9789 4769 4007 9790 4770 4008 9791 4768 4009 9792 4770 4010 9793 4771 4011 9794 4772 4012 9795 4773 4013 9796 4774 4014 9797 4772 4015 9798 4774 4016 9799 4775 4017 9800 610 510 9801 619 517 9802 621 519 9803 610 510 9804 621 519 9805 611 511 9806 613 513 9807 633 531 9808 626 524 9809 613 513 9810 626 524 9811 614 514 9812 625 523 9813 635 533 9814 634 532 9815 625 523 9816 634 532 9817 623 521 9818 629 527 9819 637 535 9820 635 533 9821 629 527 9822 635 533 9823 625 523 9824 614 514 9825 626 524 9826 639 537 9827 614 514 9828 639 537 9829 631 529 9830 4776 4018 9831 4777 4018 9832 4778 4018 9833 4776 4019 9834 4778 4019 9835 4779 4019 9836 633 531 9837 613 513 9838 4780 4020 9839 633 531 9840 4780 4020 9841 4781 4021 9842 4782 4022 9843 4783 4023 9844 4784 4024 9845 4782 4022 9846 4784 4024 9847 4785 4025 9848 4786 4026 9849 4787 4027 9850 4783 4023 9851 4786 4026 9852 4783 4023 9853 4782 4022 9854 4788 4028 9855 4789 4028 9856 4790 4028 9857 4788 4029 9858 4790 4029 9859 4791 4029 9860 4781 4021 9861 4780 4020 9862 4792 4030 9863 4781 4021 9864 4792 4030 9865 4793 4031 9866 623 521 9867 634 532 9868 4787 4027 9869 623 521 9870 4787 4027 9871 4786 4026 9872 4794 4032 9873 4795 4032 9874 4796 4032 9875 4794 4032 9876 4796 4032 9877 4797 4032 9878 4793 4031 9879 4792 4030 9880 4798 4033 9881 4793 4031 9882 4798 4033 9883 4799 4034 9884 4800 4035 9885 4801 4036 9886 4802 4037 9887 4800 4035 9888 4802 4037 9889 4803 4038 9890 4803 4038 9891 4802 4037 9892 4804 4039 9893 4803 4038 9894 4804 4039 9895 4805 4040 9896 4806 4041 9897 4807 4042 9898 4808 4043 9899 4806 4041 9900 4808 4043 9901 4809 4044 9902 4809 4044 9903 4808 4043 9904 4810 4045 9905 4809 4044 9906 4810 4045 9907 4811 4046 9908 4812 4047 9909 4813 4048 9910 4814 4049 9911 4812 4047 9912 4814 4049 9913 4815 4050 9914 4815 4050 9915 4814 4049 9916 4816 4051 9917 4815 4050 9918 4816 4051 9919 4817 4052 9920 698 595 9921 4818 4053 9922 4819 4054 9923 698 595 9924 4819 4054 9925 699 596 9926 4820 4055 9927 4821 4056 9928 4822 4057 9929 4820 4055 9930 4822 4057 9931 4823 4058 9932 4824 4059 9933 4825 4060 9934 687 584 9935 4824 4059 9936 687 584 9937 686 583 9938 695 592 9939 688 585 9940 687 584 9941 695 592 9942 687 584 9943 696 593 9944 691 4061 9945 4825 4060 9946 4824 4059 9947 691 4061 9948 4824 4059 9949 4826 4062 9950 4827 4063 9951 4828 4064 9952 4829 4065 9953 4827 4063 9954 4829 4065 9955 4830 4066 9956 702 599 9957 708 605 9958 705 602 9959 702 599 9960 705 602 9961 703 600 9962 4830 4066 9963 4831 4067 9964 4832 4068 9965 4830 4066 9966 4832 4068 9967 4827 4063 9968 704 601 9969 701 598 9970 4832 4068 9971 704 601 9972 4832 4068 9973 4831 4067 9974 710 607 9975 4833 4069 9976 4832 4068 9977 710 607 9978 4832 4068 9979 701 598 9980 700 597 9981 699 596 9982 4834 4070 9983 700 597 9984 4834 4070 9985 4835 4071 9986 4818 4053 9987 4822 4057 9988 4821 4056 9989 4818 4053 9990 4821 4056 9991 4819 4054 9992 712 609 9993 4834 4070 9994 699 596 9995 712 609 9996 699 596 9997 713 610 9998 682 579 9999 684 581 10000 690 587 10001 682 579 10002 690 587 10003 689 586 10004 89 87 10005 96 94 10006 98 96 10007 89 87 10008 98 96 10009 90 88 10010 4836 4072 10011 4837 4073 10012 4838 4074 10013 4836 4072 10014 4838 4074 10015 4839 4075 10016 4840 4076 10017 4841 4076 10018 4842 4076 10019 4840 150 10020 4842 150 10021 4843 150 10022 4844 4077 10023 4845 2368 10024 4846 2367 10025 4844 4077 10026 4846 2367 10027 4847 4078 10028 4848 118 10029 4849 118 10030 4850 118 10031 4848 4079 10032 4850 4079 10033 4851 4079 10034 4852 4080 10035 4853 2372 10036 4854 4081 10037 4852 4080 10038 4854 4081 10039 4855 4082 10040 4856 4083 10041 4857 4084 10042 4845 2368 10043 4856 4083 10044 4845 2368 10045 4844 4077 10046 4858 4085 10047 4859 4086 10048 4853 2372 10049 4858 4085 10050 4853 2372 10051 4852 4080 10052 4860 4087 10053 4861 2378 10054 4857 4084 10055 4860 4087 10056 4857 4084 10057 4856 4083 10058 4862 4088 10059 4863 4089 10060 4859 4086 10061 4862 4088 10062 4859 4086 10063 4858 4085 10064 4864 4090 10065 4861 2378 10066 4860 4087 10067 4864 4090 10068 4860 4087 10069 4865 2382 10070 4866 4091 10071 4867 4092 10072 4863 4089 10073 4866 4091 10074 4863 4089 10075 4862 4088 10076 4840 4093 10077 4868 4093 10078 4869 4093 10079 4840 4094 10080 4869 4094 10081 4841 4094 10082 4870 182 10083 4871 182 10084 4872 182 10085 4870 182 10086 4872 182 10087 4873 182 10088 4847 4078 10089 4846 2367 10090 4839 4075 10091 4847 4078 10092 4839 4075 10093 4838 4074 10094 4855 4082 10095 4854 4081 10096 4874 4095 10097 4855 4082 10098 4874 4095 10099 4875 4096 10100 4869 150 10101 4868 150 10102 4876 150 10103 4869 4097 10104 4876 4097 10105 4877 4097 10106 4877 4098 10107 4876 4098 10108 4878 4098 10109 4877 4099 10110 4878 4099 10111 4879 4099 10112 4879 4100 10113 4878 4100 10114 4880 4100 10115 4879 4101 10116 4880 4101 10117 4881 4101 10118 4864 4090 10119 4865 2382 10120 4882 4102 10121 4864 4090 10122 4882 4102 10123 4883 4103 10124 4881 4104 10125 4880 4104 10126 4884 4104 10127 4881 4105 10128 4884 4105 10129 4885 4105 10130 4843 4106 10131 4842 4106 10132 4886 4106 10133 4843 4107 10134 4886 4108 10135 4887 4108 10136 4875 4096 10137 4874 4095 10138 4888 4109 10139 4875 4096 10140 4888 4109 10141 4889 2399 10142 4890 2973 10143 4891 4110 10144 4867 4092 10145 4890 2973 10146 4867 4092 10147 4866 4091 10148 4892 150 10149 4893 150 10150 4894 150 10151 4892 150 10152 4894 150 10153 4895 150 10154 4896 150 10155 4897 150 10156 4898 150 10157 4896 150 10158 4898 150 10159 4899 150 10160 4900 118 10161 4901 118 10162 4902 118 10163 4900 118 10164 4902 118 10165 4903 118 10166 4893 4111 10167 4892 4111 10168 4904 4111 10169 4893 4112 10170 4904 4112 10171 4905 4112 10172 4906 255 10173 4907 255 10174 4908 255 10175 4906 255 10176 4908 255 10177 4909 255 10178 4910 182 10179 4911 182 10180 4912 182 10181 4910 182 10182 4912 182 10183 4913 182 10184 4914 4113 10185 4915 4113 10186 4916 4113 10187 4914 4114 10188 4916 4114 10189 4917 4114 10190 4918 4115 10191 4919 4115 10192 4920 4115 10193 4918 4116 10194 4920 4116 10195 4921 4116 10196 4922 4117 10197 4923 4117 10198 4924 4117 10199 4922 118 10200 4924 118 10201 4925 118 10202 4926 118 10203 4927 118 10204 4928 118 10205 4926 118 10206 4928 118 10207 4929 118 10208 4897 150 10209 4896 150 10210 4930 150 10211 4897 150 10212 4930 150 10213 4931 150 10214 4932 255 10215 4933 255 10216 4934 255 10217 4932 255 10218 4934 255 10219 4935 255 10220 4936 182 10221 4937 182 10222 4938 182 10223 4936 182 10224 4938 182 10225 4939 182 10226 4940 4113 10227 4941 4113 10228 4942 4113 10229 4940 4114 10230 4942 4114 10231 4943 4114 10232 4944 4115 10233 4945 4115 10234 4946 4115 10235 4944 4118 10236 4946 4118 10237 4947 4118 10238 4929 118 10239 4928 118 10240 4948 118 10241 4929 118 10242 4948 118 10243 4949 118 10244 4950 4119 10245 4951 4120 10246 4952 4121 10247 4950 4122 10248 4952 4123 10249 4953 4124 10250 4954 150 10251 4955 150 10252 4956 150 10253 4954 150 10254 4956 150 10255 4957 150 10256 4958 4125 10257 4959 4126 10258 4960 4127 10259 4958 4128 10260 4960 4129 10261 4961 4130 10262 4962 182 10263 4963 182 10264 4964 182 10265 4962 182 10266 4964 182 10267 4965 182 10268 4966 4131 10269 4967 4132 10270 4968 4133 10271 4966 4131 10272 4968 4133 10273 4969 4134 10274 4970 4135 10275 4971 4136 10276 4972 4137 10277 4970 4135 10278 4972 4137 10279 4973 4138 10280 4974 118 10281 4975 118 10282 4976 118 10283 4974 4139 10284 4976 4139 10285 4977 4139 10286 4967 4132 10287 4966 4131 10288 4971 4136 10289 4967 4132 10290 4971 4136 10291 4970 4135 10292 4978 4140 10293 4979 4140 10294 4980 4140 10295 4978 4141 10296 4980 4141 10297 4981 4141 10298 4982 4142 10299 4983 4142 10300 4984 4142 10301 4982 4143 10302 4984 4143 10303 4985 4143 10304 4986 4144 10305 4987 4145 10306 4988 4146 10307 4986 4147 10308 4988 4148 10309 4989 4149 10310 4990 4150 10311 4991 4150 10312 4992 4150 10313 4990 4151 10314 4992 4151 10315 4993 4151 10316 4973 4138 10317 4972 4137 10318 4994 4152 10319 4973 4138 10320 4994 4152 10321 4995 4153 10322 4996 4154 10323 4997 4154 10324 4998 4154 10325 4996 4155 10326 4998 4155 10327 4999 4155 10328 5000 4156 10329 5001 4157 10330 5002 4158 10331 5000 4156 10332 5002 4158 10333 5003 4159 10334 5003 4159 10335 5002 4158 10336 5004 4160 10337 5003 4159 10338 5004 4160 10339 5005 4161 10340 5006 4162 10341 5007 4163 10342 5008 4164 10343 5006 4162 10344 5008 4164 10345 5009 4165 10346 5009 4165 10347 5008 4164 10348 5010 4166 10349 5009 4165 10350 5010 4166 10351 5011 4167 10352 5012 4168 10353 5013 4169 10354 5014 4170 10355 5012 4168 10356 5014 4170 10357 5015 4171 10358 5015 4171 10359 5014 4170 10360 5016 4172 10361 5015 4171 10362 5016 4172 10363 5017 4173 10364 3322 2981 10365 3325 2984 10366 3332 2987 10367 3322 2981 10368 3332 2987 10369 3352 3007 10370 717 616 10371 5018 4174 10372 5019 4175 10373 717 616 10374 5019 4175 10375 715 614 10376 2350 2195 10377 2385 2230 10378 2384 2229 10379 2350 2195 10380 2384 2229 10381 719 618 10382 56 54 10383 2386 2231 10384 2377 2222 10385 56 54 10386 2377 2222 10387 54 52 10388 2404 2249 10389 735 628 10390 734 627 10391 2404 2249 10392 734 627 10393 5020 4176 10394 3333 2988 10395 3336 2991 10396 3367 3018 10397 3333 2988 10398 3367 3018 10399 3366 3017 10400 5021 150 10401 5022 150 10402 5023 150 10403 5021 150 10404 5023 150 10405 5024 150 10406 5025 239 10407 5026 239 10408 5027 239 10409 5025 239 10410 5027 239 10411 5028 239 10412 5029 118 10413 5030 118 10414 5031 118 10415 5029 118 10416 5031 118 10417 5032 118 10418 5033 150 10419 5034 150 10420 5035 150 10421 5033 150 10422 5035 150 10423 5036 150 10424 5037 255 10425 5038 255 10426 5039 255 10427 5037 255 10428 5039 255 10429 5040 255 10430 5041 239 10431 5042 239 10432 5043 239 10433 5041 239 10434 5043 239 10435 5044 239 10436 5045 118 10437 5046 118 10438 5047 118 10439 5045 118 10440 5047 118 10441 5048 118 10442 5049 255 10443 5050 255 10444 5051 255 10445 5049 255 10446 5051 255 10447 5052 255 10448 2390 2235 10449 2389 2234 10450 2371 2216 10451 2390 2235 10452 2371 2216 10453 2370 2215 10454 762 655 10455 761 654 10456 786 679 10457 762 655 10458 786 679 10459 5053 4177 10460 775 668 10461 5054 4178 10462 5055 4179 10463 775 668 10464 5055 4179 10465 752 645 10466 5056 4180 10467 770 663 10468 769 662 10469 5056 4180 10470 769 662 10471 5057 4181 10472 752 645 10473 5055 4179 10474 5053 4177 10475 752 645 10476 5053 4177 10477 786 679 10478 887 780 10479 890 783 10480 980 873 10481 887 780 10482 980 873 10483 917 810 10484 5058 4182 10485 5059 4183 10486 5060 4184 10487 5058 4182 10488 5060 4184 10489 5061 4185 10490 5062 4186 10491 5063 4187 10492 5064 4188 10493 5062 4186 10494 5064 4188 10495 5065 4189 10496 1083 976 10497 5066 4190 10498 1102 995 10499 1083 976 10500 1102 995 10501 1084 977 10502 1065 958 10503 1099 992 10504 5067 4191 10505 1065 958 10506 5067 4191 10507 5068 4192 10508 1094 987 10509 1093 986 10510 5069 4193 10511 1094 987 10512 5069 4193 10513 5070 4194 10514 5071 4195 10515 1075 968 10516 1102 995 10517 5071 4195 10518 1102 995 10519 5066 4190 10520 1335 1229 10521 1320 1214 10522 1374 1268 10523 1335 1229 10524 1374 1268 10525 1337 1231 10526 1199 1092 10527 1198 1091 10528 5072 4196 10529 1199 1092 10530 5072 4196 10531 5073 4197 10532 5074 4198 10533 5075 4199 10534 5076 4200 10535 5074 4198 10536 5076 4200 10537 5077 4201 10538 1378 1272 10539 1448 1342 10540 1447 1341 10541 1378 1272 10542 1447 1341 10543 1375 1269 10544 1388 1282 10545 5078 4202 10546 5079 4203 10547 1388 1282 10548 5079 4203 10549 5080 4204 10550 1381 1275 10551 5081 4205 10552 5082 4206 10553 1381 1275 10554 5082 4206 10555 5083 4207 10556 1424 1318 10557 5084 4208 10558 5085 4209 10559 1424 1318 10560 5085 4209 10561 1421 1315 10562 5086 4210 10563 1383 1277 10564 1400 1294 10565 5086 4210 10566 1400 1294 10567 5087 4211 10568 1387 1281 10569 5088 4212 10570 5078 4202 10571 1387 1281 10572 5078 4202 10573 1388 1282 10574 1380 1274 10575 5089 4213 10576 5081 4205 10577 1380 1274 10578 5081 4205 10579 1381 1275 10580 1448 1342 10581 1417 1311 10582 1446 1340 10583 1448 1342 10584 1446 1340 10585 1449 1343 10586 1379 1273 10587 1419 1313 10588 1418 1312 10589 1379 1273 10590 1418 1312 10591 1377 1271 10592 1383 1277 10593 5086 4210 10594 5090 4214 10595 1383 1277 10596 5090 4214 10597 1384 1278 10598 1384 1278 10599 5090 4214 10600 5091 4215 10601 1384 1278 10602 5091 4215 10603 1436 1330 10604 5089 4213 10605 1380 1274 10606 1434 1328 10607 5089 4213 10608 1434 1328 10609 5092 4216 10610 1424 1318 10611 1429 1323 10612 5093 4217 10613 1424 1318 10614 5093 4217 10615 5084 4208 10616 1418 1312 10617 1420 1314 10618 1415 1309 10619 1418 1312 10620 1415 1309 10621 1414 1308 10622 5094 4218 10623 5095 4219 10624 5096 4220 10625 5094 4218 10626 5096 4220 10627 5097 4221 10628 1525 1419 10629 1528 1422 10630 5098 4222 10631 1525 1419 10632 5098 4222 10633 5099 4223 10634 1529 1423 10635 1506 1400 10636 5100 4224 10637 1529 1423 10638 5100 4224 10639 5101 4225 10640 1519 1413 10641 1518 1412 10642 5102 4226 10643 1519 1413 10644 5102 4226 10645 5103 4227 10646 1523 1417 10647 1522 1416 10648 5104 4228 10649 1523 1417 10650 5104 4228 10651 5105 4229 10652 5106 4230 10653 5107 4231 10654 5108 4232 10655 5106 4230 10656 5108 4232 10657 5109 4233 10658 1566 1460 10659 5110 4234 10660 5111 4235 10661 1566 1460 10662 5111 4235 10663 1567 1461 10664 5112 4236 10665 5113 4237 10666 5114 4238 10667 5112 4236 10668 5114 4238 10669 5115 4239 10670 5116 4240 10671 5117 4241 10672 5118 4242 10673 5116 4240 10674 5118 4242 10675 5119 4243 10676 5120 4244 10677 5121 4245 10678 5122 4246 10679 5120 4244 10680 5122 4246 10681 5123 4247 10682 5124 4248 10683 5125 4249 10684 5126 4250 10685 5124 4248 10686 5126 4250 10687 5127 4251 10688 5128 4252 10689 5129 4253 10690 5130 4254 10691 5128 4252 10692 5130 4254 10693 5131 4255 10694 5132 4256 10695 5133 4257 10696 5134 4258 10697 5132 4256 10698 5134 4258 10699 5135 4259 10700 5136 4260 10701 5137 4261 10702 5138 4262 10703 5136 4260 10704 5138 4262 10705 5139 4263 10706 5140 4264 10707 5141 4265 10708 5142 4266 10709 5140 4264 10710 5142 4266 10711 5143 4267 10712 5144 4268 10713 5145 4269 10714 5146 4270 10715 5144 4268 10716 5146 4270 10717 5147 4271 10718 5148 4272 10719 5149 4273 10720 5150 4274 10721 5148 4272 10722 5150 4274 10723 5151 4275 10724 5137 4261 10725 5152 4276 10726 5153 4277 10727 5137 4261 10728 5153 4277 10729 5138 4262 10730 5154 4278 10731 5155 4279 10732 5156 4280 10733 5154 4278 10734 5156 4280 10735 5157 4281 10736 5145 4269 10737 5158 4282 10738 5159 4283 10739 5145 4269 10740 5159 4283 10741 5146 4270 10742 5149 4273 10743 5160 4284 10744 5161 4285 10745 5149 4273 10746 5161 4285 10747 5150 4274 10748 5152 4276 10749 5162 4286 10750 5163 4287 10751 5152 4276 10752 5163 4287 10753 5153 4277 10754 5155 4279 10755 5164 4288 10756 5165 4289 10757 5155 4279 10758 5165 4289 10759 5156 4280 10760 5158 4282 10761 5166 4290 10762 5167 4291 10763 5158 4282 10764 5167 4291 10765 5159 4283 10766 5168 4292 10767 5169 4293 10768 5170 4294 10769 5168 4292 10770 5170 4294 10771 5171 4295 10772 5162 4286 10773 5172 4296 10774 5173 4297 10775 5162 4286 10776 5173 4297 10777 5163 4287 10778 5174 4298 10779 5175 4299 10780 5176 4300 10781 5174 4298 10782 5176 4300 10783 5177 4301 10784 5166 4290 10785 5178 4302 10786 5179 4303 10787 5166 4290 10788 5179 4303 10789 5167 4291 10790 5180 4304 10791 5181 4305 10792 5182 4306 10793 5180 4304 10794 5182 4306 10795 5183 4307 10796 5184 4308 10797 5185 4309 10798 5186 4310 10799 5184 4308 10800 5186 4310 10801 5187 4311 10802 5188 4312 10803 5189 4313 10804 5190 4314 10805 5188 4312 10806 5190 4314 10807 5191 4315 10808 5192 4316 10809 5193 4317 10810 5194 4318 10811 5192 4316 10812 5194 4318 10813 5195 4319 10814 5181 4305 10815 5196 4320 10816 5197 4321 10817 5181 4305 10818 5197 4321 10819 5182 4306 10820 5198 4322 10821 5199 4323 10822 5200 4324 10823 5198 4322 10824 5200 4324 10825 5201 4325 10826 5189 4313 10827 5202 4326 10828 5203 4327 10829 5189 4313 10830 5203 4327 10831 5190 4314 10832 5204 4328 10833 5205 4329 10834 5206 4330 10835 5204 4328 10836 5206 4330 10837 5207 4331 10838 5196 4320 10839 5208 4332 10840 5209 4333 10841 5196 4320 10842 5209 4333 10843 5197 4321 10844 5199 4323 10845 5210 4334 10846 5211 4335 10847 5199 4323 10848 5211 4335 10849 5200 4324 10850 5202 4326 10851 5212 4336 10852 5213 4337 10853 5202 4326 10854 5213 4337 10855 5203 4327 10856 5205 4329 10857 5214 4338 10858 5215 4339 10859 5205 4329 10860 5215 4339 10861 5206 4330 10862 5208 4332 10863 5216 4340 10864 5217 4341 10865 5208 4332 10866 5217 4341 10867 5209 4333 10868 5218 4342 10869 5219 4343 10870 5220 4344 10871 5218 4342 10872 5220 4344 10873 5221 4345 10874 5212 4336 10875 5222 4346 10876 5223 4347 10877 5212 4336 10878 5223 4347 10879 5213 4337 10880 5224 4348 10881 5225 4349 10882 5226 4350 10883 5224 4348 10884 5226 4350 10885 5227 4351 10886 5228 4352 10887 5229 4353 10888 5230 4354 10889 5228 4352 10890 5230 4354 10891 5231 4355 10892 1484 1378 10893 1483 1377 10894 5232 4356 10895 1484 1378 10896 5232 4356 10897 5233 4357 10898 5234 4358 10899 5235 4359 10900 5236 4360 10901 5234 4358 10902 5236 4360 10903 5237 4361 10904 1475 1369 10905 1474 1368 10906 5238 4362 10907 1475 1369 10908 5238 4362 10909 5239 4363 10910 5240 4364 10911 5241 4365 10912 5242 4366 10913 5240 4367 10914 5242 4368 10915 5243 4369 10916 5244 4370 10917 5245 4370 10918 5246 4370 10919 5244 4371 10920 5246 4371 10921 5247 4371 10922 5248 4372 10923 5249 4373 10924 5250 4374 10925 5248 4372 10926 5250 4374 10927 5251 4375 10928 5252 4376 10929 5253 4377 10930 5254 4378 10931 5252 4376 10932 5254 4378 10933 5255 4379 10934 5256 4380 10935 5257 4381 10936 5258 4382 10937 5256 4380 10938 5258 4382 10939 5259 4383 10940 5260 4384 10941 5261 4385 10942 5262 4386 10943 5260 4384 10944 5262 4386 10945 5263 4387 10946 1272 1166 10947 1234 1127 10948 5264 4388 10949 1272 1166 10950 5264 4388 10951 5265 4389 10952 5266 4390 10953 1911 1787 10954 1914 1790 10955 5266 4390 10956 1914 1790 10957 1976 1852 10958 1921 4391 10959 5267 4391 10960 5268 4391 10961 1921 4392 10962 5268 4392 10963 1922 4392 10964 1917 1793 10965 1919 1795 10966 5269 4393 10967 1917 1793 10968 5269 4393 10969 5270 4394 10970 1976 1852 10971 1913 1789 10972 5271 4395 10973 1976 1852 10974 5271 4395 10975 5272 4396 10976 1924 1800 10977 5273 4397 10978 5274 4398 10979 1924 1800 10980 5274 4398 10981 1919 1795 10982 5275 4399 10983 5274 4398 10984 1976 1852 10985 5275 4399 10986 1976 1852 10987 5272 4396 10988 1936 1812 10989 1920 1796 10990 1933 1809 10991 1936 1812 10992 1933 1809 10993 1932 1808 10994 5269 4393 10995 1919 1795 10996 5274 4398 10997 5269 4393 10998 5274 4398 10999 5275 4399 11000 5276 4400 11001 1977 1853 11002 1952 1828 11003 5276 4400 11004 1952 1828 11005 1948 1824 11006 5277 4401 11007 1949 1825 11008 1977 1853 11009 5277 4401 11010 1977 1853 11011 5278 4402 11012 5279 4403 11013 1953 1829 11014 5280 4404 11015 5279 4403 11016 5280 4404 11017 5281 4405 11018 1977 1853 11019 5279 4403 11020 5281 4405 11021 1977 1853 11022 5281 4405 11023 5278 4402 11024 1953 1829 11025 1955 1831 11026 5282 4406 11027 1953 1829 11028 5282 4406 11029 5280 4404 11030 5266 4390 11031 1976 1852 11032 5274 4398 11033 5266 4390 11034 5274 4398 11035 5273 4397 11036 1959 4407 11037 5283 4408 11038 5284 4408 11039 1959 4409 11040 5284 4409 11041 1956 4409 11042 5285 4410 11043 5279 4403 11044 1977 1853 11045 5285 4410 11046 1977 1853 11047 5276 4400 11048 1979 1855 11049 1953 1829 11050 5279 4403 11051 1979 1855 11052 5279 4403 11053 5285 4410 11054 1967 1843 11055 1957 1833 11056 1971 1847 11057 1967 1843 11058 1971 1847 11059 1964 1840 11060 1955 1831 11061 5286 4411 11062 5287 4412 11063 1955 1831 11064 5287 4412 11065 5282 4406 11066 5288 4413 11067 5289 4414 11068 5290 4415 11069 5288 4413 11070 5290 4415 11071 5291 4416 11072 5289 4414 11073 5292 4417 11074 5293 4418 11075 5289 4414 11076 5293 4418 11077 5290 4415 11078 5292 4417 11079 5294 4419 11080 5295 4420 11081 5292 4417 11082 5295 4420 11083 5293 4418 11084 5296 4421 11085 5297 4422 11086 5298 4423 11087 5296 4421 11088 5298 4423 11089 5299 4424 11090 5297 4422 11091 5300 4425 11092 5301 4426 11093 5297 4422 11094 5301 4426 11095 5298 4423 11096 5300 4425 11097 5288 4413 11098 5291 4416 11099 5300 4425 11100 5291 4416 11101 5301 4426 11102 5302 182 11103 5303 182 11104 5304 182 11105 5302 182 11106 5304 182 11107 5305 182 11108 5306 182 11109 5307 182 11110 5308 182 11111 5306 182 11112 5308 182 11113 5309 182 11114 5310 255 11115 5311 255 11116 5312 255 11117 5310 255 11118 5312 255 11119 5313 255 11120 5314 255 11121 5315 255 11122 5316 255 11123 5314 255 11124 5316 255 11125 5317 255 11126 5318 4427 11127 5319 4428 11128 5320 4429 11129 5318 4427 11130 5320 4429 11131 5321 4430 11132 5322 274 11133 5323 3944 11134 5324 3945 11135 5322 274 11136 5324 3945 11137 5325 274 11138 5326 118 11139 5327 118 11140 5328 118 11141 5326 118 11142 5328 118 11143 2089 118 11144 2101 118 11145 5329 4431 11146 5330 4432 11147 2101 118 11148 5330 4432 11149 5326 118 11150 2092 150 11151 5331 150 11152 2102 150 11153 2092 150 11154 2102 150 11155 2096 150 11156 5332 4433 11157 5318 4427 11158 5321 4430 11159 5332 4433 11160 5321 4430 11161 5333 4434 11162 2092 150 11163 2096 150 11164 2098 150 11165 2092 150 11166 2098 150 11167 2090 150 11168 5334 239 11169 5335 239 11170 5336 239 11171 5334 239 11172 5336 239 11173 5337 239 11174 5338 118 11175 5339 118 11176 5340 118 11177 5338 118 11178 5340 118 11179 5341 118 11180 5342 4435 11181 5343 4435 11182 5344 4435 11183 5343 4436 11184 5342 4436 11185 5345 4436 11186 5343 150 11187 5345 150 11188 5346 150 11189 5346 4437 11190 5345 4437 11191 5347 4437 11192 5348 4438 11193 5349 4438 11194 5350 4438 11195 5349 150 11196 5348 150 11197 5351 150 11198 5349 150 11199 5351 150 11200 5352 150 11201 5352 4439 11202 5351 4439 11203 5353 4439 11204 5354 4438 11205 5355 4438 11206 5356 4438 11207 5355 150 11208 5354 150 11209 5357 150 11210 5355 150 11211 5357 150 11212 5358 150 11213 5358 4439 11214 5357 4439 11215 5359 4439 11216 5360 118 11217 5361 118 11218 5362 118 11219 5361 4440 11220 5360 4440 11221 5363 4440 11222 5361 118 11223 5363 118 11224 5364 118 11225 5364 4441 11226 5363 4441 11227 5365 4441 11228 5364 118 11229 5365 118 11230 5366 118 11231 5366 118 11232 5365 118 11233 5367 118 11234 5368 150 11235 5369 150 11236 5370 150 11237 5369 150 11238 5368 150 11239 5371 150 11240 5369 150 11241 5371 150 11242 5372 150 11243 5372 4442 11244 5371 4442 11245 5373 4442 11246 5372 150 11247 5373 150 11248 5374 150 11249 5374 4443 11250 5373 4443 11251 5375 4443 11252 5376 4444 11253 5377 4444 11254 5378 4444 11255 5377 4445 11256 5376 4445 11257 5379 4445 11258 5379 4446 11259 5376 4446 11260 5380 4446 11261 5379 4447 11262 5380 4447 11263 5381 4447 11264 5382 118 11265 5383 118 11266 5384 118 11267 5383 4448 11268 5382 4448 11269 5385 4448 11270 5383 118 11271 5385 118 11272 5386 118 11273 5386 118 11274 5385 118 11275 5387 118 11276 5388 150 11277 5389 150 11278 5390 150 11279 5389 150 11280 5388 150 11281 5391 150 11282 5389 150 11283 5391 150 11284 5392 150 11285 5392 150 11286 5391 150 11287 5393 150 11288 5394 4449 11289 5395 4449 11290 5396 4449 11291 5395 4450 11292 5394 4450 11293 5397 4450 11294 5397 4451 11295 5394 4451 11296 5398 4451 11297 5397 4452 11298 5398 4452 11299 5399 4452 11300 5400 4453 11301 5401 4453 11302 5402 4453 11303 5401 118 11304 5400 118 11305 5403 118 11306 5401 118 11307 5403 118 11308 5404 118 11309 5404 4454 11310 5403 4454 11311 5405 4454 11312 5406 4453 11313 5407 4453 11314 5408 4453 11315 5407 118 11316 5406 118 11317 5409 118 11318 5407 118 11319 5409 118 11320 5410 118 11321 5410 4454 11322 5409 4454 11323 5411 4454 11324 5412 4455 11325 5413 4455 11326 5414 4455 11327 5413 4456 11328 5412 4456 11329 5415 4456 11330 5413 4457 11331 5415 4457 11332 5416 4457 11333 5416 4458 11334 5415 4458 11335 5417 4458 11336 5416 150 11337 5417 150 11338 5418 150 11339 5419 4459 11340 5420 4459 11341 5421 4459 11342 5420 4460 11343 5419 4460 11344 5422 4460 11345 5420 118 11346 5422 118 11347 5423 118 11348 5423 4461 11349 5422 4461 11350 5424 4461 11351 5423 4462 11352 5424 4462 11353 5425 4462 11354 506 441 11355 3513 3140 11356 517 452 11357 3513 3140 11358 506 441 11359 3514 3141 11360 3514 3141 11361 506 441 11362 510 445 11363 3515 3142 11364 3520 3147 11365 3516 3143 11366 3520 3147 11367 3515 3142 11368 5426 4463 11369 3520 3147 11370 5426 4463 11371 3517 3144 11372 5427 4464 11373 3575 3202 11374 3578 3205 11375 3575 3202 11376 5427 4464 11377 3558 3185 11378 3575 3202 11379 3558 3185 11380 3557 3184 11381 5428 4465 11382 5429 4465 11383 5430 4465 11384 5429 4466 11385 5428 4466 11386 5431 4466 11387 5429 118 11388 5431 118 11389 5432 118 11390 5432 118 11391 5431 118 11392 5433 118 11393 5434 4467 11394 5435 4467 11395 5436 4467 11396 5435 150 11397 5434 150 11398 5437 150 11399 5435 4468 11400 5437 4468 11401 5438 4468 11402 5438 4469 11403 5437 4469 11404 5439 4469 11405 5440 4470 11406 5441 4470 11407 5442 4470 11408 5441 4471 11409 5440 4471 11410 5443 4471 11411 5443 4472 11412 5440 4472 11413 5444 4472 11414 5443 4473 11415 5444 4473 11416 5445 4473 11417 5446 4474 11418 5447 4474 11419 5448 4474 11420 5447 4475 11421 5446 4475 11422 5449 4475 11423 5449 4476 11424 5446 4476 11425 5450 4476 11426 5449 4477 11427 5450 4477 11428 5451 4477 11429 5452 4478 11430 5453 4478 11431 5454 4478 11432 5453 4479 11433 5452 4479 11434 5455 4479 11435 5455 4480 11436 5452 4480 11437 5456 4480 11438 5455 4481 11439 5456 4481 11440 5457 4481 11441 5458 118 11442 5459 118 11443 5460 118 11444 5459 4482 11445 5458 4482 11446 5461 4482 11447 5459 118 11448 5461 118 11449 5462 118 11450 5462 118 11451 5461 118 11452 5463 118 11453 5462 4483 11454 5463 4483 11455 5464 4483 11456 5464 118 11457 5463 118 11458 5465 118 11459 5466 150 11460 5467 150 11461 5468 150 11462 5467 4484 11463 5466 4484 11464 5469 4484 11465 5467 4485 11466 5469 4485 11467 5470 4485 11468 5470 4486 11469 5469 4486 11470 5471 4486 11471 5470 150 11472 5471 150 11473 5472 150 11474 5472 150 11475 5471 150 11476 5473 150 11477 5474 4487 11478 5475 4487 11479 5476 4487 11480 5475 118 11481 5474 118 11482 5477 118 11483 5475 4488 11484 5477 4488 11485 5478 4488 11486 5478 4489 11487 5477 4489 11488 5479 4489 11489 5478 118 11490 5479 118 11491 5480 118 11492 5481 150 11493 5482 150 11494 5483 150 11495 5482 4490 11496 5481 4490 11497 5484 4490 11498 5482 150 11499 5484 150 11500 5485 150 11501 5485 4491 11502 5484 4491 11503 5486 4491 11504 5485 150 11505 5486 150 11506 5487 150 11507 5488 118 11508 5489 118 11509 5490 118 11510 5489 118 11511 5488 118 11512 5491 118 11513 5491 4492 11514 5488 4492 11515 5492 4492 11516 5491 118 11517 5492 118 11518 5493 118 11519 5494 4493 11520 5495 4493 11521 5496 4493 11522 5495 4460 11523 5494 4460 11524 5497 4460 11525 5495 4488 11526 5497 4488 11527 5498 4488 11528 5498 4494 11529 5497 4494 11530 5499 4494 11531 5498 4495 11532 5499 4495 11533 5500 4495 11534 5501 150 11535 5502 150 11536 5503 150 11537 5502 150 11538 5501 150 11539 5504 150 11540 5502 4457 11541 5504 4457 11542 5505 4457 11543 5505 4458 11544 5504 4458 11545 5506 4458 11546 5505 150 11547 5506 150 11548 5507 150 11549 1931 1807 11550 5508 4496 11551 1929 1805 11552 5508 4496 11553 1931 1807 11554 5270 4394 11555 5270 4394 11556 1931 1807 11557 1917 1793 11558 1928 1804 11559 5509 4497 11560 1926 1802 11561 5509 4497 11562 1928 1804 11563 5508 4496 11564 5508 4496 11565 1928 1804 11566 1930 1806 11567 5508 4496 11568 1930 1806 11569 1929 1805 11570 1913 1789 11571 5510 4498 11572 5271 4395 11573 5510 4498 11574 1913 1789 11575 1916 1792 11576 5510 4498 11577 1916 1792 11578 5511 4499 11579 5512 4500 11580 1961 4501 11581 1963 4502 11582 1961 4503 11583 5512 4504 11584 5287 4412 11585 1961 4503 11586 5287 4412 11587 5286 4411 11588 5513 4505 11589 1949 1825 11590 5277 4401 11591 1949 1825 11592 5513 4505 11593 1950 1826 11594 1950 1826 11595 5513 4505 11596 5514 4506 11597 2029 1909 11598 1995 1871 11599 2030 1910 11600 1995 1871 11601 2029 1909 11602 1996 1872 11603 1996 1872 11604 2029 1909 11605 5515 4507 11606</p>
        </triangles>
      </mesh>
    </geometry>
  </library_geometries>
  <library_visual_scenes>
    <visual_scene id="Scene" name="Scene">
      <node id="Loader_car_Loader_car_Material_0" name="Loader_car_Loader_car_Material_0" type="NODE">
        <matrix sid="transform">5.81852e-10 -0.008845679 0 0 0.007706868 6.6783e-10 0 0 0 0 0.009980105 0 0 0 0 1</matrix>
        <instance_geometry url="#Loader_car_Loader_car_Material_0-mesh" name="Loader_car_Loader_car_Material_0">
          <bind_material>
            <technique_common>
              <instance_material symbol="Loader_car_Material-material" target="#Loader_car_Material-material">
                <bind_vertex_input semantic="Loader_car_Loader_car_Material_0-mesh-map-0" input_semantic="TEXCOORD" input_set="0"/>
              </instance_material>
            </technique_common>
          </bind_material>
        </instance_geometry>
      </node>
      <node id="Camera" name="Camera" type="NODE">
        <matrix sid="transform">0.6859207 -0.3240135 0.6515582 7.358891 0.7276763 0.3054208 -0.6141704 -6.925791 0 0.8953956 0.4452714 4.958309 0 0 0 1</matrix>
        <instance_camera url="#Camera-camera"/>
      </node>
      <node id="Light" name="Light" type="NODE">
        <matrix sid="transform">-0.2908646 -0.7711008 0.5663932 4.076245 0.9551712 -0.1998834 0.2183912 1.005454 -0.05518906 0.6045247 0.7946723 5.903862 0 0 0 1</matrix>
        <instance_light url="#Light-light"/>
      </node>
    </visual_scene>
  </library_visual_scenes>
  <scene>
    <instance_visual_scene url="#Scene"/>
  </scene>
</COLLADA>