<?xml version="1.0" encoding="utf-8"?>
<COLLADA xmlns="http://www.collada.org/2005/11/COLLADASchema" version="1.4.1" xmlns:xsi="http://www.w3.org/2001/XMLSchema-instance">
  <asset>
    <contributor>
      <author>Blender User</author>
      <authoring_tool>Blender 4.4.0 commit date:2025-03-17, commit time:17:00, hash:05377985c527</authoring_tool>
    </contributor>
    <created>2025-04-14T14:23:07</created>
    <modified>2025-04-14T14:23:07</modified>
    <unit name="meter" meter="1"/>
    <up_axis>Z_UP</up_axis>
  </asset>
  <library_cameras>
    <camera id="Camera-camera" name="Camera">
      <optics>
        <technique_common>
          <perspective>
            <xfov sid="xfov">39.59775</xfov>
            <aspect_ratio>1.777778</aspect_ratio>
            <znear sid="znear">0.1</znear>
            <zfar sid="zfar">100</zfar>
          </perspective>
        </technique_common>
      </optics>
      <extra>
        <technique profile="blender">
          <shiftx sid="shiftx" type="float">0</shiftx>
          <shifty sid="shifty" type="float">0</shifty>
          <dof_distance sid="dof_distance" type="float">10</dof_distance>
        </technique>
      </extra>
    </camera>
  </library_cameras>
  <library_lights>
    <light id="Light-light" name="Light">
      <technique_common>
        <point>
          <color sid="color">1000 1000 1000</color>
          <constant_attenuation>1</constant_attenuation>
          <linear_attenuation>0</linear_attenuation>
          <quadratic_attenuation>0</quadratic_attenuation>
        </point>
      </technique_common>
      <extra>
        <technique profile="blender">
          <type sid="type" type="int">0</type>
          <flag sid="flag" type="int">0</flag>
          <mode sid="mode" type="int">2097153</mode>
          <red sid="red" type="float">1</red>
          <green sid="green" type="float">1</green>
          <blue sid="blue" type="float">1</blue>
          <energy sid="blender_energy" type="float">1000</energy>
          <spotsize sid="spotsize" type="float">75</spotsize>
          <spotblend sid="spotblend" type="float">0.15</spotblend>
          <clipsta sid="clipsta" type="float">0.04999995</clipsta>
          <clipend sid="clipend" type="float">40</clipend>
          <radius sid="radius" type="float">0.1</radius>
          <area_shape sid="area_shape" type="int">1</area_shape>
          <area_size sid="area_size" type="float">0.1</area_size>
          <area_sizey sid="area_sizey" type="float">0.1</area_sizey>
          <area_sizez sid="area_sizez" type="float">1</area_sizez>
        </technique>
      </extra>
    </light>
  </library_lights>
  <library_effects>
    <effect id="Loader_car_Material-effect">
      <profile_COMMON>
        <newparam sid="Loader_car_Material_baseColor_png-surface">
          <surface type="2D">
            <init_from>Loader_car_Material_baseColor_png</init_from>
          </surface>
        </newparam>
        <newparam sid="Loader_car_Material_baseColor_png-sampler">
          <sampler2D>
            <source>Loader_car_Material_baseColor_png-surface</source>
          </sampler2D>
        </newparam>
        <technique sid="common">
          <lambert>
            <emission>
              <color sid="emission">0 0 0 1</color>
            </emission>
            <diffuse>
              <texture texture="Loader_car_Material_baseColor_png-sampler" texcoord="UVMap"/>
            </diffuse>
            <index_of_refraction>
              <float sid="ior">1.5</float>
            </index_of_refraction>
          </lambert>
        </technique>
      </profile_COMMON>
    </effect>
  </library_effects>
  <library_images>
    <image id="Loader_car_Material_baseColor_png" name="Loader_car_Material_baseColor_png">
      <init_from>Image_0.png</init_from>
    </image>
  </library_images>
  <library_materials>
    <material id="Loader_car_Material-material" name="Loader_car_Material">
      <instance_effect url="#Loader_car_Material-effect"/>
    </material>
  </library_materials>
  <library_geometries>
    <geometry id="Loader_car_Loader_car_Material_0_001-mesh" name="Loader_car_Loader_car_Material_0.001">
      <mesh>
        <source id="Loader_car_Loader_car_Material_0_001-mesh-positions">
          <float_array id="Loader_car_Loader_car_Material_0_001-mesh-positions-array" count="516">-0.2621187 -30.82227 4.944292 -0.2621111 -29.50463 4.944292 -1.388645 -29.50463 3.980761 -1.388645 -29.50463 3.980761 -1.388652 -30.82227 3.980761 -0.2621187 -30.82227 4.944292 1.135571 -30.82227 4.450426 1.135579 -29.50463 4.450426 -0.2621111 -29.50463 4.944292 -0.2621111 -29.50463 4.944292 -0.2621187 -30.82227 4.944292 1.135571 -30.82227 4.450426 1.406735 -30.82227 2.993059 1.406743 -29.50463 2.99309 1.135579 -29.50463 4.450426 1.135579 -29.50463 4.450426 1.135571 -30.82227 4.450426 1.406735 -30.82227 2.993059 0.2802091 -30.82227 2.029558 0.2802091 -29.50462 2.029558 1.406743 -29.50463 2.99309 1.406743 -29.50463 2.99309 1.406735 -30.82227 2.993059 0.2802091 -30.82227 2.029558 -1.117481 -30.82227 2.523424 -1.117481 -29.50463 2.523424 0.2802091 -29.50462 2.029558 0.2802091 -29.50462 2.029558 0.2802091 -30.82227 2.029558 -1.117481 -30.82227 2.523424 -1.388652 -30.82227 3.980761 -1.388645 -29.50463 3.980761 -1.117481 -29.50463 2.523424 -1.117481 -29.50463 2.523424 -1.117481 -30.82227 2.523424 -1.388652 -30.82227 3.980761 1.406735 -30.82227 2.993059 1.135571 -30.82227 4.450426 -0.2621187 -30.82227 4.944292 -1.388652 -30.82227 3.980761 -1.117481 -30.82227 2.523424 0.2802091 -30.82227 2.029558 0.4714552 -29.58807 3.913485 0.4714552 -27.9889 3.913485 -0.4068636 -27.9889 3.973207 -0.406875 -29.58807 3.973207 0.4249731 -29.58807 3.000612 0.4249807 -27.9889 3.000612 0.4714552 -27.9889 3.913485 0.4714552 -29.58807 3.913485 -0.4533476 -29.58807 3.060335 -0.4533419 -27.9889 3.060335 0.4249807 -27.9889 3.000612 0.4249731 -29.58807 3.000612 -0.406875 -29.58807 3.973207 -0.4068636 -27.9889 3.973207 -0.4533419 -27.9889 3.060335 -0.4533476 -29.58807 3.060335 -0.2882379 -28.0312 5.084665 -0.4567999 -26.92379 5.990664 -2.392171 -26.92379 4.335329 -2.392171 -26.92379 4.335329 -1.523281 -28.03119 4.028322 -0.2882379 -28.0312 5.084665 1.244074 -28.03119 4.54323 1.944416 -26.92379 5.142206 -0.4567999 -26.92379 5.990664 -0.4567999 -26.92379 5.990664 -0.2882379 -28.0312 5.084665 1.244074 -28.03119 4.54323 1.541359 -28.03119 2.94549 2.410273 -26.92379 2.638521 1.944416 -26.92379 5.142206 1.944416 -26.92379 5.142206 1.244074 -28.03119 4.54323 1.541359 -28.03119 2.94549 0.3063246 -28.03119 1.889185 0.4748998 -26.92378 0.9831867 2.410273 -26.92379 2.638521 2.410273 -26.92379 2.638521 1.541359 -28.03119 2.94549 0.3063246 -28.03119 1.889185 -1.225988 -28.0312 2.43062 -1.926315 -26.92379 1.831644 0.4748998 -26.92378 0.9831867 0.4748998 -26.92378 0.9831867 0.3063246 -28.03119 1.889185 -1.225988 -28.0312 2.43062 -1.523281 -28.03119 4.028322 -2.392171 -26.92379 4.335329 -1.926315 -26.92379 1.831644 -1.926315 -26.92379 1.831644 -1.225988 -28.0312 2.43062 -1.523281 -28.03119 4.028322 1.541359 -28.03119 2.94549 1.244074 -28.03119 4.54323 -0.2882379 -28.0312 5.084665 -1.523281 -28.03119 4.028322 -1.225988 -28.0312 2.43062 0.3063246 -28.03119 1.889185 -5.358114 22.98168 -105.0856 -5.358114 22.98168 -2.796064 -5.358114 28.36829 2.657129 -5.358114 25.73822 -105.0856 -5.358114 25.73822 -105.0856 -5.358114 28.36829 2.657129 5.33298 28.36829 2.657129 5.33298 25.73822 -105.0856 5.33298 22.98168 -105.0856 5.33298 22.98168 -2.796064 -5.358114 22.98168 -2.796064 -5.358114 22.98168 -105.0856 5.33298 22.98168 -105.0856 5.33298 25.73822 -105.0856 5.33298 28.36829 2.657129 5.33298 22.98168 -2.796064 2.349948 25.6396 -109.984 2.349948 22.98168 -109.984 -2.375081 22.98168 -109.984 -2.375081 25.6396 -109.984 5.33298 22.98168 -105.0856 -5.358114 22.98168 -105.0856 -2.375081 22.98168 -109.984 2.349948 22.98168 -109.984 5.33298 25.73822 -105.0856 5.33298 22.98168 -105.0856 2.349948 22.98168 -109.984 2.349948 25.6396 -109.984 -5.358114 22.98168 -105.0856 -5.358114 25.73822 -105.0856 -2.375081 25.6396 -109.984 -2.375081 22.98168 -109.984 5.33298 28.36829 2.657129 -5.358114 28.36829 2.657129 -5.358114 -22.94089 2.657129 5.33298 -22.94089 2.657129 -5.358114 -26.98628 -2.796064 5.33298 -26.98628 -2.796064 5.33298 -26.98628 9.642489 -5.358114 -26.98628 9.642489 -5.358114 22.98168 -2.796064 5.33298 22.98168 -2.796064 5.33298 -26.98628 -2.796064 -5.358114 -26.98628 -2.796064 -5.358114 28.36829 2.657129 -5.358114 22.98168 -2.796064 -5.358114 -26.98628 -2.796064 -5.358114 -22.94089 2.657129 5.33298 22.98168 -2.796064 5.33298 28.36829 2.657129 5.33298 -22.94089 2.657129 5.33298 -26.98628 -2.796064 5.33298 -26.98628 9.642489 5.33298 -22.94089 4.658243 5.33298 -13.72187 4.658243 5.33298 -13.72457 9.642489 -5.358114 -22.94089 2.657129 -5.358114 -26.98628 -2.796064 -5.358114 -26.98628 9.642489 -5.358114 -22.94089 4.658243 5.33298 -26.98628 -2.796064 5.33298 -22.94089 2.657129 5.33298 -22.94089 4.658243 5.33298 -26.98628 9.642489 -5.358114 -26.98628 9.642489 5.33298 -26.98628 9.642489 5.33298 -13.72457 9.642489 -5.358114 -13.72457 9.642489 -5.358114 -22.94089 4.658243 -5.358114 -26.98628 9.642489 -5.358114 -13.72457 9.642489 -5.358114 -13.72187 4.658243</float_array>
          <technique_common>
            <accessor source="#Loader_car_Loader_car_Material_0_001-mesh-positions-array" count="172" stride="3">
              <param name="X" type="float"/>
              <param name="Y" type="float"/>
              <param name="Z" type="float"/>
            </accessor>
          </technique_common>
        </source>
        <source id="Loader_car_Loader_car_Material_0_001-mesh-normals">
          <float_array id="Loader_car_Loader_car_Material_0_001-mesh-normals-array" count="195">-0.6499886 3.72291e-6 0.759944 -0.6499846 3.78394e-6 0.7599475 0.3331583 -1.9225e-6 0.942871 0.3331587 -1.9225e-6 0.9428709 0.9831264 -9.88734e-6 0.182928 0.9831269 -5.73698e-6 0.1829253 0.6499867 0 -0.7599456 0.6499785 1.37934e-5 -0.7599527 -0.3331575 0 -0.9428712 -0.3331588 0 -0.9428707 -0.9831262 5.7371e-6 -0.182929 -0.9831255 0 -0.1829327 5.8427e-6 -1 0 -9.70549e-6 -1 1.00227e-6 3.23515e-6 -1 -6.6818e-7 3.86275e-6 -1 -4.00908e-6 0.7489068 3.34703e-5 0.6626754 0.748907 -3.35461e-5 0.6626752 -0.6651132 -3.0994e-5 0.7467426 -0.6651135 3.71861e-5 0.7467424 0.6626775 3.32661e-5 -0.7489049 0.6626809 -3.63516e-5 -0.7489019 0.7467401 -3.68998e-5 0.665116 0.7467433 2.35626e-4 0.6651124 -0.7489071 3.34941e-5 -0.662675 -0.7489071 -3.29002e-5 -0.662675 0.6651127 -3.53648e-5 -0.746743 0.6651123 8.55875e-4 -0.746743 -0.6626804 3.93977e-5 0.7489024 -0.6626778 -2.94662e-5 0.7489047 -0.7467386 -2.93319e-5 -0.6651178 -0.7467362 3.42577e-5 -0.6651204 -0.527321 -0.5846599 0.616527 -0.5273198 -0.584664 0.616524 0.2702831 -0.5846689 0.7649245 0.2702878 -0.584662 0.7649282 0.7975782 -0.5846753 0.1484044 0.7975803 -0.584673 0.1484024 0.5273146 -0.5846619 -0.6165305 0.5273151 -0.5846557 -0.616536 -0.2702813 -0.5846603 -0.7649317 -0.2702806 -0.5846611 -0.7649313 -0.7975884 -0.5846614 -0.1484052 -0.7975867 -0.5846627 -0.1484076 7.99409e-6 -1 0 -1.32792e-5 -1 3.33558e-6 4.42638e-6 -1 -1.66779e-6 5.28508e-6 -1 -3.33557e-6 -1 -1.45389e-7 0 -1 0 0 0 0.9997023 -0.02440339 0 0.9997023 -0.02440333 0 -1 0 0 -1 0 1 0 0 1 0 0 0 0 -1 0 -1 0 0 -1 6.59266e-7 0.854091 0 -0.5201237 0.8540898 0 -0.5201256 -0.8540911 0 -0.5201234 -0.8540898 0 -0.5201256 0 0 1 1 -4.71224e-7 0</float_array>
          <technique_common>
            <accessor source="#Loader_car_Loader_car_Material_0_001-mesh-normals-array" count="65" stride="3">
              <param name="X" type="float"/>
              <param name="Y" type="float"/>
              <param name="Z" type="float"/>
            </accessor>
          </technique_common>
        </source>
        <source id="Loader_car_Loader_car_Material_0_001-mesh-map-0">
          <float_array id="Loader_car_Loader_car_Material_0_001-mesh-map-0-array" count="456">0.1836218 0.1966059 0.1814264 0.1966389 0.1813283 0.1985124 0.1813283 0.1985124 0.1835237 0.1984795 0.1836218 0.1966059 0.1835237 0.1942658 0.1813283 0.1942985 0.1814264 0.1966389 0.1814264 0.1966389 0.1836218 0.1966059 0.1835237 0.1942658 0.2063956 0.2000324 0.2085977 0.2000341 0.2085977 0.1975914 0.2085977 0.1975914 0.2063956 0.1975896 0.2063956 0.2000324 0.1861922 0.1961337 0.1883655 0.1962022 0.1881677 0.194334 0.1881677 0.194334 0.1859936 0.1942658 0.1861922 0.1961337 0.1859936 0.1984758 0.1881677 0.198544 0.1883655 0.1962022 0.1883655 0.1962022 0.1861922 0.1961337 0.1859936 0.1984758 0.09045886 0.6354313 0.09266048 0.6354339 0.09266048 0.6329872 0.09266048 0.6329872 0.09045886 0.6329845 0.09045886 0.6354313 0.07597798 0.6304815 0.07812243 0.6317174 0.08026701 0.6304771 0.08026701 0.6304771 0.08026701 0.6280005 0.07812243 0.6267648 0.07597798 0.6304815 0.08026701 0.6304771 0.07812243 0.6267648 0.07597798 0.6304815 0.07812243 0.6267648 0.07597798 0.6280053 0.3315426 0.2933135 0.3288778 0.2933136 0.3288848 0.2947821 0.3288848 0.2947821 0.3315497 0.2947821 0.3315426 0.2933135 0.2047172 0.2002627 0.2047172 0.1975899 0.2031936 0.1975896 0.2031936 0.1975896 0.2031936 0.2002618 0.2047172 0.2002627 0.3260107 0.2907471 0.3286504 0.2907471 0.328663 0.2892779 0.328663 0.2892779 0.3260234 0.2892779 0.3260107 0.2907471 0.2031936 0.2002629 0.2031936 0.1975904 0.2016704 0.1975896 0.2016704 0.1975896 0.2016704 0.2002618 0.2031936 0.2002629 0.07183974 0.6362435 0.07266747 0.6348468 0.06841313 0.6348468 0.06841313 0.6348468 0.06912469 0.6362435 0.07183974 0.6362435 0.1771736 0.1954764 0.1754381 0.1942658 0.1754381 0.1982898 0.1754381 0.1982898 0.1771736 0.1980444 0.1771736 0.1954764 0.1734952 0.1966811 0.171638 0.1961423 0.171638 0.2003394 0.171638 0.2003394 0.1734952 0.1993596 0.1734952 0.1966811 0.08891916 0.6282706 0.08684599 0.6285075 0.08718681 0.6317174 0.08718681 0.6317174 0.08913666 0.6303188 0.08891916 0.6282706 0.08913666 0.6257033 0.08718639 0.6244845 0.08684599 0.6285075 0.08684599 0.6285075 0.08891916 0.6282706 0.08913666 0.6257033 0.1753577 0.1966965 0.1734952 0.1961423 0.1734952 0.2003465 0.1734952 0.2003465 0.1753577 0.1993792 0.1753577 0.1966965 0.07184481 0.6409453 0.0731998 0.6385944 0.07183974 0.6362435 0.07183974 0.6362435 0.06912469 0.6362435 0.06776976 0.6385944 0.07184481 0.6409453 0.07183974 0.6362435 0.06776976 0.6385944 0.07184481 0.6409453 0.06776976 0.6385944 0.06912976 0.6409453 0.8087937 0.01082879 0.9796443 0.01500087 0.9889704 0.006222784 0.8087937 0.01082879 0.9889704 0.006222784 0.808905 0.006222784 0.1093446 0.5020173 0.1093446 0.321966 0.09147644 0.3219686 0.1093446 0.5020173 0.09147644 0.3219686 0.09147644 0.50202 0.3241667 0.2525892 0.4949407 0.2525891 0.4949426 0.234721 0.3241667 0.2525892 0.4949426 0.234721 0.3241683 0.234721 0.7916141 0.006135582 0.7915015 0.001530051 0.6113958 0.00152266 0.7916141 0.006135582 0.6113958 0.00152266 0.6207264 0.01030147 0.0705648 0.6329387 0.07495194 0.6329478 0.07495194 0.6250512 0.0705648 0.6329387 0.07495194 0.6250512 0.0705648 0.6250421 0.3241667 0.2525892 0.3241683 0.234721 0.3159899 0.2397071 0.3241667 0.2525892 0.3159899 0.2397071 0.3159891 0.247604 0.7915015 0.001530051 0.7916141 0.006135582 0.799715 0.005964398 0.7915015 0.001530051 0.799715 0.005964398 0.7996064 0.00152266 0.8087937 0.01082879 0.808905 0.006222784 0.8005856 0.00622636 0.8087937 0.01082879 0.8005856 0.00622636 0.8004779 0.01066714 0.404617 0.2714002 0.4046263 0.2535321 0.3191287 0.2535321 0.404617 0.2714002 0.3191287 0.2535321 0.3191193 0.2714003 0.3024926 0.3258499 0.3024942 0.3079816 0.2817278 0.3079816 0.3024926 0.3258499 0.2817278 0.3079816 0.2817261 0.3258499 0.09147763 0.5927205 0.1093446 0.5926833 0.1093446 0.5102031 0.09147763 0.5927205 0.1093446 0.5102031 0.09147763 0.5102406 0.9889704 0.006222784 0.9796443 0.01500087 0.9776243 0.09848803 0.9889704 0.006222784 0.9776243 0.09848803 0.986896 0.09195154 0.6207264 0.01030147 0.6113958 0.00152266 0.6134929 0.08725202 0.6207264 0.01030147 0.6134929 0.08725202 0.6227685 0.09378945 0.6019881 0.09429562 0.6101498 0.08733332 0.609773 0.07193005 0.6019881 0.09429562 0.609773 0.07193005 0.6014462 0.07213819 0.986896 0.09195154 0.9776243 0.09848803 0.9984 0.09899502 0.986896 0.09195154 0.9984 0.09899502 0.9902383 0.09203273 0.6227685 0.09378945 0.6134929 0.08725202 0.6101498 0.08733332 0.6227685 0.09378945 0.6101498 0.08733332 0.6019881 0.09429562 0.6397551 0.0777058 0.639746 0.09557491 0.6618441 0.09557479 0.6397551 0.0777058 0.6618441 0.09557479 0.6618536 0.07770591 0.9902383 0.09203273 0.9984 0.09899502 0.9989361 0.07683759 0.9902383 0.09203273 0.9989361 0.07683759 0.9906113 0.07662945</float_array>
          <technique_common>
            <accessor source="#Loader_car_Loader_car_Material_0_001-mesh-map-0-array" count="228" stride="2">
              <param name="S" type="float"/>
              <param name="T" type="float"/>
            </accessor>
          </technique_common>
        </source>
        <source id="Loader_car_Loader_car_Material_0_001-mesh-colors-Attribute" name="Attribute">
          <float_array id="Loader_car_Loader_car_Material_0_001-mesh-colors-Attribute-array" count="912">1 1 1 1 1 1 1 1 1 1 1 1 1 1 1 1 1 1 1 1 1 1 1 1 1 1 1 1 1 1 1 1 1 1 1 1 1 1 1 1 1 1 1 1 1 1 1 1 1 1 1 1 1 1 1 1 1 1 1 1 1 1 1 1 1 1 1 1 1 1 1 1 1 1 1 1 1 1 1 1 1 1 1 1 1 1 1 1 1 1 1 1 1 1 1 1 1 1 1 1 1 1 1 1 1 1 1 1 1 1 1 1 1 1 1 1 1 1 1 1 1 1 1 1 1 1 1 1 1 1 1 1 1 1 1 1 1 1 1 1 1 1 1 1 1 1 1 1 1 1 1 1 1 1 1 1 1 1 1 1 1 1 1 1 1 1 1 1 1 1 1 1 1 1 1 1 1 1 1 1 1 1 1 1 1 1 1 1 1 1 1 1 1 1 1 1 1 1 1 1 1 1 1 1 1 1 1 1 1 1 1 1 1 1 1 1 1 1 1 1 1 1 1 1 1 1 1 1 1 1 1 1 1 1 1 1 1 1 1 1 1 1 1 1 1 1 1 1 1 1 1 1 1 1 1 1 1 1 1 1 1 1 1 1 1 1 1 1 1 1 1 1 1 1 1 1 1 1 1 1 1 1 1 1 1 1 1 1 1 1 1 1 1 1 1 1 1 1 1 1 1 1 1 1 1 1 1 1 1 1 1 1 1 1 1 1 1 1 1 1 1 1 1 1 1 1 1 1 1 1 1 1 1 1 1 1 1 1 1 1 1 1 1 1 1 1 1 1 1 1 1 1 1 1 1 1 1 1 1 1 1 1 1 1 0.317647 0.317647 0.317647 1 1 1 1 1 1 1 1 1 1 1 1 1 1 1 1 1 1 1 1 1 0.7254902 0.7254902 0.7254902 1 0.317647 0.317647 0.317647 1 0.317647 0.317647 0.317647 1 1 1 1 1 1 1 1 1 1 1 1 1 1 1 1 1 0.7254902 0.7254902 0.7254902 1 0.7254902 0.7254902 0.7254902 1 1 1 1 1 1 1 1 1 1 1 1 1 1 1 1 1 1 1 1 1 1 1 1 1 1 1 1 1 1 1 1 1 1 1 1 1 1 1 1 1 1 1 1 1 1 1 1 1 1 1 1 1 1 1 1 1 1 1 1 1 0 0 0 1 0.9137255 0.9137255 0.9137255 1 1 1 1 1 0.9137255 0.9137255 0.9137255 1 1 1 1 1 1 1 1 1 0.9137255 0.9137255 0.9137255 1 1 1 1 1 1 1 1 1 1 1 1 1 1 1 1 1 1 1 1 1 0.02352941 0.02352941 0.02352941 1 0 0 0 1 1 1 1 1 0 0 0 1 1 1 1 1 1 1 1 1 1 1 1 1 1 1 1 1 1 1 1 1 1 1 1 1 0.02352941 0.02352941 0.02352941 1 1 1 1 1 1 1 1 1 1 1 1 1 1 1 1 1 1 1 1 1 1 1 1 1 1 1 1 1 1 1 1 1 1 1 1 1 1 1 1 1 1 1 1 1 1 1 1 1 1 1 1 1 1 1 1 1 1 1 1 1 1 1 1 1 1 1 1 1 1 1 1 1 1 1 1 1 1 1 1 1 1 1 1 1 1 1 1 1 1 1 1 1 1 1 1 1 1 1 1 1 0.9137255 0.9137255 0.9137255 1 0 0 0 1 1 1 1 1 0 0 0 1 0 0 0 1 0 0 0 1 0.05882352 0.05882352 0.05882352 1 1 1 1 1 0 0 0 1 1 1 1 1 1 1 1 1 0 0 0 1 0.02352941 0.02352941 0.02352941 1 0.05882352 0.05882352 0.05882352 1 0 0 0 1 0.05882352 0.05882352 0.05882352 1 0 0 0 1 0.9137255 0.9137255 0.9137255 1 0 0 0 1 0 0 0 1 0.9137255 0.9137255 0.9137255 1 0 0 0 1 0 0 0 1 0.02352941 0.02352941 0.02352941 1 1 1 1 1 0 0 0 1 0.02352941 0.02352941 0.02352941 1 0 0 0 1 0.05882352 0.05882352 0.05882352 1 1 1 1 1 0 0 0 1 0 0 0 1 1 1 1 1 0 0 0 1 1 1 1 1 0 0 0 1 0 0 0 1 1 1 1 1 0 0 0 1 1 1 1 1 0 0 0 1 0.05882352 0.05882352 0.05882352 1 0 0 0 1 0 0 0 1 0.05882352 0.05882352 0.05882352 1 0 0 0 1 1 1 1 1 1 1 1 1 1 1 1 1 1 1 1 1 1 1 1 1 1 1 1 1 0.9333333 0.9333333 0.9333333 1 0 0 0 1 1 1 1 1 0.9333333 0.9333333 0.9333333 1 0 0 0 1 0.9333333 0.9333333 0.9333333 1 0 0 0 1</float_array>
          <technique_common>
            <accessor source="#Loader_car_Loader_car_Material_0_001-mesh-colors-Attribute-array" count="228" stride="4">
              <param name="R" type="float"/>
              <param name="G" type="float"/>
              <param name="B" type="float"/>
              <param name="A" type="float"/>
            </accessor>
          </technique_common>
        </source>
        <vertices id="Loader_car_Loader_car_Material_0_001-mesh-vertices">
          <input semantic="POSITION" source="#Loader_car_Loader_car_Material_0_001-mesh-positions"/>
        </vertices>
        <triangles material="Loader_car_Material-material" count="76">
          <input semantic="VERTEX" source="#Loader_car_Loader_car_Material_0_001-mesh-vertices" offset="0"/>
          <input semantic="NORMAL" source="#Loader_car_Loader_car_Material_0_001-mesh-normals" offset="1"/>
          <input semantic="TEXCOORD" source="#Loader_car_Loader_car_Material_0_001-mesh-map-0" offset="2" set="0"/>
          <input semantic="COLOR" source="#Loader_car_Loader_car_Material_0_001-mesh-colors-Attribute" offset="3" set="0"/>
          <p>0 0 0 0 1 0 1 1 2 0 2 2 3 1 3 3 4 1 4 4 5 1 5 5 6 2 6 6 7 2 7 7 8 2 8 8 9 3 9 9 10 3 10 10 11 3 11 11 12 4 12 12 13 4 13 13 14 4 14 14 15 5 15 15 16 5 16 16 17 5 17 17 18 6 18 18 19 6 19 19 20 6 20 20 21 7 21 21 22 7 22 22 23 7 23 23 24 8 24 24 25 8 25 25 26 8 26 26 27 9 27 27 28 9 28 28 29 9 29 29 30 10 30 30 31 10 31 31 32 10 32 32 33 11 33 33 34 11 34 34 35 11 35 35 36 12 36 36 37 12 37 37 38 12 38 38 38 13 39 39 39 13 40 40 40 13 41 41 36 14 42 42 38 14 43 43 40 14 44 44 36 15 45 45 40 15 46 46 41 15 47 47 42 16 48 48 43 17 49 49 44 18 50 50 44 18 51 51 45 19 52 52 42 16 53 53 46 20 54 54 47 21 55 55 48 22 56 56 48 22 57 57 49 23 58 58 46 20 59 59 50 24 60 60 51 25 61 61 52 26 62 62 52 26 63 63 53 27 64 64 50 24 65 65 54 28 66 66 55 29 67 67 56 30 68 68 56 30 69 69 57 31 70 70 54 28 71 71 58 32 72 72 59 32 73 73 60 32 74 74 61 33 75 75 62 33 76 76 63 33 77 77 64 34 78 78 65 34 79 79 66 34 80 80 67 35 81 81 68 35 82 82 69 35 83 83 70 36 84 84 71 36 85 85 72 36 86 86 73 37 87 87 74 37 88 88 75 37 89 89 76 38 90 90 77 38 91 91 78 38 92 92 79 39 93 93 80 39 94 94 81 39 95 95 82 40 96 96 83 40 97 97 84 40 98 98 85 41 99 99 86 41 100 100 87 41 101 101 88 42 102 102 89 42 103 103 90 42 104 104 91 43 105 105 92 43 106 106 93 43 107 107 94 44 108 108 95 44 109 109 96 44 110 110 96 45 111 111 97 45 112 112 98 45 113 113 94 46 114 114 96 46 115 115 98 46 116 116 94 47 117 117 98 47 118 118 99 47 119 119 100 48 120 120 101 48 121 121 102 48 122 122 100 49 123 123 102 49 124 124 103 49 125 125 104 50 126 126 105 50 127 127 106 50 128 128 104 51 129 129 106 51 130 130 107 51 131 131 108 52 132 132 109 52 133 133 110 52 134 134 108 53 135 135 110 53 136 136 111 53 137 137 112 54 138 138 113 54 139 139 114 54 140 140 112 55 141 141 114 55 142 142 115 55 143 143 116 56 144 144 117 56 145 145 118 56 146 146 116 56 147 147 118 56 148 148 119 56 149 149 120 57 150 150 121 57 151 151 122 57 152 152 120 58 153 153 122 58 154 154 123 58 155 155 124 59 156 156 125 59 157 157 126 59 158 158 124 60 159 159 126 60 160 160 127 60 161 161 128 61 162 162 129 61 163 163 130 61 164 164 128 62 165 165 130 62 166 166 131 62 167 167 132 63 168 168 133 63 169 169 134 63 170 170 132 63 171 171 134 63 172 172 135 63 173 173 136 57 174 174 137 57 175 175 138 57 176 176 136 57 177 177 138 57 178 178 139 57 179 179 140 56 180 180 141 56 181 181 142 56 182 182 140 56 183 183 142 56 184 184 143 56 185 185 144 49 186 186 145 49 187 187 146 49 188 188 144 49 189 189 146 49 190 190 147 49 191 191 148 54 192 192 149 54 193 193 150 54 194 194 148 54 195 195 150 54 196 196 151 54 197 197 152 54 198 198 153 54 199 199 154 54 200 200 152 54 201 201 154 54 202 202 155 54 203 203 156 49 204 204 157 49 205 205 158 49 206 206 156 49 207 207 158 49 208 208 159 49 209 209 160 64 210 210 161 64 211 211 162 64 212 212 160 54 213 213 162 54 214 214 163 54 215 215 164 63 216 216 165 63 217 217 166 63 218 218 164 63 219 219 166 63 220 220 167 63 221 221 168 49 222 222 169 49 223 223 170 49 224 224 168 49 225 225 170 49 226 226 171 49 227 227</p>
        </triangles>
      </mesh>
    </geometry>
    <geometry id="Loader_car_Loader_car_Material_0-mesh" name="Loader_car_Loader_car_Material_0">
      <mesh>
        <source id="Loader_car_Loader_car_Material_0-mesh-positions">
          <float_array id="Loader_car_Loader_car_Material_0-mesh-positions-array" count="10659">37.23742 -16.07686 -83.7292 -37.23749 -16.07689 -83.72917 -37.23744 -64.90901 -48.89415 37.23744 -71.3759 -76.74538 -37.23746 -16.07688 -35.89976 -37.23749 -16.07689 -83.72917 37.23742 -16.07686 -83.7292 -37.23744 -71.03162 -61.96634 37.23742 -20.50661 -87.68264 -37.23746 -71.37593 -76.74535 -37.23749 -20.50664 -87.6826 -18.01461 -187.2403 -81.40312 -18.01461 -176.3646 -81.50005 -20.91829 -176.3647 -81.50005 -20.91829 -176.3647 -81.50005 -20.91828 -187.2404 -81.40312 -18.01461 -187.2403 -81.40312 -18.01461 -187.8378 -93.66606 -20.91829 -187.8378 -93.66606 -20.91834 -31.77542 -94.40659 -18.01467 -31.77542 -94.4066 -20.91829 -176.3682 -81.90003 -18.01461 -176.3682 -81.90003 -18.01461 -187.2027 -81.80348 -20.91828 -187.2027 -81.80347 -18.01467 -31.8135 -94.00659 -20.91834 -31.8135 -94.00659 -20.91828 -186.9516 -93.26605 -18.01461 -186.9515 -93.26605 -18.01461 -176.3646 -81.50005 -18.01461 -187.2403 -81.40312 -18.01461 -187.2027 -81.80348 -18.01461 -187.2027 -81.80348 -18.01461 -176.3682 -81.90003 -18.01461 -176.3646 -81.50005 -20.91828 -187.2404 -81.40312 -20.91829 -176.3647 -81.50005 -20.91829 -176.3682 -81.90003 -20.91829 -176.3682 -81.90003 -20.91828 -187.2027 -81.80347 -20.91828 -187.2404 -81.40312 -20.91834 -31.8135 -94.00659 -20.91834 -31.77542 -94.40659 -20.91829 -187.8378 -93.66606 -20.91828 -186.9516 -93.26605 -18.01461 -186.9515 -93.26605 -18.01461 -187.8378 -93.66606 -18.01467 -31.77542 -94.4066 -18.01467 -31.8135 -94.00659 -13.12389 -187.2403 -81.40312 -13.12389 -176.3646 -81.50005 -16.02757 -176.3646 -81.50005 -16.02757 -176.3646 -81.50005 -16.02756 -187.2403 -81.40312 -13.12389 -187.2403 -81.40312 -13.12389 -187.8625 -93.66606 -16.02757 -187.8625 -93.66604 -16.02762 -31.77542 -94.40659 -13.12395 -31.77542 -94.40659 -16.02757 -176.3682 -81.90003 -13.12389 -176.3682 -81.90003 -13.12389 -187.2027 -81.80347 -16.02756 -187.2027 -81.80347 -13.12395 -31.8135 -94.00659 -16.02762 -31.8135 -94.00659 -16.02757 -187.1172 -93.26605 -13.12389 -187.1172 -93.26605 -13.12389 -176.3646 -81.50005 -13.12389 -187.2403 -81.40312 -13.12389 -187.2027 -81.80347 -13.12389 -187.2027 -81.80347 -13.12389 -176.3682 -81.90003 -13.12389 -176.3646 -81.50005 -16.02756 -187.2403 -81.40312 -16.02757 -176.3646 -81.50005 -16.02757 -176.3682 -81.90003 -16.02757 -176.3682 -81.90003 -16.02756 -187.2027 -81.80347 -16.02756 -187.2403 -81.40312 -16.02762 -31.8135 -94.00659 -16.02762 -31.77542 -94.40659 -16.02757 -187.8625 -93.66604 -16.02757 -187.1172 -93.26605 -13.12389 -187.1172 -93.26605 -13.12389 -187.8625 -93.66606 -13.12395 -31.77542 -94.40659 -13.12395 -31.8135 -94.00659 -21.58239 -187.7355 -86.62364 -21.58239 -187.2027 -86.51767 -22.46486 -187.2027 -86.51767 -22.46486 -187.7355 -86.62364 -21.58239 -188.1872 -86.92545 -22.46486 -188.1872 -86.92545 -21.58239 -188.489 -87.37712 -21.58239 -188.1872 -86.92545 -22.46486 -188.1872 -86.92545 -22.46486 -188.489 -87.37712 -21.58239 -188.595 -87.90991 -22.46486 -188.595 -87.90991 -21.58239 -188.489 -88.44271 -22.46486 -188.489 -88.44271 -21.58239 -188.1872 -88.89438 -22.46486 -188.1872 -88.89438 -21.58239 -187.7355 -89.19618 -21.58239 -188.1872 -88.89438 -22.46486 -188.1872 -88.89438 -22.46486 -187.7355 -89.19618 -21.58239 -187.2027 -89.30216 -22.46486 -187.2027 -89.30216 -21.58239 -186.6699 -89.19618 -22.46486 -186.6699 -89.19618 -21.58239 -186.2183 -88.89438 -22.46486 -186.2183 -88.89438 -21.58239 -185.9165 -88.44271 -21.58239 -186.2183 -88.89438 -22.46486 -186.2183 -88.89438 -22.46486 -185.9165 -88.44271 -21.58239 -185.8105 -87.90991 -22.46486 -185.8105 -87.90991 -21.58239 -185.9165 -87.37712 -22.46486 -185.9165 -87.37712 -21.58239 -186.2183 -86.92545 -22.46486 -186.2183 -86.92545 -21.58239 -186.6699 -86.62364 -21.58239 -186.2183 -86.92545 -22.46486 -186.2183 -86.92545 -22.46486 -186.6699 -86.62364 -16.6903 -187.7355 -86.62364 -16.6903 -187.2027 -86.51767 -17.34538 -187.2027 -86.51767 -17.34538 -187.7355 -86.62364 -16.6903 -188.1872 -86.92545 -17.34538 -188.1872 -86.92545 -16.6903 -188.489 -87.37712 -16.6903 -188.1872 -86.92545 -17.34538 -188.1872 -86.92545 -17.34538 -188.489 -87.37712 -16.6903 -188.595 -87.90991 -17.34538 -188.595 -87.90991 -16.6903 -188.489 -88.44271 -17.34538 -188.489 -88.44271 -16.6903 -188.1872 -88.89438 -17.34538 -188.1872 -88.89438 -16.6903 -187.7355 -89.19618 -16.6903 -188.1872 -88.89438 -17.34538 -188.1872 -88.89438 -17.34538 -187.7355 -89.19618 -16.6903 -187.2027 -89.30216 -17.34538 -187.2027 -89.30216 -16.6903 -186.6699 -89.19618 -17.34538 -186.6699 -89.19618 -16.6903 -186.2183 -88.89438 -17.34538 -186.2183 -88.89438 -16.6903 -185.9165 -88.44271 -16.6903 -186.2183 -88.89438 -17.34538 -186.2183 -88.89438 -17.34538 -185.9165 -88.44271 -16.6903 -185.8105 -87.90991 -17.34538 -185.8105 -87.90991 -16.6903 -185.9165 -87.37712 -17.34538 -185.9165 -87.37712 -16.6903 -186.2183 -86.92545 -17.34538 -186.2183 -86.92545 -16.6903 -186.6699 -86.62364 -16.6903 -186.2183 -86.92545 -17.34538 -186.2183 -86.92545 -17.34538 -186.6699 -86.62364 39.20475 -79.30454 -88.72306 39.20475 -78.55198 -88.63076 38.70475 -78.55198 -88.63076 38.70475 -79.30454 -88.72306 39.20475 -79.91013 -89.17926 38.70475 -79.91013 -89.17926 39.20475 -80.20647 -89.87715 39.20475 -79.91013 -89.17926 38.70475 -79.91013 -89.17926 38.70475 -80.20647 -89.87715 39.20475 -80.11417 -90.62971 38.70475 -80.11417 -90.62971 39.20475 -79.65796 -91.23529 38.70475 -79.65796 -91.23529 39.20475 -78.96008 -91.53164 39.20475 -79.65796 -91.23529 38.70475 -79.65796 -91.23529 38.70475 -78.96008 -91.53163 39.20475 -78.20752 -91.43934 38.70475 -78.20752 -91.43934 39.20475 -77.60193 -90.98313 38.70475 -77.60193 -90.98313 39.20475 -77.30559 -90.28524 39.20475 -77.60193 -90.98313 38.70475 -77.60193 -90.98313 38.70475 -77.30559 -90.28524 39.20475 -77.39789 -89.53269 38.70475 -77.39788 -89.53269 39.20475 -77.8541 -88.9271 38.70475 -77.8541 -88.9271 39.20475 -77.8541 -88.9271 38.70475 -77.8541 -88.9271 -39.20479 -79.30455 -88.72303 -38.70479 -79.30455 -88.72303 -38.70479 -78.55199 -88.63073 -39.20479 -78.55199 -88.63073 -39.20479 -79.91013 -89.17924 -38.70479 -79.91013 -89.17924 -39.20479 -80.20648 -89.87712 -38.70479 -80.20648 -89.87712 -38.70479 -79.91013 -89.17924 -39.20479 -79.91013 -89.17924 -39.20479 -80.11418 -90.62969 -38.70479 -80.11418 -90.62969 -39.20479 -79.65796 -91.23527 -38.70479 -79.65796 -91.23527 -39.20479 -78.96009 -91.53162 -38.70479 -78.96009 -91.53161 -38.70479 -79.65796 -91.23527 -39.20479 -79.65796 -91.23527 -39.20479 -78.20752 -91.43932 -38.70479 -78.20752 -91.43932 -39.20479 -77.60194 -90.9831 -38.70479 -77.60194 -90.9831 -39.20479 -77.30559 -90.28522 -38.70479 -77.30559 -90.28522 -38.70479 -77.60194 -90.9831 -39.20479 -77.60194 -90.9831 -39.20479 -77.39789 -89.53266 -38.70479 -77.39789 -89.53266 -39.20479 -77.8541 -88.92708 -38.70479 -77.8541 -88.92708 -38.70479 -77.8541 -88.92708 -39.20479 -77.8541 -88.92708 24.65341 -59.21582 -124.4247 24.65342 -57.89818 -124.4247 23.52688 -57.89818 -125.3882 23.52688 -57.89818 -125.3882 23.52688 -59.21581 -125.3882 24.65341 -59.21582 -124.4247 26.0511 -59.21581 -124.9186 26.05111 -57.89818 -124.9186 24.65342 -57.89818 -124.4247 24.65342 -57.89818 -124.4247 24.65341 -59.21582 -124.4247 26.0511 -59.21581 -124.9186 26.32226 -59.21581 -126.3759 26.32227 -57.89818 -126.3759 26.05111 -57.89818 -124.9186 26.05111 -57.89818 -124.9186 26.0511 -59.21581 -124.9186 26.32226 -59.21581 -126.3759 25.19574 -59.21581 -127.3394 25.19574 -57.89817 -127.3394 26.32227 -57.89818 -126.3759 26.32227 -57.89818 -126.3759 26.32226 -59.21581 -126.3759 25.19574 -59.21581 -127.3394 23.79805 -59.21582 -126.8456 23.79805 -57.89818 -126.8456 25.19574 -57.89817 -127.3394 25.19574 -57.89817 -127.3394 25.19574 -59.21581 -127.3394 23.79805 -59.21582 -126.8456 23.52688 -59.21581 -125.3882 23.52688 -57.89818 -125.3882 23.79805 -57.89818 -126.8456 23.79805 -57.89818 -126.8456 23.79805 -59.21582 -126.8456 23.52688 -59.21581 -125.3882 26.32226 -59.21581 -126.3759 26.0511 -59.21581 -124.9186 24.65341 -59.21582 -124.4247 23.52688 -59.21581 -125.3882 23.79805 -59.21582 -126.8456 25.19574 -59.21581 -127.3394 25.48611 -57.98161 -125.4018 25.48611 -56.38245 -125.4018 24.48151 -56.38245 -125.4588 24.48149 -57.98161 -125.4588 24.36306 -57.98162 -126.3623 24.36307 -56.38245 -126.3623 25.36769 -56.38244 -126.3053 25.36767 -57.98161 -126.3053 24.62729 -56.42475 -124.2843 24.45873 -55.31734 -123.3783 22.52336 -55.31734 -125.0336 22.52336 -55.31734 -125.0336 23.39225 -56.42474 -125.3407 24.62729 -56.42475 -124.2843 26.1596 -56.42474 -124.8257 26.85995 -55.31734 -124.2268 24.45873 -55.31734 -123.3783 24.45873 -55.31734 -123.3783 24.62729 -56.42475 -124.2843 26.1596 -56.42474 -124.8257 26.45689 -56.42474 -126.4235 27.3258 -55.31734 -126.7305 26.85995 -55.31734 -124.2268 26.85995 -55.31734 -124.2268 26.1596 -56.42474 -124.8257 26.45689 -56.42474 -126.4235 25.22185 -56.42474 -127.4798 25.39043 -55.31732 -128.3858 27.3258 -55.31734 -126.7305 27.3258 -55.31734 -126.7305 26.45689 -56.42474 -126.4235 25.22185 -56.42474 -127.4798 23.68954 -56.42475 -126.9384 22.98921 -55.31734 -127.5373 25.39043 -55.31732 -128.3858 25.39043 -55.31732 -128.3858 25.22185 -56.42474 -127.4798 23.68954 -56.42475 -126.9384 23.39225 -56.42474 -125.3407 22.52336 -55.31734 -125.0336 22.98921 -55.31734 -127.5373 22.98921 -55.31734 -127.5373 23.68954 -56.42475 -126.9384 23.39225 -56.42474 -125.3407 26.45689 -56.42474 -126.4235 26.1596 -56.42474 -124.8257 24.62729 -56.42475 -124.2843 23.39225 -56.42474 -125.3407 23.68954 -56.42475 -126.9384 25.22185 -56.42474 -127.4798 55.17517 -8.76872 -124.6174 25.97293 -17.24977 -124.6174 32.30036 -17.24977 -124.6174 8.35765 -11.70176 -124.6174 25.97293 -17.24977 -124.6174 55.17517 -8.76872 -124.6174 -8.35778 -11.70176 -126.5399 -25.97306 -17.24977 -126.5399 -56.94546 -8.76872 -126.5399 -56.94546 -8.76872 -126.5399 -25.97306 -17.24977 -126.5399 -32.30049 -17.24977 -126.5399 -56.94546 -8.76872 -126.5399 -32.30049 -17.24977 -126.5399 -56.94546 -17.24977 -126.5399 55.17517 -8.76872 -124.6174 32.30036 -17.24977 -124.6174 55.17517 -17.24977 -124.6174 25.97293 -42.73458 -126.5399 32.30036 -42.73458 -126.5399 56.95051 -51.23912 -126.5399 -25.97306 -42.73458 -124.6174 -32.30049 -42.73458 -124.6174 -55.0114 -51.23912 -124.6174 -32.30049 -42.73458 -126.5399 -25.97306 -42.73458 -126.5399 -56.95064 -51.23912 -126.5399 32.30036 -42.73458 -124.6174 25.97293 -42.73458 -124.6174 55.01127 -51.23912 -124.6174 55.01127 -42.73458 -124.6174 -56.95064 -42.73458 -126.5399 56.95051 -42.73458 -126.5399 -55.0114 -42.73458 -124.6174 56.94533 -8.76872 -126.5399 25.97293 -17.24977 -126.5399 8.35765 -11.70176 -126.5399 -55.1753 -8.76872 -124.6174 -25.97306 -17.24977 -124.6174 -8.35778 -11.70176 -124.6174 -55.1753 -8.76872 -124.6174 -8.35778 -11.70176 -124.6174 -8.35778 -8.76872 -124.6174 56.94533 -8.76872 -126.5399 8.35765 -11.70176 -126.5399 8.35765 -8.76872 -126.5399 -32.30049 -17.24977 -124.6174 -55.1753 -17.24977 -124.6174 -25.97306 -17.24977 -124.6174 -55.1753 -8.76872 -124.6174 -32.30049 -17.24977 -124.6174 25.97293 -17.24977 -126.5399 32.30036 -17.24977 -126.5399 56.94533 -17.24977 -126.5399 -8.35778 -8.76872 -126.5399 -8.35778 -11.70176 -126.5399 8.35765 -8.76872 -124.6174 8.35765 -11.70176 -124.6174 40.35183 -80.87384 -75.11264 46.43707 -80.875 -75.1124 46.42022 -82.35182 -74.7914 -46.43711 -80.875 -75.11237 -40.35187 -80.87384 -75.11261 -46.42027 -82.35182 -74.79137 43.18949 -169.2039 -60.55604 43.18949 -167.4879 -62.29935 43.18949 -164.7589 -62.26653 56.58297 -167.4879 -62.29935 56.58297 -164.7589 -62.26653 56.58297 -169.2039 -60.55604 56.03917 -169.2039 -60.55604 56.03917 -164.7589 -62.26653 56.03917 -167.4879 -62.29935 42.64568 -169.2039 -60.55604 42.64568 -164.7589 -62.26653 42.64568 -167.4879 -62.29935 -42.61565 -167.4879 -62.29935 -42.61565 -164.7589 -62.26653 -42.61565 -169.2039 -60.55604 -56.55294 -169.2039 -60.55604 -56.55294 -164.7589 -62.26653 -56.55294 -167.4879 -62.29935 25.25769 -177.5556 -85.86711 25.25769 -184.623 -85.86711 25.25769 -177.5556 -81.10745 28.02129 -177.5556 -81.10745 28.02129 -184.623 -85.86711 28.02129 -177.5556 -85.86711 25.25769 -195.8949 -81.10745 25.25769 -187.196 -85.86711 25.25769 -189.769 -85.86711 28.02129 -189.769 -85.86711 28.02129 -195.8949 -81.10745 28.02129 -195.8949 -85.86711 25.25769 -195.8949 -85.86711 28.02129 -189.769 -88.77636 28.02129 -187.196 -90.46027 -41.07057 -199.0795 -27.07077 -41.91029 -196.3927 -30.0139 31.81884 -198.5948 -33.89198 41.72803 -192.786 -33.94494 31.81884 -200.1787 -33.89205 -31.81896 -198.5948 -33.89198 -41.72815 -192.786 -33.94494 -31.81896 -200.1787 -33.89205 -41.72815 -194.37 -33.94502 46.89468 -148.8569 -46.70093 44.57642 -143.1002 -42.25703 43.68562 -143.2649 -39.87827 46.48403 -153.3462 -45.03123 44.39205 -153.1292 -45.41771 46.48403 -153.3462 -45.03123 43.68562 -143.2649 -39.87827 41.53292 -143.4755 -40.70544 44.74314 -148.8005 -47.12004 44.39205 -153.1292 -45.41771 41.53292 -143.4755 -40.70544 42.42788 -143.3049 -43.07506 44.74314 -148.8005 -47.12004 42.42788 -143.3049 -43.07506 44.57642 -143.1002 -42.25703 46.89468 -148.8569 -46.70093 45.43713 -124.4086 -49.24899 44.61366 -122.7344 -47.52085 42.40431 -123.0164 -48.16573 43.20563 -124.6556 -49.92935 42.42788 -143.3049 -43.07506 43.20563 -124.6556 -49.92935 45.10238 -125.1746 -48.88123 44.57642 -143.1002 -42.25703 45.43713 -124.4086 -49.24899 47.93551 -123.8346 -55.00105 47.92168 -119.2313 -56.51931 44.61366 -122.7344 -47.52085 47.92168 -119.2313 -56.51931 45.81856 -119.3954 -56.83854 42.40431 -123.0164 -48.16573 42.40431 -123.0164 -48.16573 45.81856 -119.3954 -56.83854 45.67478 -123.8826 -55.38082 45.43713 -124.4086 -49.24899 43.20563 -124.6556 -49.92935 45.67478 -123.8826 -55.38082 47.93551 -123.8346 -55.00105 6.372473 -136.1456 -21.20592 9.286678 -132.4749 -22.0037 6.372473 -136.1456 -21.20592 7.164657 -136.9818 -28.73346 6.662404 -140.1192 -25.37291 6.29777 -133.0417 -25.9357 6.295704 -134.009 -27.32138 5.303922 -135.3231 -26.47648 6.057476 -133.1114 -23.58859 7.14107 -132.1919 -24.74305 7.144249 -134.8446 -28.51045 8.605124 -135.3271 -29.19927 7.144249 -134.8446 -28.51045 7.164657 -136.9818 -28.73346 6.057476 -133.1114 -23.58859 5.213706 -138.3137 -24.35524 5.213706 -138.3137 -24.35524 3.043766 -137.6043 -23.90366 6.057476 -133.1114 -23.58859 3.046438 -135.4655 -25.66227 3.936751 -133.6504 -22.56107 5.303922 -135.3231 -26.47648 3.046438 -135.4655 -25.66227 5.213706 -138.3137 -24.35524 3.936751 -133.6504 -22.56107 3.043766 -137.6043 -23.90366 8.597286 -131.7195 -24.04711 7.14107 -132.1919 -24.74305 3.261471 -135.5892 -25.29477 3.936751 -133.6504 -22.56107 3.046438 -135.4655 -25.66227 13.73688 -138.3265 -24.20025 12.31709 -140.0849 -25.358 13.73688 -138.3265 -24.20025 13.73688 -138.3265 -24.20025 13.55436 -135.3663 -26.52174 12.59198 -134.009 -27.32139 12.93641 -133.1525 -23.61592 11.74345 -134.8446 -28.51044 10.29255 -135.259 -29.27334 11.74345 -134.8446 -28.51044 14.97097 -133.642 -22.53998 12.93641 -133.1525 -23.61592 14.97097 -133.642 -22.53998 12.93641 -133.1525 -23.61592 10.28672 -131.7084 -24.0526 12.93641 -133.1525 -23.61592 11.7466 -132.1918 -24.74303 10.28672 -131.7084 -24.0526 12.58406 -133.1149 -25.88711 12.58406 -133.1149 -25.88711 4.112343 -136.9959 -31.43112 14.78727 -131.1062 -23.03147 14.78727 -131.1062 -23.03147 16.74624 -127.2782 -25.73952 2.122259 -127.3193 -25.70947 2.943342 -110.558 -36.10602 16.11436 -114.3779 -37.75276 15.95268 -110.5903 -36.12254 16.14991 -126.7482 -29.11966 2.737446 -126.7595 -29.09407 2.986323 -97.52294 -40.10364 2.943342 -110.558 -36.10602 15.95268 -110.5903 -36.12254 15.91432 -97.51125 -40.14812 16.10387 -131.4601 -35.97336 16.13025 -114.3305 -47.66288 16.28266 -110.407 -41.66119 16.11436 -114.3779 -37.75276 17.39248 -133.0457 -34.01946 17.55706 -136.9911 -30.40313 2.817646 -131.4672 -36.08311 16.10387 -131.4601 -35.97336 17.39248 -133.0457 -34.01946 15.95349 -90.94648 -53.24101 16.13827 -94.9497 -58.99767 15.95349 -90.94648 -53.24101 2.935519 -90.94657 -53.23553 16.13803 -79.54188 -69.84394 15.80764 -75.4793 -64.0434 2.737446 -126.7595 -29.09407 4.127233 -131.1098 -23.02925 2.661439 -137.5742 -30.86051 1.696189 -131.9899 -22.72755 4.127233 -131.1098 -23.02925 1.696189 -131.9899 -22.72755 2.122259 -127.3193 -25.70947 2.771004 -114.3599 -37.76351 1.325069 -127.8195 -26.47265 2.737446 -126.7595 -29.09407 2.817646 -131.4672 -36.08311 1.325069 -127.8195 -26.47265 2.771004 -114.3599 -37.76351 2.605 -110.407 -41.66119 2.743444 -114.284 -47.59558 1.495205 -133.0457 -34.01945 1.397064 -137.2738 -30.58584 4.112343 -136.9959 -31.43112 2.661439 -137.5742 -30.86051 1.495205 -133.0457 -34.01945 1.397064 -137.2738 -30.58584 1.397064 -137.2738 -30.58584 1.696189 -131.9899 -22.72755 2.122259 -127.3193 -25.70947 2.749627 -101.5281 -45.85552 2.986323 -97.52294 -40.10364 2.935519 -90.94657 -53.23553 2.749369 -94.94972 -58.99766 2.879896 -75.51489 -64.09363 2.879896 -75.51489 -64.09363 2.749613 -79.54189 -69.84394 2.771004 -114.3599 -37.76351 33.15705 -113.7224 -41.66976 31.84573 -113.9844 -42.38957 32.02219 -117.2207 -41.19484 32.88085 -116.9682 -40.50008 31.19815 -127.2804 -39.36013 34.09242 -127.2156 -39.41719 33.95784 -126.1834 -36.52958 31.29122 -126.2737 -36.52978 31.84573 -113.9844 -42.38957 32.70439 -114.2372 -43.08421 33.33351 -117.4826 -41.91467 32.02219 -117.2207 -41.19484 32.88085 -116.9682 -40.50008 16.9355 -81.41 -66.78536 16.9413 -89.35328 -56.81857 27.98086 -81.32293 -66.69625 16.77679 -110.568 -36.25925 37.04753 -110.5942 -36.28673 16.78257 -97.66197 -40.20271 40.06096 -111.3522 -38.22298 40.06096 -111.3522 -38.22298 44.14175 -115.5523 -48.85061 28.69957 -81.60916 -67.31092 27.98086 -81.32293 -66.69625 47.27737 -110.5358 -58.78212 44.14175 -115.5523 -48.85061 27.98086 -81.32293 -66.69625 -40.68234 -96.33039 -42.86767 -37.63637 -97.64842 -40.22468 2.222098 -97.68339 -40.17209 2.271592 -81.39457 -66.78466 -27.98088 -81.32296 -66.69622 -27.83512 -89.22536 -56.87496 2.262299 -89.37285 -56.78115 2.216666 -110.5757 -36.24642 -37.04689 -110.5989 -36.28638 -40.0632 -111.3433 -38.22465 47.27737 -110.5358 -58.78212 44.14175 -115.5523 -48.85061 -44.13352 -115.5526 -48.82437 -47.27963 -110.5292 -58.77655 -44.13352 -115.5526 -48.82437 2.216666 -110.5757 -36.24642 -37.04689 -110.5989 -36.28638 -40.0632 -111.3433 -38.22465 -45.11833 -89.36266 -56.80963 -45.31347 -77.29645 -60.35785 -45.11833 -89.36266 -56.80963 -45.31347 -77.29645 -60.35785 -47.96369 -81.35045 -66.31255 -47.27963 -110.5292 -58.77655 -44.13352 -115.5526 -48.82437 -27.97534 -77.31404 -60.42475 -27.98088 -81.32296 -66.69622 -27.97534 -77.31404 -60.42475 -27.83512 -89.22536 -56.87496 -40.68234 -96.33039 -42.86767 -40.0632 -111.3433 -38.22465 16.77679 -110.568 -36.25925 2.649311 -114.266 -47.43391 16.35008 -114.2565 -47.40421 35.40742 -110.7188 -36.89262 35.44282 -115.0253 -42.04425 35.47386 -114.748 -48.05443 35.37509 -114.9984 -48.23197 35.47387 -113.5289 -45.67221 35.37509 -114.9984 -48.23197 29.83408 -110.7714 -36.81813 29.80532 -115.3774 -42.80812 29.70593 -114.7971 -48.09165 29.7648 -113.5289 -45.67222 29.7648 -110.3209 -37.56976 29.70593 -114.7971 -48.09165 21.96166 -134.3582 -27.49862 21.9381 -134.2445 -28.60472 16.8948 -132.9386 -28.00989 16.8948 -132.9386 -28.00989 21.96166 -134.3582 -27.49862 21.96166 -134.3582 -27.49862 16.70713 -133.7814 -28.49774 21.9381 -134.2445 -28.60472 16.70713 -133.7814 -28.49774 16.70713 -133.7814 -28.49774 25.76278 -134.4185 -27.62945 25.85501 -134.6861 -28.78321 25.68188 -135.4826 -27.02941 25.53394 -135.8239 -29.10112 21.96166 -134.3582 -27.49862 2.649311 -114.266 -47.43391 2.222098 -97.68339 -40.17209 16.78257 -97.66197 -40.20271 16.35008 -114.2565 -47.40421 16.9413 -89.35328 -56.81857 16.35008 -114.2565 -47.40421 16.9355 -81.41 -66.78536 16.35008 -114.2565 -47.40421 2.222098 -97.68339 -40.17209 2.649311 -114.266 -47.43391 2.262299 -89.37285 -56.78115 2.271592 -81.39457 -66.78466 2.262299 -89.37285 -56.78115 2.649311 -114.266 -47.43391 2.740681 -80.85509 -51.08583 2.240684 -90.39569 -56.5902 2.740683 -89.40777 -58.32917 1.740683 -89.40777 -58.32917 2.240684 -90.39569 -56.5902 1.740681 -80.85673 -51.13911 1.74068 -79.30551 -52.52401 2.06677 -78.63465 -44.95676 1.740681 -80.85673 -51.13911 -1.59365 -81.31683 -49.63119 6.057705 -81.32469 -49.67145 6.057705 -81.32469 -49.67145 -1.59365 -81.31683 -49.63119 -1.500013 -80.44928 -50.09954 6.063257 -80.39986 -49.96763 2.74068 -79.20221 -52.49826 1.740681 -77.07775 -46.50486 2.240684 -90.39569 -56.5902 2.740683 -89.40777 -58.32917 1.740683 -89.40777 -58.32917 17.08561 -89.40776 -58.32917 16.58562 -90.39569 -56.5902 16.08561 -89.40776 -58.32915 16.58562 -90.39569 -56.5902 16.08561 -89.40776 -58.32915 16.43045 -78.5191 -44.91652 12.75129 -81.31682 -49.63119 20.40263 -81.32468 -49.67146 12.75129 -81.31682 -49.63119 -8.286797 -81.66079 -48.80033 -14.49149 -81.61611 -48.75365 -14.54781 -81.02594 -49.51423 -14.49149 -81.61611 -48.75365 -8.286797 -81.66079 -48.80033 -8.224307 -80.97093 -49.46175 -8.286797 -81.66079 -48.80033 -14.49149 -81.61611 -48.75365 -14.54781 -81.02594 -49.51423 -8.224307 -80.97093 -49.46175 -10.61179 -85.31078 -62.40071 -10.6118 -77.72539 -53.44467 -10.61179 -79.73149 -52.71309 -11.11179 -86.83388 -61.10451 -11.61179 -85.31078 -62.40072 -11.11179 -86.83388 -61.10451 -11.61179 -79.75502 -52.68267 -11.6118 -77.74206 -53.39405 -10.61179 -79.73149 -52.71309 -10.61179 -79.65518 -46.96369 -11.61179 -79.33541 -46.35647 -11.61179 -79.75502 -52.68267 -11.6118 -77.74206 -53.39405 -11.61179 -77.7685 -47.07238 -10.61179 -78.02556 -46.303 -10.6118 -77.72539 -53.44467 -10.61179 -78.02556 -46.303 -10.61179 -79.65518 -46.96369 -11.61179 -79.33541 -46.35647 -11.61179 -77.7685 -47.07238 -11.11179 -86.83388 -61.10451 -10.61179 -85.31078 -62.40071 -11.61179 -85.31078 -62.40072 2.043035 -133.1904 -28.54413 -3.056327 -134.2445 -28.60471 -3.079893 -134.3582 -27.49862 2.069489 -133.3092 -27.59389 2.069489 -133.3092 -27.59389 -3.079893 -134.3582 -27.49862 -2.8803 -135.3312 -28.04175 2.207322 -133.9282 -27.92187 2.207322 -133.9282 -27.92187 -2.8803 -135.3312 -28.04175 -3.056327 -134.2445 -28.60471 2.043035 -133.1904 -28.54413 -7.00822 -134.2878 -28.05918 -6.652169 -135.8239 -29.10112 -6.773904 -136.0703 -27.1557 -7.00822 -134.2878 -28.05918 -7.00822 -134.2878 -28.05918 -3.079893 -134.3582 -27.49862 -6.652169 -135.8239 -29.10112 28.13517 -81.42913 -66.89461 -27.2648 -67.28231 -56.31067 27.44675 -70.22122 -61.15345 -27.44659 -70.21732 -61.14707 28.13517 -81.42913 -66.89461 28.13517 -81.42913 -66.89461 -46.52374 -71.74062 -60.91829 -49.22722 -72.74797 -67.94101 -49.23814 -80.42685 -66.31708 -42.704 -71.03164 -51.07771 -49.27574 -80.9967 -66.2007 -28.13979 -81.43556 -66.86515 -27.54123 -70.97821 -50.9967 -27.54123 -70.97821 -50.9967 -28.08266 -81.31838 -67.15093 -28.13979 -81.43556 -66.86515 -27.44659 -70.21732 -61.14707 -28.13979 -81.43556 -66.86515 -46.90107 -148.8569 -46.70093 -43.69201 -143.2649 -39.87827 -44.58281 -143.1002 -42.25703 -46.49042 -153.3462 -45.03123 -44.39844 -153.1292 -45.41771 -43.69201 -143.2649 -39.87827 -46.49042 -153.3462 -45.03123 -41.53931 -143.4755 -40.70544 -44.74953 -148.8005 -47.12004 -41.53931 -143.4755 -40.70544 -44.39844 -153.1292 -45.41771 -42.43427 -143.3049 -43.07506 -44.74953 -148.8005 -47.12004 -44.58281 -143.1002 -42.25703 -42.43427 -143.3049 -43.07506 -46.90107 -148.8569 -46.70093 -44.62004 -122.7344 -47.52085 -45.44351 -124.4086 -49.24899 -42.4107 -123.0164 -48.16573 -43.21202 -124.6556 -49.92935 -42.43427 -143.3049 -43.07506 -45.10876 -125.1746 -48.88123 -43.21202 -124.6556 -49.92935 -44.58281 -143.1002 -42.25703 -45.44351 -124.4086 -49.24899 -47.94189 -123.8346 -55.00105 -47.92806 -119.2313 -56.51931 -44.62004 -122.7344 -47.52085 -45.82495 -119.3954 -56.83854 -47.92806 -119.2313 -56.51931 -42.4107 -123.0164 -48.16573 -42.4107 -123.0164 -48.16573 -45.68117 -123.8826 -55.38082 -45.82495 -119.3954 -56.83854 -45.44351 -124.4086 -49.24899 -45.68117 -123.8826 -55.38082 -43.21202 -124.6556 -49.92935 -47.94189 -123.8346 -55.00105 -44.62004 -122.7344 -47.52085 -25.26408 -177.5556 -85.86711 -25.26408 -177.5556 -81.10745 -25.26408 -184.623 -85.86711 -28.02768 -177.5556 -81.10745 -28.02768 -177.5556 -85.86711 -28.02768 -184.623 -85.86711 -25.26408 -195.8949 -81.10745 -25.26408 -189.769 -85.86711 -25.26408 -187.196 -85.86711 -28.02768 -189.769 -85.86711 -28.02768 -195.8949 -85.86711 -28.02768 -195.8949 -81.10745 -25.26408 -195.8949 -81.10745 -25.26408 -195.8949 -85.86711 -25.26408 -189.769 -85.86711 -28.02768 -187.196 -90.46027 -28.02768 -189.769 -88.77636 41.33951 -195.1768 -15.03799 41.89734 -187.0343 -27.94115 41.40407 -194.3088 -34.89904 44.9817 -188.9362 -29.44729 41.40407 -194.3088 -34.89904 45.85115 -175.7528 -38.47822 45.81674 -174.9301 -36.71974 42.44038 -178.7404 -45.61259 47.64543 -178.7164 -45.02275 47.65687 -144.5331 -50.41859 47.60247 -143.8811 -48.59388 45.81674 -174.9301 -36.71974 42.7185 -174.5292 -36.49433 44.32192 -146.8966 -57.79549 49.52439 -146.8809 -57.20228 49.01312 -110.1112 -61.49204 48.94039 -109.5766 -59.62966 47.60247 -143.8811 -48.59388 44.49682 -143.5595 -48.3376 45.74634 -112.1074 -68.98688 50.94752 -112.0523 -68.40619 49.64657 -71.57323 -71.02762 49.56317 -71.4936 -69.06591 48.94039 -109.5766 -59.62966 45.82669 -109.3623 -59.3389 46.41854 -72.02239 -78.84903 51.61896 -71.98335 -78.27138 46.44584 -71.40065 -68.74216 44.9817 -188.9362 -29.44729 45.85115 -175.7528 -38.47822 48.30373 -175.7573 -38.48788 47.65687 -144.5331 -50.41859 50.10976 -144.5367 -50.42861 49.01312 -110.1112 -61.49204 51.46638 -110.1142 -61.50228 49.64657 -71.57323 -71.02762 52.1 -71.57469 -71.03816 47.64543 -178.7164 -45.02275 48.30373 -175.7573 -38.48788 49.52439 -146.8809 -57.20228 50.10976 -144.5367 -50.42861 50.94752 -112.0523 -68.40619 51.46638 -110.1142 -61.50228 51.61896 -71.98335 -78.27138 52.1 -71.57469 -71.03816 42.7185 -174.5292 -36.49433 42.44038 -178.7404 -45.61259 44.49682 -143.5595 -48.3376 44.32192 -146.8966 -57.79549 45.82669 -109.3623 -59.3389 45.74634 -112.1074 -68.98688 57.454 -72.26586 -98.53833 57.45251 -72.36571 -95.53256 37.45406 -72.36572 -95.53971 37.45406 -72.26586 -98.53833 57.45251 -72.36468 -75.14212 57.45251 -72.36571 -95.53256 57.45251 -71.11571 -95.53263 57.45251 -71.11468 -75.19887 37.45406 -72.36468 -75.14212 37.45406 -71.11468 -75.19886 37.45406 -72.36468 -75.14212 37.45406 -71.11468 -75.19886 37.45406 -71.21586 -98.53838 57.454 -71.21586 -98.53838 57.454 -72.26586 -98.53833 37.45406 -72.26586 -98.53833 57.45251 -71.11571 -95.53263 37.45406 -71.11572 -95.53977 57.454 -72.26586 -98.53833 57.454 -71.21586 -98.53838 57.454 -71.21586 -98.53838 37.45406 -71.21586 -98.53838 46.3092 -91.42153 -69.78227 -46.30924 -91.42153 -69.78224 -46.4087 -84.20552 -71.55661 46.40865 -84.20552 -71.55664 37.06493 -77.08219 -75.48911 36.68434 -77.25688 -75.89881 36.75614 -40.88445 -83.75495 37.13203 -40.76365 -83.33348 -46.26626 -94.45648 -71.81584 -46.30924 -91.42153 -69.78224 46.3092 -91.42153 -69.78227 46.26622 -94.45648 -71.81587 -46.02601 -104.6229 -69.05193 -46.26626 -94.45648 -71.81584 46.26622 -94.45648 -71.81587 46.02597 -104.6229 -69.05196 40.35183 -80.87384 -75.11264 40.44255 -80.42391 -74.76277 46.44115 -80.42391 -74.76277 46.43707 -80.875 -75.1124 -36.68439 -77.25688 -75.89879 36.68434 -77.25688 -75.89881 -37.06498 -77.0822 -75.48909 -37.13208 -40.76365 -83.33347 -36.7562 -40.88445 -83.75492 -36.68439 -77.25688 -75.89879 46.42022 -82.35182 -74.7914 46.40865 -84.20552 -71.55664 -46.4087 -84.20552 -71.55661 -46.42027 -82.35182 -74.79137 45.98841 -106.0323 -67.92815 -45.98845 -106.0323 -67.92812 -36.68439 -77.25688 -75.89879 -40.35187 -80.87384 -75.11261 -40.44259 -80.42391 -74.76274 -37.06498 -77.0822 -75.48909 -45.83552 -109.5147 -59.16041 -45.84018 -110.4574 -58.93083 45.84015 -110.4574 -58.93086 45.83549 -109.5147 -59.16044 45.84015 -110.4574 -58.93086 -45.84018 -110.4574 -58.93083 -45.98845 -106.0323 -67.92812 45.98841 -106.0323 -67.92815 -36.7562 -40.88445 -83.75492 36.75614 -40.88445 -83.75495 -46.43711 -80.875 -75.11237 -46.4412 -80.42391 -74.76274 -28.52999 -177.6258 -87.00091 -28.52999 -173.7244 -87.00091 -12.66763 -173.7244 -87.00091 -12.66763 -177.6258 -87.00091 -32.26023 -173.7244 -79.97364 -12.66763 -173.7244 -79.97364 -12.66763 -173.7244 -87.00091 -28.52999 -173.7244 -87.00091 32.26028 -173.7244 -79.97364 22.73858 -173.7244 -79.97364 22.73858 -177.6258 -79.97364 32.26028 -177.6258 -79.97364 32.26028 -177.6258 -79.97364 22.73858 -177.6258 -79.97364 22.73858 -177.6258 -87.00091 28.53004 -177.6258 -87.00091 -28.52999 -177.6258 -87.00091 -32.26023 -177.6258 -79.97364 -37.79868 -177.6258 -84.36839 -31.94219 -177.6258 -88.39363 -32.26023 -173.7244 -79.97364 -28.52999 -173.7244 -87.00091 -31.94219 -173.7244 -88.39363 -37.79868 -173.7244 -84.36839 -31.94219 -177.6258 -88.39363 -31.94219 -173.7244 -88.39363 -34.35541 -173.7244 -108.9328 -34.35541 -177.6258 -108.9328 -39.85977 -177.6258 -102.1176 -39.85977 -173.7244 -102.1176 -39.85977 -173.7244 -102.1176 -40.56688 -173.7244 -91.95977 -33.48139 -173.7244 -91.95977 -32.93448 -173.7244 -95.84276 -32.93448 -173.7244 -95.84276 -33.48139 -173.7244 -91.95977 -33.48139 -177.6258 -91.95977 -32.93448 -177.6258 -95.84276 -29.88616 -173.7244 -98.38774 -29.88616 -177.6258 -98.38774 -34.35541 -173.7244 -108.9328 -39.85977 -173.7244 -102.1176 -32.93448 -173.7244 -95.84276 -29.88616 -173.7244 -98.38774 -40.56688 -177.6258 -91.95977 -40.56688 -173.7244 -91.95977 -32.26023 -177.6258 -79.97364 -32.26023 -173.7244 -79.97364 -37.79868 -173.7244 -84.36839 -37.79868 -177.6258 -84.36839 -39.85977 -177.6258 -102.1176 -32.93448 -177.6258 -95.84276 -33.48139 -177.6258 -91.95977 -40.56688 -177.6258 -91.95977 -34.35541 -177.6258 -108.9328 -29.88616 -177.6258 -98.38774 -32.93448 -177.6258 -95.84276 -39.85977 -177.6258 -102.1176 -37.79868 -173.7244 -84.36839 -31.94219 -173.7244 -88.39363 -33.48139 -173.7244 -91.95977 -40.56688 -173.7244 -91.95977 -31.94219 -177.6258 -88.39363 -37.79868 -177.6258 -84.36839 -40.56688 -177.6258 -91.95977 -33.48139 -177.6258 -91.95977 28.53004 -173.7244 -87.00091 32.26028 -173.7244 -79.97364 37.79872 -173.7244 -84.36839 31.94224 -173.7244 -88.39363 32.26028 -177.6258 -79.97364 28.53004 -177.6258 -87.00091 31.94224 -177.6258 -88.39363 37.79872 -177.6258 -84.36839 28.53004 -177.6258 -87.00091 28.53004 -173.7244 -87.00091 31.94224 -173.7244 -88.39363 31.94224 -177.6258 -88.39363 34.35546 -177.6258 -108.9328 34.35546 -173.7244 -108.9328 39.85982 -173.7244 -102.1176 39.85982 -177.6258 -102.1176 39.85982 -177.6258 -102.1176 40.56692 -177.6258 -91.95977 33.48144 -177.6258 -91.95977 32.93452 -177.6258 -95.84276 32.93452 -177.6258 -95.84276 33.48144 -177.6258 -91.95977 33.48144 -173.7244 -91.95977 32.93452 -173.7244 -95.84276 29.8862 -177.6258 -98.38774 29.8862 -173.7244 -98.38774 34.35546 -177.6258 -108.9328 39.85982 -177.6258 -102.1176 32.93452 -177.6258 -95.84276 29.8862 -177.6258 -98.38774 40.56692 -173.7244 -91.95977 40.56692 -177.6258 -91.95977 37.79872 -177.6258 -84.36839 37.79872 -173.7244 -84.36839 39.85982 -173.7244 -102.1176 32.93452 -173.7244 -95.84276 33.48144 -173.7244 -91.95977 40.56692 -173.7244 -91.95977 34.35546 -173.7244 -108.9328 29.8862 -173.7244 -98.38774 22.73858 -177.6258 -87.00091 22.73858 -173.7244 -87.00091 -12.66763 -173.7244 -79.97364 -12.66763 -177.6258 -79.97364 -32.26023 -195.7139 -79.97364 32.26028 -195.7139 -79.97364 28.53004 -195.7139 -87.00091 -28.52999 -195.7139 -87.00091 22.73858 -177.6258 -87.00091 22.73858 -177.6258 -79.97364 22.73858 -173.7244 -79.97364 22.73858 -173.7244 -87.00091 25.62809 -20.2609 -102.8132 20.87283 -20.2609 -102.8132 20.87283 -19.24312 -101.7954 25.62809 -19.24312 -101.7954 25.62809 -20.2609 -110.3368 25.62809 -21.27869 -109.319 20.87283 -21.27869 -109.319 20.87283 -20.2609 -110.3368 20.87283 -20.2609 -110.3368 20.87283 -21.27869 -109.319 20.87283 -20.2609 -108.3012 20.87283 -19.24312 -109.319 20.87283 -19.24312 -109.319 20.87283 -20.2609 -108.3012 25.62809 -20.2609 -108.3012 25.62809 -19.24312 -109.319 25.62809 -20.2609 -110.3368 20.87283 -20.2609 -110.3368 20.87283 -19.24312 -109.319 25.62809 -19.24312 -109.319 20.87283 -19.24312 -101.7954 20.87283 -20.2609 -100.7776 25.62809 -20.2609 -100.7776 25.62809 -19.24312 -101.7954 20.87283 -20.2609 -102.8132 20.87283 -21.27869 -101.7954 20.87283 -20.2609 -100.7776 20.87283 -19.24312 -101.7954 20.87283 -21.27869 -109.319 25.62809 -21.27869 -109.319 25.62809 -20.2609 -108.3012 20.87283 -20.2609 -108.3012 25.62809 -20.2609 -102.8132 25.62809 -21.27869 -101.7954 20.87283 -21.27869 -101.7954 20.87283 -20.2609 -102.8132 20.87283 -21.27869 -101.7954 25.62809 -21.27869 -101.7954 25.62809 -20.2609 -100.7776 20.87283 -20.2609 -100.7776 20.87283 -40.72134 -101.7954 25.62809 -40.72134 -101.7954 25.62809 -39.70355 -100.7776 20.87283 -39.70355 -100.7776 25.62809 -39.70356 -102.8132 25.62809 -40.72134 -101.7954 20.87283 -40.72134 -101.7954 20.87283 -39.70356 -102.8132 27.40938 -37.164 -100.3292 25.48446 -37.164 -100.3292 25.48446 -39.70356 -98.86293 27.40938 -39.70356 -98.86293 27.40938 -39.70356 -104.7278 25.48446 -39.70356 -104.7278 25.48446 -37.164 -103.2616 27.40938 -37.164 -103.2616 25.62809 -39.70356 -110.3368 20.87283 -39.70356 -110.3368 20.87283 -38.68577 -109.319 25.62809 -38.68577 -109.319 27.40938 -39.70356 -112.2514 25.48446 -39.70356 -112.2514 25.48446 -37.164 -110.7852 27.40938 -37.164 -110.7852 27.40938 -37.164 -110.7852 25.48446 -37.164 -110.7852 25.48446 -37.164 -107.8527 27.40938 -37.164 -107.8527 27.40938 -37.164 -107.8527 25.48446 -37.164 -107.8527 25.48446 -39.70356 -106.3865 27.40938 -39.70356 -106.3865 25.48446 -42.24312 -107.8527 27.40938 -42.24312 -107.8527 27.40938 -42.24312 -107.8527 25.48446 -42.24312 -107.8527 25.48446 -42.24312 -110.7852 27.40938 -42.24312 -110.7852 27.40938 -42.24312 -110.7852 25.48446 -42.24312 -110.7852 25.48446 -42.24312 -100.3292 27.40938 -42.24312 -100.3292 20.87283 -40.72134 -109.319 25.62809 -40.72134 -109.319 25.62809 -39.70355 -108.3012 20.87283 -39.70355 -108.3012 20.87283 -39.70356 -102.8132 20.87283 -40.72134 -101.7954 20.87283 -39.70355 -100.7776 20.87283 -38.68577 -101.7954 27.40938 -37.164 -103.2616 25.48446 -37.164 -103.2616 25.48446 -37.164 -100.3292 27.40938 -37.164 -100.3292 20.87283 -38.68577 -101.7954 20.87283 -39.70355 -100.7776 25.62809 -39.70355 -100.7776 25.62809 -38.68577 -101.7954 20.87283 -39.70356 -110.3368 20.87283 -40.72134 -109.319 20.87283 -39.70355 -108.3012 20.87283 -38.68577 -109.319 27.40938 -42.24312 -100.3292 25.48446 -42.24312 -100.3292 25.48446 -42.24312 -103.2616 27.40938 -42.24312 -103.2616 25.62809 -39.70356 -102.8132 20.87283 -39.70356 -102.8132 20.87283 -38.68577 -101.7954 25.62809 -38.68577 -101.7954 27.40938 -42.24312 -103.2616 25.48446 -42.24312 -103.2616 20.87283 -38.68577 -109.319 20.87283 -39.70355 -108.3012 25.62809 -39.70355 -108.3012 25.62809 -38.68577 -109.319 25.62809 -39.70356 -110.3368 25.62809 -40.72134 -109.319 20.87283 -40.72134 -109.319 20.87283 -39.70356 -110.3368 37.23742 -16.07686 -83.7292 37.23742 -20.50661 -87.68264 -37.23749 -20.50664 -87.6826 -37.23749 -16.07689 -83.72917 -37.23749 -20.50664 -87.6826 37.23742 -20.50661 -87.68264 37.23744 -71.3759 -76.74538 -37.23746 -71.37593 -76.74535 -24.97662 -191.6305 -83.48209 -12.44837 -191.6305 -83.48209 -12.44837 -187.2027 -81.64802 -24.97662 -187.2027 -81.64802 -24.97662 -182.7749 -92.33774 -12.44837 -182.7749 -92.33774 -12.44837 -187.2027 -94.1718 -24.97662 -187.2027 -94.1718 -24.97662 -191.6305 -92.33774 -12.44837 -191.6305 -92.33774 -12.44837 -193.4646 -87.90991 -24.97662 -193.4646 -87.90991 -24.97662 -182.7749 -83.48209 -12.44837 -182.7749 -83.48209 -12.44837 -180.9408 -87.90991 -24.97662 -180.9408 -87.90991 -24.97662 -193.4646 -87.90991 -12.44837 -193.4646 -87.90991 -12.44837 -191.6305 -83.48209 -24.97662 -191.6305 -83.48209 -12.44837 -191.6305 -92.33774 -24.97662 -191.6305 -92.33774 -12.44837 -182.7749 -92.33774 -24.97662 -182.7749 -92.33774 -12.44837 -182.7749 -83.48209 -24.97662 -182.7749 -83.48209 -25.56442 -142.4715 -25.10675 -25.74545 -143.9584 -25.45464 -27.25732 -143.833 -25.20357 -27.07629 -142.3462 -24.85568 -24.96692 -142.9195 -22.57321 -27.07629 -142.3462 -24.85568 -26.89238 -142.7599 -22.25346 -28.75065 -140.1299 -37.74171 -28.32425 -140.5916 -38.00909 -26.92131 -143.1222 -25.06085 -27.09182 -119.6595 -45.40826 -27.84435 -119.7446 -45.67603 -28.15921 -114.8144 -48.92856 -25.58393 -114.5235 -48.01218 -27.20682 -142.5092 -20.28178 -27.28816 -142.3253 -21.44425 -27.6498 -145.2955 -22.13919 -27.59079 -145.6627 -21.01963 -24.00019 -142.775 -20.81427 -24.38416 -145.9285 -21.55213 -24.62967 -145.5458 -22.64072 -24.26803 -142.5757 -21.94577 -27.28816 -142.3253 -21.44425 -24.62967 -145.5458 -22.64072 -24.26803 -142.5757 -21.94577 -25.19747 -144.8131 -23.01626 -25.74545 -143.9584 -25.45464 -24.96692 -142.9195 -22.57321 -26.89238 -142.7599 -22.25346 -27.07629 -142.3462 -24.85568 -27.25732 -143.833 -25.20357 -27.12294 -144.6535 -22.69653 -26.89238 -142.7599 -22.25346 -27.12294 -144.6535 -22.69653 -25.19747 -144.8131 -23.01626 -24.62967 -145.5458 -22.64072 -27.79642 -140.1765 -37.8843 -28.22283 -139.7147 -37.6169 -26.3935 -142.707 -24.93604 -28.22283 -139.7147 -37.6169 -27.12294 -144.6535 -22.69653 -27.25732 -143.833 -25.20357 -25.74545 -143.9584 -25.45464 -26.89238 -142.7599 -22.25346 -24.26803 -142.5757 -21.94577 -21.39574 -136.3966 -39.06216 -20.85119 -136.2758 -38.66794 -20.6426 -139.2645 -35.72762 -21.1679 -139.6911 -35.82045 -28.33091 -119.3703 -44.4275 -27.57838 -119.2853 -44.15972 -27.24904 -113.2426 -43.73944 -29.82432 -113.5335 -44.65583 -28.40718 -136.8047 -40.05166 -27.70541 -118.8793 -44.86359 -28.25178 -118.9655 -45.2643 -28.95355 -136.8908 -40.45239 -28.54447 -137.0476 -40.97644 -28.95355 -136.8908 -40.45239 -27.99811 -136.9614 -40.57572 -27.29634 -119.036 -45.38763 -27.70541 -118.8793 -44.86359 -28.40718 -136.8047 -40.05166 -28.25178 -118.9655 -45.2643 -27.8427 -119.1222 -45.78836 -28.75065 -140.1299 -37.74171 -28.22283 -139.7147 -37.6169 -28.54447 -137.0476 -40.97644 -27.8427 -119.1222 -45.78836 -27.29634 -119.036 -45.38763 -27.99811 -136.9614 -40.57572 -26.95884 -119.4299 -44.6501 -27.09182 -119.6595 -45.40826 -25.58393 -114.5235 -48.01218 -25.12884 -113.7375 -45.41762 -28.32425 -140.5916 -38.00909 -28.46389 -119.5999 -45.18565 -30.27941 -114.3194 -47.25038 -28.46389 -119.5999 -45.18565 -28.33091 -119.3703 -44.4275 -29.82432 -113.5335 -44.65583 -30.27941 -114.3194 -47.25038 -26.95884 -119.4299 -44.6501 -25.12884 -113.7375 -45.41762 -13.40171 -137.1529 -40.96063 -12.93697 -137.0266 -40.47629 -12.91604 -140.2405 -37.77602 -13.38079 -140.6959 -37.98387 43.207 -80.76368 -81.55536 45.0667 -77.57906 -82.0391 43.207 -78.64616 -67.61533 37.62783 -77.57906 -82.0391 39.48753 -80.76368 -81.55536 39.48753 -78.64616 -67.61533 37.62783 -75.46152 -68.09908 43.48291 -76.551 -88.8081 43.48291 -76.55099 -91.35424 35.26094 -76.55099 -91.35424 35.26094 -76.551 -88.8081 43.48291 -80.96103 -91.35424 43.48291 -80.96103 -88.8081 35.26094 -80.96103 -88.8081 35.26094 -80.96103 -91.35424 40.45971 -77.0936 -89.04115 39.57217 -78.61345 -88.81027 40.45971 -76.08301 -82.38828 43.12237 -78.61345 -88.81027 42.23482 -77.0936 -89.04115 42.23482 -76.08301 -82.38828 39.48753 -74.39445 -82.52286 39.48753 -72.27691 -68.58281 39.48753 -80.76368 -81.55536 43.207 -80.76368 -81.55536 43.207 -78.64616 -67.61533 39.48753 -78.64616 -67.61533 43.48291 -78.75601 -92.6273 43.48291 -80.96103 -91.35424 35.26094 -80.96103 -91.35424 35.26094 -78.75601 -92.6273 42.23482 -80.13331 -88.57941 42.23482 -79.12273 -81.92654 42.23482 -77.0936 -89.04115 40.45971 -77.0936 -89.04115 40.45971 -76.08301 -82.38828 43.207 -74.39445 -82.52286 39.48753 -74.39445 -82.52286 39.48753 -72.27691 -68.58281 43.207 -74.39445 -82.52286 43.48291 -80.96103 -88.8081 43.48291 -78.75601 -87.53504 35.26094 -78.75601 -87.53504 35.26094 -80.96103 -88.8081 43.48291 -76.551 -88.8081 35.26094 -76.551 -88.8081 43.48291 -76.55099 -91.35424 35.26094 -76.55099 -91.35424 40.45971 -80.13331 -88.57941 42.23482 -80.13331 -88.57941 40.45971 -79.12273 -81.92654 40.45971 -80.13331 -88.57941 -7.829861 -64.26953 -126.4468 -7.829861 -95.4326 -126.4468 -8.73045 -95.4326 -126.4468 -8.73045 -64.26953 -126.4468 -7.829861 -67.65101 -120.2634 -7.829861 -95.43258 -120.2634 -7.829861 -95.4326 -126.4468 -7.829861 -64.26953 -126.4468 -8.73045 -67.65101 -120.2634 -8.73045 -95.43258 -120.2634 -7.829861 -95.43258 -120.2634 -7.829861 -67.65101 -120.2634 -8.73045 -64.26953 -126.4468 -8.73045 -95.4326 -126.4468 -8.73045 -95.43258 -120.2634 -8.73045 -67.65101 -120.2634 -25.63448 -39.70356 -108.299 -20.87922 -39.70356 -108.299 -20.87922 -38.68577 -109.3168 -25.63448 -38.68577 -109.3168 -27.41577 -42.24312 -100.327 -25.49085 -42.24312 -100.327 -25.49085 -39.70356 -98.8608 -27.41577 -39.70356 -98.8608 -20.87922 -40.72134 -101.7932 -25.63448 -40.72134 -101.7932 -25.63448 -39.70355 -102.811 -20.87922 -39.70355 -102.811 -27.41577 -42.24312 -103.2594 -25.49085 -42.24312 -103.2594 -25.49085 -42.24312 -100.327 -27.41577 -42.24312 -100.327 -27.41577 -39.70356 -104.7257 -25.49085 -39.70356 -104.7257 -25.49085 -42.24312 -103.2594 -27.41577 -42.24312 -103.2594 -25.63448 -39.70356 -100.7754 -25.63448 -40.72134 -101.7932 -20.87922 -40.72134 -101.7932 -20.87922 -39.70356 -100.7754 -27.41577 -37.164 -103.2594 -25.49085 -37.164 -103.2594 -20.87922 -39.70356 -100.7754 -20.87922 -40.72134 -101.7932 -20.87922 -39.70355 -102.811 -20.87922 -38.68577 -101.7932 -27.41577 -37.164 -100.327 -25.49085 -37.164 -100.327 -25.49085 -37.164 -103.2594 -27.41577 -37.164 -103.2594 -25.49085 -37.164 -100.327 -27.41577 -37.164 -100.327 -25.63448 -39.70356 -100.7754 -20.87922 -39.70356 -100.7754 -20.87922 -38.68577 -101.7932 -25.63448 -38.68577 -101.7932 -27.41577 -39.70356 -106.3844 -25.49085 -39.70356 -106.3844 -25.49085 -37.164 -107.8506 -27.41577 -37.164 -107.8506 -20.87922 -38.68577 -109.3168 -20.87922 -39.70355 -110.3346 -25.63448 -39.70355 -110.3346 -25.63448 -38.68577 -109.3168 -27.41577 -37.164 -107.8506 -25.49085 -37.164 -107.8506 -25.49085 -37.164 -110.783 -27.41577 -37.164 -110.783 -20.87922 -39.70356 -108.299 -20.87922 -40.72134 -109.3168 -20.87922 -39.70355 -110.3346 -20.87922 -38.68577 -109.3168 -27.41577 -37.164 -110.783 -25.49085 -37.164 -110.783 -25.49085 -39.70356 -112.2493 -27.41577 -39.70356 -112.2493 -25.63448 -39.70356 -108.299 -25.63448 -40.72134 -109.3168 -20.87922 -40.72134 -109.3168 -20.87922 -39.70356 -108.299 -25.49085 -42.24312 -110.783 -27.41577 -42.24312 -110.783 -27.41577 -42.24312 -110.783 -25.49085 -42.24312 -110.783 -25.49085 -42.24312 -107.8506 -27.41577 -42.24312 -107.8506 -20.87922 -40.72134 -109.3168 -25.63448 -40.72134 -109.3168 -25.63448 -39.70355 -110.3346 -20.87922 -39.70355 -110.3346 -27.41577 -42.24312 -107.8506 -25.49085 -42.24312 -107.8506 -20.87922 -38.68577 -101.7932 -20.87922 -39.70355 -102.811 -25.63448 -39.70355 -102.811 -25.63448 -38.68577 -101.7932 -20.87922 -21.27869 -109.3168 -25.63448 -21.27869 -109.3168 -25.63448 -20.2609 -110.3346 -20.87922 -20.2609 -110.3346 -25.63448 -20.2609 -108.299 -25.63448 -21.27869 -109.3168 -20.87922 -21.27869 -109.3168 -20.87922 -20.2609 -108.299 -20.87922 -20.2609 -108.299 -20.87922 -21.27869 -109.3168 -20.87922 -20.2609 -110.3346 -20.87922 -19.24312 -109.3168 -20.87922 -19.24312 -109.3168 -20.87922 -20.2609 -110.3346 -25.63448 -20.2609 -110.3346 -25.63448 -19.24312 -109.3168 24.33983 -28.76249 -95.89041 24.33993 -187.7195 -94.58518 23.08993 -187.7195 -94.58516 23.08983 -28.76249 -95.89041 24.33993 -187.2459 -93.58518 24.33983 -31.07617 -94.89041 23.08983 -31.07617 -94.89041 23.08993 -187.2459 -93.58516 24.33993 -187.7195 -94.58518 24.33983 -28.76249 -95.89041 24.33983 -31.07617 -94.89041 24.33993 -187.2459 -93.58518 23.08983 -28.76249 -95.89041 23.08993 -187.7195 -94.58516 23.08993 -187.2459 -93.58516 23.08983 -31.07617 -94.89041 -24.96456 -37.09209 -87.90991 -12.36537 -37.09209 -87.90991 -12.36537 -34.79906 -82.37406 -24.96456 -34.79906 -82.37406 -24.96456 -34.79906 -93.44577 -12.36537 -34.79906 -93.44577 -24.96456 -29.26321 -95.73879 -12.36537 -29.26321 -95.73879 -12.36537 -34.79906 -93.44577 -24.96456 -34.79906 -93.44577 -24.96456 -23.72736 -93.44577 -12.36537 -23.72736 -93.44577 -24.96456 -21.43434 -87.90991 -12.36537 -21.43434 -87.90991 -12.36537 -23.72736 -93.44577 -24.96456 -23.72736 -93.44577 -24.96456 -23.72736 -82.37406 -12.36537 -23.72736 -82.37406 -23.15157 -29.13731 -95.8904 -23.15147 -188.0207 -93.74006 -24.40147 -188.0207 -93.74005 -24.40157 -29.13731 -95.8904 -24.40147 -177.1532 -80.52953 -24.40146 -188.412 -81.0316 -23.15146 -188.412 -81.03161 -23.15147 -177.1532 -80.52954 -23.15147 -187.9255 -92.74006 -23.15157 -31.09572 -94.8904 -24.40157 -31.09572 -94.8904 -24.40147 -187.9255 -92.74005 -23.15146 -187.2027 -81.88649 -24.40146 -187.2027 -81.88648 -24.40147 -177.2149 -81.52764 -23.15147 -177.2149 -81.52764 -23.15147 -188.0207 -93.74006 -23.15157 -29.13731 -95.8904 -23.15157 -31.09572 -94.8904 -23.15147 -187.9255 -92.74006 -24.40157 -29.13731 -95.8904 -24.40147 -188.0207 -93.74005 -24.40147 -187.9255 -92.74005 -24.40157 -31.09572 -94.8904 -24.40146 -187.2027 -81.88648 -24.40146 -188.412 -81.0316 -24.40147 -177.1532 -80.52953 -24.40147 -177.2149 -81.52764 -23.15147 -177.2149 -81.52764 -23.15147 -177.1532 -80.52954 -23.15146 -188.412 -81.03161 -23.15146 -187.2027 -81.88649 -40.4661 -80.13331 -88.57941 -40.4661 -79.12273 -81.92654 -42.24121 -79.12273 -81.92654 -42.24121 -80.13331 -88.57941 -40.4661 -77.0936 -89.04115 -40.4661 -76.08301 -82.38828 -39.57855 -77.60286 -82.15741 -39.57855 -78.61345 -88.81027 -40.4661 -79.12273 -81.92654 -40.4661 -80.13331 -88.57941 -42.24121 -77.0936 -89.04115 -42.24121 -76.08301 -82.38828 -40.4661 -76.08301 -82.38828 -40.4661 -77.0936 -89.04115 -42.24121 -80.13331 -88.57941 -42.24121 -79.12273 -81.92654 -43.12875 -77.60287 -82.1574 -43.12875 -78.61345 -88.81027 -42.24121 -76.08301 -82.38828 -42.24121 -77.0936 -89.04115 -57.87964 -32.01865 -40.437 -40.11457 -15.10735 -44.96834 -57.87964 -15.10735 -44.96834 -40.11457 -2.727411 -57.34827 -57.87964 -2.727415 -57.34827 -40.11457 1.803955 -74.25959 -57.87964 1.803951 -74.25959 -40.11457 -2.727411 -91.17089 -57.87963 -2.727415 -91.17089 -40.11457 -15.10734 -103.5508 -57.87963 -15.10734 -103.5508 -40.11457 -32.01863 -108.0822 -57.87963 -32.01864 -108.0822 -40.11457 -48.92993 -103.5508 -57.87963 -48.92993 -103.5508 -40.11456 -61.30986 -91.1709 -57.87963 -61.30987 -91.1709 -40.11456 -65.84124 -74.25961 -57.87963 -65.84125 -74.25961 -40.11457 -61.30988 -57.34829 -57.87963 -61.30989 -57.34829 -40.11457 -48.92996 -44.96836 -57.87963 -48.92996 -44.96836 -30.25573 -2.655319 -234.4546 -19.56464 -2.655319 -234.4546 -22.54767 -2.75394 -239.353 -27.2727 -2.75394 -239.353 -19.56464 -51.33444 -126.7118 -30.25573 -51.33444 -126.7118 -30.25573 -51.33444 -124.7107 -19.56464 -51.33444 -124.7107 -30.25573 -42.11542 -124.7107 -30.25573 -42.11811 -119.7265 -19.56464 -42.11811 -119.7265 -19.56464 -42.11542 -124.7107 -19.56464 -51.33444 -124.7107 -30.25573 -51.33444 -124.7107 -30.25573 -42.11542 -124.7107 -19.56464 -42.11542 -124.7107 19.55742 -5.411861 -234.4546 19.55742 -5.411864 -132.165 19.55742 -0.02525001 -126.7118 19.55742 -2.655319 -234.4546 25.48611 -57.98161 -125.4018 25.36767 -57.98161 -126.3053 25.36769 -56.38244 -126.3053 25.48611 -56.38245 -125.4018 24.48149 -57.98161 -125.4588 24.48151 -56.38245 -125.4588 24.36307 -56.38245 -126.3623 24.36306 -57.98162 -126.3623 19.55742 -2.655319 -234.4546 19.55742 -0.02525001 -126.7118 30.24851 -0.02525001 -126.7118 30.24851 -2.655319 -234.4546 19.55742 -2.655319 -234.4546 30.24851 -2.655319 -234.4546 27.26548 -2.75394 -239.353 22.54045 -2.75394 -239.353 30.24851 -5.411861 -234.4546 30.24851 -5.411864 -132.165 19.55742 -5.411864 -132.165 19.55742 -5.411861 -234.4546 30.24851 -5.411861 -234.4546 30.24851 -2.655319 -234.4546 30.24851 -0.02525001 -126.7118 30.24851 -5.411864 -132.165 27.26548 -2.75394 -239.353 27.26548 -5.411861 -239.353 22.54045 -5.411861 -239.353 22.54045 -2.75394 -239.353 30.24851 -5.411861 -234.4546 19.55742 -5.411861 -234.4546 22.54045 -5.411861 -239.353 27.26548 -5.411861 -239.353 30.24851 -2.655319 -234.4546 30.24851 -5.411861 -234.4546 27.26548 -5.411861 -239.353 27.26548 -2.75394 -239.353 19.55742 -5.411861 -234.4546 19.55742 -2.655319 -234.4546 22.54045 -2.75394 -239.353 22.54045 -5.411861 -239.353 30.24851 -0.02525001 -126.7118 19.55742 -0.02525001 -126.7118 19.55742 -51.33444 -126.7118 30.24851 -51.33444 -126.7118 19.55742 -55.37983 -132.165 30.24851 -55.37983 -132.165 30.24851 -55.37983 -119.7265 19.55742 -55.37983 -119.7265 19.55742 -5.411864 -132.165 30.24851 -5.411864 -132.165 30.24851 -55.37983 -132.165 19.55742 -55.37983 -132.165 19.55742 -0.02525001 -126.7118 19.55742 -5.411864 -132.165 19.55742 -55.37983 -132.165 19.55742 -51.33444 -126.7118 30.24851 -5.411864 -132.165 30.24851 -0.02525001 -126.7118 30.24851 -51.33444 -126.7118 30.24851 -55.37983 -132.165 30.24851 -55.37983 -119.7265 30.24851 -51.33444 -124.7107 30.24851 -42.11542 -124.7107 30.24851 -42.11811 -119.7265 19.55742 -51.33444 -126.7118 19.55742 -55.37983 -132.165 19.55742 -55.37983 -119.7265 19.55742 -51.33444 -124.7107 30.24851 -55.37983 -132.165 30.24851 -51.33444 -126.7118 30.24851 -51.33444 -124.7107 30.24851 -55.37983 -119.7265 30.24851 -51.33444 -126.7118 19.55742 -51.33444 -126.7118 19.55742 -51.33444 -124.7107 30.24851 -51.33444 -124.7107 19.55742 -42.11542 -124.7107 19.55742 -42.11811 -119.7265 30.24851 -42.11811 -119.7265 30.24851 -42.11542 -124.7107 30.24851 -51.33444 -124.7107 19.55742 -51.33444 -124.7107 19.55742 -42.11542 -124.7107 30.24851 -42.11542 -124.7107 19.55742 -55.37983 -119.7265 30.24851 -55.37983 -119.7265 30.24851 -42.11811 -119.7265 19.55742 -42.11811 -119.7265 19.55742 -51.33444 -124.7107 19.55742 -55.37983 -119.7265 19.55742 -42.11811 -119.7265 19.55742 -42.11542 -124.7107 -25.97306 -17.24977 -124.6174 -32.30049 -17.24977 -124.6174 -32.30049 -17.24977 -126.5399 -32.30049 -42.73458 -126.5399 -32.30049 -42.73458 -124.6174 55.17517 -8.76872 -124.6174 55.17517 -17.24977 -124.6174 55.17517 -17.24977 -119.7633 55.17517 -8.76872 -119.7633 55.17517 -17.24977 -124.6174 56.94533 -17.24977 -126.5399 56.94533 -17.24977 -119.7626 55.17517 -17.24977 -119.7633 32.30036 -17.24977 -124.6174 32.30036 -17.24977 -126.5399 56.94533 -17.24977 -126.5399 55.17517 -17.24977 -124.6174 -32.30049 -17.24977 -126.5399 -32.30049 -17.24977 -124.6174 -55.1753 -17.24977 -124.6174 -56.94546 -17.24977 -126.5399 -56.94546 -8.76872 -119.7626 -56.94546 -17.24977 -119.7626 -55.1753 -17.24977 -119.7633 -55.1753 -8.76872 -119.7633 55.17517 -8.76872 -119.7633 55.17517 -17.24977 -119.7633 56.94533 -17.24977 -119.7626 56.94533 -8.76872 -119.7626 -56.94546 -17.24977 -126.5399 -55.1753 -17.24977 -124.6174 -55.1753 -17.24977 -119.7633 -56.94546 -17.24977 -119.7626 25.97293 -17.24977 -124.6174 25.97293 -17.24977 -124.6174 25.97293 -17.24977 -126.5399 25.97293 -42.73458 -126.5399 25.97293 -42.73458 -124.6174 -25.97306 -17.24977 -126.5399 -25.97306 -17.24977 -126.5399 -25.97306 -17.24977 -124.6174 -25.97306 -42.73458 -124.6174 -25.97306 -42.73458 -126.5399 32.30036 -17.24977 -126.5399 32.30036 -17.24977 -124.6174 32.30036 -42.73458 -124.6174 32.30036 -42.73458 -126.5399 -55.0114 -51.23912 -124.6174 -56.95064 -51.23912 -126.5399 56.95051 -51.23912 -126.5399 55.01127 -51.23912 -124.6174 25.97293 -42.73458 -126.5399 56.95051 -51.23912 -126.5399 -56.95064 -51.23912 -126.5399 -25.97306 -42.73458 -126.5399 56.95051 -42.73458 -126.5399 55.01127 -42.73458 -124.6174 55.01127 -42.73458 -119.6607 56.95051 -42.73458 -119.663 55.01127 -51.23912 -124.6174 56.95051 -51.23912 -126.5399 56.95051 -51.23912 -119.663 55.01127 -51.23912 -119.6607 32.30036 -42.73458 -126.5399 32.30036 -42.73458 -124.6174 55.01127 -42.73458 -124.6174 56.95051 -42.73458 -126.5399 -32.30049 -42.73458 -124.6174 -32.30049 -42.73458 -126.5399 -56.95064 -42.73458 -126.5399 -55.0114 -42.73458 -124.6174 -55.0114 -42.73458 -119.6607 -56.95064 -42.73458 -119.663 -56.95064 -51.23912 -119.663 -55.0114 -51.23912 -119.6607 56.95051 -42.73458 -119.663 55.01127 -42.73458 -119.6607 55.01127 -51.23912 -119.6607 56.95051 -51.23912 -119.663 -55.0114 -51.23912 -124.6174 -55.0114 -42.73458 -124.6174 -55.0114 -42.73458 -119.6607 -55.0114 -51.23912 -119.6607 -56.95064 -51.23912 -126.5399 -55.0114 -51.23912 -124.6174 -55.0114 -51.23912 -119.6607 -56.95064 -51.23912 -119.663 -55.0114 -42.73458 -124.6174 -56.95064 -42.73458 -126.5399 -56.95064 -42.73458 -119.663 -55.0114 -42.73458 -119.6607 55.01127 -42.73458 -124.6174 55.01127 -51.23912 -124.6174 55.01127 -51.23912 -119.6607 55.01127 -42.73458 -119.6607 -25.97306 -42.73458 -124.6174 -55.0114 -51.23912 -124.6174 55.01127 -51.23912 -124.6174 25.97293 -42.73458 -124.6174 -25.97306 -42.73458 -126.5399 -25.97306 -42.73458 -124.6174 25.97293 -42.73458 -124.6174 25.97293 -42.73458 -126.5399 25.97293 -17.24977 -124.6174 -25.97306 -17.24977 -124.6174 -25.97306 -17.24977 -126.5399 25.97293 -17.24977 -126.5399 8.35765 -11.70176 -126.5399 25.97293 -17.24977 -126.5399 -25.97306 -17.24977 -126.5399 -8.35778 -11.70176 -126.5399 -55.1753 -17.24977 -124.6174 -55.1753 -8.76872 -124.6174 -55.1753 -8.76872 -119.7633 -55.1753 -17.24977 -119.7633 8.35765 -11.70176 -124.6174 8.35765 -8.76872 -124.6174 8.35765 -8.76872 -126.5399 8.35765 -11.70176 -126.5399 -8.35778 -11.70176 -124.6174 8.35765 -11.70176 -124.6174 8.35765 -11.70176 -126.5399 -8.35778 -11.70176 -126.5399 -8.35778 -8.76872 -124.6174 -8.35778 -11.70176 -124.6174 -8.35778 -11.70176 -126.5399 -8.35778 -8.76872 -126.5399 -58.76887 -8.667008 -126.5956 -58.76887 -82.95382 -126.5956 -58.76887 -82.95382 -119.6494 -58.76887 -8.667008 -119.6494 -58.76887 -8.667008 -119.6494 -58.76887 -82.95382 -119.6494 -56.98119 -82.95382 -119.6494 -56.98119 -8.667008 -119.6494 -56.98119 -8.667008 -119.6494 -56.98119 -82.95382 -119.6494 -56.98119 -82.95382 -126.5956 -56.98119 -8.667008 -126.5956 -56.98119 -8.667008 -126.5956 -56.98119 -82.95382 -126.5956 -58.76887 -82.95382 -126.5956 -58.76887 -8.667008 -126.5956 -57.4675 -91.17698 -126.5956 -57.4675 -91.17698 -119.6494 -52.82342 -95.74588 -126.5956 -52.03035 -94.08025 -126.5956 -44.68613 -95.23106 -126.5956 -44.68616 -97.01874 -126.5956 -55.81138 -90.2307 -126.5956 -57.4675 -91.17698 -126.5956 -57.4675 -91.17698 -119.6494 -55.81138 -90.2307 -119.6494 -55.81138 -90.2307 -119.6494 -55.81138 -90.2307 -126.5956 -52.03035 -94.08025 -119.6494 -52.82342 -95.74588 -119.6494 -44.68616 -97.01874 -119.6494 -44.68613 -95.23106 -119.6494 -52.03035 -94.08025 -126.5956 -52.03035 -94.08025 -119.6494 -44.68613 -95.23106 -119.6494 -44.68613 -95.23106 -126.5956 -52.82342 -95.74588 -119.6494 -52.82342 -95.74588 -126.5956 -44.68616 -97.01874 -126.5956 -44.68616 -97.01874 -119.6494 -57.4675 -91.17698 -119.6494 -57.4675 -91.17698 -126.5956 -52.03035 -94.08025 -119.6494 -52.03035 -94.08025 -126.5956 -55.81138 -90.2307 -119.6494 -57.4675 -91.17698 -119.6494 -52.82342 -95.74588 -119.6494 -52.03035 -94.08025 -119.6494 -57.4675 -91.17698 -126.5956 -55.81138 -90.2307 -126.5956 -52.03035 -94.08025 -126.5956 -52.82342 -95.74588 -126.5956 44.68613 -95.23106 -119.6494 44.68613 -95.23106 -126.5956 44.68613 -95.23106 -126.5956 44.68616 -97.01874 -126.5956 -44.68616 -97.01874 -126.5956 -44.68613 -95.23106 -126.5956 44.68616 -97.01874 -119.6494 44.68613 -95.23106 -119.6494 -44.68613 -95.23106 -119.6494 -44.68616 -97.01874 -119.6494 58.76887 -8.667008 -119.6494 58.76887 -82.95382 -119.6494 58.76887 -82.95382 -126.5956 58.76887 -8.667008 -126.5956 58.76887 -8.667008 -126.5956 58.76887 -82.95382 -126.5956 56.98119 -82.95382 -126.5956 56.98119 -8.667008 -126.5956 56.98119 -8.667008 -126.5956 56.98119 -82.95382 -126.5956 56.98119 -82.95382 -119.6494 56.98119 -8.667008 -119.6494 56.98119 -8.667008 -119.6494 56.98119 -82.95382 -119.6494 58.76887 -82.95382 -119.6494 58.76887 -8.667008 -119.6494 57.4675 -91.17698 -119.6494 57.4675 -91.17698 -126.5956 52.82342 -95.74588 -119.6494 52.03035 -94.08025 -119.6494 44.68613 -95.23106 -119.6494 44.68616 -97.01874 -119.6494 58.76887 -82.95382 -119.6494 56.98119 -82.95382 -119.6494 55.81138 -90.2307 -119.6494 57.4675 -91.17698 -119.6494 57.4675 -91.17698 -126.5956 55.81138 -90.2307 -126.5956 55.81138 -90.2307 -126.5956 55.81138 -90.2307 -119.6494 52.03035 -94.08025 -126.5956 52.82342 -95.74588 -126.5956 44.68616 -97.01874 -126.5956 44.68613 -95.23106 -126.5956 52.03035 -94.08025 -119.6494 52.03035 -94.08025 -126.5956 52.82342 -95.74588 -126.5956 52.82342 -95.74588 -119.6494 44.68616 -97.01874 -119.6494 44.68616 -97.01874 -126.5956 57.4675 -91.17698 -126.5956 57.4675 -91.17698 -119.6494 52.03035 -94.08025 -126.5956 52.03035 -94.08025 -119.6494 55.81138 -90.2307 -126.5956 57.4675 -91.17698 -126.5956 52.82342 -95.74588 -126.5956 52.03035 -94.08025 -126.5956 57.4675 -91.17698 -119.6494 55.81138 -90.2307 -119.6494 52.03035 -94.08025 -119.6494 52.82342 -95.74588 -119.6494 -57.4244 -67.81992 -120.408 -57.4244 -64.30332 -126.5029 57.42435 -64.30332 -126.5029 57.42435 -67.81992 -120.408 57.42435 -63.18599 -125.8582 57.42435 -64.30332 -126.5029 -57.4244 -64.30332 -126.5029 -57.4244 -63.18599 -125.8582 -57.4244 -66.70259 -119.7633 -57.4244 -67.81992 -120.408 57.42435 -67.81992 -120.408 57.42435 -66.70259 -119.7633 57.42435 -66.70259 -119.7633 57.42435 -63.18599 -125.8582 -57.4244 -63.18599 -125.8582 -57.4244 -66.70259 -119.7633 -41.41046 -194.3088 -34.89904 -41.90372 -187.0343 -27.94115 -44.36754 -197.5249 -15.84323 -44.42668 -195.7153 -15.12226 -44.98809 -188.9362 -29.44729 -44.99523 -187.5221 -28.10555 -46.62841 -194.0966 -34.44306 -41.41046 -194.3088 -34.89904 -45.85754 -175.7528 -38.47822 -45.82313 -174.9301 -36.71974 -44.99523 -187.5221 -28.10555 -47.65181 -178.7164 -45.02275 -42.44676 -178.7404 -45.61259 -47.66325 -144.5331 -50.41859 -47.60886 -143.8811 -48.59388 -42.72489 -174.5292 -36.49433 -45.82313 -174.9301 -36.71974 -49.53077 -146.8809 -57.20228 -44.32831 -146.8966 -57.79549 -49.0195 -110.1112 -61.49204 -48.94677 -109.5766 -59.62966 -44.50321 -143.5595 -48.3376 -47.60886 -143.8811 -48.59388 -50.95391 -112.0523 -68.40619 -45.75272 -112.1074 -68.98688 -49.65296 -71.57323 -71.02762 -49.56956 -71.4936 -69.06591 -45.83307 -109.3623 -59.3389 -48.94677 -109.5766 -59.62966 -51.62534 -71.98335 -78.27138 -46.42492 -72.02239 -78.84903 -46.45222 -71.40065 -68.74216 -49.56956 -71.4936 -69.06591 -46.8199 -197.5348 -15.84718 -44.98809 -188.9362 -29.44729 -47.44057 -188.9439 -29.45465 -45.85754 -175.7528 -38.47822 -48.31012 -175.7573 -38.48788 -47.66325 -144.5331 -50.41859 -50.11615 -144.5367 -50.42861 -49.0195 -110.1112 -61.49204 -51.47276 -110.1142 -61.50228 -49.65296 -71.57323 -71.02762 -52.10638 -71.57469 -71.03816 -46.62841 -194.0966 -34.44306 -47.44057 -188.9439 -29.45465 -47.65181 -178.7164 -45.02275 -48.31012 -175.7573 -38.48788 -49.53077 -146.8809 -57.20228 -50.11615 -144.5367 -50.42861 -50.95391 -112.0523 -68.40619 -51.47276 -110.1142 -61.50228 -51.62534 -71.98335 -78.27138 -52.10638 -71.57469 -71.03816 -42.44676 -178.7404 -45.61259 -42.72489 -174.5292 -36.49433 -44.32831 -146.8966 -57.79549 -44.50321 -143.5595 -48.3376 -45.75272 -112.1074 -68.98688 -45.83307 -109.3623 -59.3389 -46.45222 -71.40065 -68.74216 -46.42492 -72.02239 -78.84903 -43.48929 -78.75601 -87.53504 -35.26733 -78.75601 -87.53504 -35.26733 -76.551 -88.8081 -43.48929 -76.551 -88.8081 -43.48929 -76.551 -88.8081 -35.26733 -76.551 -88.8081 -35.26733 -76.55099 -91.35424 -43.48929 -76.55099 -91.35424 -43.48929 -76.55099 -91.35424 -35.26733 -76.55099 -91.35424 -35.26733 -78.75601 -92.6273 -43.48929 -78.75601 -92.6273 -35.26733 -80.96103 -91.35424 -43.48929 -80.96103 -91.35424 -43.48929 -80.96103 -91.35424 -35.26733 -80.96103 -91.35424 -35.26733 -80.96103 -88.8081 -43.48929 -80.96103 -88.8081 -43.48929 -80.96103 -88.8081 -35.26733 -80.96103 -88.8081 -39.49392 -80.76368 -81.55536 -39.49392 -78.64616 -67.61533 -43.21339 -78.64616 -67.61533 -43.21339 -80.76368 -81.55536 -39.49392 -74.39445 -82.52286 -39.49392 -72.27691 -68.58281 -37.63421 -75.46152 -68.09908 -37.63421 -77.57906 -82.0391 -39.49392 -78.64616 -67.61533 -39.49392 -80.76368 -81.55536 -43.21339 -74.39445 -82.52286 -43.21339 -72.27691 -68.58281 -39.49392 -72.27691 -68.58281 -39.49392 -74.39445 -82.52286 -43.21339 -80.76368 -81.55536 -43.21339 -78.64616 -67.61533 -45.07309 -75.46154 -68.09906 -45.07309 -77.57906 -82.0391 -43.21339 -72.27691 -68.58281 -43.21339 -74.39445 -82.52286 36.68434 -77.25688 -75.89881 37.06493 -77.08219 -75.48911 -34.461 -10.04889 -113.058 -34.461 -201.3755 -113.058 -34.461 -201.3755 -98.05413 -34.461 -10.04886 -98.05413 -34.461 -10.04886 -98.05413 -34.461 -201.3755 -98.05413 -29.48715 -201.3755 -98.05413 -29.48715 -10.04886 -98.05413 -29.48715 -10.04886 -98.05413 -29.48715 -201.3755 -98.05413 -29.48715 -201.3755 -113.058 -29.48715 -10.04889 -113.058 -29.48715 -10.04889 -113.058 -29.48715 -201.3755 -113.058 -34.461 -201.3755 -113.058 -34.461 -10.04889 -113.058 -29.48715 -201.3755 -98.05413 -34.461 -201.3755 -98.05413 -34.461 -201.3755 -113.058 -29.48715 -201.3755 -113.058 -28.48923 -10.04886 -98.05413 -28.48923 -201.3755 -98.05413 -24.49578 -201.3755 -98.05413 -24.49578 -10.04886 -98.05413 -24.49578 -10.04888 -111.1001 -24.49578 -201.3755 -111.1001 -24.49578 -201.3755 -113.058 -24.49578 -10.04889 -113.058 -27.47965 -201.3755 -100.0121 -28.48923 -201.3755 -98.05413 -28.48923 -201.3755 -113.058 -27.47965 -201.3755 -111.1001 -24.49578 -10.04886 -98.05413 -24.49578 -201.3755 -98.05413 -24.49578 -201.3755 -100.0121 -24.49578 -10.04887 -100.0121 -27.47965 -10.04887 -100.0121 -24.49578 -10.04887 -100.0121 -24.49578 -201.3755 -100.0121 -27.47965 -201.3755 -100.0121 -28.48923 -10.04889 -113.058 -28.48923 -201.3755 -113.058 -28.48923 -201.3755 -98.05413 -28.48923 -10.04886 -98.05413 -24.49578 -201.3755 -98.05413 -28.48923 -201.3755 -98.05413 -27.47965 -201.3755 -100.0121 -24.49578 -201.3755 -100.0121 -24.49578 -201.3755 -111.1001 -27.47965 -201.3755 -111.1001 -28.48923 -201.3755 -113.058 -24.49578 -201.3755 -113.058 -24.49578 -10.04889 -113.058 -24.49578 -201.3755 -113.058 -28.48923 -201.3755 -113.058 -28.48923 -10.04889 -113.058 -27.47965 -10.04888 -111.1001 -27.47965 -10.04887 -100.0121 -27.47965 -201.3755 -100.0121 -27.47965 -201.3755 -111.1001 -24.49578 -10.04888 -111.1001 -27.47965 -10.04888 -111.1001 -27.47965 -201.3755 -111.1001 -24.49578 -201.3755 -111.1001 34.45461 -10.04889 -113.058 34.45461 -10.04886 -98.05413 34.45461 -201.3755 -98.05413 34.45461 -201.3755 -113.058 34.45461 -10.04886 -98.05413 29.48076 -10.04886 -98.05413 29.48076 -201.3755 -98.05413 34.45461 -201.3755 -98.05413 29.48076 -10.04886 -98.05413 29.48076 -10.04889 -113.058 29.48076 -201.3755 -113.058 29.48076 -201.3755 -98.05413 29.48076 -10.04889 -113.058 34.45461 -10.04889 -113.058 34.45461 -201.3755 -113.058 29.48076 -201.3755 -113.058 29.48076 -201.3755 -98.05413 29.48076 -201.3755 -113.058 34.45461 -201.3755 -113.058 34.45461 -201.3755 -98.05413 28.48284 -10.04886 -98.05413 24.48939 -10.04886 -98.05413 24.48939 -201.3755 -98.05413 28.48284 -201.3755 -98.05413 24.48939 -10.04888 -111.1001 24.48939 -10.04889 -113.058 24.48939 -201.3755 -113.058 24.48939 -201.3755 -111.1001 27.47326 -201.3755 -100.0121 27.47326 -201.3755 -111.1001 28.48284 -201.3755 -113.058 28.48284 -201.3755 -98.05413 24.48939 -10.04886 -98.05413 24.48939 -10.04887 -100.0121 24.48939 -201.3755 -100.0121 24.48939 -201.3755 -98.05413 27.47326 -10.04887 -100.0121 27.47326 -201.3755 -100.0121 24.48939 -201.3755 -100.0121 24.48939 -10.04887 -100.0121 28.48284 -10.04889 -113.058 28.48284 -10.04886 -98.05413 28.48284 -201.3755 -98.05413 28.48284 -201.3755 -113.058 24.48939 -201.3755 -98.05413 24.48939 -201.3755 -100.0121 27.47326 -201.3755 -100.0121 28.48284 -201.3755 -98.05413 24.48939 -201.3755 -111.1001 24.48939 -201.3755 -113.058 28.48284 -201.3755 -113.058 27.47326 -201.3755 -111.1001 24.48939 -10.04889 -113.058 28.48284 -10.04889 -113.058 28.48284 -201.3755 -113.058 24.48939 -201.3755 -113.058 27.47326 -10.04888 -111.1001 27.47326 -201.3755 -111.1001 27.47326 -201.3755 -100.0121 27.47326 -10.04887 -100.0121 24.48939 -10.04888 -111.1001 24.48939 -201.3755 -111.1001 27.47326 -201.3755 -111.1001 27.47326 -10.04888 -111.1001 43.59721 -156.5476 -65.73619 43.59721 -173.1089 -65.73619 43.59721 -173.1089 -59.18803 43.59721 -156.5476 -58.89476 55.56643 -156.5476 -58.89476 55.56643 -173.1089 -59.18803 55.56643 -173.1089 -65.73619 55.56643 -156.5476 -65.73619 55.56643 -156.5476 -65.73619 55.56643 -173.1089 -65.73619 43.59721 -173.1089 -65.73619 43.59721 -156.5476 -65.73619 43.59721 -156.5476 -65.73619 43.59721 -156.5476 -58.89476 44.98944 -155.318 -58.89476 44.98944 -155.318 -65.73619 54.1742 -174.3385 -65.73619 44.98944 -174.3385 -65.73619 44.98944 -155.318 -58.89476 54.1742 -155.318 -58.89476 54.1742 -155.318 -65.73619 44.98944 -155.318 -65.73619 54.1742 -174.3385 -59.18803 44.98944 -174.3385 -59.18803 44.98944 -174.3385 -65.73619 54.1742 -174.3385 -65.73619 55.56643 -156.5476 -58.89476 55.56643 -156.5476 -65.73619 54.1742 -155.318 -65.73619 54.1742 -155.318 -58.89476 44.98944 -155.318 -65.73619 54.1742 -155.318 -65.73619 55.56643 -173.1089 -65.73619 55.56643 -173.1089 -59.18803 54.1742 -174.3385 -59.18803 54.1742 -174.3385 -65.73619 45.27778 -174.1148 -55.639 44.98944 -174.3385 -59.18803 54.1742 -174.3385 -59.18803 53.88586 -174.1148 -55.639 43.59721 -173.1089 -59.18803 43.59721 -173.1089 -65.73619 44.98944 -174.3385 -65.73619 44.98944 -174.3385 -59.18803 43.59721 -173.1089 -59.18803 44.98944 -174.3385 -59.18803 45.27778 -174.1148 -55.639 43.97297 -172.8851 -53.78141 43.59721 -156.5476 -58.89476 43.97297 -168.6411 -53.83277 45.27778 -167.4115 -53.83277 44.98944 -155.318 -58.89476 54.1742 -174.3385 -59.18803 55.56643 -173.1089 -59.18803 55.19067 -172.8851 -53.78141 53.88586 -174.1148 -55.639 54.1742 -155.318 -58.89476 53.88586 -167.4115 -53.83277 55.19067 -168.6411 -53.83277 55.56643 -156.5476 -58.89476 43.59721 -173.1089 -59.18803 43.97297 -172.8851 -53.78141 43.97297 -168.6411 -53.83277 43.59721 -156.5476 -58.89476 44.98944 -155.318 -58.89476 45.27778 -167.4115 -53.83277 53.88586 -167.4115 -53.83277 54.1742 -155.318 -58.89476 55.56643 -173.1089 -59.18803 55.56643 -156.5476 -58.89476 55.19067 -168.6411 -53.83277 55.19067 -172.8851 -53.78141 43.97297 -172.8851 -53.78141 45.27778 -174.1148 -55.639 53.88586 -174.1148 -55.639 55.19067 -172.8851 -53.78141 43.97297 -168.6411 -53.83277 43.97297 -172.8851 -53.78141 55.19067 -172.8851 -53.78141 55.19067 -168.6411 -53.83277 53.88586 -167.4115 -53.83277 45.27778 -167.4115 -53.83277 43.97297 -168.6411 -53.83277 55.19067 -168.6411 -53.83277 43.18949 -169.7498 -57.54593 43.18949 -169.2039 -60.55604 43.18949 -164.7589 -62.26653 43.18949 -162.2528 -60.43082 56.58297 -169.7498 -57.54593 56.58297 -162.2528 -60.43082 56.58297 -159.411 -53.04569 56.58297 -166.908 -50.1608 42.64568 -166.908 -50.1608 56.58297 -166.908 -50.1608 56.58297 -159.411 -53.04569 42.64568 -159.411 -53.04569 43.18949 -159.5503 -53.40768 43.18949 -162.2528 -60.43082 42.64568 -162.2528 -60.43082 42.64568 -159.411 -53.04569 56.03917 -167.0473 -50.52278 56.03917 -169.7498 -57.54593 56.58297 -169.7498 -57.54593 56.58297 -166.908 -50.1608 56.58297 -169.2039 -60.55604 56.03917 -169.2039 -60.55604 56.58297 -164.7589 -62.26653 56.03917 -164.7589 -62.26653 56.03917 -162.2528 -60.43082 56.58297 -162.2528 -60.43082 42.64568 -167.4879 -62.29935 43.18949 -167.4879 -62.29935 43.18949 -169.2039 -60.55604 42.64568 -169.2039 -60.55604 42.64568 -166.908 -50.1608 42.64568 -169.7498 -57.54593 43.18949 -169.7498 -57.54593 43.18949 -167.0473 -50.52278 56.58297 -159.411 -53.04569 56.03917 -159.5503 -53.40768 42.64568 -162.2528 -60.43082 42.64568 -169.7498 -57.54593 42.64568 -166.908 -50.1608 42.64568 -159.411 -53.04569 42.64568 -162.2528 -60.43082 42.64568 -164.7589 -62.26653 42.64568 -169.2039 -60.55604 42.64568 -169.7498 -57.54593 43.18949 -164.7589 -62.26653 42.64568 -164.7589 -62.26653 56.03917 -167.4879 -62.29935 56.03917 -164.7589 -62.26653 56.58297 -164.7589 -62.26653 56.58297 -167.4879 -62.29935 42.64568 -169.2039 -60.55604 43.18949 -169.2039 -60.55604 43.18949 -167.4879 -62.29935 42.64568 -167.4879 -62.29935 42.64568 -164.7589 -62.26653 43.18949 -164.7589 -62.26653 56.58297 -167.4879 -62.29935 56.58297 -169.2039 -60.55604 56.03917 -169.2039 -60.55604 56.03917 -167.4879 -62.29935 43.18949 -167.0473 -50.52278 43.18949 -169.7498 -57.54593 43.18949 -162.2528 -60.43082 43.18949 -159.5503 -53.40768 56.03917 -167.0473 -50.52278 43.18949 -167.0473 -50.52278 43.18949 -159.5503 -53.40768 56.03917 -159.5503 -53.40768 56.03917 -169.7498 -57.54593 56.03917 -167.0473 -50.52278 56.03917 -159.5503 -53.40768 56.03917 -162.2528 -60.43082 56.03917 -169.2039 -60.55604 56.03917 -169.7498 -57.54593 56.03917 -162.2528 -60.43082 56.03917 -164.7589 -62.26653 43.09251 -166.0013 -55.76302 56.13614 -166.0013 -55.76302 56.13614 -163.208 -57.37571 43.09251 -163.208 -57.37571 43.09251 -163.208 -57.37571 56.13614 -163.208 -57.37571 56.13614 -163.208 -60.60107 43.09251 -163.208 -60.60107 43.09251 -163.208 -60.60107 56.13614 -163.208 -60.60107 56.13614 -166.0013 -62.21376 43.09251 -166.0013 -62.21376 56.13614 -168.7945 -60.60107 43.09251 -168.7945 -60.60107 43.09251 -168.7945 -60.60107 56.13614 -168.7945 -60.60107 56.13614 -168.7945 -57.37571 43.09251 -168.7945 -57.37571 43.09251 -168.7945 -57.37571 56.13614 -168.7945 -57.37571 -55.60141 -156.5476 -65.73619 -55.60141 -173.1089 -65.73619 -55.60141 -173.1089 -59.18803 -55.60141 -156.5476 -58.89476 -43.63219 -156.5476 -58.89476 -43.63219 -173.1089 -59.18803 -43.63219 -173.1089 -65.73619 -43.63219 -156.5476 -65.73619 -43.63219 -156.5476 -65.73619 -43.63219 -173.1089 -65.73619 -55.60141 -173.1089 -65.73619 -55.60141 -156.5476 -65.73619 -55.60141 -156.5476 -65.73619 -55.60141 -156.5476 -58.89476 -54.20919 -155.318 -58.89476 -54.20919 -155.318 -65.73619 -45.02442 -174.3385 -65.73619 -54.20919 -174.3385 -65.73619 -54.20919 -155.318 -58.89476 -45.02442 -155.318 -58.89476 -45.02442 -155.318 -65.73619 -54.20919 -155.318 -65.73619 -45.02442 -174.3385 -59.18803 -54.20919 -174.3385 -59.18803 -54.20919 -174.3385 -65.73619 -45.02442 -174.3385 -65.73619 -43.63219 -156.5476 -58.89476 -43.63219 -156.5476 -65.73619 -45.02442 -155.318 -65.73619 -45.02442 -155.318 -58.89476 -54.20919 -155.318 -65.73619 -45.02442 -155.318 -65.73619 -43.63219 -173.1089 -65.73619 -43.63219 -173.1089 -59.18803 -45.02442 -174.3385 -59.18803 -45.02442 -174.3385 -65.73619 -53.92084 -174.1148 -55.639 -54.20919 -174.3385 -59.18803 -45.02442 -174.3385 -59.18803 -45.31276 -174.1148 -55.639 -55.60141 -173.1089 -59.18803 -55.60141 -173.1089 -65.73619 -54.20919 -174.3385 -65.73619 -54.20919 -174.3385 -59.18803 -55.60141 -173.1089 -59.18803 -54.20919 -174.3385 -59.18803 -53.92084 -174.1148 -55.639 -55.22565 -172.8851 -53.78141 -55.60141 -156.5476 -58.89476 -55.22565 -168.6411 -53.83277 -53.92084 -167.4115 -53.83277 -54.20919 -155.318 -58.89476 -45.02442 -174.3385 -59.18803 -43.63219 -173.1089 -59.18803 -44.00795 -172.8851 -53.78141 -45.31276 -174.1148 -55.639 -45.02442 -155.318 -58.89476 -45.31276 -167.4115 -53.83277 -44.00795 -168.6411 -53.83277 -43.63219 -156.5476 -58.89476 -55.60141 -173.1089 -59.18803 -55.22565 -172.8851 -53.78141 -55.22565 -168.6411 -53.83277 -55.60141 -156.5476 -58.89476 -54.20919 -155.318 -58.89476 -53.92084 -167.4115 -53.83277 -45.31276 -167.4115 -53.83277 -45.02442 -155.318 -58.89476 -43.63219 -173.1089 -59.18803 -43.63219 -156.5476 -58.89476 -44.00795 -168.6411 -53.83277 -44.00795 -172.8851 -53.78141 -55.22565 -172.8851 -53.78141 -53.92084 -174.1148 -55.639 -45.31276 -174.1148 -55.639 -44.00795 -172.8851 -53.78141 -55.22565 -168.6411 -53.83277 -55.22565 -172.8851 -53.78141 -44.00795 -172.8851 -53.78141 -44.00795 -168.6411 -53.83277 -45.31276 -167.4115 -53.83277 -53.92084 -167.4115 -53.83277 -55.22565 -168.6411 -53.83277 -44.00795 -168.6411 -53.83277 -42.61565 -169.7498 -57.54593 -42.61565 -162.2528 -60.43082 -42.61565 -159.411 -53.04569 -42.61565 -166.908 -50.1608 -56.55294 -166.908 -50.1608 -42.61565 -166.908 -50.1608 -42.61565 -159.411 -53.04569 -56.55294 -159.411 -53.04569 -56.00913 -159.5503 -53.40768 -56.00913 -162.2528 -60.43082 -56.55294 -162.2528 -60.43082 -56.55294 -159.411 -53.04569 -43.15945 -167.0473 -50.52278 -43.15945 -169.7498 -57.54593 -42.61565 -169.7498 -57.54593 -42.61565 -166.908 -50.1608 -42.61565 -169.2039 -60.55604 -43.15945 -169.2039 -60.55604 -42.61565 -164.7589 -62.26653 -43.15945 -164.7589 -62.26653 -43.15945 -162.2528 -60.43082 -42.61565 -162.2528 -60.43082 -56.55294 -167.4879 -62.29935 -56.00913 -167.4879 -62.29935 -56.00913 -169.2039 -60.55604 -56.55294 -169.2039 -60.55604 -56.55294 -166.908 -50.1608 -56.55294 -169.7498 -57.54593 -56.00913 -169.7498 -57.54593 -56.00913 -167.0473 -50.52278 -42.61565 -159.411 -53.04569 -43.15945 -159.5503 -53.40768 -56.55294 -162.2528 -60.43082 -56.55294 -169.7498 -57.54593 -56.55294 -166.908 -50.1608 -56.55294 -159.411 -53.04569 -56.55294 -162.2528 -60.43082 -56.55294 -169.7498 -57.54593 -56.00913 -164.7589 -62.26653 -56.55294 -164.7589 -62.26653 -43.15945 -167.4879 -62.29935 -43.15945 -164.7589 -62.26653 -42.61565 -164.7589 -62.26653 -42.61565 -167.4879 -62.29935 -56.55294 -169.2039 -60.55604 -56.00913 -169.2039 -60.55604 -56.00913 -167.4879 -62.29935 -56.55294 -167.4879 -62.29935 -56.55294 -164.7589 -62.26653 -56.00913 -164.7589 -62.26653 -42.61565 -167.4879 -62.29935 -42.61565 -169.2039 -60.55604 -43.15945 -169.2039 -60.55604 -43.15945 -167.4879 -62.29935 -56.00913 -167.0473 -50.52278 -56.00913 -169.7498 -57.54593 -56.00913 -162.2528 -60.43082 -56.00913 -159.5503 -53.40768 -43.15945 -167.0473 -50.52278 -56.00913 -167.0473 -50.52278 -56.00913 -159.5503 -53.40768 -43.15945 -159.5503 -53.40768 -43.15945 -169.7498 -57.54593 -43.15945 -167.0473 -50.52278 -43.15945 -159.5503 -53.40768 -43.15945 -162.2528 -60.43082 -42.61565 -162.2528 -60.43082 -42.61565 -169.7498 -57.54593 34.43881 -63.70535 -109.623 34.43881 -84.38703 -109.623 34.43881 -84.38703 -98.00103 34.43881 -62.0478 -98.00102 34.43881 -84.38703 -98.00103 35.27742 -84.38703 -98.21419 37.22391 -84.31237 -93.77253 36.2263 -84.31237 -93.86692 35.27742 -62.0478 -98.21418 35.27742 -84.38703 -98.21419 35.27742 -84.38703 -109.623 35.27742 -63.70535 -109.623 35.27742 -63.70535 -109.623 35.27742 -84.38703 -109.623 34.43881 -84.38703 -109.623 34.43881 -63.70535 -109.623 34.43881 -62.0478 -98.00102 35.27742 -62.0478 -98.21418 35.27742 -63.70535 -109.623 34.43881 -63.70535 -109.623 35.27742 -84.38703 -98.21419 34.43881 -84.38703 -98.00103 34.43881 -84.38703 -109.623 35.27742 -84.38703 -109.623 36.2263 -84.31237 -93.86692 37.22391 -84.31237 -93.77253 37.24073 -80.62468 -86.77963 36.33577 -80.62468 -86.77883 34.43881 -62.0478 -98.00102 34.43881 -84.38703 -98.00103 36.2263 -84.31237 -93.86692 36.2263 -60.72341 -93.86692 35.27742 -84.38703 -98.21419 35.27742 -62.0478 -98.21418 37.22391 -60.72341 -93.77252 37.22391 -84.31237 -93.77253 35.27742 -62.0478 -98.21418 34.43881 -62.0478 -98.00102 36.2263 -60.72341 -93.86692 37.22391 -60.72341 -93.77252 36.33577 -62.61264 -86.77883 36.33577 -80.62468 -86.77883 37.24073 -80.62468 -86.77963 37.24073 -62.61264 -86.77963 36.2263 -60.72341 -93.86692 36.2263 -84.31237 -93.86692 36.33577 -62.61264 -86.77883 37.22391 -84.31237 -93.77253 37.22391 -60.72341 -93.77252 37.24073 -62.61264 -86.77963 37.22391 -60.72341 -93.77252 36.2263 -60.72341 -93.86692 36.33577 -62.61264 -86.77883 37.24073 -62.61264 -86.77963 -34.4452 -63.70535 -109.623 -34.4452 -62.0478 -98.00102 -34.4452 -84.38703 -98.00103 -34.4452 -84.38703 -109.623 -34.4452 -84.38703 -98.00103 -36.23269 -84.31237 -93.86692 -37.2303 -84.31237 -93.77253 -35.28381 -84.38703 -98.21419 -35.28381 -62.0478 -98.21418 -35.28381 -63.70535 -109.623 -35.28381 -84.38703 -109.623 -35.28381 -84.38703 -98.21419 -35.28381 -63.70535 -109.623 -34.4452 -63.70535 -109.623 -34.4452 -84.38703 -109.623 -35.28381 -84.38703 -109.623 -34.4452 -62.0478 -98.00102 -34.4452 -63.70535 -109.623 -35.28381 -63.70535 -109.623 -35.28381 -62.0478 -98.21418 -35.28381 -84.38703 -98.21419 -35.28381 -84.38703 -109.623 -34.4452 -84.38703 -109.623 -34.4452 -84.38703 -98.00103 -36.23269 -84.31237 -93.86692 -36.34216 -80.62468 -86.77883 -37.24711 -80.62468 -86.77963 -37.2303 -84.31237 -93.77253 -34.4452 -62.0478 -98.00102 -36.23269 -60.72341 -93.86692 -36.23269 -84.31237 -93.86692 -34.4452 -84.38703 -98.00103 -35.28381 -84.38703 -98.21419 -37.2303 -84.31237 -93.77253 -37.2303 -60.72341 -93.77252 -35.28381 -62.0478 -98.21418 -35.28381 -62.0478 -98.21418 -37.2303 -60.72341 -93.77252 -36.23269 -60.72341 -93.86692 -34.4452 -62.0478 -98.00102 -36.34216 -62.61264 -86.77883 -37.24711 -62.61264 -86.77963 -37.24711 -80.62468 -86.77963 -36.34216 -80.62468 -86.77883 -36.23269 -60.72341 -93.86692 -36.34216 -62.61264 -86.77883 -36.34216 -80.62468 -86.77883 -36.23269 -84.31237 -93.86692 -37.2303 -84.31237 -93.77253 -37.24711 -80.62468 -86.77963 -37.24711 -62.61264 -86.77963 -37.2303 -60.72341 -93.77252 -13.88132 -140.2728 -37.79155 -13.38079 -140.6959 -37.98387 -13.90924 -143.2289 -24.97106 -12.69253 -119.3827 -44.72222 -12.69253 -119.6118 -45.49213 -11.00894 -114.3963 -47.8155 -11.00894 -113.6124 -45.18072 -12.69253 -119.6118 -45.49213 -13.38817 -119.7263 -45.87709 -13.38956 -114.7882 -49.13289 -11.00894 -114.3963 -47.8155 -13.38956 -113.2205 -43.86333 -13.38817 -119.2682 -44.33727 -12.69253 -119.3827 -44.72222 -11.00894 -113.6124 -45.18072 -13.90225 -137.0349 -40.51111 -13.41658 -139.8175 -37.58369 -13.43751 -136.9086 -40.02677 -14.08382 -119.6118 -45.49213 -15.77019 -114.3963 -47.8155 -14.08382 -119.6118 -45.49213 -14.08382 -119.3827 -44.72222 -15.77019 -113.6124 -45.18072 -15.77019 -114.3963 -47.8155 -14.08382 -119.3827 -44.72222 -15.77019 -113.6124 -45.18072 -13.90225 -137.0349 -40.51111 -13.88771 -119.0662 -45.21102 -13.38717 -119.1842 -45.66055 -13.40171 -137.1529 -40.96063 -13.42297 -118.9399 -44.72669 -13.88771 -119.0662 -45.21102 -13.38079 -140.6959 -37.98387 -13.88132 -140.2728 -37.79155 -12.93697 -137.0266 -40.47629 -12.92243 -119.0579 -45.1762 -13.42297 -118.9399 -44.72669 -13.43751 -136.9086 -40.02677 -13.38717 -119.1842 -45.66055 -12.92243 -119.0579 -45.1762 -27.79642 -140.1765 -37.8843 -28.32425 -140.5916 -38.00909 -13.41658 -139.8175 -37.58369 -12.91604 -140.2405 -37.77602 -13.41658 -139.8175 -37.58369 -13.4445 -142.7736 -24.76319 -13.4445 -142.7736 -24.76319 -12.41035 -144.7942 -22.66577 -12.62067 -143.9632 -25.16412 -12.62067 -142.47 -24.79692 -12.41035 -142.8925 -22.19811 -12.41035 -142.8925 -22.19811 -14.15837 -142.47 -24.79692 -14.36869 -142.8925 -22.19811 -14.92538 -145.4821 -22.19967 -14.36869 -144.7942 -22.66577 -12.41035 -144.7942 -22.66577 -11.85366 -145.4821 -22.19967 -14.36869 -144.7942 -22.66577 -14.15837 -143.9632 -25.16412 -12.62067 -143.9632 -25.16412 -14.92538 -142.4992 -21.46614 -14.36869 -142.8925 -22.19811 -12.62067 -143.9632 -25.16412 -12.41035 -142.8925 -22.19811 -12.41035 -142.8925 -22.19811 -14.92538 -142.4992 -21.46614 -11.75883 -142.6871 -20.30534 -15.02021 -142.6871 -20.30534 -11.75883 -145.8541 -21.08415 -15.02021 -142.6871 -20.30534 -15.02021 -145.8541 -21.08415 -15.02021 -142.6871 -20.30534 -21.59754 -139.2117 -35.59211 -21.1679 -139.6911 -35.82045 -19.36722 -141.6511 -22.93555 -19.79687 -141.1717 -22.70721 -19.94882 -119.0973 -44.45414 -20.08952 -119.3833 -45.19148 -18.40803 -114.53 -48.20018 -17.92651 -113.5515 -45.67686 -20.08952 -119.3833 -45.19148 -20.8445 -119.4643 -45.45354 -20.99171 -114.8072 -49.097 -18.40803 -114.53 -48.20018 -20.02868 -112.8502 -44.05035 -20.56309 -118.8924 -43.97886 -19.94882 -119.0973 -44.45414 -17.92651 -113.5515 -45.67686 -21.80739 -136.2007 -38.55354 -21.59754 -139.2117 -35.59211 -21.07225 -138.7851 -35.49928 -21.26285 -136.0799 -38.15933 -21.45877 -119.2593 -44.97826 -23.09387 -114.1059 -47.47049 -21.45877 -119.2593 -44.97826 -21.31807 -118.9734 -44.24092 -22.61236 -113.1273 -44.94718 -23.09387 -114.1059 -47.47049 -21.31807 -118.9734 -44.24092 -22.61236 -113.1273 -44.94718 -21.80739 -136.2007 -38.55354 -21.17927 -118.7137 -44.7802 -20.76761 -118.9095 -45.28882 -21.39574 -136.3966 -39.06216 -20.63473 -118.5928 -44.38599 -21.17927 -118.7137 -44.7802 -20.85119 -136.2758 -38.66794 -20.22307 -118.7887 -44.89461 -20.63473 -118.5928 -44.38599 -21.26285 -136.0799 -38.15933 -20.76761 -118.9095 -45.28882 -20.22307 -118.7887 -44.89461 -21.07225 -138.7851 -35.49928 -20.6426 -139.2645 -35.72762 -21.1679 -139.6911 -35.82045 -18.84193 -141.2245 -22.84273 -19.36722 -141.6511 -22.93555 -19.27157 -140.7451 -22.61439 -21.07225 -138.7851 -35.49928 -19.27157 -140.7451 -22.61439 -18.07159 -142.6847 -20.52885 -18.61546 -142.0304 -23.02937 -18.44311 -140.5196 -22.80085 -17.8521 -140.7606 -20.23782 -17.8521 -140.7606 -20.23782 -18.44311 -140.5196 -22.80085 -19.95645 -140.3826 -22.56519 -19.77943 -140.5861 -19.93769 -20.52447 -143.1085 -19.62348 -19.99892 -142.5103 -20.22872 -18.07159 -142.6847 -20.52885 -17.5014 -143.3821 -20.09423 -19.99892 -142.5103 -20.22872 -20.1288 -141.8934 -22.79371 -18.61546 -142.0304 -23.02937 -18.07159 -142.6847 -20.52885 -20.18018 -140.0904 -19.16698 -19.77943 -140.5861 -19.93769 -19.99892 -142.5103 -20.22872 -20.52447 -143.1085 -19.62348 -18.44311 -140.5196 -22.80085 -18.61546 -142.0304 -23.02937 -19.95645 -140.3826 -22.56519 -17.8521 -140.7606 -20.23782 -17.15711 -140.3641 -19.63774 -17.8521 -140.7606 -20.23782 -19.77943 -140.5861 -19.93769 -19.77943 -140.5861 -19.93769 -19.95645 -140.3826 -22.56519 -19.99892 -142.5103 -20.22872 -17.5014 -143.3821 -20.09423 -17.5014 -143.3821 -20.09423 -25.63448 -20.2609 -100.7754 -20.87922 -20.2609 -100.7754 -20.87922 -19.24312 -101.7932 -25.63448 -19.24312 -101.7932 -20.87922 -19.24312 -101.7932 -20.87922 -20.2609 -102.811 -25.63448 -20.2609 -102.811 -25.63448 -19.24312 -101.7932 -20.87922 -20.2609 -100.7754 -20.87922 -21.27869 -101.7932 -20.87922 -20.2609 -102.811 -20.87922 -19.24312 -101.7932 -25.63448 -20.2609 -100.7754 -25.63448 -21.27869 -101.7932 -20.87922 -21.27869 -101.7932 -20.87922 -20.2609 -100.7754 -20.87922 -21.27869 -101.7932 -25.63448 -21.27869 -101.7932 -25.63448 -20.2609 -102.811 -20.87922 -20.2609 -102.811 -25.63448 -20.2609 -108.299 -20.87922 -20.2609 -108.299 -20.87922 -19.24312 -109.3168 -25.63448 -19.24312 -109.3168 31.94224 -195.7139 -88.39363 37.79872 -195.7139 -84.36839 40.56692 -195.7139 -91.95977 33.48144 -195.7139 -91.95977 32.26028 -199.6152 -79.97364 -32.26023 -199.6152 -79.97364 -28.52999 -199.6152 -87.00091 28.53004 -199.6152 -87.00091 37.79872 -199.6152 -84.36839 31.94224 -199.6152 -88.39363 33.48144 -199.6152 -91.95977 40.56692 -199.6152 -91.95977 31.94224 -199.6152 -88.39363 31.94224 -195.7139 -88.39363 33.48144 -195.7139 -91.95977 33.48144 -199.6152 -91.95977 32.26028 -195.7139 -79.97364 -32.26023 -195.7139 -79.97364 -32.26023 -199.6152 -79.97364 32.26028 -199.6152 -79.97364 37.79872 -195.7139 -84.36839 37.79872 -199.6152 -84.36839 40.56692 -199.6152 -91.95977 40.56692 -195.7139 -91.95977 -28.52999 -199.6152 -87.00091 -28.52999 -195.7139 -87.00091 28.53004 -195.7139 -87.00091 28.53004 -199.6152 -87.00091 22.73858 -173.7244 -79.97364 22.73858 -173.7244 -87.00091 34.35546 -195.7139 -108.9328 29.8862 -195.7139 -98.38774 32.93452 -195.7139 -95.84276 39.85982 -195.7139 -102.1176 39.85982 -195.7139 -102.1176 32.93452 -195.7139 -95.84276 33.48144 -195.7139 -91.95977 40.56692 -195.7139 -91.95977 39.85982 -199.6152 -102.1176 39.85982 -195.7139 -102.1176 34.35546 -199.6152 -108.9328 39.85982 -199.6152 -102.1176 32.93452 -199.6152 -95.84276 29.8862 -199.6152 -98.38774 29.8862 -199.6152 -98.38774 32.93452 -199.6152 -95.84276 32.93452 -195.7139 -95.84276 29.8862 -195.7139 -98.38774 39.85982 -199.6152 -102.1176 40.56692 -199.6152 -91.95977 33.48144 -199.6152 -91.95977 32.93452 -199.6152 -95.84276 34.35546 -199.6152 -108.9328 34.35546 -195.7139 -108.9328 31.94224 -199.6152 -88.39363 37.79872 -199.6152 -84.36839 28.53004 -195.7139 -87.00091 32.26028 -195.7139 -79.97364 37.79872 -195.7139 -84.36839 31.94224 -195.7139 -88.39363 -31.94219 -199.6152 -88.39363 -37.79868 -199.6152 -84.36839 -40.56688 -199.6152 -91.95977 -33.48139 -199.6152 -91.95977 37.79872 -177.6258 -84.36839 31.94224 -177.6258 -88.39363 33.48144 -177.6258 -91.95977 40.56692 -177.6258 -91.95977 -37.79868 -195.7139 -84.36839 -31.94219 -195.7139 -88.39363 -33.48139 -195.7139 -91.95977 -40.56688 -195.7139 -91.95977 -31.94219 -195.7139 -88.39363 -31.94219 -199.6152 -88.39363 -33.48139 -199.6152 -91.95977 -33.48139 -195.7139 -91.95977 -12.66763 -177.6258 -79.97364 -32.26023 -177.6258 -79.97364 -28.52999 -177.6258 -87.00091 -12.66763 -177.6258 -87.00091 -37.79868 -199.6152 -84.36839 -37.79868 -195.7139 -84.36839 -40.56688 -195.7139 -91.95977 -40.56688 -199.6152 -91.95977 -34.35541 -199.6152 -108.9328 -29.88616 -199.6152 -98.38774 -32.93448 -199.6152 -95.84276 -39.85977 -199.6152 -102.1176 -39.85977 -199.6152 -102.1176 -32.93448 -199.6152 -95.84276 -33.48139 -199.6152 -91.95977 -40.56688 -199.6152 -91.95977 -39.85977 -195.7139 -102.1176 -39.85977 -199.6152 -102.1176 -34.35541 -195.7139 -108.9328 -39.85977 -195.7139 -102.1176 -32.93448 -195.7139 -95.84276 -29.88616 -195.7139 -98.38774 -29.88616 -195.7139 -98.38774 -32.93448 -195.7139 -95.84276 -32.93448 -199.6152 -95.84276 -29.88616 -199.6152 -98.38774 -39.85977 -195.7139 -102.1176 -40.56688 -195.7139 -91.95977 -33.48139 -195.7139 -91.95977 -32.93448 -195.7139 -95.84276 -34.35541 -195.7139 -108.9328 -34.35541 -199.6152 -108.9328 -32.26023 -195.7139 -79.97364 -28.52999 -195.7139 -87.00091 -31.94219 -195.7139 -88.39363 -37.79868 -195.7139 -84.36839 -28.52999 -199.6152 -87.00091 -32.26023 -199.6152 -79.97364 -37.79868 -199.6152 -84.36839 -31.94219 -199.6152 -88.39363 -12.66763 -173.7244 -87.00091 -12.66763 -173.7244 -79.97364 -12.66763 -177.6258 -79.97364 -12.66763 -177.6258 -87.00091 28.02129 -177.5556 -85.86711 28.02129 -184.623 -85.86711 25.25769 -184.623 -85.86711 25.25769 -177.5556 -85.86711 25.25769 -189.769 -85.86711 28.02129 -189.769 -85.86711 28.02129 -195.8949 -85.86711 25.25769 -195.8949 -85.86711 28.02129 -189.769 -85.86711 25.25769 -189.769 -85.86711 25.25769 -189.769 -88.77636 28.02129 -189.769 -88.77636 28.02129 -195.8949 -81.10745 25.25769 -195.8949 -81.10745 25.25769 -195.8949 -85.86711 28.02129 -195.8949 -85.86711 25.25769 -187.196 -90.46027 28.02129 -187.196 -90.46027 28.02129 -189.769 -88.77636 25.25769 -189.769 -88.77636 25.25769 -184.623 -85.86711 28.02129 -184.623 -85.86711 28.02129 -184.623 -88.77636 25.25769 -184.623 -88.77636 25.25769 -184.623 -88.77636 25.25769 -187.196 -90.46027 25.25769 -187.196 -90.46027 25.25769 -189.769 -88.77636 28.02129 -184.623 -88.77636 25.25769 -184.623 -88.77636 28.02129 -184.623 -88.77636 28.02129 -184.623 -85.86711 28.02129 -177.5556 -81.10745 28.02129 -195.8949 -81.10745 28.02129 -189.769 -85.86711 28.02129 -177.5556 -81.10745 25.25769 -177.5556 -81.10745 25.25769 -195.8949 -81.10745 28.02129 -195.8949 -81.10745 22.48772 -187.2027 -80.92272 24.9421 -187.2027 -80.92272 24.9421 -182.262 -82.96923 22.48772 -182.262 -82.96923 22.48772 -182.262 -82.96923 24.9421 -182.262 -82.96923 24.9421 -180.2155 -87.90991 22.48772 -180.2155 -87.90991 24.9421 -182.262 -92.85061 22.48772 -182.262 -92.85061 22.48772 -182.262 -92.85061 24.9421 -182.262 -92.85061 24.9421 -187.2027 -94.8971 22.48772 -187.2027 -94.8971 24.9421 -192.1434 -92.85061 22.48772 -192.1434 -92.85061 22.48772 -192.1434 -92.85061 24.9421 -192.1434 -92.85061 24.9421 -194.1899 -87.90991 22.48772 -194.1899 -87.90991 22.48772 -194.1899 -87.90991 24.9421 -194.1899 -87.90991 24.9421 -192.1434 -82.96923 22.48772 -192.1434 -82.96923 22.48772 -192.1434 -82.96923 24.9421 -192.1434 -82.96923 31.81884 -198.5948 -33.89198 41.72803 -192.786 -33.94494 -31.81896 -200.1787 -33.89205 -41.72815 -194.37 -33.94502 -41.72815 -192.786 -33.94494 -31.81896 -198.5948 -33.89198 -31.81896 -200.1787 -33.89205 -31.81896 -198.5948 -33.89198 -8.297883 -23.72736 -82.37406 18.7128 -23.72736 -82.37406 18.7128 -21.43434 -87.90991 -8.297883 -21.43434 -87.90991 18.7128 -23.72736 -93.44577 -8.297883 -23.72736 -93.44577 -8.297883 -23.72736 -93.44577 18.7128 -23.72736 -93.44577 18.71279 -29.26321 -95.73879 -8.297883 -29.26321 -95.73879 18.7128 -34.79906 -93.44577 -8.297883 -34.79906 -93.44577 -8.297883 -34.79906 -93.44577 18.7128 -34.79906 -93.44577 18.7128 -37.09209 -87.90991 -8.297883 -37.09209 -87.90991 18.7128 -34.79906 -82.37406 -8.297883 -34.79906 -82.37406 -24.34587 -64.26953 -126.4468 -24.34587 -95.4326 -126.4468 -25.24646 -95.4326 -126.4468 -25.24646 -64.26953 -126.4468 -24.34587 -67.65101 -120.2634 -24.34587 -95.43258 -120.2634 -24.34587 -95.4326 -126.4468 -24.34587 -64.26953 -126.4468 -25.24646 -67.65101 -120.2634 -25.24646 -95.43258 -120.2634 -24.34587 -95.43258 -120.2634 -24.34587 -67.65101 -120.2634 -25.24646 -64.26953 -126.4468 -25.24646 -95.4326 -126.4468 -25.24646 -95.43258 -120.2634 -25.24646 -67.65101 -120.2634 -40.95251 -64.26953 -126.4468 -40.95251 -95.4326 -126.4468 -41.8531 -95.4326 -126.4468 -41.8531 -64.26953 -126.4468 -40.95251 -67.65101 -120.2634 -40.95251 -95.43258 -120.2634 -40.95251 -95.4326 -126.4468 -40.95251 -64.26953 -126.4468 -41.8531 -67.65101 -120.2634 -41.8531 -95.43258 -120.2634 -40.95251 -95.43258 -120.2634 -40.95251 -67.65101 -120.2634 -41.8531 -64.26953 -126.4468 -41.8531 -95.4326 -126.4468 -41.8531 -95.43258 -120.2634 -41.8531 -67.65101 -120.2634 8.75057 -64.26953 -126.4468 8.75057 -95.4326 -126.4468 7.84998 -95.4326 -126.4468 7.84998 -64.26953 -126.4468 8.75057 -67.65101 -120.2634 8.75057 -95.43258 -120.2634 8.75057 -95.4326 -126.4468 8.75057 -64.26953 -126.4468 7.84998 -67.65101 -120.2634 7.84998 -95.43258 -120.2634 8.75057 -95.43258 -120.2634 8.75057 -67.65101 -120.2634 7.84998 -64.26953 -126.4468 7.84998 -95.4326 -126.4468 7.84998 -95.43258 -120.2634 7.84998 -67.65101 -120.2634 25.24971 -64.26953 -126.4468 25.24971 -95.4326 -126.4468 24.34913 -95.4326 -126.4468 24.34913 -64.26953 -126.4468 25.24971 -67.65101 -120.2634 25.24971 -95.43258 -120.2634 25.24971 -95.4326 -126.4468 25.24971 -64.26953 -126.4468 24.34913 -67.65101 -120.2634 24.34913 -95.43258 -120.2634 25.24971 -95.43258 -120.2634 25.24971 -67.65101 -120.2634 24.34913 -64.26953 -126.4468 24.34913 -95.4326 -126.4468 24.34913 -95.43258 -120.2634 24.34913 -67.65101 -120.2634 41.85654 -64.26953 -126.4468 41.85654 -95.4326 -126.4468 40.95595 -95.4326 -126.4468 40.95595 -64.26953 -126.4468 41.85654 -67.65101 -120.2634 41.85654 -95.43258 -120.2634 41.85654 -95.4326 -126.4468 41.85654 -64.26953 -126.4468 40.95595 -67.65101 -120.2634 40.95595 -95.43258 -120.2634 41.85654 -95.43258 -120.2634 41.85654 -67.65101 -120.2634 40.95595 -64.26953 -126.4468 40.95595 -95.4326 -126.4468 40.95595 -95.43258 -120.2634 40.95595 -67.65101 -120.2634 -57.46039 -72.26586 -98.53833 -37.46045 -72.26586 -98.53833 -37.46045 -72.36572 -95.53971 -57.45889 -72.36571 -95.53256 -57.45889 -72.36468 -75.14212 -57.45889 -71.11468 -75.19887 -57.45889 -71.11571 -95.53263 -57.45889 -72.36571 -95.53256 -37.46045 -71.5325 -61.2684 -57.45889 -71.5325 -61.2684 -57.45889 -72.36468 -75.14212 -37.46045 -72.36468 -75.14212 -37.46045 -71.11468 -75.19886 -37.46045 -70.30746 -61.55406 -37.46045 -71.5325 -61.2684 -37.46045 -72.36468 -75.14212 -57.45889 -70.30746 -61.55406 -37.46045 -70.30746 -61.55406 -37.46045 -71.11468 -75.19886 -57.45889 -71.11468 -75.19887 -37.46045 -65.45462 -48.58705 -57.45889 -65.45462 -48.58705 -57.45889 -64.45932 -49.35438 -37.46045 -64.45932 -49.35438 -57.45886 -54.8322 -39.55833 -57.45885 -54.24547 -40.67115 -57.45889 -71.5325 -61.2684 -57.45889 -70.30746 -61.55406 -37.46045 -71.21586 -98.53838 -37.46045 -72.26586 -98.53833 -57.46039 -72.26586 -98.53833 -57.46039 -71.21586 -98.53838 -37.46045 -71.11572 -95.53977 -57.45889 -71.11571 -95.53263 -57.45889 -65.45462 -48.58705 -57.45889 -64.45932 -49.35438 -57.46039 -71.21586 -98.53838 -57.46039 -72.26586 -98.53833 -37.46045 -71.21586 -98.53838 -57.46039 -71.21586 -98.53838 34.47169 -16.1049 -109.6283 34.47169 -30.74486 -109.6283 34.47169 -30.74486 -84.71578 34.47169 -16.1049 -84.71578 -35.48911 -16.1049 -109.6283 -35.48911 -30.74486 -109.6283 -35.48911 -30.74486 -84.71578 -35.48911 -16.1049 -84.71578 35.46797 -16.1049 -84.71578 35.46797 -30.74486 -84.71578 35.46797 -30.74486 -109.6283 35.46797 -16.1049 -109.6283 34.47169 -18.0148 -111.6157 34.47169 -28.83496 -111.6157 35.46797 -30.74486 -84.71578 34.47169 -30.74486 -84.71578 34.47169 -30.74486 -109.6283 35.46797 -30.74486 -109.6283 35.46797 -18.0148 -111.6157 35.46797 -28.83496 -111.6157 34.47169 -28.83496 -111.6157 34.47169 -18.0148 -111.6157 34.47169 -16.1049 -109.6283 35.46797 -16.1049 -109.6283 35.46797 -18.0148 -111.6157 34.47169 -18.0148 -111.6157 35.46797 -30.74486 -109.6283 34.47169 -30.74486 -109.6283 34.47169 -28.83496 -111.6157 35.46797 -28.83496 -111.6157 35.46797 -16.1049 -109.6283 35.46797 -30.74486 -109.6283 35.46797 -28.83496 -111.6157 35.46797 -18.0148 -111.6157 -34.49283 -16.1049 -84.71578 -34.49283 -30.74486 -84.71578 -34.49283 -30.74486 -109.6283 -34.49283 -16.1049 -109.6283 -35.48911 -18.0148 -111.6157 -35.48911 -28.83496 -111.6157 -34.49283 -30.74486 -84.71578 -35.48911 -30.74486 -84.71578 -35.48911 -30.74486 -109.6283 -34.49283 -30.74486 -109.6283 -34.49283 -18.0148 -111.6157 -34.49283 -28.83496 -111.6157 -35.48911 -28.83496 -111.6157 -35.48911 -18.0148 -111.6157 -35.48911 -16.1049 -109.6283 -34.49283 -16.1049 -109.6283 -34.49283 -18.0148 -111.6157 -35.48911 -18.0148 -111.6157 -34.49283 -30.74486 -109.6283 -35.48911 -30.74486 -109.6283 -35.48911 -28.83496 -111.6157 -34.49283 -28.83496 -111.6157 -34.49283 -28.83496 -111.6157 -34.49283 -18.0148 -111.6157 22.52908 -23.72736 -82.37406 24.86663 -23.72736 -82.37406 24.86663 -21.43434 -87.90991 22.52908 -21.43434 -87.90991 24.86663 -23.72736 -93.44577 22.52908 -23.72736 -93.44577 22.52908 -23.72736 -93.44577 24.86663 -23.72736 -93.44577 24.86663 -29.26321 -95.73879 22.52908 -29.26321 -95.73879 24.86663 -34.79906 -93.44577 22.52908 -34.79906 -93.44577 22.52908 -34.79906 -93.44577 24.86663 -34.79906 -93.44577 24.86663 -37.09209 -87.90991 22.52908 -37.09209 -87.90991 24.86663 -34.79906 -82.37406 22.52908 -34.79906 -82.37406 -23.48578 -17.81447 -127.1452 -23.48578 -42.04633 -127.1452 -23.48578 -42.04633 -98.14407 -23.48578 -17.81447 -98.14407 -23.48578 -17.81447 -98.14407 -23.48578 -42.04633 -98.14407 -21.57607 -42.04633 -98.14407 -21.57607 -17.81447 -98.14407 -21.57607 -17.81447 -98.14407 -21.57607 -42.04633 -98.14407 -21.57607 -42.04633 -127.1452 -21.57607 -17.81447 -127.1452 21.57218 -17.81447 -127.1452 21.57218 -42.04633 -127.1452 21.57218 -42.04633 -98.14407 21.57218 -17.81447 -98.14407 -21.57607 -42.04633 -98.14407 -23.48578 -42.04633 -98.14407 -23.48578 -42.04633 -127.1452 -21.57607 -42.04633 -127.1452 21.57218 -17.81447 -98.14407 21.57218 -42.04633 -98.14407 23.48188 -42.04633 -98.14407 23.48188 -17.81447 -98.14407 23.48188 -17.81447 -98.14407 23.48188 -42.04633 -98.14407 23.48188 -42.04633 -127.1452 23.48188 -17.81447 -127.1452 23.48188 -42.04633 -98.14407 21.57218 -42.04633 -98.14407 21.57218 -42.04633 -127.1452 23.48188 -42.04633 -127.1452 3.261471 -135.5892 -25.29477 -4.150954 -138.2813 -20.89583 -3.964936 -136.5595 -22.08446 2.743444 -114.284 -47.59558 16.13025 -114.3305 -47.66288 34.09073 -117.6405 -42.90242 34.09242 -127.2156 -39.41719 31.19815 -127.2804 -39.36013 31.21887 -117.6414 -42.88771 31.29122 -126.2737 -36.52978 31.28704 -116.593 -40.05421 31.21887 -117.6414 -42.88771 31.19815 -127.2804 -39.36013 34.09073 -117.6405 -42.90242 34.01227 -116.566 -40.0451 33.95784 -126.1834 -36.52958 34.09242 -127.2156 -39.41719 31.28704 -116.593 -40.05421 31.29122 -126.2737 -36.52978 33.95784 -126.1834 -36.52958 34.01227 -116.566 -40.0451 31.28704 -116.593 -40.05421 26.02718 -138.7205 -23.29362 22.76046 -138.7205 -23.29362 24.39382 -137.3739 -24.2179 24.39382 -137.3739 -24.2179 -7.179273 -138.7205 -23.29362 -5.545916 -140.0672 -22.36934 -5.545916 -140.0672 -22.36934 -3.912559 -138.7205 -23.29362 -3.912559 -138.7205 -23.29362 -5.545916 -137.3739 -24.2179 -5.545916 -137.3739 -24.2179 -7.179273 -138.7205 -23.29362 -2.316304 -145.364 -32.97333 -1.161346 -146.0572 -31.0968 -0.006387472 -144.0569 -31.06884 -3.912559 -138.7205 -23.29362 -1.161346 -143.3638 -32.94536 -1.161346 -143.3638 -32.94536 -2.316304 -145.364 -32.97333 9.423953 -148.1159 -36.98281 9.423953 -148.5383 -34.71184 9.423953 -148.5383 -34.71184 9.423953 -146.2674 -34.28944 9.423953 -146.2674 -34.28944 9.423953 -145.845 -36.56041 -1.161346 -143.3638 -32.94536 9.423953 -145.845 -36.56041 9.423953 -148.1159 -36.98281 -2.316304 -145.364 -32.97333 21.1642 -145.364 -32.97333 20.00924 -146.0572 -31.09681 18.85428 -144.0569 -31.06884 20.00924 -143.3638 -32.94537 3.936751 -133.6504 -22.56107 3.261471 -135.5892 -25.29477 2.271592 -81.39457 -66.78466 2.649311 -114.266 -47.43391 16.35008 -114.2565 -47.40421 16.9355 -81.41 -66.78536 47.27737 -110.5358 -58.78212 -47.27963 -110.5292 -58.77655 -47.96369 -81.35045 -66.31255 -1.500013 -80.44928 -50.09954 -1.59365 -81.31683 -49.63119 -43.80543 -69.29468 -54.2345 -42.704 -71.03164 -51.07771 -42.75761 -39.32031 -78.47523 -42.75761 -32.01863 -82.69086 -42.75762 -24.71693 -78.47524 47.47403 -24.71692 -70.04398 40.10818 1.803955 -74.25959 57.87325 -2.727415 -91.17089 40.10818 -2.727411 -91.17089 57.87325 -15.10734 -103.5508 40.10818 -15.10734 -103.5508 57.87325 -32.01864 -108.0822 40.10818 -32.01863 -108.0822 57.87325 -48.92993 -103.5508 40.10818 -48.92993 -103.5508 57.87325 -61.30987 -91.1709 40.10818 -61.30986 -91.1709 57.87325 -65.84125 -74.25961 40.10818 -65.84124 -74.25961 -28.02768 -177.5556 -85.86711 -25.26408 -177.5556 -85.86711 -25.26408 -184.623 -85.86711 -28.02768 -184.623 -85.86711 -25.26408 -189.769 -85.86711 -25.26408 -195.8949 -85.86711 -28.02768 -195.8949 -85.86711 -28.02768 -189.769 -85.86711 -28.02768 -189.769 -85.86711 -28.02768 -189.769 -88.77636 -25.26408 -189.769 -88.77636 -25.26408 -189.769 -85.86711 -28.02768 -195.8949 -81.10745 -28.02768 -195.8949 -85.86711 -25.26408 -195.8949 -85.86711 -25.26408 -195.8949 -81.10745 -25.26408 -187.196 -90.46027 -25.26408 -189.769 -88.77636 -28.02768 -189.769 -88.77636 -28.02768 -187.196 -90.46027 -25.26408 -184.623 -85.86711 -25.26408 -184.623 -88.77636 -28.02768 -184.623 -88.77636 -28.02768 -184.623 -85.86711 -25.26408 -187.196 -85.86711 -25.26408 -187.196 -90.46027 -25.26408 -184.623 -88.77636 -25.26408 -189.769 -88.77636 -25.26408 -187.196 -90.46027 -28.02768 -184.623 -88.77636 -25.26408 -184.623 -88.77636 -28.02768 -184.623 -88.77636 -28.02768 -177.5556 -81.10745 -28.02768 -195.8949 -81.10745 -25.26408 -195.8949 -81.10745 -25.26408 -177.5556 -81.10745 -25.26408 -177.5556 -81.10745 -25.26408 -195.8949 -81.10745 -25.26408 -187.196 -85.86711 -25.26408 -184.623 -85.86711 37.45406 -72.36572 -95.53971 37.45406 -72.36468 -75.14212 37.45406 -71.11468 -75.19886 37.45406 -71.11572 -95.53977 37.45406 -71.21586 -98.53838 37.45406 -72.26586 -98.53833 25.48446 -37.164 -110.7852 25.48446 -39.70356 -112.2514 25.48446 -42.24312 -110.7852 25.48446 -42.24312 -107.8527 25.48446 -39.70356 -106.3865 25.48446 -37.164 -107.8527 25.48446 -37.164 -103.2616 25.48446 -39.70356 -104.7278 25.48446 -42.24312 -103.2616 25.48446 -42.24312 -100.3292 25.48446 -39.70356 -98.86293 25.48446 -37.164 -100.3292 -12.44837 -182.7749 -83.48209 -12.44837 -187.2027 -81.64802 -12.44837 -191.6305 -83.48209 -12.44837 -193.4646 -87.90991 -12.44837 -191.6305 -92.33774 -12.44837 -187.2027 -94.1718 -12.44837 -182.7749 -92.33774 -12.44837 -180.9408 -87.90991 -24.97662 -187.2027 -81.64802 -24.97662 -182.7749 -83.48209 -24.97662 -180.9408 -87.90991 -24.97662 -182.7749 -92.33774 -24.97662 -187.2027 -94.1718 -24.97662 -191.6305 -92.33774 -24.97662 -193.4646 -87.90991 -24.97662 -191.6305 -83.48209 -26.95884 -119.4299 -44.6501 -27.57838 -119.2853 -44.15972 -28.33091 -119.3703 -44.4275 -28.46389 -119.5999 -45.18565 -27.84435 -119.7446 -45.67603 -27.09182 -119.6595 -45.40826 43.48291 -80.96103 -88.8081 43.48291 -80.96103 -91.35424 43.48291 -78.75601 -92.6273 43.48291 -76.55099 -91.35424 43.48291 -76.551 -88.8081 35.26094 -76.551 -88.8081 35.26094 -76.55099 -91.35424 35.26094 -78.75601 -92.6273 35.26094 -80.96103 -91.35424 35.26094 -80.96103 -88.8081 35.26094 -78.75601 -87.53504 -25.49085 -37.164 -100.327 -25.49085 -39.70356 -98.8608 -25.49085 -42.24312 -100.327 -25.49085 -42.24312 -103.2594 -25.49085 -39.70356 -104.7257 -25.49085 -37.164 -103.2594 -25.49085 -37.164 -107.8506 -25.49085 -39.70356 -106.3844 -25.49085 -42.24312 -107.8506 -25.49085 -42.24312 -110.783 -25.49085 -39.70356 -112.2493 -25.49085 -37.164 -110.783 -24.96456 -34.79906 -82.37406 -24.96456 -23.72736 -82.37406 -24.96456 -21.43434 -87.90991 -24.96456 -23.72736 -93.44577 -24.96456 -34.79906 -93.44577 -24.96456 -37.09209 -87.90991 -12.36537 -23.72736 -82.37406 -12.36537 -34.79906 -82.37406 -12.36537 -37.09209 -87.90991 -12.36537 -34.79906 -93.44577 -12.36537 -29.26321 -95.73879 -12.36537 -23.72736 -93.44577 -12.36537 -21.43434 -87.90991 -40.11457 -61.30988 -57.34829 -40.11456 -65.84124 -74.25961 -40.11456 -61.30986 -91.1709 -40.11457 -48.92993 -103.5508 -40.11457 -32.01863 -108.0822 -40.11457 -15.10734 -103.5508 -40.11457 -2.727411 -91.17089 -40.11457 1.803955 -74.25959 -57.87964 -15.10735 -44.96834 -57.87964 -2.727415 -57.34827 -57.87963 -32.01864 -108.0822 -57.87963 -48.92993 -103.5508 -57.87963 -61.30987 -91.1709 -57.87963 -65.84125 -74.25961 -57.87963 -61.30989 -57.34829 -35.26733 -76.551 -88.8081 -35.26733 -78.75601 -87.53504 -35.26733 -80.96103 -88.8081 -35.26733 -80.96103 -91.35424 -35.26733 -78.75601 -92.6273 -35.26733 -76.55099 -91.35424 -43.48929 -78.75601 -87.53504 -43.48929 -76.551 -88.8081 -43.48929 -76.55099 -91.35424 -43.48929 -78.75601 -92.6273 -43.48929 -80.96103 -91.35424 -43.48929 -80.96103 -88.8081 -45.07309 -77.57906 -82.0391 -43.21339 -74.39445 -82.52286 -39.49392 -74.39445 -82.52286 -37.63421 -77.57906 -82.0391 -39.49392 -80.76368 -81.55536 -43.21339 -80.76368 -81.55536 -12.69253 -119.3827 -44.72222 -13.38817 -119.2682 -44.33727 -14.08382 -119.3827 -44.72222 -14.08382 -119.6118 -45.49213 -13.38817 -119.7263 -45.87709 -12.69253 -119.6118 -45.49213 -19.94882 -119.0973 -44.45414 -20.56309 -118.8924 -43.97886 -21.31807 -118.9734 -44.24092 -21.45877 -119.2593 -44.97826 -20.8445 -119.4643 -45.45354 -20.08952 -119.3833 -45.19148 24.9421 -182.262 -82.96923 24.9421 -187.2027 -80.92272 24.9421 -192.1434 -82.96923 24.9421 -194.1899 -87.90991 24.9421 -192.1434 -92.85061 24.9421 -187.2027 -94.8971 24.9421 -182.262 -92.85061 24.9421 -180.2155 -87.90991 22.48772 -187.2027 -80.92272 22.48772 -182.262 -82.96923 22.48772 -180.2155 -87.90991 22.48772 -182.262 -92.85061 22.48772 -187.2027 -94.8971 22.48772 -192.1434 -92.85061 22.48772 -194.1899 -87.90991 22.48772 -192.1434 -82.96923 18.7128 -23.72736 -82.37406 18.7128 -34.79906 -82.37406 18.7128 -37.09209 -87.90991 18.7128 -34.79906 -93.44577 18.71279 -29.26321 -95.73879 18.7128 -23.72736 -93.44577 18.7128 -21.43434 -87.90991 -8.297883 -23.72736 -82.37406 -8.297883 -21.43434 -87.90991 -8.297883 -23.72736 -93.44577 -8.297883 -29.26321 -95.73879 -8.297883 -34.79906 -93.44577 -8.297883 -37.09209 -87.90991 -8.297883 -34.79906 -82.37406 -37.46045 -72.36572 -95.53971 -37.46045 -72.26586 -98.53833 -37.46045 -71.21586 -98.53838 -37.46045 -71.11572 -95.53977 -37.46045 -71.11468 -75.19886 -37.46045 -72.36468 -75.14212 24.86663 -23.72736 -82.37406 24.86663 -34.79906 -82.37406 24.86663 -37.09209 -87.90991 24.86663 -34.79906 -93.44577 24.86663 -29.26321 -95.73879 24.86663 -23.72736 -93.44577 24.86663 -21.43434 -87.90991 22.52908 -23.72736 -82.37406 22.52908 -21.43434 -87.90991 22.52908 -23.72736 -93.44577 22.52908 -29.26321 -95.73879 22.52908 -34.79906 -93.44577 22.52908 -37.09209 -87.90991 22.52908 -34.79906 -82.37406 -49.27574 -80.9967 -66.2007 40.10818 1.803955 -74.25959 40.10818 -2.727411 -91.17089 40.10818 -15.10734 -103.5508 40.10818 -32.01863 -108.0822 40.10818 -48.92993 -103.5508 40.10818 -61.30986 -91.1709 40.10818 -65.84124 -74.25961 57.87325 -61.30987 -91.1709 57.87325 -48.92993 -103.5508 57.87325 -32.01864 -108.0822 57.87325 -15.10734 -103.5508</float_array>
          <technique_common>
            <accessor source="#Loader_car_Loader_car_Material_0-mesh-positions-array" count="3553" stride="3">
              <param name="X" type="float"/>
              <param name="Y" type="float"/>
              <param name="Z" type="float"/>
            </accessor>
          </technique_common>
        </source>
        <source id="Loader_car_Loader_car_Material_0-mesh-normals">
          <float_array id="Loader_car_Loader_car_Material_0-mesh-normals-array" count="5577">-1 -8.6003e-7 7.93996e-7 1 1.22287e-7 -1.11614e-6 -1 -2.97853e-7 7.84896e-7 -1 -7.33723e-7 1.387e-6 7.50038e-5 -0.09196424 0.9957624 -1.44955e-6 0.008911609 0.9999604 1.35588e-6 0.00891155 0.9999604 0.001090824 0.01776045 0.9998418 0 -0.004745006 -0.9999887 -8.62004e-6 -0.004745125 -0.9999888 0 -0.008910298 -0.9999604 -3.88003e-6 -0.008911669 -0.9999604 0 0.004773378 0.9999886 -4.3357e-6 0.004773378 0.9999887 1 6.57628e-7 0 1 8.80196e-7 -4.77454e-6 -1 -8.76862e-7 0 -1 -4.40098e-7 0 -1 -3.36261e-7 4.73694e-6 -1 -3.34564e-7 5.50022e-6 1 3.32586e-7 -5.49564e-6 1 3.38251e-7 -4.73656e-6 2.27755e-6 -0.09196424 0.9957624 0 0.008911609 0.9999604 0 0.00891155 0.9999604 0.001089513 0.01776045 0.9998418 0 -0.00474435 -0.9999888 0 -0.004744291 -0.9999888 0 -0.008911669 -0.9999604 0 -0.008911669 -0.9999603 0 0.004768311 0.9999887 0 0.004768311 0.9999887 1 2.19216e-7 0 1 2.20049e-7 0 -1 -6.57646e-7 0 -1 -2.20049e-7 0 -1 -3.66761e-7 4.73563e-6 -1 -3.34762e-7 5.40679e-6 1 3.63383e-7 -6.65804e-7 1 3.68619e-7 0 0 -0.3826637 0.9238878 0 -4.01396e-6 1 0 4.01396e-6 1 0 -0.3826817 0.9238803 -9.24355e-6 -0.7059516 0.7082601 9.28526e-6 -0.705953 0.7082588 0 -0.9238715 0.3827029 -9.28529e-6 -0.7082501 0.7059617 9.24352e-6 -0.7082678 0.705944 0 -0.9238924 0.3826522 0 -1 2.01085e-5 0 -1 -2.0389e-5 0 -0.9238925 -0.3826524 0 -0.9238717 -0.3827026 -9.24352e-6 -0.7082678 -0.705944 9.28529e-6 -0.7082501 -0.7059617 0 -0.3826814 -0.9238804 -9.28525e-6 -0.7059518 -0.70826 9.24355e-6 -0.705952 -0.7082597 0 -0.3826645 -0.9238874 0 4.01396e-6 -1 0 -4.01396e-6 -1 0 0.38268 -0.9238809 0 0.3826768 -0.9238824 -9.24358e-6 0.7059595 -0.7082522 9.28741e-6 0.7059603 -0.7082514 0 0.9238745 -0.3826956 -9.28739e-6 0.708256 -0.7059558 9.24357e-6 0.708256 -0.7059558 0 0.9238823 -0.3826767 0 1 -2.01085e-5 0 1 2.0389e-5 0 0.9238824 0.3826768 0 0.9238747 0.3826953 -9.24357e-6 0.708256 0.7059558 9.28739e-6 0.708256 0.7059558 0 0.3826766 0.9238824 -9.2874e-6 0.7059591 0.7082527 9.24358e-6 0.7059599 0.7082518 0 0.3826808 0.9238806 0 -0.3826668 0.9238865 0 2.2439e-6 1 0 -2.2439e-6 1 0 -0.3826853 0.9238788 -1.20563e-4 -0.7059612 0.7082506 9.28523e-6 -0.7059473 0.7082645 0 -0.9238739 0.3826975 -9.28527e-6 -0.7082545 0.7059573 1.20563e-4 -0.7082505 0.7059612 0 -0.9238896 0.3826594 0 -1 1.60941e-5 0 -1 -1.65584e-5 0 -0.9238895 -0.3826595 0 -0.923874 -0.3826969 -1.20563e-4 -0.7082505 -0.7059612 9.28527e-6 -0.7082545 -0.7059573 0 -0.3826853 -0.9238788 -9.28523e-6 -0.7059473 -0.7082645 1.20563e-4 -0.7059612 -0.7082506 0 -0.3826668 -0.9238865 0 -2.2439e-6 -1 0 2.2439e-6 -1 0 0.3826668 -0.9238865 0 0.3826853 -0.9238788 -1.20563e-4 0.7059612 -0.7082506 9.28523e-6 0.7059473 -0.7082645 0 0.9238739 -0.3826975 -9.28527e-6 0.7082545 -0.7059573 1.20563e-4 0.7082505 -0.7059612 0 0.9238896 -0.3826594 0 1 -1.60941e-5 0 1 1.65584e-5 0 0.9238895 0.3826595 0 0.923874 0.3826969 -1.20563e-4 0.7082505 0.7059612 9.28527e-6 0.7082545 0.7059573 0 0.3826853 0.9238788 -9.28523e-6 0.7059473 0.7082645 1.20563e-4 0.7059612 0.7082506 0 0.3826668 0.9238865 0 -0.3744753 0.9272369 0 0.1393084 0.990249 0 0.1393042 0.9902497 0 -0.3744787 0.9272356 -8.67494e-5 -0.7869115 0.6170659 1.18868e-5 -0.7869116 0.6170659 0 -0.9902495 0.1393055 -1.23467e-5 -0.7889384 0.6144725 1.22885e-5 -0.7889384 0.6144724 0 -0.9902499 0.1393024 0 -0.9272358 -0.3744781 0 -0.9272346 -0.3744811 -1.22885e-5 -0.6170611 -0.7869153 1.23467e-5 -0.6170611 -0.7869153 -6.55099e-6 -0.1393054 -0.9902495 -1.23468e-5 -0.6144831 -0.7889301 5.07046e-6 -0.614479 -0.7889332 -1.04174e-5 -0.1393025 -0.9902499 0 0.3744766 -0.9272364 0 0.3744773 -0.9272361 -1.22885e-5 0.7869166 -0.6170595 1.23467e-5 0.7869166 -0.6170595 0 0.9902496 -0.1393049 -1.23467e-5 0.7889384 -0.6144725 1.22885e-5 0.7889384 -0.6144724 2.64715e-6 0.99025 -0.1393018 1.55836e-5 0.927235 0.37448 1.41114e-5 0.9272348 0.3744803 -4.22419e-6 0.6170608 0.7869155 1.27454e-5 0.6170616 0.7869148 -1.23468e-5 0.6144831 0.7889301 8.63138e-5 0.6144806 0.7889321 0 -0.3744834 0.9272336 0 -0.3744839 0.9272335 0 0.1393046 0.9902496 0 0.1393082 0.9902492 1.27454e-5 -0.7869134 0.6170635 -1.19142e-5 -0.7869082 0.6170703 0 -0.990249 0.1393089 -1.23468e-5 -0.788931 0.6144818 1.22885e-5 -0.7889265 0.6144877 0 -0.9272328 -0.3744855 0 -0.9272327 -0.3744857 1.23467e-5 -0.6170566 -0.7869189 -1.22885e-5 -0.6170616 -0.7869148 0 -0.1393094 -0.9902489 0 -0.1393085 -0.990249 -1.18868e-5 -0.6144797 -0.7889327 1.23793e-4 -0.6144807 -0.7889319 0 0.374475 -0.927237 0 0.3744797 -0.9272351 1.27454e-5 0.7869216 -0.6170532 -1.19142e-5 0.786925 -0.6170487 0 0.9902487 -0.1393107 0 0.9902487 -0.139311 -1.23467e-5 0.7889342 -0.6144776 1.22885e-5 0.7889389 -0.6144718 0 0.9272343 0.3744818 0 0.9272343 0.374482 1.18868e-5 0.6170625 0.7869143 -1.27854e-5 0.6170662 0.7869113 -1.23467e-5 0.6144766 0.7889351 1.22885e-5 0.6144766 0.7889351 -0.6499856 3.90598e-6 0.7599466 -0.6499845 3.90602e-6 0.7599476 0.3331519 -1.95301e-6 0.9428732 0.333159 -1.95302e-6 0.9428707 0.9831262 -1.17184e-5 0.1829289 0.9831269 -3.90601e-6 0.1829252 0.6499946 0 -0.7599389 0.6499714 1.36713e-5 -0.7599587 -0.3331606 0 -0.9428701 -0.3331595 0 -0.9428706 -0.983126 3.90613e-6 -0.1829299 -0.9831255 0 -0.1829329 5.84269e-6 -1 8.01815e-6 -9.70552e-6 -1 2.00455e-6 3.23515e-6 -1 -1.33636e-6 3.86275e-6 -1 -8.01816e-6 0.7337555 3.73736e-5 0.6794137 0.7337551 -3.68353e-5 0.6794141 -0.681767 -2.38177e-5 0.7315694 -0.6818014 3.13788e-4 0.7315372 -0.733757 3.70344e-5 -0.679412 -0.733753 -0.001145482 -0.6794154 0.681802 -3.65485e-5 -0.7315368 0.6817988 2.4642e-5 -0.7315397 -0.527318 -0.5846626 0.616527 -0.5273178 -0.5846681 0.6165218 0.2702802 -0.584666 0.7649277 0.2702837 -0.5846643 0.7649278 0.7975792 -0.5846737 0.1484059 0.7975803 -0.5846728 0.1484028 0.5273166 -0.5846611 -0.6165296 0.5273098 -0.584658 -0.6165384 -0.2702789 -0.5846613 -0.7649319 -0.2702844 -0.5846609 -0.7649302 -0.7975885 -0.5846608 -0.1484066 -0.7975897 -0.5846583 -0.1484095 7.99418e-6 -1 0 -1.32792e-5 -1 1.00067e-5 4.4264e-6 -1 -1.11186e-6 5.28503e-6 -1 -6.67115e-6 0 0 1 0 0 -1 -1.65916e-6 -0.2123982 -0.9771832 1.65916e-6 -0.2123977 -0.9771834 1 2.5259e-6 0 1 0 0 -1 1.58488e-6 0 -1 -8.91493e-7 0 1 3.16973e-6 0 -1 7.42911e-7 0 -1 0 0 0.898973 0.4267042 -0.09884917 0.9614101 0.1775887 -0.2101261 0.3070251 -0.009739935 0.9516516 0.3220608 -0.3583937 0.8762596 -0.6150606 -0.4948064 0.613895 0.3235387 -0.3578763 0.8759266 0.3104037 -0.009317815 0.9505593 -0.8566502 -0.1280482 0.4997541 -0.5567874 0.3452743 -0.7554956 -0.6162791 -0.4946815 0.6127726 -0.8548877 -0.1279678 0.5027838 -0.5946955 -7.27326e-4 -0.8039508 -0.5592476 0.3434823 -0.7544946 -0.5938148 4.116e-4 -0.8046017 0.9609722 0.1784968 -0.2113564 0.899492 0.4258899 -0.09763199 0.8966677 -0.4413583 0.03449356 0.3446062 0.6037781 0.7188175 -0.8206765 0.4926431 0.28947 -0.6361185 -0.4453181 -0.6301152 -0.5946696 -6.75194e-4 -0.80397 -0.6349241 -0.4455398 -0.6311623 0.08576303 -0.3950648 -0.9146412 0.9612584 0.1767406 -0.2115309 0.8966187 -0.4414176 0.0350058 0.8218411 -0.4903938 0.2899847 0.3892229 0.8010081 0.4548537 0.3470852 0.6019425 0.7191641 0.3906437 0.8001882 0.4550787 -0.54719 0.8294889 0.1119431 -0.8210713 0.4912555 0.2907061 -0.8193409 0.4932761 0.292163 -0.5484215 0.8287811 0.1111575 -0.6113466 -0.7143531 -0.3405216 0.8968236 -0.4408852 0.03643757 -0.635415 -0.446734 -0.6298227 -0.6135736 -0.7121054 -0.3412234 0.8224924 -0.4890304 0.2904404 -0.8484245 0.5135576 -0.128198 -0.818744 0.2651109 -0.5092883 -0.7384313 0.1353587 -0.6606038 -0.4676914 0.8395528 0.2764344 -0.5420533 0.8268828 0.1498098 -0.6702795 0.07070517 -0.7387329 -0.1570944 -0.1385081 -0.9778225 -0.4603191 -0.3017345 -0.8349028 -0.6726813 0.07043808 -0.736572 -0.4614037 -0.3023353 -0.8340864 -0.3819277 -0.0209217 0.9239555 -0.02130615 0.7379204 0.6745514 -0.4666914 0.8402091 0.2761299 -0.7221862 -0.6814466 -0.1186492 -0.4677094 0.8390152 0.2780316 -0.8329649 0.1357179 -0.5364236 -0.1202443 0.9590992 0.2562615 -0.7376466 0.1343824 -0.6616788 -0.1217953 0.9596412 0.2534852 -0.2147009 -0.9542888 -0.2079336 -0.8324428 0.1373589 -0.5368161 -0.7221888 -0.6817089 -0.1171169 -0.2494349 0.8896459 0.3825083 -0.5401198 0.8277004 0.1522583 -0.9655601 0.2317454 0.1182701 -0.1210921 0.9593778 0.2548156 -0.8333051 0.136762 -0.5356293 0.7885733 0.1512346 -0.5960538 0.8435732 0.3093491 -0.4389619 0.4713593 0.8458968 0.2495577 0.2532533 0.8767249 0.4089208 0.4723629 0.845422 0.2492688 0.473622 0.8453042 0.2472713 0.5400617 0.8303006 0.1376023 0.2546195 0.8767282 0.4080645 0.199105 -0.3293807 -0.9229657 0.9131849 0.3844291 -0.1353058 0.911971 0.3873911 -0.1350449 -0.08413112 -0.09541082 0.9918764 0.3685588 0.7911896 0.4880403 -0.37008 0.7871239 0.4934338 -0.6157768 -0.02951407 0.7873678 0.8310258 0.05624544 0.5533827 0.6174382 -0.02923792 0.7860759 -0.6178641 0.5072252 0.600805 -0.6158002 -0.03116703 0.7872858 0.6174265 -0.0308808 0.7860223 0.6200569 0.5071535 0.5986025 0.6992105 -0.4084634 -0.5867388 0.9992611 0.007063627 0.03778284 0.8309902 0.05626171 0.5534348 0.757292 0.4948525 0.4261804 -0.7568229 0.4945083 0.4274119 0.9990996 0.02896541 0.03100115 0.6861426 0.422061 0.592514 0.755306 0.4966195 0.4276471 0.9996367 0.01983952 0.01825046 0.6217828 -0.3564224 -0.6973875 0.1301496 -0.963813 -0.2326494 0.08340293 -0.09134048 0.992321 0.04742085 -0.9935 -0.1034848 -0.08393245 -0.09228128 0.9921893 -0.4676405 -0.2571688 0.8456811 0.08396667 -0.09445118 0.9919822 -0.4676237 -0.2572163 0.845676 -0.8867731 0.4497544 0.1065573 -0.6712053 0.7192618 0.1792929 -0.6184094 -0.3663316 -0.6952489 -0.6726979 0.7178567 0.1793301 -0.8859021 0.4515156 0.1063545 -0.3701418 0.7871329 0.4933728 -0.8317232 0.05477589 0.552482 -0.9992111 0.008101046 0.03887856 -0.7014854 -0.4079296 -0.58439 -0.8499469 -0.1765469 -0.4964089 -0.6757696 -0.7356654 -0.04617232 0.1308154 -0.9644201 -0.2297418 0.04856836 -0.9937769 -0.1002422 -0.6192283 -0.3660106 -0.6946889 -0.8507006 -0.1754047 -0.4955217 -0.6753826 -0.7361887 -0.04341244 -0.6738051 -0.7375348 -0.04504585 -0.4676643 -0.2571529 0.8456729 -0.3700741 0.7871467 0.4934019 -0.7548052 0.4963154 0.4288824 -0.9996657 0.0182802 0.01828664 -0.9992955 0.02563083 0.02741742 -0.6150985 0.5086034 0.6024753 -0.701553 0.4096741 0.5830872 -0.9998279 0.01069146 0.0151655 -0.8317486 0.05469387 0.5524517 0.5630196 0.3971891 0.7247412 -0.9926596 -0.07463628 0.09516525 -0.9977736 -0.02150392 -0.06313216 0.2403189 0.3109841 0.9195303 -0.5813266 -0.7420762 -0.3337401 0.5943924 -0.725527 -0.3468549 0.5694383 -0.3366816 0.7499237 -0.5616472 -0.3595761 0.745156 -0.9926632 -0.07461625 0.09514284 0.1889048 -0.3002976 -0.9349526 0.6077324 -0.3338247 -0.720571 -0.9977768 -0.02154529 -0.06306684 -0.5841553 0.5696806 0.5781233 -0.2315593 0.5714988 0.7872544 4.60351e-4 0.6445239 0.764584 0.002339363 0.7811278 0.6243668 0.003676712 0.7791306 0.6268509 0.00103718 0.7535573 0.6573815 0.002452194 0.8427923 0.5382333 -0.001035571 0.2912114 0.9566583 -0.2927451 0.2659795 0.9184527 -0.7947514 0.1465859 0.5889678 0.9011614 -0.4278745 0.06950974 0.826708 -0.5622512 -0.02067661 -9.1672e-5 -0.8927239 -0.450604 -8.89771e-5 -0.8927339 -0.4505843 0.002292096 -0.9296888 0.368339 0.01386445 -0.9461917 0.3233097 -0.001832127 -0.9296858 0.3683492 -0.01036816 -0.9279734 0.3725024 -0.6920923 0.3459222 0.6335189 -0.5075659 0.2364324 0.8285388 -0.691322 0.3474654 0.6335154 -0.5061661 0.2366904 0.8293213 -0.9341115 0.0807079 0.3477386 -0.9411939 0.06529933 0.3314968 -0.9407333 0.06535905 0.3327899 0.003986835 0.2856451 0.9583272 0.9999284 0.009666621 -0.007061481 -0.5829486 0.5706353 0.5783997 -0.7967353 0.1457682 0.5864849 0.005080938 -0.8133835 0.5817058 -0.009589493 -0.8291243 0.5589821 -0.008967578 -0.9293944 0.3689792 -0.02010631 -0.9438005 0.3299036 -0.02033734 0.4651818 0.8849815 -0.01632201 0.5735601 -0.8190009 0.09127962 0.9953278 0.03147441 -0.2661558 -0.4965962 -0.826168 0.999716 0.02025705 0.01255559 0.9995619 0.02268123 0.01901793 0.7818618 -0.4796853 0.3982391 -3.00521e-4 -0.6304009 0.7762697 0.7772354 0.2842072 -0.5613657 -0.7774233 0.2846612 -0.5608752 -3.66673e-4 -0.6303749 0.7762908 -0.806258 -0.4335357 0.402486 -0.6640831 0.5674081 -0.4868694 0.6322078 -0.6535459 -0.4161624 -0.6598228 -0.6794224 -0.3209661 -0.679694 -0.1310692 -0.7216904 0.7272202 0.02334141 -0.6860073 0.6128634 0.6139106 -0.4975063 0.5120633 -0.8589351 -0.00465238 -0.6120824 -0.7849596 0.09588301 -0.7453075 -0.5462299 -0.3822953 0.6834012 -0.5365458 -0.4950571 0.7774209 0.4591515 -0.42988 0.6204852 0.739777 -0.2602465 0.7933973 -0.5653856 0.2255219 3.1826e-4 -0.857783 0.5140119 -0.7772687 0.4591054 -0.4302043 2.90647e-4 -0.857774 0.5140269 -0.7732254 -0.589609 0.2334175 -0.6443993 0.7258326 -0.2406588 0.7952017 -0.5626415 0.2260284 0.5585032 -0.8294287 0.01105386 -0.8283517 -0.5600777 0.01210308 -0.7751456 -0.5874409 0.2325136 -0.6470444 0.7236859 -0.2400256 -0.5639855 0.8257773 0.003513038 0.8450887 0.5345994 0.005338728 0.623215 0.7377325 -0.2595264 0.8442276 0.5359578 0.005384981 0.5571394 -0.8303463 0.01099067 -0.8274424 -0.5614208 0.01208627 -0.5626214 0.8267075 0.003468394 6.58074e-4 -0.856989 0.5153344 0.7794636 0.4571608 -0.4282996 -0.779303 0.4571386 -0.4286156 -0.07941049 0.4729388 -0.8775095 0.07894241 0.5747905 -0.8144839 0.05352956 0.4759678 0.8778321 -0.07966935 0.4529066 0.8879913 -0.07971191 0.4528827 0.8879996 0.05360573 0.4760103 0.8778045 0.3895723 -0.9209414 -0.01002687 0.2238405 -0.9689849 0.1047085 0.2237913 -0.9689995 0.1046787 0.3898296 -0.9208013 -0.01257365 0.07940745 0.572823 -0.8158237 -0.07888674 0.470153 -0.8790524 -0.6940281 0.7190434 0.03607815 -0.4394472 -0.4463273 -0.7795372 -0.4891425 -0.5689097 0.6611214 -0.6946824 0.7184166 0.03597313 -0.4408714 -0.4461984 -0.7788065 -1.00546e-5 -0.9621835 0.2724022 2.43788e-4 -0.6748222 0.7379804 -4.0235e-5 -0.675278 0.7375634 1.36857e-4 -0.4556479 0.8901602 -0.9329097 0.07334017 0.3525631 -0.9341661 0.07510274 0.3488458 -0.9328809 0.07335752 0.3526359 3.3677e-4 -0.8915876 0.4528481 -3.97201e-4 -0.8401841 0.5423012 -0.01880961 -0.99799 0.06051528 1.28529e-4 -0.9055612 0.4242158 -0.03124392 -0.922586 -0.3845245 5.18275e-4 -0.4541479 0.8909262 0.9974448 -0.07142305 0.001644849 0.9979421 -0.06396424 0.004510104 0.9978746 -0.0650137 0.00443077 -0.8989552 0.4267495 -0.09881454 -0.3070281 -0.009766995 0.9516504 -0.9614137 0.1775652 -0.2101292 -0.322087 -0.3584843 0.8762128 0.6150635 -0.4947962 0.6139003 -0.3104083 -0.009354114 0.9505574 -0.3235555 -0.3579369 0.8758956 0.8566505 -0.1280466 0.4997542 0.5567668 0.3452246 -0.7555335 0.8548914 -0.1279381 0.5027849 0.6163111 -0.4945738 0.6128274 0.5946999 -6.99863e-4 -0.8039476 0.5592453 0.3434773 -0.7544986 -0.9609724 0.1785849 -0.2112805 0.593799 3.92579e-4 -0.8046134 -0.8994534 0.4259891 -0.09755527 -0.3445807 0.6036945 0.7189 -0.8963196 -0.4419901 0.03543782 0.8207105 0.4925911 0.2894624 0.6361143 -0.4453083 -0.6301264 0.594707 -7.88882e-4 -0.8039423 -0.08576297 -0.3950651 -0.9146411 0.634909 -0.4456227 -0.6311188 -0.9612258 0.176851 -0.2115863 -0.8966271 -0.4414013 0.03499776 -0.8218311 -0.4903963 0.290009 -0.389187 0.8009701 0.4549513 -0.3471057 0.6019526 0.7191458 0.5471877 0.8294913 0.1119374 -0.3906189 0.8001618 0.4551463 0.8210582 0.4912333 0.2907807 0.8193147 0.4933675 0.2920821 0.6113361 -0.7143505 -0.3405461 0.5484302 0.8287722 0.1111798 -0.896831 -0.4408774 0.03635132 0.6135419 -0.7120972 -0.3412976 0.6354328 -0.4467381 -0.6298018 -0.8225371 -0.4890195 0.2903322 -0.347411 0.6033398 0.7178348 -0.6619317 0.7024685 0.2615045 -0.6843026 0.5465722 0.4826894 -0.6483923 -0.5273765 -0.549055 -0.6504215 -0.5262002 -0.5477822 -0.6543957 -0.3199998 -0.6851032 0.6870027 -0.3707523 -0.624956 0.6887162 0.2111874 0.693592 0.7410973 0.1908928 0.6436884 0.7668821 0.261276 0.5861969 0.6754612 0.3113588 0.668437 -0.6661857 -0.218416 -0.7130856 0.7130879 -0.2635868 -0.6496366 0.6843035 0.1820691 0.7061017 0.7399379 0.1651111 0.6520968 -0.6796426 0.3721499 0.6321317 0.7689145 0.2600405 0.5840802 0.7432733 0.1899862 0.6414438 -0.6649425 0.2764483 0.6938501 -0.6606314 -0.1876451 -0.7268807 0.7157308 -0.2091273 -0.6663297 0.6407758 0.1744249 0.7476513 0.7664085 0.1426135 0.6263222 0.7421278 0.1643941 0.6497853 -0.6705703 0.2202062 0.70841 -0.6196201 -0.1778525 -0.7644864 0.6844425 -0.1849923 -0.7052066 -0.7076324 0.1808786 0.6830369 0.6910606 0.210365 0.691507 0.6778842 0.3109186 0.6661852 0.769015 0.2557985 0.5858183 0.7449826 0.1878851 0.6400783 0.6866714 0.1813829 0.7039763 0.7452515 0.1622631 0.6467388 0.643249 0.1739645 0.7456321 0.7767092 0.1391856 0.6142884 0.7108201 -0.2642244 -0.6518591 0.7428469 0.1887534 0.6423011 0.7669445 0.2569121 0.5880413 0.6846088 -0.3716988 -0.6270173 0.7134262 -0.2096846 -0.6686221 0.7430822 0.1629751 0.6490517 0.6820842 -0.1854416 -0.7073702 0.7746732 0.1397968 0.6167158 -0.6773138 0.3729014 0.6341851 -0.6519004 -0.3211965 -0.6869198 -0.6625552 0.2770302 0.6958987 -0.6637514 -0.2192391 -0.7151002 -0.6681721 0.220736 0.7105081 -0.6581944 -0.1884008 -0.7288932 1.11012e-5 -0.9994484 -0.03321212 6.2969e-6 -0.9998626 -0.01658135 7.64264e-7 -0.999862 -0.01661765 0 -0.9994461 -0.03328138 1 6.95651e-6 0 0 -4.35964e-5 -1 0 -4.35974e-5 -1 -4.25752e-7 -0.9995512 0.02995991 1 -5.78153e-6 -1.7358e-4 1 3.50039e-6 4.97493e-4 1 0 1.6193e-4 1 0 4.97498e-4 1 0 1.6193e-4 -1.63458e-6 0.999861 -0.01667845 0 0.9994454 -0.03329986 1.0443e-5 0.999443 -0.03337383 5.98308e-6 0.9998598 -0.01675242 -2.66047e-7 -0.2387804 -0.9710737 -2.65477e-7 -0.2387806 -0.9710736 0.6897747 0.1654375 -0.7048697 0.7034888 0.123353 -0.6999198 0.7565377 -0.1394437 -0.6389101 0.7565138 -0.1394497 -0.6389373 -3.70588e-7 0.5566486 -0.8307482 -2.70828e-7 0.5566504 -0.830747 -2.73344e-7 -0.4497005 -0.8931794 -2.50434e-7 -0.2623442 -0.9649745 -3.68277e-7 -0.2623449 -0.9649742 -3.34372e-7 -0.4497034 -0.8931781 0.2779244 0.5515449 -0.7864836 0.3157984 0.5416433 -0.779034 5.79754e-5 0.6133573 -0.7898057 8.64399e-5 0.6131319 -0.7899805 -2.24751e-7 -0.212399 -0.9771831 -2.06355e-7 -0.2118875 -0.9772942 -3.01531e-7 -0.2111608 -0.9774515 -4.08649e-7 -0.2123968 -0.9771836 -0.6901348 0.1655922 -0.7044808 -0.7565038 -0.1394509 -0.6389487 -0.756528 -0.1394443 -0.6389216 -0.703484 0.1233481 -0.6999254 -1.76379e-7 -0.8676349 -0.4972019 -1.76335e-7 -0.8676345 -0.4972027 6.40477e-6 -0.7766018 -0.629992 -2.04192e-6 -0.7766008 -0.6299931 -0.7025309 0.1263915 -0.7003396 -0.2779268 0.5515432 -0.786484 -0.3148097 0.5394012 -0.7809873 -0.6886965 0.1685085 -0.7051964 3.31209e-7 0.2366206 0.9716022 2.57331e-7 0.236621 0.971602 -1.32396e-7 -0.8973422 -0.4413356 -1.32794e-7 -0.8973399 -0.4413402 6.33385e-6 -0.7786538 -0.6274538 -3.15788e-6 -0.7786571 -0.6274497 -2.32103e-7 -0.2111228 -0.9774596 -3.56998e-7 -0.2111231 -0.9774595 -1.47188e-4 0.6126125 -0.7903835 -1.38405e-4 0.6126866 -0.7903261 0.1925522 0 -0.9812868 0.1925548 0 -0.9812862 0 1 0 0.3291345 0 0.9442831 0.3291293 0 0.944285 0 -1 0 0 -1 -1.11524e-5 0.7000145 0 -0.7141287 0.7000306 0 -0.7141129 -0.7779538 0 -0.6283216 -0.7779529 0 -0.6283227 -0.9307132 0 -0.3657501 -0.9307079 0 -0.3657634 0 1 -7.04498e-6 0.873949 0 0.4860176 0.9910666 0 -0.1333682 0.9910668 0 -0.1333669 0.8739387 0 0.4860362 0.6408848 0 0.7676371 0.6408855 0 0.7676365 0 1 -2.80499e-6 -0.9902037 0 0.139631 -0.9902049 0 0.1396219 -0.3291301 0 0.9442846 -0.3291293 0 0.944285 -0.8110522 0 0.5849738 -0.8110478 0 0.58498 0 -1 3.01928e-6 0 -1 -3.39211e-6 0 -1 2.80499e-6 0 1 -2.25383e-6 0 1 4.5389e-6 0 -1 1.09773e-6 0 1 -2.20688e-6 0 1 5.57619e-6 0 -1 -5.08294e-6 -0.1925548 0 -0.9812862 -0.192547 0 -0.9812878 -0.7000131 0 -0.71413 -0.7000305 0 -0.7141129 0.7779545 0 -0.6283206 0.7779546 0 -0.6283205 0.9307128 0 -0.365751 0.9307073 0 -0.3657649 -0.8739503 0 0.4860154 -0.9910669 0 -0.1333664 -0.9910668 0 -0.1333669 -0.8739387 0 0.4860362 -0.6408848 0 0.7676371 -0.6408817 0 0.7676398 0 -1 2.805e-6 0.9902036 0 0.1396321 0.9902049 0 0.1396225 0.8110528 0 0.5849731 0.8110482 0 0.5849796 0 1 -2.805e-6 0 1 1.07693e-6 0 1 -4.87093e-6 -3.39939e-5 -0.001605331 -0.9999987 6.4493e-4 -0.001604199 -0.9999986 3.39939e-5 0.9999988 0.001607358 -4.41287e-4 0.9999987 0.001606345 -3.38335e-5 0.001601755 -0.9999988 -3.39939e-5 -0.9999988 0.00161004 3.38335e-5 -0.9999987 0.001610696 3.39955e-5 0.001648902 -0.9999987 3.38335e-5 0.9999988 -0.001609146 3.39939e-5 -0.001603066 0.9999988 -3.38335e-5 -0.001602232 0.9999988 -3.39939e-5 0.9999988 -0.00161004 3.39939e-5 -0.9999988 -0.001607537 -4.41288e-4 -0.9999987 -0.001608371 -3.39939e-5 0.001603662 0.9999988 6.4493e-4 0.001604199 0.9999986 3.39939e-5 -0.9999988 -0.001610159 -4.41287e-4 -0.9999986 -0.001604497 -3.39939e-5 0.001606166 0.9999987 6.44961e-4 0.001648306 0.9999985 -3.38351e-5 0.001648843 -0.9999986 -3.39939e-5 -0.9999987 0.001611948 3.38335e-5 -0.9999988 0.001607954 3.39939e-5 0.001604914 -0.9999987 -2.39982e-5 0.8660178 0.5000131 2.38849e-5 0.8660178 0.5000131 0 3.23139e-6 1 0 -3.23139e-6 1 0 3.23139e-6 -1 0 -3.23139e-6 -1 2.39982e-5 0.8660178 -0.5000131 -2.38849e-5 0.8660178 -0.5000131 -3.39939e-5 -0.001603662 -0.9999988 3.39939e-5 0.9999988 0.001607537 -4.41288e-4 0.9999987 0.001608371 -2.39982e-5 0.8660334 -0.4999862 2.38849e-5 0.8660334 -0.4999862 2.39982e-5 0.8660334 0.4999862 -2.38849e-5 0.8660334 0.4999862 2.39982e-5 -0.8660178 0.5000131 -2.38849e-5 -0.8660178 0.5000131 -2.39982e-5 -0.8660334 0.4999862 2.38849e-5 -0.8660334 0.4999862 2.39982e-5 -0.8660334 -0.4999862 -2.38849e-5 -0.8660334 -0.4999862 -2.39982e-5 -0.8660178 -0.5000131 2.38849e-5 -0.8660178 -0.5000131 3.38335e-5 0.9999988 -0.001610338 3.39955e-5 -0.001648902 0.9999987 -3.38335e-5 -0.001603245 0.9999988 -3.39939e-5 0.9999987 -0.001608014 -6.4493e-4 0.9999986 0.001608252 -2.00712e-5 0.9119861 -0.4102212 -2.23605e-5 0.2555916 -0.966785 2.1179e-5 0.2555924 -0.9667847 1.90788e-5 0.9119865 -0.4102203 2.11365e-5 0.2555308 -0.9668009 -2.20333e-5 0.2555308 -0.9668009 -3.29949e-7 -0.2102032 -0.9776577 -4.52761e-7 -0.2102032 -0.9776577 1.85433e-5 -0.7059611 0.7082507 -1.8028e-5 -0.7059611 0.7082507 0 1.23322e-5 1 0 -1.03504e-5 1 1.82961e-5 0.705962 -0.7082499 -1.82098e-5 0.7059599 -0.7082518 0 -1.03606e-5 -1 0 1.10897e-5 -1 1.82961e-5 -0.708247 -0.7059648 -1.82098e-5 -0.7082516 -0.7059601 -1.82961e-5 -0.9999987 -0.001617431 1.82098e-5 -0.9999988 -0.001623928 1.82961e-5 0.7082462 0.7059655 -1.82707e-4 0.7082508 0.7059609 0 1 -1.29585e-5 0 1 1.4201e-5 1.92041e-5 -0.9999987 0.001612663 -1.82098e-5 -0.9999987 0.00162512 -1.81532e-5 -0.7082476 0.7059642 1.9302e-5 -0.7082564 0.7059553 -1.82961e-5 -0.7059605 -0.7082512 1.82098e-5 -0.7059625 -0.7082493 -1.82961e-5 0.7082471 -0.7059648 1.82098e-5 0.7082515 -0.7059602 -1.82961e-5 0.705963 0.7082487 1.82098e-5 0.705961 0.7082508 0.5259737 0.6415486 -0.5583611 0.3949837 -0.4336268 -0.8099109 -0.6982837 -0.3429054 -0.6283438 -0.5672931 0.7322623 -0.3767899 0.5519931 0.6484311 -0.5242525 -0.5669698 0.7317966 -0.3781785 -0.5795627 0.7422395 -0.3364335 0.7280105 -0.4678224 -0.5011416 -0.156846 -0.5508237 -0.8197516 -0.1570098 -0.5508157 -0.8197256 0.7411945 -0.4637119 -0.4853887 -0.4424028 0.4970691 0.7464598 -0.6117923 0.7746743 -0.1599689 -0.7626823 -0.4645918 -0.4499669 -0.5830747 -0.6582501 0.4761625 -0.5773169 0.7440303 -0.3363394 -0.566883 0.731791 -0.3783196 -0.6976245 -0.3420749 -0.6295276 -0.7127947 -0.3686742 -0.59666 0.646149 0.6682881 -0.3686224 -0.5798988 0.7425452 -0.3351776 -0.6143286 0.7728018 -0.1593046 0.958921 -0.1613582 -0.2333113 0.1136989 0.8390515 0.5320388 0.08077239 0.9726275 0.2178794 0.1167436 0.8386675 0.5319849 -0.9964755 -0.06416249 0.05403703 -0.9758605 0.1340283 0.1724321 -0.7145299 -0.366571 -0.59588 -0.6976496 -0.3419752 -0.6295539 0.3942687 -0.4324697 -0.8108774 -0.1467586 -0.5098887 -0.8476293 0.9705259 -0.1407081 -0.1956549 0.9607714 -0.1737697 -0.2161537 -0.1146715 -0.8957684 -0.4294757 -0.7304899 -0.1609014 0.6636982 0.1564871 -0.07701361 0.984673 0.1563521 -0.07700777 0.9846948 -0.7172589 -0.1569886 0.678892 0.1420077 0.4796555 0.8658894 0.1437278 0.2512916 0.9571807 -0.9893603 0.07254368 0.1261098 -0.9986643 -0.004752933 0.05145061 -0.1485429 -0.4400743 -0.88559 -0.1175837 -0.8580456 -0.4999318 -0.9964746 -0.063546 0.05477464 -0.9985175 -0.003201425 0.05433696 0.9683722 -0.1309784 -0.2123678 0.9888904 -0.07344573 -0.129235 0.1405309 0.2515254 0.9575939 0.1390063 0.4798879 0.8662477 -0.988898 0.07335537 0.1292276 -0.1405485 -0.2515729 -0.9575789 -0.99648 -0.06359505 0.05461877 0.1166194 0.8392048 0.5311641 -0.1520115 -0.439784 -0.8851455 -0.1437195 -0.2509484 -0.957272 0.9893496 -0.07264125 -0.1261374 0.9691738 -0.129495 -0.2096027 0.886391 -0.2308576 0.4012678 0.7280429 -0.4678089 -0.5011072 0.7412302 -0.4636784 -0.4853661 0.8789901 -0.2259343 0.4199168 -0.8856164 -0.3980584 -0.2392345 -0.8928281 -0.3929677 -0.2200782 -0.885622 -0.3980368 -0.23925 -0.7304819 -0.1609442 0.6636967 -0.717252 -0.1569355 0.6789116 -0.8928068 -0.3930201 -0.2200709 0.8863853 -0.2308246 0.4012995 0.8789684 -0.2259492 0.4199542 0.03090041 -0.4421172 -0.896425 0.9976764 -0.04852312 -0.04782783 0.9939993 -0.08129894 -0.07318484 0.03269052 -0.8600665 -0.5091336 -1 1.19838e-5 -2.5879e-6 -0.5000183 -0.8561897 0.1300808 -0.5000216 -0.8561949 0.1300343 -1 -7.86504e-6 1.96078e-6 -2.38849e-5 0.866031 0.4999905 -2.39981e-5 0.8660365 -0.4999807 2.38849e-5 0.8660338 -0.4999855 2.39981e-5 0.8660337 0.4999857 1 8.09447e-6 -3.29599e-6 0.5000202 0.8561956 -0.1300351 0.5000202 0.8561839 -0.1301118 -0.500018 0.8561967 -0.1300361 -0.5000171 0.8561905 -0.1300808 -0.4999862 -0.856208 0.1300839 0.4999862 -0.856208 0.1300839 0.4999863 -0.856215 0.1300374 -0.4999864 -0.856215 0.1300374 2.63987e-7 1.24658e-5 -1 -2.39981e-5 -0.8660145 -0.5000189 2.38849e-5 -0.8660162 -0.5000161 0 -1.4832e-5 -1 0.4999863 0.8562111 -0.1300628 -0.4999863 0.8562149 -0.1300377 -0.499986 0.8562034 -0.130115 0.4999861 0.8562113 -0.1300625 -0.4999861 0.856215 -0.1300374 -0.4999862 0.8562033 -0.1301146 -2.38849e-5 -0.8660159 0.5000165 0 -1.56645e-5 1 0 1.57302e-5 1 2.39981e-5 -0.8660148 0.5000186 -2.39981e-5 0.8660145 0.5000189 2.38849e-5 0.866016 0.5000162 -2.35666e-5 0.8660376 -0.4999788 2.39982e-5 0.8660165 -0.5000156 3.39939e-5 -0.00160402 0.9999988 -6.4493e-4 -0.001603722 0.9999985 -3.39939e-5 0.9999988 -0.001608014 4.41288e-4 0.9999987 -0.001607894 -3.39939e-5 -0.9999988 0.001610338 4.41287e-4 -0.9999986 0.001603901 3.39939e-5 0.001606523 -0.9999988 -6.44961e-4 0.00164771 -0.9999985 3.38351e-5 0.0016492 0.9999987 3.39939e-5 -0.9999988 -0.001611471 -3.38335e-5 -0.9999988 -0.001608312 -3.39939e-5 0.001604437 0.9999988 -3.38335e-5 0.9999987 0.001610696 -3.39955e-5 -0.001648485 -0.9999987 3.38335e-5 -0.001603662 -0.9999987 3.39939e-5 0.9999988 0.001607537 -3.39939e-5 -0.9999988 0.001608014 4.41288e-4 -0.9999987 0.001607894 3.39939e-5 0.00160402 -0.9999988 -6.4493e-4 0.001603722 -0.9999985 3.38335e-5 0.001602172 0.9999988 3.39939e-5 -0.9999988 -0.001609504 -3.38335e-5 -0.9999987 -0.001611173 -3.39955e-5 0.001648485 0.9999987 -3.38335e-5 0.9999988 0.001609563 -3.39939e-5 -0.00160247 -0.9999988 3.38335e-5 -0.00160247 -0.9999988 3.39939e-5 0.9999988 0.001609504 -9.82937e-6 -0.008210957 -0.9999663 0 -0.008211016 -0.9999663 0 0.008357465 0.9999651 1.00048e-5 0.008357584 0.9999651 1 6.8496e-7 1.58479e-6 1 6.81252e-7 -3.22675e-7 -1 -6.69343e-7 3.17035e-7 -1 -6.97438e-7 -1.61366e-6 0 -1 -8.15293e-6 0 -1 8.25561e-6 0 -0.9238793 0.3826842 0 -0.9238798 0.3826828 1.82961e-5 -0.7082495 -0.7059623 -1.82098e-5 -0.7082499 -0.705962 0 7.82434e-6 -1 0 -7.76273e-6 -1 -1.82507e-5 -0.7059617 -0.7082501 1.82098e-5 -0.7059617 -0.7082501 1.81895e-5 0.7059617 -0.70825 -1.83611e-5 0.7059617 -0.7082501 0 1 7.72166e-6 0 1 -7.70113e-6 -1.82901e-5 0.7082498 -0.705962 2.37374e-4 0.7082499 -0.7059618 0 0.9238795 0.3826835 0 0.9238796 0.3826835 -2.95001e-5 -0.01353281 -0.9999085 0 -0.01353287 -0.9999085 0 -0.04454898 0.9990072 2.59955e-5 -0.04454916 0.9990072 0 0.01371002 0.9999061 2.98863e-5 0.01371008 0.9999061 -1.95426e-5 0.03590488 -0.9993553 0 0.03590643 -0.9993552 1 7.15217e-7 1.3524e-6 1 6.316e-7 0 -1 -6.71398e-7 0 -1 -6.99848e-7 -1.37059e-6 -1 -1.86411e-7 -4.50851e-7 -1 -7.67027e-7 0 1 5.10621e-7 0 1 4.25158e-7 5.14139e-7 0.4999863 -0.856208 0.1300828 0.4999864 -0.8562148 0.1300378 -0.4999864 -0.8562149 0.1300373 -0.4999864 -0.8562082 0.1300823 0.5000196 0.8561959 -0.130035 0.5000169 0.8561905 -0.1300814 1 -7.88695e-6 1.49797e-6 1 1.13923e-5 -2.1114e-6 0.5000231 -0.856194 0.1300342 0.5000181 -0.8561897 0.1300808 -0.4999862 0.856215 -0.1300373 -0.4999865 0.856208 -0.1300822 0.4999866 0.8562079 -0.1300828 0.4999863 0.8562149 -0.1300379 -0.5000221 -0.8561875 0.1300812 -0.5000191 -0.8561964 0.1300334 -1 1.13266e-5 -1.1228e-6 -1 -8.87282e-6 1.87863e-6 -0.5000203 0.8561885 -0.1300811 -0.5000157 0.8561981 -0.1300348 -0.6543542 -6.54414e-4 0.756188 0.6545785 0.3780447 0.6546826 -0.6545329 0.3780826 0.6547063 -0.6545518 0.3778855 0.6548012 0.6545677 0.6547339 0.3779746 -0.6545792 0.6547031 0.3780081 0.6545789 0.7559938 -2.57915e-5 -0.6545793 0.7559934 2.54678e-5 0.6545791 0.6546968 -0.3780191 -0.6545793 0.6547222 -0.3779747 0.6545791 0.3779745 -0.6547225 -0.6545791 0.3780189 -0.6546969 0.6545793 -2.54849e-5 -0.7559935 -0.6545791 2.55741e-5 -0.7559936 0.6545791 -0.378008 -0.6547032 -0.6545789 -0.3779745 -0.6547228 0.6545794 -0.6547219 -0.3779749 -0.6545789 -0.6546966 -0.3780198 0.6545795 -0.7559932 2.52468e-5 -0.6545787 -0.755994 -2.64063e-5 0.6545795 -0.6546968 0.3780183 -0.6545789 -0.6547231 0.3779739 0.6545666 -0.3779197 0.6547666 -0.6545328 -0.3779503 0.6547827 0 0.9997974 -0.02012926 0 0.9997974 -0.02012932 0 0.9999999 5.4063e-4 -1 0 0 0.7315503 2.9015e-5 0.6817875 0.6794235 1.74428e-5 -0.7337464 0.6794013 -3.08285e-4 -0.7337668 0.7315722 -3.91225e-5 0.6817641 -0.6794262 3.82839e-5 0.7337439 -0.6794186 -1.93717e-5 0.7337509 -0.731559 -2.88213e-5 -0.6817781 -0.7315527 3.84929e-5 -0.681785 0 0.9997023 -0.02440333 0 0.9997022 -0.02440333 0 0.9997975 -0.02012926 0 -1 0 1 1.66159e-7 0 0.854091 0 -0.5201237 0.8540898 0 -0.5201256 -0.8540911 0 -0.5201236 -0.8540898 0 -0.5201255 -1 -1.88491e-6 0 1 9.42443e-7 0 0 0.9999999 5.4063e-4 0 -1 -6.07223e-7 0 -1 -5.63608e-7 3.74028e-4 0 1 3.74029e-4 0 1 -3.74028e-4 0 1 -3.74029e-4 0 1 0 -1 -1.7314e-6 0 1 1.28798e-6 0 1 1.39795e-6 -0.001191616 0 0.9999993 -0.001184225 0 0.9999993 0.001184225 0 0.9999993 0.001191616 0 0.9999993 -0.9969223 -0.07839667 0 -0.9969221 -0.07839822 0 0.996826 0.07961237 0 0.9968258 0.07961434 0 -0.8899158 -0.4561249 1.49471e-5 -0.8899155 -0.4561254 -1.48766e-5 -2.09786e-6 0 -1 8.2202e-6 0 -1 0.8925188 0.4510103 0 0.8925116 0.4510244 0 2.09554e-6 0 1 -2.32441e-6 0 1 0.4557934 0.8900856 0 0.4557937 0.8900855 0 0.07763999 0.9969815 0 0.07763701 0.9969817 0 -0.4494896 -0.8932856 0 -0.4495047 -0.893278 0 -0.07750701 -0.9969919 0 -0.07750457 -0.996992 0 -0.8884323 -0.4590078 -1.49471e-5 -0.8884326 -0.4590072 1.48766e-5 0.4587131 0.8885844 0 0.4587121 0.8885849 0 -6.52728e-6 0 1 -0.07763731 0.9969817 0 -0.07763993 0.9969816 0 1 0 0 0.9969223 -0.07839667 0 0.9969221 -0.07839828 0 1 0 0 0 0 -1 0 0 -1 -1 0 0 -0.996826 0.07961237 0 -0.9968258 0.07961434 0 -1 0 0 0 0 1 0 0 1 0.8899157 -0.4561251 -1.49471e-5 0.8899154 -0.4561257 1.48766e-5 -2.32156e-6 -4.60294e-7 1 0 0 1 1.02753e-6 0 1 -1.15962e-6 0 -1 -0.8925188 0.4510103 0 -0.8925118 0.4510241 0 0 4.1548e-7 -1 2.32441e-6 0 -1 -0.4557934 0.8900856 -3.01757e-7 -0.4557932 0.8900856 -3.20728e-7 0.4494904 -0.8932852 0 0.4495052 -0.8932778 0 0.07750707 -0.9969918 0 0.07750451 -0.996992 0 0.8884328 -0.4590067 1.49471e-5 0.8884326 -0.4590072 -1.48766e-5 -0.4587135 0.8885843 0 -0.4587129 0.8885846 0 -1.02055e-5 0 -1 9.79092e-6 0 -1 2.68671e-6 0 1 0 -0.8661664 -0.4997559 0 -0.8661658 -0.4997568 0 0.4997566 -0.8661659 0 0.4997538 -0.8661676 0 -0.4997567 0.8661659 0 -0.4997566 0.8661659 0 0.8661658 0.4997568 -0.6679985 0.5166788 0.5355569 -0.8092398 0.5370534 0.2381276 -0.8002132 0.4059146 0.441466 -0.6755058 0.3119636 0.6681097 -0.7668845 0.261205 0.5862255 0.65042 -0.5261768 -0.5478063 -0.6591482 -0.5635 -0.4979875 -0.6870161 -0.3707432 -0.6249468 0.6543996 -0.3200639 -0.6850695 -0.6887164 0.2111982 0.6935886 -0.7410941 0.1908265 0.6437118 -0.7130881 -0.263584 -0.6496375 0.6661858 -0.2184174 -0.7130851 -0.6843056 0.1821455 0.70608 -0.7399376 0.1651 0.6521001 0.6796473 0.372124 0.6321418 0.6649428 0.2764425 0.693852 -0.74327 0.189921 0.6414668 -0.7689105 0.2601111 0.584054 -0.715731 -0.2091233 -0.6663308 0.6606313 -0.1876417 -0.7268817 -0.6407776 0.1745347 0.7476241 -0.7664083 0.1426118 0.6263227 0.6705723 0.2201321 0.7084311 -0.7421244 0.1643631 0.649797 -0.6844426 -0.1849943 -0.705206 0.6196217 -0.1779532 -0.7644616 0.7076598 0.1809037 0.6830018 -0.7684639 0.1419332 0.6239539 -0.6778332 0.3108246 0.6662809 -0.7689732 0.2556638 0.5859319 -0.7959364 0.4045726 0.4503403 -0.6703339 0.5152834 0.5339809 -0.6910607 0.2103679 0.691506 -0.7449794 0.187817 0.640102 -0.6866734 0.181451 0.7039569 -0.7452513 0.1622586 0.6467401 -0.6432487 0.1739458 0.7456367 -0.7767091 0.1391719 0.6142918 -0.6567389 -0.5646471 -0.4998679 -0.7968437 0.5505079 0.2489604 -0.7945864 0.405949 0.4514842 -0.6845986 -0.3717169 -0.6270178 -0.7669354 0.2568792 0.5880673 -0.7108169 -0.2642912 -0.6518355 -0.7428464 0.1887431 0.6423047 -0.7134259 -0.2096958 -0.668619 -0.7430821 0.1629626 0.649055 -0.6820841 -0.1854493 -0.7073683 -0.7746716 0.1396973 0.6167403 0.6843032 0.5465188 0.4827489 0.648616 -0.5271819 -0.5489779 0.6518985 -0.321166 -0.6869359 0.6773084 0.3729857 0.6341412 0.663751 -0.2192292 -0.7151038 0.6625515 0.2771061 0.695872 0.6581745 -0.1882527 -0.7289496 0.6681739 0.2207164 0.7105125 0.705376 0.1814759 0.6852089 0.6170531 -0.1784584 -0.766419 0 -1.56426e-5 1 0 1.57302e-5 1 -2.39982e-5 0.8660162 0.500016 2.38849e-5 0.8660145 0.5000189 2.39982e-5 0.8660309 0.4999905 -2.38849e-5 0.8660337 0.4999857 -2.39982e-5 0.8660338 -0.4999855 2.38849e-5 0.8660365 -0.4999807 2.36799e-5 0.8660378 -0.4999787 -2.38849e-5 0.8660166 -0.5000153 0 -1.48539e-5 -1 -2.63987e-7 1.24439e-5 -1 -2.39982e-5 -0.8660163 -0.5000159 2.38849e-5 -0.8660145 -0.5000189 2.39982e-5 -0.866016 0.5000165 -2.38849e-5 -0.8660148 0.5000183 0.4999862 -0.856208 0.130084 0.4999862 -0.856215 0.1300372 -0.4999862 -0.856215 0.130037 -0.4999862 -0.856208 0.1300838 0.5000182 0.8561967 -0.1300361 0.5000178 0.85619 -0.1300808 1 -8.65374e-6 1.9334e-6 1 1.27286e-5 -2.54956e-6 0.5000212 -0.856195 0.1300344 0.5000204 -0.8561884 0.1300808 -0.4999861 0.8562152 -0.1300372 -0.4999862 0.8562078 -0.1300848 0.4999862 0.8562079 -0.1300848 0.4999861 0.8562152 -0.1300373 -0.5000187 -0.8561894 0.1300804 -0.5000213 -0.856195 0.1300337 -1 1.41089e-5 -1.95257e-6 -1 -1.26848e-5 1.13101e-6 -0.5000188 0.8561892 -0.1300818 -0.5000191 0.8561961 -0.1300358 0.7025399 0.1263976 -0.7003295 0.6890549 0.1686843 -0.7048043 -3.25995e-7 -0.2123945 -0.9771841 -3.75022e-7 -0.2123926 -0.9771844 0 -1 3.27147e-6 1 0 0 -1.31416e-5 -1 0 1 0 0 6.84235e-6 0 -1 1.49611e-6 0 -1 0 -1 2.34175e-5 5.11374e-6 -1 0 0 -1 -1.0447e-5 1 0 0 0 0 1 0 0 1 0 -1 1.63573e-6 1.31416e-5 -1 0 -1 0 0 -1.49611e-6 0 -1 -6.84235e-6 0 -1 -5.11374e-6 -1 0 0 -1 -1.0447e-5 -1 0 0 -6.84235e-6 0 1 6.84234e-6 0 1 -1 -4.20852e-7 0 -0.6619825 0.7495194 0 -0.6619843 0.7495178 0 0.6619843 0.7495178 0 0.6619849 0.7495172 0 0.6619823 -0.7495195 0 0.6619862 -0.7495161 0 0 -0.9980189 0.06291562 0 -0.9980188 0.06291848 -0.6619837 -0.7495183 0 -0.6619848 -0.7495173 0 -0.6384915 -0.7648584 0.0855593 -0.638503 -0.7648483 0.08556467 -0.638482 -0.764864 0.08558052 -0.6384902 -0.7648597 0.0855562 -0.3258799 0.357407 0.87525 -0.3259094 0.3573988 0.8752425 -0.3259105 0.3573982 0.8752422 -0.3258705 0.3574101 0.8752523 0.6385157 -0.7648385 0.08555597 0.6385286 -0.764823 0.08559852 0.6384882 -0.7648601 0.08556848 0.6384738 -0.764884 0.08546191 0.3259083 0.3574026 0.8752412 0.3259066 0.3574019 0.8752422 0.3259 0.3574035 0.875244 0.325865 0.357405 0.8752564 -0.9975268 -3.52296e-4 0.07028687 -0.9975013 -7.8127e-4 0.07064402 -0.9975132 -5.81626e-4 0.07047724 -0.9974949 -8.89213e-4 0.07073324 0 0.38611 0.9224529 0 0.3861095 0.922453 0.9975268 -3.5233e-4 0.07028687 0.9974994 -8.15387e-4 0.07067179 0.9975132 -5.81564e-4 0.07047724 0.9975013 -7.81963e-4 0.07064384 0 -0.8338691 0.5519623 0 -0.8338559 0.5519822 0 0.01210302 0.9999268 0 0.01210284 0.9999268 1 -2.45193e-6 0 0 0.3591344 0.9332858 0 0.3591358 0.9332854 6.8583e-6 0.9332824 -0.3591433 0 0.7942895 -0.6075395 1.69683e-7 0.7942897 -0.6075392 7.09181e-6 0.9332824 -0.3591435 6.85852e-6 -0.9332835 0.3591405 0 -0.9955878 0.09383422 1.69087e-7 -0.9955878 0.09383475 7.09203e-6 -0.9332835 0.3591406 -1.39991e-5 -0.8884629 -0.4589487 1.40655e-5 -0.8884628 -0.4589488 -1.45727e-5 0.3181119 -0.9480533 1.89174e-4 0.3181126 -0.948053 -1.69709e-7 0.7942887 -0.6075405 0 0.7942857 -0.6075446 1.87377e-5 -0.3822498 -0.924059 -1.87116e-4 -0.3822498 -0.924059 -1.40655e-5 -0.8869466 -0.4618721 1.39991e-5 -0.8869466 -0.4618721 -6.91955e-6 -0.9332837 0.3591402 0 -0.9955877 0.09383624 -1.69109e-7 -0.9955876 0.09383708 -7.45732e-6 -0.9332835 0.3591407 -6.91968e-6 0.9332851 -0.3591364 -7.45745e-6 0.9332853 -0.359136 -1 7.20155e-7 0 0 0.9332436 -0.3592441 0 0.933313 -0.359064 0 -0.9332765 0.3591588 0 -0.9332988 0.3591009 -1.45727e-5 0.3181091 -0.9480542 1.89174e-4 0.3181092 -0.9480541 1.30992e-4 -0.3792874 -0.9252789 1.45728e-5 0.3150506 -0.9490749 -2.32824e-4 0.3150504 -0.9490749 -1.87377e-5 -0.3792875 -0.9252789 -1.39991e-5 -0.8884633 -0.458948 -1.87377e-5 -0.3792874 -0.9252789 1.30992e-4 -0.3792874 -0.925279 1.45728e-5 0.3150503 -0.949075 -2.32824e-4 0.3150502 -0.949075 -1.86492e-5 -0.3822563 -0.9240564 -1.40676e-5 -0.8869647 -0.4618372 1.40012e-5 -0.8869659 -0.4618351 1.87376e-5 -0.3822584 -0.9240555 0 -0.3591344 -0.9332859 0 -0.3591358 -0.9332853 -1 5.04848e-7 0 -1 -1.45378e-6 0 1 -1.22596e-6 0 0 -1.09541e-5 1 0 8.50043e-6 1 -2.39981e-5 0.8660185 0.5000119 2.38849e-5 0.8660186 0.5000119 2.39981e-5 0.8660185 -0.5000119 -2.38849e-5 0.8660186 -0.5000119 0 -1.09541e-5 -1 0 8.50043e-6 -1 -2.39982e-5 -0.8660191 -0.500011 2.38849e-5 -0.8660219 -0.500006 2.39982e-5 -0.8660191 0.500011 -2.38849e-5 -0.8660219 0.500006 -1 3.36681e-7 0 1 -5.62817e-7 0 -0.6619849 0.7495172 0 0.6619819 0.7495199 0 0 -0.9980189 0.06291556 -0.6619823 -0.7495195 0 -0.6384917 -0.7648581 0.08555936 -0.6384825 -0.7648634 0.08558058 -0.638491 -0.7648591 0.08555632 -0.32588 0.3574057 0.8752505 -0.3259091 0.3573974 0.875243 -0.3258655 0.3574096 0.8752543 -0.3258706 0.3574087 0.8752528 0.6385168 -0.7648379 0.0855543 0.6384941 -0.7648504 0.08561187 0.6384891 -0.7648596 0.08556646 0.6384749 -0.7648831 0.08546209 0.3259084 0.3574026 0.8752413 0.3259 0.3574033 0.8752441 0.3259102 0.3574035 0.8752402 -0.9975268 -3.52592e-4 0.07028687 -0.9975013 -7.81498e-4 0.07064402 -0.9975132 -5.81935e-4 0.07047724 -0.9974949 -8.89451e-4 0.07073336 0 0.3861098 0.9224529 0.9975268 -3.5243e-4 0.07028687 0.9975081 -6.68678e-4 0.07054907 0.9975132 -5.81726e-4 0.07047724 0.9975145 -5.61038e-4 0.07045984 1 9.60208e-7 0 0 0.3591359 0.9332853 6.85843e-6 -0.9332852 0.359136 0 -0.9955875 0.09383815 1.69085e-7 -0.9955874 0.09383881 7.09194e-6 -0.9332853 0.3591359 -1.39991e-5 -0.8884615 -0.4589512 1.40655e-5 -0.8884611 -0.458952 -1.69707e-7 0.7942873 -0.6075423 0 0.7942841 -0.6075466 -6.91955e-6 -0.9332835 0.3591405 0 -0.9955874 0.09383881 -1.69109e-7 -0.9955874 0.09383952 -6.91958e-6 0.9332867 -0.3591321 -7.45735e-6 0.9332872 -0.359131 -1 -9.60208e-7 0 -1 9.60206e-7 0 0 0.9332437 -0.359244 0 -0.9332989 0.3591008 -1 1.22597e-6 0 1.30992e-4 -0.3792876 -0.9252789 -1.87377e-5 -0.3792877 -0.9252789 -1.87377e-5 -0.3792873 -0.925279 1.30991e-4 -0.3792871 -0.925279 1 -1.0097e-6 0 1 1.0097e-6 0 0 -0.3591342 -0.9332859 -1 -5.04848e-7 0 -1 0 0 0.001227617 -0.9998574 0.0168429 0.001122474 -0.9998564 0.01691246 0.001036643 -0.9998555 0.01696884 0.001100897 -0.9998562 0.01692664 -0.01812911 0.9896355 -0.1424537 -0.01811969 0.989636 -0.1424514 -0.01809209 0.9896366 -0.1424501 -0.01807367 0.9896373 -0.1424481 -0.02281302 -0.8855268 0.464028 -0.02285373 -0.8855236 0.4640322 -0.022816 -0.8855278 0.4640257 -0.02284765 -0.8855251 0.4640296 -0.9178747 -3.0331e-7 0.3968703 -0.9178762 0 0.3968672 0.9159102 0 -0.4013835 0.9159095 1.63257e-7 -0.4013848 -0.01863348 0.957554 -0.2876515 -0.01861184 0.9575526 -0.2876573 -0.01857036 0.957551 -0.2876651 -0.01859301 0.9575527 -0.287658 8.68715e-4 0 0.9999997 8.83692e-4 0 0.9999997 0.9999971 3.70009e-7 -0.00240457 -0.01274442 0.9657242 0.2592573 -0.012735 0.9657288 0.2592411 -0.01275914 0.9657247 0.2592551 -0.01276391 0.9657192 0.2592752 1 0 0 -0.001427471 -0.9998595 0.01671051 -0.001096487 -0.9998564 0.01692008 -0.001076519 -0.9998559 0.01694226 -9.98703e-4 -0.9998553 0.01698595 0.0181263 0.9896359 -0.1424515 0.01807367 0.9896373 -0.1424481 0.01809209 0.989637 -0.1424478 0.01811653 0.9896361 -0.1424511 0.02281278 -0.885526 0.4640296 0.02284729 -0.885524 0.4640316 0.02281564 -0.8855268 0.4640278 0.02285361 -0.885523 0.464033 0.9178762 0 0.3968672 0.9178747 -3.0331e-7 0.3968703 -0.9159095 0 -0.4013848 -0.9159102 2.81701e-7 -0.4013835 0.01863414 0.9575531 -0.2876542 0.0185942 0.9575507 -0.2876648 0.01857054 0.9575504 -0.2876673 0.01861208 0.9575523 -0.287658 -8.83692e-4 0 0.9999997 -8.68715e-4 0 0.9999997 0.9998808 0 0.01544243 0.9998808 0 0.01544243 -0.9999971 0 -0.00240457 -0.9999971 0 -0.00240457 0.8198415 -0.1964694 0.5378288 0.8182058 -0.4327491 -0.378507 0.8285173 -0.4281901 -0.3608496 0.8093456 -0.1920117 0.5550598 0.8181995 -0.4327087 -0.3785668 8.06394e-5 -0.5504538 -0.8348658 -7.99003e-5 -0.5504523 -0.8348667 0.8284912 -0.4282233 -0.3608699 -5.83716e-5 -0.0781275 0.9969434 8.24029e-5 -0.07812803 0.9969434 0.8198279 -0.196437 0.5378614 0.8093183 -0.1920272 0.5550943 -0.9899088 -0.08614915 -0.1125125 -0.9836254 -0.1439411 -0.1084535 -0.04053807 0.840454 0.5403644 -0.04084563 0.4812344 0.8756399 -0.8180499 -0.4331154 -0.3784253 -0.828443 -0.4284858 -0.360669 -0.8180729 -0.4330819 -0.3784135 -0.8196687 -0.1968083 0.5379682 -0.8092423 -0.1923711 0.5550857 -0.8284234 -0.4285367 -0.3606536 -0.8196928 -0.1967739 0.537944 -0.8092234 -0.1924142 0.5550984 -0.9903592 -0.08463329 -0.1096628 -0.9993714 -0.008550345 -0.03440415 0.03870552 -0.2529129 -0.9667145 0.03437417 -0.4421205 -0.8962969 -0.0354492 0.2525946 0.9669226 -0.9992522 -0.009065151 -0.03758853 0.03583848 -0.86 -0.5090341 -0.9837663 -0.1436491 -0.1075592 0.9974624 -0.05002856 -0.05065613 0.9993713 0.007381975 0.03467971 -0.03867566 0.2528582 0.96673 -0.04385083 0.4812178 0.8755037 0.03545445 -0.252945 -0.9668309 0.9992501 0.009001374 0.03766006 0.9591727 -0.160794 -0.2326652 -0.1206993 -0.857993 -0.4992793 -0.04352015 0.8406132 0.5398847 0.9939848 -0.08130818 -0.07337105 0.9938952 -0.08191788 -0.07390481 -0.04348641 0.8400374 0.5407831 -0.0354194 0.973833 0.224488 -0.9985567 0.05277496 0.009969234 -0.03215956 0.9739316 0.2245513 0.5733536 -0.4194342 -0.7038044 0.5552409 -0.3913387 -0.7338675 0.5552459 0.6871028 -0.4686063 0.5733562 0.698028 -0.4289752 0.5753873 0.6960513 -0.4294673 -0.5553678 0.6870238 -0.4685776 -0.5753924 0.6960504 -0.4294618 -0.641003 -0.5191342 -0.5653451 -0.5759682 -0.4182779 -0.7023563 0.5759657 -0.4182894 -0.7023515 0.6410045 -0.5191432 -0.565335 -0.5753734 -0.4174774 -0.7033194 -0.5552458 -0.3913488 -0.7338585 0.5552803 -0.3913109 -0.7338526 0.5974322 0.4523717 0.6621441 -0.640788 0.7218413 -0.2614114 -0.5974045 0.4523229 0.6622023 -0.9963126 -0.06573653 0.05513638 -0.1114554 -0.8957113 -0.4304405 -0.06976443 -0.9876219 -0.1404854 -0.9769747 0.1430568 0.1582881 0.8780386 -0.2273283 0.4211533 0.7117266 -0.5314068 -0.4594044 0.7250521 -0.5264537 -0.4440113 0.8708079 -0.2206547 0.4393236 0.7117068 -0.531414 -0.4594264 -0.1754614 -0.6100596 -0.772684 -0.1756215 -0.6100445 -0.7726595 0.7250219 -0.5264866 -0.4440217 0.1536425 -0.001897096 0.9881247 0.1537787 -0.001909375 0.9881035 0.8780353 -0.227289 0.4211816 0.8707852 -0.2206656 0.4393632 -0.998798 -0.005900204 0.04866015 -0.99633 -0.06428366 0.05651801 0.1105847 0.8795625 0.4627535 0.1366277 0.5480437 0.8252158 -0.8986324 -0.3859816 -0.208514 -0.9056604 -0.3791159 -0.1898695 -0.8986464 -0.3859485 -0.2085148 -0.7355094 -0.08159065 0.6725838 -0.7221698 -0.07681238 0.6874378 -0.9056417 -0.3791686 -0.1898531 -0.7355349 -0.08155488 0.6725602 -0.7221505 -0.07685559 0.6874533 -0.9986701 -0.004142403 0.05138939 -0.9897094 0.07764893 0.1201919 -0.1359696 -0.3280091 -0.9348382 -0.1433225 -0.5101937 -0.8480337 0.1392078 0.3280947 0.9343314 -0.9901373 0.07715857 0.1169397 0.9697492 -0.1423941 -0.1982682 0.9896801 -0.07857733 -0.1198292 0.1359836 0.3279557 0.9348548 0.1336334 0.5482842 0.8255462 -0.1391761 -0.3281494 -0.9343169 0.9901326 -0.07723861 -0.1169252 0.1076672 0.8794636 0.4636287 0.9608321 -0.1736727 -0.2159621 -0.1147953 -0.8953108 -0.4303959 0.9904415 0.03770899 -0.1326797 -0.07296192 -0.9874569 -0.1400191 0.07514113 0.9873431 0.1396687 0.1107091 0.8790921 0.4636169 0.07833409 0.9871523 0.1392631 0.4196771 -0.5210632 -0.7432122 0.3991778 -0.4938294 -0.7725216 0.5236626 0.5973363 -0.6074264 0.5486637 0.6095811 -0.5721704 0.5504968 0.6073928 -0.5727367 0.5236617 0.5972752 -0.6074873 -0.5693266 0.6961981 -0.4372361 -0.5821227 0.7099162 -0.3964244 -0.7608554 -0.501379 -0.4119686 -0.7111204 -0.4174117 -0.5657519 0.4201998 -0.5194135 -0.744071 0.4994167 -0.6160088 -0.6091932 -0.7106286 -0.4167402 -0.5668638 -0.6937282 -0.3948982 -0.602326 0.3992593 -0.493823 -0.7724836 0.4219127 -0.5192751 -0.7431979 -0.6153628 0.756249 -0.2222979 -0.5802207 0.7121712 -0.395166 -0.7093107 -0.4196268 -0.5663848 0.5494309 0.6099146 -0.571078 0.6424831 0.6423215 -0.4178978 3.39939e-5 -0.001605451 0.9999988 -3.39939e-5 0.9999988 -0.001607537 4.41287e-4 0.9999987 -0.001605987 0 1 -4.3909e-6 0 -1 -4.03847e-6 0 -1 4.87093e-6 0 -1 -2.25383e-6 -0.7000299 0 -0.7141136 -0.9910666 0 -0.1333681 -0.9910666 0 -0.1333682 0.329124 0 0.9442868 -0.329128 0 0.9442854 -0.3291231 0 0.9442871 0.3291306 0 0.9442844 0.8110476 0 0.5849801 0.811053 0 0.5849727 0.9902049 0 0.1396222 0.9902034 0 0.1396321 0.1925469 0 -0.9812878 0.1925548 0 -0.9812862 -0.1925469 0 -0.9812878 -0.1925548 0 -0.9812862 0 1 1.82435e-6 0 1 2.805e-6 0 1 4.0257e-6 0.9307073 0 -0.3657647 0.9307127 0 -0.3657512 -0.8739492 0 0.4860175 -0.873939 0 0.4860358 -0.6408855 0 0.7676365 0 -1 5.03213e-7 0.7779532 0 -0.6283222 0.7779529 0 -0.6283227 0 -1 5.08294e-6 0 1 -4.41375e-6 0 1 1.11524e-5 0 -1 -2.19545e-6 0 -1 9.66212e-6 0 -1 4.53889e-6 0.7000299 0 -0.7141136 0.7000131 0 -0.71413 0.9910666 0 -0.1333681 0.9910666 0 -0.1333687 0 -1 -2.65982e-6 -0.8110488 0 0.5849786 -0.8110526 0 0.5849734 -0.9902049 0 0.1396214 -0.9902038 0 0.1396303 -0.9307073 0 -0.3657647 -0.9307127 0 -0.3657512 0 1 2.80499e-6 0.8739504 0 0.4860153 0.6408817 0 0.7676398 -0.7779532 0 -0.6283222 0 -1 4.41375e-6 -0.3509365 -1.35102e-6 -0.9363992 0 1.89668e-5 -1 0 -0.5476037 -0.8367378 -0.8075162 -0.3229708 -0.4935662 -2.28272e-5 0.879667 -0.4755901 2.27195e-5 0.879667 -0.4755901 -1 -6.45558e-7 0 -1 3.31324e-7 0 -0.3543529 -7.07805e-5 -0.9351118 -0.8065533 -0.3237324 -0.4946404 2.28272e-5 0.8796533 -0.4756156 -2.27195e-5 0.8796555 -0.4756115 0 -7.58306e-6 1 6.89337e-7 9.13869e-6 1 -1.82961e-5 0.7059632 0.7082486 1.82098e-5 0.7059632 0.7082486 1.82961e-5 0.7082487 0.705963 -1.82098e-5 0.7082487 0.7059631 0 1 -7.56766e-6 0 1 9.33892e-6 -1.82961e-5 0.7082501 -0.7059617 1.82098e-5 0.7082501 -0.7059618 1.82961e-5 0.7059612 -0.7082505 -1.27905e-4 0.7059612 -0.7082505 0 -7.55738e-6 -1 0 9.08734e-6 -1 -1.82961e-5 -0.7059608 -0.7082509 1.27905e-4 -0.7059612 -0.7082505 1.82961e-5 -0.7082501 -0.7059617 -1.82098e-5 -0.7082501 -0.7059618 -1.82961e-5 -0.9999987 -0.00161767 1.82098e-5 -0.9999987 -0.001617789 2.00806e-5 -0.9999987 0.001619994 -1.82098e-5 -0.9999988 0.001619517 -1.41547e-5 -0.7082486 0.7059631 2.41793e-5 -0.7082486 0.7059632 2.288e-5 -0.7059628 0.708249 -1.24566e-5 -0.7059634 0.7082484 0.005372941 4.81662e-5 -0.9999856 0.005371928 4.81659e-5 -0.9999856 0 0.9238795 0.3826835 0 1 -6.36624e-6 0 1 6.36624e-6 -1.82843e-5 0.7082498 -0.7059619 2.37446e-4 0.7082499 -0.7059617 1.82464e-5 0.7059617 -0.7082501 -1.81184e-5 0.7059617 -0.70825 0 -6.28409e-6 -1 0 6.44839e-6 -1 -1.81144e-5 -0.7059616 -0.7082502 1.82098e-5 -0.7059616 -0.7082502 1.82961e-5 -0.7082495 -0.7059623 -2.37509e-4 -0.7082505 -0.7059612 0 -1 6.81804e-6 0 -1 -6.94126e-6 0 -0.9238794 0.3826838 0 -0.9238798 0.3826829 -1.11012e-5 -0.9994484 -0.03321212 -7.64264e-7 -0.999862 -0.01661765 -6.22415e-6 -0.9998627 -0.01657778 -1 -2.59153e-6 0 0 -0.9680609 0.2507154 0 -0.9680597 0.2507202 0 -0.9995507 0.02997618 0 -0.9995508 0.02997487 1 -1.68831e-6 0 1 7.01983e-6 0 0 0.9681544 -0.2503542 0 0.9681532 -0.2503584 0 0.9995629 -0.02956694 0 0.9995629 -0.02956539 -1.01066e-5 -0.7922385 0.6102115 9.93009e-6 -0.7922381 0.6102122 0 0.7920662 -0.6104354 0 0.7922277 -0.6102256 -1.43796e-6 0.4591716 -0.8883476 -1 2.21352e-7 0 0 -4.35974e-5 -1 -5.67976e-6 0.9998603 -0.01672178 -3.65054e-7 0.9998609 -0.01668012 -1 0 1.6193e-4 -1 0 1.6193e-4 -1 0 4.97498e-4 -1 -6.05595e-6 -1.73573e-4 -1 3.6857e-6 4.97493e-4 -1.0443e-5 0.999443 -0.03337383 0 -1 1.53696e-7 0 0.7210258 -0.6929084 0 0.7210237 -0.6929104 0 -0.7210231 -0.6929112 0 -0.7210258 -0.6929084 0 0.9238795 0.3826836 0 0.9238795 0.3826838 0 1 -1.07406e-5 0 1 1.0412e-5 -1.86592e-5 0.7082499 -0.705962 1.77544e-5 0.7082501 -0.7059617 1.79032e-5 0.7059617 -0.7082501 -1.87551e-5 0.7059617 -0.7082501 0 -1.03607e-5 -1 0 1.08587e-5 -1 -1.82961e-5 -0.7059617 -0.7082501 1.82098e-5 -0.7059618 -0.7082499 1.82961e-5 -0.7082499 -0.7059618 -1.82098e-5 -0.7082501 -0.7059617 0 -1 1.08843e-5 0 -1 -1.0566e-5 0 -0.9238797 0.3826833 0 -0.9238798 0.3826829 -0.6207467 -0.364834 -0.6939523 -0.7037777 -0.4067169 -0.582476 0.7015339 -0.4072068 -0.5848359 0.6242609 -0.3550236 -0.6958856 0.5848013 0.3449269 -0.7341886 0.5944015 -0.7255137 -0.346867 -0.5813223 -0.7420858 -0.3337263 -0.5883318 0.3435811 -0.7319957 -0.5616385 -0.3595575 0.7451716 -0.573098 0.7421427 0.3475385 -0.588334 0.3434875 -0.732038 -0.5813308 -0.7421022 -0.3336749 0.5847982 0.3449626 -0.7341743 0.5639957 0.7470616 0.3518635 0.5694893 -0.3366866 0.7498828 0.5943864 -0.7255373 -0.3468437 -0.5731157 0.7421326 0.347531 -0.5615822 -0.35962 0.7451838 0.5695031 -0.3366879 0.7498717 0.5639485 0.7471453 0.3517613 -0.7073873 -0.3986347 -0.5836897 -4.85927e-5 -0.5643783 -0.8255164 -1.86414e-5 -0.9094623 0.4157863 -0.1212276 -0.880586 0.4581182 -0.121025 0.7445126 -0.656547 4.46439e-4 0.7155867 -0.6985239 3.94419e-4 -0.5672166 -0.8235685 -0.7075081 -0.4011499 -0.581817 0.7073599 -0.3986746 -0.5836957 0.1210909 -0.8805564 0.4582111 -7.31945e-5 -0.9094896 0.4157267 -0.7075724 0.4010803 0.581787 3.54394e-4 0.5671028 0.823647 4.63478e-4 0.564689 0.8253037 0.1215437 0.7434524 -0.6576516 8.13603e-6 0.7149633 -0.699162 -3.96637e-5 0.5079786 0.8613697 -7.79058e-4 0.5077427 0.8615085 -7.58844e-4 0.5077501 0.8615041 -8.18528e-4 0.5077312 0.8615153 0.6545045 0.6548494 -0.3778837 0.6545789 0.3780192 -0.6546968 -0.654579 0.3779994 -0.6547082 -0.6545329 0.6547825 -0.3779504 0.6545792 2.5589e-5 -0.7559934 -0.6545794 -2.56002e-5 -0.7559933 0.6545789 -0.3779746 -0.6547226 -0.654579 -0.3780191 -0.6546969 0.6545789 -0.6546967 -0.3780196 -0.6545794 -0.6547219 -0.3779749 0.6545325 -0.7560339 7.67261e-5 -0.6545386 -0.7560287 1.85995e-4 0.3509365 -1.12925e-6 -0.9363992 0.8075161 -0.3229709 -0.4935661 0 -0.5476034 -0.836738 0 1.91822e-5 -1 1 1.29112e-6 0 1 -6.62648e-7 0 0.806552 -0.3237352 -0.4946407 0.3543534 -7.11065e-5 -0.9351116 -2.27195e-5 0.8796531 -0.4756159 2.28272e-5 0.879655 -0.4756122 -1 -4.8463e-6 0 -1 4.07089e-6 0 -1 4.78763e-6 0 0.005307853 -0.9573012 0.2890439 0.005297601 -0.9573027 0.2890388 0.005295872 -0.9573007 0.2890459 0.005263507 -0.9573114 0.2890107 1 0 -1.03975e-6 1 2.48956e-7 0 1 0 0 1 1.76038e-7 0 1 0 1.72272e-7 0.6519905 0.3790764 -0.6566654 0.6519905 -0.3791504 -0.6566228 0.6519905 -4.2811e-5 -0.7582272 0.6519905 0.6566122 -0.3791687 0.6519905 -0.6566651 -0.3790771 0.6519905 -0.7582271 7.09742e-5 0.6519907 -0.758227 1.67591e-5 0.6519905 0.7582272 -1.31279e-4 0.6519907 -0.6566289 0.3791396 0 -0.1501836 -0.9886581 0 -0.150184 -0.9886581 0 -0.1501737 -0.9886597 0 -0.150175 -0.9886595 6.82684e-6 -0.958485 0.2851434 6.82681e-6 -0.9584814 0.2851552 -4.26676e-6 -0.9584851 0.2851427 -1.36536e-5 -0.9584772 0.2851695 -0.02725601 -0.9302484 0.365917 -0.02721184 -0.9302485 0.3659197 -0.02722442 -0.9302495 0.3659164 -0.02722895 -0.9302425 0.3659337 1 0 -2.91131e-6 1 2.48956e-7 0 1 0 0 1 1.76038e-7 0 1 0 3.44545e-7 1 1.15005e-6 0 1 -1.28805e-6 0 1 2.33771e-6 0 -0.9324397 0.07275712 0.3539246 -0.948251 0.01860702 0.3169762 -0.9407399 0.04618185 0.3359699 -0.6519904 -0.3790765 -0.6566656 -0.6519905 0.3791507 -0.6566227 -0.6519905 4.28408e-5 -0.7582271 -0.6519905 -0.6566224 -0.3791512 -0.6519905 0.6566655 -0.3790766 -0.6519905 -0.7582271 -1.73086e-5 -0.6519905 0.7582272 5.36442e-7 0.6519906 0.3791458 -0.6566254 0.6519905 -0.3791755 -0.6566082 0.6519905 -4.28408e-5 -0.7582271</float_array>
          <technique_common>
            <accessor source="#Loader_car_Loader_car_Material_0-mesh-normals-array" count="1859" stride="3">
              <param name="X" type="float"/>
              <param name="Y" type="float"/>
              <param name="Z" type="float"/>
            </accessor>
          </technique_common>
        </source>
        <source id="Loader_car_Loader_car_Material_0-mesh-map-0">
          <float_array id="Loader_car_Loader_car_Material_0-mesh-map-0-array" count="11790">0.7051337 0.7056988 0.7344426 0.7797084 0.7520473 0.7714628 0.6850801 0.780172 0.6998096 0.7116644 0.6944853 0.7056988 0.7145391 0.780172 0.7344426 0.7797084 0.7051337 0.7056988 0.6998096 0.7116644 0.7145391 0.780172 0.7051337 0.7056988 0.1401686 0.6840113 0.1583035 0.6840113 0.1583058 0.6791583 0.1583058 0.6791583 0.1401708 0.6791583 0.1401686 0.6840113 0.01551991 0.3180245 0.01066744 0.3180347 0.01066744 0.57564 0.01066744 0.57564 0.01551991 0.5756298 0.01551991 0.3180245 0.1583058 0.6743058 0.1582962 0.6694533 0.140387 0.6694533 0.140387 0.6694533 0.1403964 0.6743058 0.1583058 0.6743058 0.02037298 0.318027 0.01551991 0.3180245 0.01551991 0.5765342 0.01551991 0.5765342 0.02037298 0.5765367 0.02037298 0.318027 0.1817159 0.3709009 0.181716 0.3527233 0.1810474 0.352792 0.1810474 0.352792 0.1810473 0.3709009 0.1817159 0.3709009 0.1715998 0.1937794 0.1715998 0.175602 0.1709307 0.175602 0.1709307 0.175602 0.1709307 0.1937103 0.1715998 0.1937794 0.005110323 0.2629595 0.005778729 0.2630233 0.005778729 0.002195894 0.005778729 0.002195894 0.005110323 0.003676712 0.005110323 0.2629595 0.4338602 0.1435968 0.4323788 0.1442655 0.6932114 0.1442655 0.6932114 0.1442655 0.6931478 0.1435968 0.4338602 0.1435968 0.2726964 0.2293378 0.2908314 0.2293378 0.2908335 0.224485 0.2908335 0.224485 0.2726987 0.224485 0.2726964 0.2293378 0.01881968 0.002195894 0.01396703 0.002206087 0.01396697 0.2598523 0.01396697 0.2598523 0.01881968 0.2598422 0.01881968 0.002195894 0.140387 0.6743058 0.1403964 0.6791583 0.1583058 0.6791583 0.1583058 0.6791583 0.1582962 0.6743058 0.140387 0.6743058 0.02367293 0.002198457 0.01881968 0.002195894 0.01881968 0.2609818 0.01881968 0.2609818 0.02367293 0.2609839 0.02367293 0.002198457 0.4143399 0.2902998 0.4325174 0.2902998 0.4324486 0.2896316 0.4324486 0.2896316 0.4143399 0.2896315 0.4143399 0.2902998 0.1715998 0.175602 0.1715998 0.1574246 0.1709307 0.1574245 0.1709307 0.1574245 0.1709307 0.1755329 0.1715998 0.175602 0.006446778 0.00225991 0.005778729 0.002195894 0.005778729 0.2630645 0.005778729 0.2630645 0.006446778 0.261819 0.006446778 0.00225991 0.4337632 0.2896316 0.4325174 0.2902998 0.6933913 0.2902998 0.6933913 0.2902998 0.6933276 0.2896316 0.4337632 0.2896316 0.3318374 0.2918322 0.330963 0.2918331 0.3309626 0.2933085 0.3309626 0.2933085 0.3318365 0.2933072 0.3318374 0.2918322 0.3325509 0.2918285 0.3318374 0.2918322 0.3318365 0.2933072 0.3318365 0.2933072 0.33255 0.2933034 0.3325509 0.2918285 0.3300414 0.2903534 0.3292638 0.2903519 0.3292635 0.2918276 0.3292635 0.2918276 0.3300411 0.2918283 0.3300414 0.2903534 0.3309394 0.2903539 0.3300414 0.2903534 0.3300411 0.2918283 0.3300411 0.2918283 0.330939 0.2918286 0.3309394 0.2903539 0.3318205 0.2903534 0.3309394 0.2903539 0.330939 0.2918286 0.330939 0.2918286 0.3318203 0.2918283 0.3318205 0.2903534 0.3325509 0.2903518 0.3318205 0.2903534 0.3318203 0.2918283 0.3318203 0.2918283 0.3325507 0.2918274 0.3325509 0.2903518 0.6589962 0.04011422 0.6598213 0.04010754 0.6598182 0.03863269 0.6598182 0.03863269 0.6589934 0.03863984 0.6589962 0.04011422 0.6580891 0.0401166 0.6589962 0.04011422 0.6589934 0.03863984 0.6589934 0.03863984 0.6580862 0.03864222 0.6580891 0.0401166 0.6572377 0.04011422 0.6580891 0.0401166 0.6580862 0.03864222 0.6580862 0.03864222 0.6572344 0.03863984 0.6572377 0.04011422 0.656571 0.04010754 0.6572377 0.04011422 0.6572344 0.03863984 0.6572344 0.03863984 0.6565679 0.03863269 0.656571 0.04010754 0.1834235 0.5420081 0.1834208 0.5412269 0.181946 0.5412274 0.181946 0.5412274 0.1819484 0.5420083 0.1834235 0.5420081 0.1834244 0.5429066 0.1834235 0.5420081 0.1819484 0.5420083 0.1819484 0.5420083 0.1819491 0.542907 0.1834244 0.5429066 0.1834235 0.5437862 0.1834244 0.5429066 0.1819491 0.542907 0.1819491 0.542907 0.1819484 0.5437867 0.1834235 0.5437862 0.1834208 0.5445129 0.1834235 0.5437862 0.1819484 0.5437867 0.1819484 0.5437867 0.181946 0.5445134 0.1834208 0.5445129 0.3300617 0.2918321 0.3292701 0.2918286 0.3292692 0.2933034 0.3292692 0.2933034 0.330061 0.2933073 0.3300617 0.2918321 0.330963 0.2918331 0.3300617 0.2918321 0.330061 0.2933073 0.330061 0.2933073 0.3309626 0.2933085 0.330963 0.2918331 0.3879467 0.1437531 0.3870725 0.1437541 0.3870719 0.1448489 0.3870719 0.1448489 0.3879459 0.1448479 0.3879467 0.1437531 0.38866 0.1437498 0.3879467 0.1437531 0.3879459 0.1448479 0.3879459 0.1448479 0.3886593 0.1448446 0.38866 0.1437498 0.3828693 0.1437536 0.3820913 0.1437529 0.3820912 0.1448475 0.3820912 0.1448475 0.3828692 0.1448485 0.3828693 0.1437536 0.3837671 0.1437541 0.3828693 0.1437536 0.3828692 0.1448485 0.3828692 0.1448485 0.3837669 0.1448489 0.3837671 0.1437541 0.3846482 0.1437537 0.3837671 0.1437541 0.3837669 0.1448489 0.3837669 0.1448489 0.384648 0.1448487 0.3846482 0.1437537 0.3853786 0.1437529 0.3846482 0.1437537 0.384648 0.1448487 0.384648 0.1448487 0.3853784 0.1448475 0.3853786 0.1437529 0.2310118 0.8026941 0.2318367 0.8026874 0.2318342 0.8015924 0.2318342 0.8015924 0.2310094 0.801599 0.2310118 0.8026941 0.2301046 0.802697 0.2310118 0.8026941 0.2310094 0.801599 0.2310094 0.801599 0.2301023 0.8016019 0.2301046 0.802697 0.2292529 0.8026941 0.2301046 0.802697 0.2301023 0.8016019 0.2301023 0.8016019 0.2292505 0.801599 0.2292529 0.8026941 0.2285864 0.8026874 0.2292529 0.8026941 0.2292505 0.801599 0.2292505 0.801599 0.2285841 0.8015924 0.2285864 0.8026874 0.3911653 0.1448479 0.3919464 0.1448458 0.3919461 0.1437505 0.3919461 0.1437505 0.3911651 0.1437531 0.3911653 0.1448479 0.3902665 0.144849 0.3911653 0.1448479 0.3911651 0.1437531 0.3911651 0.1437531 0.3902662 0.1437541 0.3902665 0.144849 0.3893869 0.1448479 0.3902665 0.144849 0.3902662 0.1437541 0.3902662 0.1437541 0.3893866 0.1437532 0.3893869 0.1448479 0.3886604 0.1448458 0.3893869 0.1448479 0.3893866 0.1437532 0.3893866 0.1437532 0.38866 0.1437505 0.3886604 0.1448458 0.3861709 0.1437531 0.385379 0.1437498 0.3853786 0.1448446 0.3853786 0.1448446 0.3861704 0.1448479 0.3861709 0.1437531 0.3870725 0.1437541 0.3861709 0.1437531 0.3861704 0.1448479 0.3861704 0.1448479 0.3870719 0.1448489 0.3870725 0.1437541 0.2276344 0.8018611 0.2263922 0.8018611 0.226391 0.802697 0.226391 0.802697 0.2276329 0.802697 0.2276344 0.8018611 0.2285841 0.8018565 0.2276344 0.8018611 0.2276329 0.802697 0.2276329 0.802697 0.2285829 0.8026922 0.2285841 0.8018565 0.4087061 0.2894641 0.4075177 0.2894629 0.4075173 0.2902991 0.4075173 0.2902991 0.4087058 0.2902998 0.4087061 0.2894641 0.4099552 0.2894641 0.4087061 0.2894641 0.4087058 0.2902998 0.4087058 0.2902998 0.4099549 0.2902998 0.4099552 0.2894641 0.4109303 0.2894629 0.4099552 0.2894641 0.4099549 0.2902998 0.4099549 0.2902998 0.4109301 0.2902991 0.4109303 0.2894629 0.2244893 0.8002687 0.225719 0.8002596 0.2257159 0.7994239 0.2257159 0.7994239 0.2244863 0.7994325 0.2244893 0.8002687 0.2232714 0.8002687 0.2244893 0.8002687 0.2244863 0.7994325 0.2244863 0.7994325 0.2232683 0.7994325 0.2232714 0.8002687 0.2223914 0.8002596 0.2232714 0.8002687 0.2232683 0.7994325 0.2232683 0.7994325 0.2223882 0.7994239 0.2223914 0.8002596 0.4131483 0.2902998 0.4143399 0.2902967 0.4143391 0.289461 0.4143391 0.289461 0.4131476 0.2894641 0.4131483 0.2902998 0.4119005 0.2902998 0.4131483 0.2902998 0.4131476 0.2894641 0.4131476 0.2894641 0.4119001 0.2894641 0.4119005 0.2902998 0.4109312 0.2902967 0.4119005 0.2902998 0.4119001 0.2894641 0.4119001 0.2894641 0.4109303 0.289461 0.4109312 0.2902967 0.2263922 0.8018611 0.2251908 0.8018565 0.2251898 0.8026922 0.2251898 0.8026922 0.226391 0.802697 0.2263922 0.8018611 0.2281625 0.8002687 0.2281634 0.7994325 0.2269215 0.7994325 0.2269215 0.7994325 0.2269203 0.8002687 0.2281625 0.8002687 0.2291125 0.8002644 0.2291133 0.7994282 0.2281634 0.7994325 0.2281634 0.7994325 0.2281625 0.8002687 0.2291125 0.8002644 0.3771563 0.1444964 0.3771564 0.1436607 0.3759682 0.1436589 0.3759682 0.1436589 0.3759679 0.1444952 0.3771563 0.1444964 0.3784053 0.1444963 0.3784056 0.1436607 0.3771564 0.1436607 0.3771564 0.1436607 0.3771563 0.1444964 0.3784053 0.1444963 0.3793807 0.1444951 0.3793809 0.1436591 0.3784056 0.1436607 0.3784056 0.1436607 0.3784053 0.1444963 0.3793807 0.1444951 0.1811108 0.5424599 0.181946 0.5424565 0.1819378 0.5412269 0.1819378 0.5412269 0.1811017 0.5412299 0.1811108 0.5424599 0.1811108 0.5436778 0.181946 0.5436746 0.181946 0.5424565 0.181946 0.5424565 0.1811108 0.5424599 0.1811108 0.5436778 0.1811017 0.5445579 0.1819378 0.5445546 0.181946 0.5436746 0.181946 0.5436746 0.1811108 0.5436778 0.1811017 0.5445579 0.1981149 0.1938791 0.1989506 0.1938786 0.1989475 0.192687 0.1989475 0.192687 0.1981118 0.1926876 0.1981149 0.1938791 0.1981149 0.1951269 0.1989506 0.195126 0.1989506 0.1938786 0.1989506 0.1938786 0.1981149 0.1938791 0.1981149 0.1951269 0.1981118 0.1960963 0.1989475 0.1960954 0.1989506 0.195126 0.1989506 0.195126 0.1981149 0.1951269 0.1981118 0.1960963 0.2269203 0.8002687 0.2269215 0.7994325 0.2257201 0.7994282 0.2257201 0.7994282 0.225719 0.8002644 0.2269203 0.8002687 0.1813283 0.1966059 0.1791329 0.1966389 0.1790348 0.1985124 0.1790348 0.1985124 0.1812306 0.1984795 0.1813283 0.1966059 0.1812306 0.1942658 0.1790348 0.1942985 0.1791329 0.1966389 0.1791329 0.1966389 0.1813283 0.1966059 0.1812306 0.1942658 0.2122524 0.1975849 0.2100499 0.1975831 0.2100504 0.200026 0.2100504 0.200026 0.2122524 0.2000277 0.2122524 0.1975849 0.18382 0.1961337 0.1859936 0.1962022 0.1857959 0.194334 0.1857959 0.194334 0.1836218 0.1942658 0.18382 0.1961337 0.1836218 0.1984758 0.1857959 0.198544 0.1859936 0.1962022 0.1859936 0.1962022 0.18382 0.1961337 0.1836218 0.1984758 0.08825606 0.6354313 0.09045886 0.6354339 0.09045886 0.6329872 0.09045886 0.6329872 0.08825606 0.6329845 0.08825606 0.6354313 0.08455526 0.6280005 0.08241152 0.6267648 0.08026701 0.6280053 0.08026701 0.6280053 0.08026701 0.6304815 0.08241152 0.6317174 0.08455526 0.6280005 0.08026701 0.6280053 0.08241152 0.6317174 0.08455526 0.6280005 0.08241152 0.6317174 0.08455526 0.6304771 0.08041584 0.6334148 0.08041626 0.6360796 0.08209431 0.6360878 0.08209431 0.6360878 0.08209431 0.6334229 0.08041584 0.6334148 0.2063956 0.200229 0.2063956 0.1975896 0.2047172 0.1976079 0.2047172 0.1976079 0.2047172 0.2002473 0.2063956 0.200229 0.06641042 0.6362435 0.06723779 0.6348468 0.06298345 0.6348468 0.06298345 0.6348468 0.06369537 0.6362435 0.06641042 0.6362435 0.1901782 0.545876 0.191913 0.5470868 0.191913 0.5430628 0.191913 0.5430628 0.1901782 0.543308 0.1901782 0.545876 0.3788422 0.146354 0.3793809 0.1444964 0.375184 0.1444963 0.375184 0.1444963 0.3761639 0.146354 0.3788422 0.146354 0.08662891 0.6282706 0.08455526 0.6285075 0.08489644 0.6317174 0.08489644 0.6317174 0.08684599 0.6303188 0.08662891 0.6282706 0.08684599 0.6257033 0.08489644 0.6244845 0.08455526 0.6285075 0.08455526 0.6285075 0.08662891 0.6282706 0.08684599 0.6257033 0.1790348 0.1948199 0.1771736 0.1942658 0.1771736 0.1984695 0.1771736 0.1984695 0.1790348 0.1975025 0.1790348 0.1948199 0.06641513 0.6409453 0.06776976 0.6385944 0.06641042 0.6362435 0.06641042 0.6362435 0.06369537 0.6362435 0.06234043 0.6385944 0.06641513 0.6409453 0.06641042 0.6362435 0.06234043 0.6385944 0.06641513 0.6409453 0.06234043 0.6385944 0.06370049 0.6409453 0.1973459 0.2006611 0.2114782 0.24946 0.2114782 0.2388852 0.2022334 0.2789056 0.2114782 0.24946 0.1973459 0.2006611 0.2028536 0.08340656 0.2120113 0.05398684 0.1980122 0.002195894 0.1980122 0.002195894 0.2120113 0.05398684 0.2120113 0.0434122 0.1980122 0.002195894 0.2120113 0.0434122 0.2120113 0.002225279 0.1973459 0.2006611 0.2114782 0.2388852 0.2114782 0.200654 0.254078 0.1408874 0.254078 0.151462 0.2681157 0.192687 0.253944 0.3362567 0.253944 0.3468317 0.2681149 0.3847817 0.254078 0.04350048 0.254078 0.05407458 0.2681158 0.00233376 0.253944 0.2388631 0.253944 0.2494382 0.268115 0.2008985 0.253944 0.2388631 0.268115 0.2008985 0.253944 0.2009059 0.254078 0.04350048 0.2681158 0.00233376 0.254078 0.002304434 0.2681157 0.192687 0.254078 0.151462 0.254078 0.1926576 0.2681149 0.3847817 0.253944 0.3468317 0.2539439 0.3847893 0.1980121 0.1925318 0.2120113 0.1407995 0.2028536 0.1113414 0.1973459 0.3850923 0.2114782 0.3362786 0.2022334 0.3068425 0.1973459 0.3850923 0.2022334 0.3068425 0.1973459 0.3068451 0.1980121 0.1925318 0.2028536 0.1113414 0.1980121 0.1113313 0.2114782 0.3468539 0.1973459 0.3850923 0.2114781 0.3850851 0.2114782 0.3362786 0.1973459 0.3850923 0.2114782 0.3468539 0.2120113 0.1407995 0.1980121 0.1925318 0.2120113 0.1513739 0.2120113 0.1513739 0.1980121 0.1925318 0.2120113 0.1925611 0.1980121 0.08339619 0.2028536 0.08340656 0.1980122 0.002195894 0.1973459 0.2789084 0.2022334 0.2789056 0.1973459 0.2006611 0.1297371 0.01236575 0.1297347 0.002195894 0.1272128 0.002226054 0.1297347 0.1574085 0.1297371 0.1472387 0.1272128 0.1573823 0.3922088 0.504278 0.3874832 0.5021339 0.3821052 0.504278 0.6540537 0.4951252 0.6486757 0.4972693 0.6587794 0.4972693 0.4557998 0.5434457 0.4456961 0.5434457 0.4510742 0.5455898 0.5719568 0.3889827 0.5618531 0.3889827 0.5672312 0.3911268 0.3176479 0.5602971 0.3122699 0.5624412 0.3223736 0.5624412 0.2974336 0.6269764 0.28733 0.6269764 0.2927079 0.6291205 0.2884671 0.2815945 0.300279 0.2815945 0.2884688 0.2736421 0.181716 0.3527233 0.18967 0.3645361 0.18967 0.3527241 0.3191193 0.273642 0.304579 0.2815944 0.3088795 0.2815944 0.18967 0.3731368 0.1817159 0.3833745 0.18967 0.3833754 0.3191193 0.273642 0.3088795 0.2815944 0.3191176 0.2815944 0.18967 0.3731368 0.1945315 0.3731371 0.1973459 0.3688371 0.07763242 0.5220711 0.08776938 0.5288212 0.09147644 0.5272915 0.09147644 0.5272915 0.07792395 0.5140643 0.07763242 0.5220711 0.3698024 0.3492459 0.3704255 0.3457846 0.3540366 0.3495387 0.3540366 0.3495387 0.3540618 0.3531348 0.3698024 0.3492459 0.1275138 0.5289567 0.1279464 0.5367199 0.1406401 0.5238984 0.1406401 0.5238984 0.1369319 0.522377 0.1275138 0.5289567 0.1043916 0.6188085 0.1046887 0.6106193 0.100852 0.610934 0.100852 0.610934 0.100852 0.6197453 0.1043916 0.6188085 0.08776938 0.5288212 0.08651155 0.5621652 0.09015417 0.5638962 0.09015417 0.5638962 0.09147644 0.5272915 0.08776938 0.5288212 0.3191601 0.3494862 0.3540618 0.3531348 0.3540366 0.3495387 0.1358637 0.489184 0.1369319 0.522377 0.1406401 0.5238984 0.4365533 0.2255597 0.4039429 0.2255597 0.40494 0.2287539 0.40494 0.2287539 0.4362786 0.2291238 0.4365533 0.2255597 0.4039429 0.2255597 0.4035564 0.2292604 0.40494 0.2287539 0.09015417 0.5638962 0.08651155 0.5621652 0.07763242 0.5661485 0.07763242 0.5661485 0.07765132 0.5742491 0.09015417 0.5638962 0.1580993 0.6840915 0.1423804 0.6840915 0.1431125 0.6875738 0.1431125 0.6875738 0.1583762 0.6879369 0.1580993 0.6840915 0.1395614 0.4875152 0.1275622 0.4771944 0.1275138 0.4850802 0.1275138 0.4850802 0.1358637 0.489184 0.1395614 0.4875152 0.2711065 0.2962409 0.2706706 0.3001219 0.2806087 0.2999591 0.2806087 0.2999591 0.2815381 0.2962411 0.2711065 0.2962409 0.40494 0.2287539 0.4035564 0.2292604 0.4362786 0.2291238 0.1406401 0.5238984 0.1395614 0.4875152 0.1358637 0.489184 0.521577 0.7789649 0.5213953 0.7819481 0.524128 0.7823352 0.524128 0.7823352 0.5242511 0.7758178 0.521577 0.7789649 0.5217279 0.7762829 0.521577 0.7789649 0.5242511 0.7758178 0.4132733 0.5143019 0.415871 0.5140011 0.4133754 0.5109239 0.5213953 0.7819481 0.5212659 0.7844174 0.523989 0.7870737 0.523989 0.7870737 0.524128 0.7823352 0.5213953 0.7819481 0.517154 0.9824309 0.510741 0.9772068 0.5104286 0.9830301 0.523989 0.7870737 0.5306136 0.7826952 0.524128 0.7823352 0.1613094 0.5491846 0.165228 0.5554119 0.165228 0.5488779 0.1613094 0.5491846 0.1610713 0.555617 0.165228 0.5554119 0.517154 0.9824309 0.5104286 0.9830301 0.5121215 0.9867457 0.1605353 0.5351631 0.1604226 0.53983 0.1644043 0.5343859 0.5078685 0.9785165 0.5080335 0.9811469 0.5104286 0.9830301 0.5104286 0.9830301 0.510741 0.9772068 0.5078685 0.9785165 0.1394003 0.5303911 0.1399194 0.5363726 0.1399194 0.5299157 0.1633481 0.4917324 0.1616871 0.493945 0.1680293 0.4962082 0.5078471 0.9755244 0.510741 0.9772068 0.5104727 0.9708499 0.5259593 0.7791221 0.5282331 0.7783433 0.5289953 0.7754625 0.5078471 0.9755244 0.5078685 0.9785165 0.510741 0.9772068 0.4188579 0.5142168 0.4133754 0.5109239 0.415871 0.5140011 0.1640312 0.4958091 0.1680293 0.4962082 0.1616871 0.493945 0.5259593 0.7791221 0.5289953 0.7811825 0.5282331 0.7783433 0.2439476 0.6021642 0.235704 0.5987448 0.2358323 0.6246435 0.9565246 0.2100592 0.9623632 0.186761 0.956579 0.187007 0.8953706 0.6757122 0.895805 0.651977 0.8727683 0.6517434 0.8727683 0.6517434 0.8724771 0.675572 0.8953706 0.6757122 0.1702313 0.866333 0.1575335 0.8667725 0.1559252 0.8765175 0.8724771 0.675572 0.872751 0.6966831 0.895805 0.6968751 0.895805 0.6968751 0.8953706 0.6757122 0.8724771 0.675572 0.1668443 0.7933062 0.154293 0.7933515 0.1544374 0.8267757 0.1668443 0.7933062 0.1544374 0.8267757 0.1668636 0.8266931 0.1707869 0.903075 0.1702313 0.866333 0.1559252 0.8765175 0.19721 0.8619886 0.1791295 0.8620098 0.1968327 0.8645734 0.19721 0.8619886 0.1790622 0.8431202 0.1791295 0.8620098 0.1794347 0.8663311 0.1968327 0.8645734 0.1791295 0.8620098 0.2439839 0.6210434 0.2358323 0.6246435 0.2456193 0.6253551 0.2439839 0.6210434 0.2439476 0.6021642 0.2358323 0.6246435 0.1406819 0.7132703 0.1432324 0.717456 0.1581217 0.7177514 0.2548561 0.6091532 0.2582521 0.6115971 0.2598545 0.6101893 0.1431469 0.7442655 0.1447799 0.7539704 0.157292 0.7543943 0.1568952 0.7133808 0.1406819 0.7132703 0.1581217 0.7177514 0.1968327 0.8645734 0.1794347 0.8663311 0.1961567 0.8668141 0.8931897 0.5929406 0.8906255 0.5916015 0.8908321 0.605063 0.8885072 0.6011067 0.8908321 0.605063 0.8906255 0.5916015 0.8906255 0.5916015 0.8883819 0.5919052 0.8885072 0.6011067 0.1406819 0.7132703 0.1568952 0.7133808 0.1562438 0.7037541 0.1562438 0.7037541 0.1394675 0.7034024 0.1406819 0.7132703 0.1394675 0.7034024 0.1389779 0.7132054 0.1406819 0.7132703 0.1416758 0.7939714 0.1541042 0.7940422 0.1417931 0.771114 0.1417931 0.771114 0.1293718 0.7710557 0.1416758 0.7939714 0.1416802 0.8274082 0.1541094 0.8274315 0.1541042 0.7940422 0.1541042 0.7940422 0.1416758 0.7939714 0.1416802 0.8274082 0.9623632 0.186761 0.9565246 0.2100592 0.9623633 0.2104052 0.1431469 0.7442655 0.157292 0.7543943 0.1581217 0.7177514 0.1581217 0.7177514 0.1432324 0.717456 0.1431469 0.7442655 0.4941571 0.8143629 0.4917809 0.8143819 0.4925819 0.8203962 0.4925819 0.8203962 0.4941571 0.82044 0.4941571 0.8143629 0.486208 0.8170872 0.4810779 0.8170872 0.4813585 0.8224471 0.4813585 0.8224471 0.4860845 0.822339 0.486208 0.8170872 0.1694518 0.5025373 0.1679279 0.5025815 0.1671267 0.5087409 0.1671267 0.5087409 0.1694518 0.5086573 0.1694518 0.5025373 0.935373 0.4306468 0.9396229 0.4251467 0.9397247 0.3545549 0.8922032 0.3554444 0.8921614 0.4090153 0.9126637 0.4084507 0.9126637 0.4084507 0.9129751 0.3551469 0.8922032 0.3554444 0.9631797 0.3547216 0.9397247 0.3545549 0.9396229 0.4251467 0.9396229 0.4251467 0.9631797 0.4242607 0.9631797 0.3547216 0.9396229 0.4251467 0.935373 0.4306468 0.962745 0.4297292 0.962745 0.4297292 0.9631797 0.4242607 0.9396229 0.4251467 0.9565246 0.1869925 0.941806 0.1925743 0.9417815 0.3490051 0.9417815 0.3490051 0.9565246 0.3545549 0.9565246 0.1869925 0.9869687 0.4392517 0.9631797 0.3571529 0.9632796 0.4267284 0.9869687 0.4392517 0.9632796 0.4267284 0.966924 0.4320678 0.9126637 0.4084507 0.9129315 0.43906 0.935373 0.4306468 0.9126637 0.4084507 0.8910834 0.4392517 0.9129315 0.43906 0.8384347 0.5824217 0.8387787 0.5601426 0.8262891 0.5639012 0.8237179 0.6172198 0.8382306 0.6309177 0.8384347 0.5824217 0.8384347 0.5824217 0.8262891 0.5639012 0.8237179 0.6172198 0.9126637 0.4084507 0.8910573 0.4085498 0.8910834 0.4392517 0.2771974 0.6538662 0.2898763 0.6575026 0.2898763 0.6354826 0.8588052 0.6014928 0.8384347 0.5824217 0.8382306 0.6309177 0.8382306 0.6309177 0.8588052 0.6293258 0.8588052 0.6014928 0.9126637 0.4084507 0.935373 0.4306468 0.9397247 0.3545549 0.9126637 0.4084507 0.9397247 0.3545549 0.9129751 0.3551469 0.9631797 0.3571529 0.9869687 0.4392517 0.9836862 0.3563459 0.9836258 0.3320681 0.9869686 0.282827 0.9631862 0.3313522 0.9869687 0.4392517 0.9869686 0.282827 0.9836258 0.3320681 0.9836258 0.3320681 0.9836862 0.3563459 0.9869687 0.4392517 0.1308914 0.5176008 0.1325774 0.5176605 0.1312698 0.5085834 0.1327083 0.5083674 0.1312698 0.5085834 0.1325774 0.5176605 0.5303485 0.5620812 0.5563481 0.5808665 0.5482429 0.5344624 0.5563481 0.5132886 0.5482429 0.5344624 0.5563481 0.5808665 0.301902 0.6596938 0.3068726 0.6408157 0.3034377 0.6398921 0.5361448 0.9990572 0.5395842 0.9980865 0.5345515 0.9793594 0.5345515 0.9793594 0.5308744 0.9791259 0.5361448 0.9990572 0.1647881 0.5993561 0.1647708 0.612915 0.1665054 0.6127493 0.1665054 0.6127493 0.1665054 0.599347 0.1647881 0.5993561 0.3034377 0.6398921 0.2980632 0.6600153 0.301902 0.6596938 0.1618831 0.5205032 0.1619821 0.5314983 0.1634494 0.531589 0.1634494 0.531589 0.1634494 0.5203833 0.1618831 0.5205032 0.2513803 0.5803179 0.2465882 0.6005565 0.2503442 0.6001014 0.2503442 0.6001014 0.2548394 0.5811473 0.2513803 0.5803179 0.2571217 0.6489695 0.2605683 0.6480891 0.2561504 0.6291987 0.2561504 0.6291987 0.2523991 0.6287072 0.2571217 0.6489695 0.5260587 0.8535303 0.5260641 0.8625032 0.5278311 0.8637265 0.5278311 0.8637265 0.5278311 0.8535647 0.5260587 0.8535303 0.9612469 0.2623886 0.961324 0.2724973 0.9631119 0.273536 0.9631119 0.273536 0.9630177 0.2623206 0.9612469 0.2623886 0.2503442 0.6001014 0.2465882 0.6005565 0.2527954 0.6115971 0.2527954 0.6115971 0.2548394 0.6092447 0.2503442 0.6001014 0.260568 0.6188905 0.2575179 0.6187633 0.2523991 0.6287072 0.2523991 0.6287072 0.2561504 0.6291987 0.260568 0.6188905 0.5270597 0.8344237 0.5260587 0.8535303 0.5278311 0.8535647 0.9630177 0.2623206 0.9631119 0.2422283 0.9613401 0.242228 0.9613401 0.242228 0.9612469 0.2623886 0.9630177 0.2623206 0.1454949 0.9288145 0.1456905 0.9378648 0.1473673 0.9376866 0.1473673 0.9376866 0.1469097 0.9285805 0.1454949 0.9288145 0.5305685 0.843744 0.5293417 0.8528329 0.5310551 0.8528573 0.5310551 0.8528573 0.5316359 0.843735 0.5305685 0.843744 0.4121056 0.5150761 0.4121056 0.5057895 0.4099369 0.5060065 0.4099369 0.5060065 0.410463 0.5151848 0.4121056 0.5150761 0.4192137 0.502759 0.4192137 0.4995113 0.4161145 0.5010457 0.1473673 0.9376866 0.1456905 0.9378648 0.1473673 0.9447068 0.4099369 0.5060065 0.4121056 0.5057895 0.4106188 0.4992759 0.3598666 0.858042 0.3495187 0.8577094 0.3495054 0.9581159 0.3495054 0.9581159 0.3495187 0.8577094 0.3264716 0.9593747 0.5517498 0.983941 0.5518276 0.9978318 0.566156 0.9968746 0.3683957 0.829807 0.3352688 0.8177857 0.3338113 0.8564459 0.3338113 0.8564459 0.3685725 0.8575415 0.3683957 0.829807 0.3352688 0.8177857 0.3331301 0.8565349 0.3338113 0.8564459 0.3495187 0.8577094 0.3264875 0.8564411 0.3264716 0.9593747 0.5594767 0.9320173 0.5624038 0.9062957 0.5522873 0.9201685 0.07763242 0.5220711 0.09147644 0.5272915 0.08776938 0.5288212 0.09147644 0.5272915 0.07763242 0.5220711 0.07792395 0.5140643 0.3698024 0.3492459 0.3540366 0.3495387 0.3704255 0.3457846 0.3540366 0.3495387 0.3698024 0.3492459 0.3540618 0.3531348 0.1275138 0.5289567 0.1406401 0.5238984 0.1279464 0.5367199 0.1406401 0.5238984 0.1275138 0.5289567 0.1369319 0.522377 0.1043916 0.6188085 0.100852 0.610934 0.1046887 0.6106193 0.100852 0.610934 0.1043916 0.6188085 0.100852 0.6197453 0.08776938 0.5288212 0.09015417 0.5638962 0.08651155 0.5621652 0.09015417 0.5638962 0.08776938 0.5288212 0.09147644 0.5272915 0.3191601 0.3494862 0.3540366 0.3495387 0.3540618 0.3531348 0.1358637 0.489184 0.1406401 0.5238984 0.1369319 0.522377 0.4365533 0.2255597 0.40494 0.2287539 0.4039429 0.2255597 0.40494 0.2287539 0.4365533 0.2255597 0.4362786 0.2291238 0.4039429 0.2255597 0.40494 0.2287539 0.4035564 0.2292604 0.09015417 0.5638962 0.07763242 0.5661485 0.08651155 0.5621652 0.07763242 0.5661485 0.09015417 0.5638962 0.07765132 0.5742491 0.1580993 0.6840915 0.1431125 0.6875738 0.1423804 0.6840915 0.1431125 0.6875738 0.1580993 0.6840915 0.1583762 0.6879369 0.1395614 0.4875152 0.1275138 0.4850802 0.1275622 0.4771944 0.1275138 0.4850802 0.1395614 0.4875152 0.1358637 0.489184 0.2711065 0.2962409 0.2806087 0.2999591 0.2706706 0.3001219 0.2806087 0.2999591 0.2711065 0.2962409 0.2815381 0.2962411 0.40494 0.2287539 0.4362786 0.2291238 0.4035564 0.2292604 0.3540366 0.3495387 0.3191601 0.3494862 0.3189986 0.3457846 0.1406401 0.5238984 0.1358637 0.489184 0.1395614 0.4875152 0.2884671 0.2815945 0.2884688 0.2736421 0.300279 0.2815945 0.181716 0.3527233 0.18967 0.3527241 0.18967 0.3645361 0.3191193 0.273642 0.3088795 0.2815944 0.304579 0.2815944 0.18967 0.3731368 0.18967 0.3833754 0.1817159 0.3833745 0.3191193 0.273642 0.3191176 0.2815944 0.3088795 0.2815944 0.18967 0.3731368 0.1973459 0.3688371 0.1945315 0.3731371 0.4051626 0.7712514 0.3872247 0.7604473 0.3779021 0.7706536 0.5578259 0.5759226 0.5589582 0.6018574 0.5661343 0.6015041 0.4356673 0.8098334 0.4357973 0.8071779 0.3902575 0.8038759 0.4356673 0.8098334 0.3902575 0.8038759 0.3898763 0.8065117 0.5589582 0.6018574 0.5621426 0.6485832 0.5693151 0.6482177 0.5589582 0.6018574 0.5693151 0.6482177 0.5661343 0.6015041 0.4852893 0.8107255 0.4852492 0.8080663 0.4357973 0.8071779 0.4852893 0.8107255 0.4357973 0.8071779 0.4356673 0.8098334 0.591178 0.6070857 0.586868 0.6070806 0.5886754 0.6528543 0.591178 0.6070857 0.5886754 0.6528543 0.592985 0.6527418 0.5621426 0.6485832 0.5650405 0.6986613 0.5722122 0.6983524 0.5621426 0.6485832 0.5722122 0.6983524 0.5693151 0.6482177 0.5396784 0.8079252 0.5390011 0.8053163 0.4852492 0.8080663 0.5396784 0.8079252 0.4852492 0.8080663 0.4852893 0.8107255 0.592985 0.6527418 0.5886754 0.6528543 0.5917465 0.7023816 0.592985 0.6527418 0.5917465 0.7023816 0.5960515 0.7021138 0.5650405 0.6986613 0.5674707 0.7552351 0.57464 0.754906 0.5650405 0.6986613 0.57464 0.754906 0.5722122 0.6983524 0.6009141 0.7557175 0.5960515 0.7021138 0.5917465 0.7023816 0.6239064 0.5599642 0.6227884 0.6058617 0.6261509 0.6057632 0.6239064 0.5599642 0.6261509 0.6057632 0.6272695 0.5598642 0.6242856 0.5103377 0.6239064 0.5599642 0.6272695 0.5598642 0.6242856 0.5103377 0.6272695 0.5598642 0.6276489 0.5102369 0.6235127 0.4558873 0.6242856 0.5103377 0.6276489 0.5102369 0.6235127 0.4558873 0.6276489 0.5102369 0.6268761 0.4557843 0.4740391 0.7726312 0.4742367 0.7627694 0.428376 0.7605828 0.4740391 0.7726312 0.428376 0.7605828 0.4272703 0.7704011 0.5242567 0.7723828 0.5238666 0.7625296 0.4742367 0.7627694 0.5242567 0.7723828 0.4742367 0.7627694 0.4740391 0.7726312 0.5807116 0.7682584 0.5781866 0.7586254 0.5238666 0.7625296 0.5807116 0.7682584 0.5238666 0.7625296 0.5242567 0.7723828 0.3872247 0.7604473 0.3751208 0.7435191 0.362744 0.7495793 0.3872247 0.7604473 0.362744 0.7495793 0.3779021 0.7706536 0.3751208 0.7435191 0.3579512 0.7013374 0.3450822 0.7062032 0.3751208 0.7435191 0.3450822 0.7062032 0.362744 0.7495793 0.3579512 0.7013374 0.3418389 0.6547399 0.3286917 0.6587949 0.3579512 0.7013374 0.3286917 0.6587949 0.3450822 0.7062032 0.866741 0.09738099 0.8619543 0.09738337 0.8619657 0.1292132 0.866741 0.09738099 0.8619657 0.1292132 0.866741 0.1292132 0.4113657 0.8166037 0.4568599 0.8144028 0.4567251 0.8116139 0.4113657 0.8166037 0.4567251 0.8116139 0.4113574 0.8138087 0.9771569 0.05176025 0.9771571 0.01992815 0.9754858 0.01992815 0.9771569 0.05176025 0.9754858 0.01992815 0.9754858 0.05176025 0.8295007 0.1292129 0.8619657 0.1292132 0.8619543 0.09738337 0.4568599 0.8144028 0.4635553 0.8138554 0.4634418 0.8115125 0.4568599 0.8144028 0.4634418 0.8115125 0.4567251 0.8116139 0.861809 0.1630605 0.8665956 0.1630667 0.8666218 0.131235 0.861809 0.1630605 0.8666218 0.131235 0.8618466 0.1312309 0.8429601 0.08319789 0.688175 0.08319789 0.6880221 0.09557491 0.8429601 0.08319789 0.6880221 0.09557491 0.8431399 0.09557491 0.4044798 0.2535317 0.4046263 0.2528106 0.3424341 0.2528107 0.4044798 0.2535317 0.3424341 0.2528107 0.3423801 0.2535321 0.6883015 0.07872205 0.688175 0.08319789 0.8429601 0.08319789 0.6883015 0.07872205 0.8429601 0.08319789 0.842943 0.07872205 0.688678 0.06121546 0.6883015 0.07872205 0.842943 0.07872205 0.688678 0.06121546 0.842943 0.07872205 0.8425164 0.06121546 0.1297371 0.01236575 0.130388 0.01222306 0.130388 0.00219798 0.1297371 0.01236575 0.130388 0.00219798 0.1297347 0.002195894 0.1297371 0.1472387 0.1359134 0.1411048 0.1359134 0.01849019 0.1297371 0.1472387 0.1359134 0.01849019 0.1297371 0.01236575 0.4044839 0.2892684 0.3423829 0.2892684 0.3424327 0.2900165 0.4044839 0.2892684 0.3424327 0.2900165 0.4046263 0.2900165 0.1538974 0.6323665 0.1591525 0.6323401 0.1591525 0.4772094 0.1538974 0.6323665 0.1591525 0.4772094 0.1538974 0.4771974 0.8424341 0.05859476 0.6887211 0.05859476 0.688678 0.06121546 0.8424341 0.05859476 0.688678 0.06121546 0.8425164 0.06121546 0.1359134 0.1411048 0.1297371 0.1472387 0.130388 0.1473994 0.1359134 0.1411048 0.130388 0.1473994 0.1360942 0.1417505 0.4949331 0.1986514 0.4949426 0.1970509 0.3417152 0.1970509 0.4949331 0.1986514 0.3417152 0.1970509 0.3417212 0.1986514 0.4946775 0.2003265 0.3414472 0.2003265 0.3412165 0.2150005 0.4946775 0.2003265 0.3412165 0.2150005 0.4949426 0.2150005 0.1359134 0.01849019 0.1359134 0.1411048 0.1980121 0.1411799 0.1359134 0.01849019 0.1980121 0.1411799 0.1980122 0.0183252 0.1297371 0.1472387 0.1297347 0.1574085 0.130388 0.1574245 0.1297371 0.1472387 0.130388 0.1574245 0.130388 0.1473994 0.9921408 0.02637749 0.9983502 0.02637749 0.9983502 0.001130878 0.9921408 0.02637749 0.9983502 0.001130878 0.9921408 0.001130878 0.9863909 0.1262006 0.9552071 0.1262167 0.955213 0.1374014 0.9863909 0.1262006 0.955213 0.1374014 0.9804595 0.1373883 0.97952 0.2636457 0.97952 0.2788005 0.9857295 0.2788005 0.97952 0.2636457 0.9857295 0.2788005 0.9857295 0.2636457 0.5120023 0.5805639 0.5253944 0.5876573 0.5306296 0.5777737 0.5120023 0.5805639 0.5306296 0.5777737 0.5224839 0.573459 0.9236915 0.1796541 0.9176909 0.1685035 0.9089157 0.1755481 0.9236915 0.1796541 0.9089157 0.1755481 0.9182733 0.1819017 0.9863909 0.1262006 0.9804595 0.1373883 0.9858916 0.1396023 0.9863909 0.1262006 0.9858916 0.1396023 0.9952095 0.1331907 0.9983502 0.02637749 0.9921408 0.02637749 0.9921408 0.03224331 0.9983502 0.02637749 0.9921408 0.03224331 0.9983502 0.03224331 0.7382898 0.5603049 0.7382898 0.5665144 0.752233 0.5665144 0.7382898 0.5603049 0.752233 0.5665144 0.752233 0.5603049 0.9985046 0.1614389 0.9996215 0.145271 0.9883444 0.1452769 0.9985046 0.1614389 0.9883444 0.1452769 0.9874769 0.1514575 0.9983501 0.04466664 0.9983501 0.03842544 0.9921408 0.03842544 0.9983501 0.04466664 0.9921408 0.03842544 0.9921408 0.04466664 0.9983501 0.050987 0.9983501 0.04466664 0.9921408 0.04466664 0.9983501 0.050987 0.9921408 0.04466664 0.9921408 0.050987 0.9897494 0.1722906 0.9985046 0.1614389 0.9874769 0.1514575 0.9897494 0.1722906 0.9874769 0.1514575 0.9826275 0.1555106 0.752233 0.5603049 0.752233 0.5665144 0.7684395 0.5665144 0.752233 0.5603049 0.7684395 0.5665144 0.7684395 0.5603049 0.7925531 0.5665144 0.7925531 0.5603049 0.7813003 0.5603049 0.7925531 0.5665144 0.7813003 0.5603049 0.7813 0.5665144 0.9057958 0.2038161 0.9167613 0.1937666 0.9158556 0.1875914 0.9057958 0.2038161 0.9158556 0.1875914 0.9045785 0.1876555 0.9146181 0.2146134 0.9216359 0.1977897 0.9167613 0.1937666 0.9146181 0.2146134 0.9167613 0.1937666 0.9057958 0.2038161 0.7813 0.5665144 0.7813003 0.5603049 0.7684395 0.5603049 0.7813 0.5665144 0.7684395 0.5603049 0.7684395 0.5665144 0.9983502 0.03224331 0.9921408 0.03224331 0.9921408 0.03842544 0.9983502 0.03224331 0.9921408 0.03842544 0.9983501 0.03842544 0.9952095 0.1331907 0.9858916 0.1396023 0.9883444 0.1452769 0.9952095 0.1331907 0.9883444 0.1452769 0.9996215 0.145271 0.9182733 0.1819017 0.9089157 0.1755481 0.9045785 0.1876555 0.9182733 0.1819017 0.9045785 0.1876555 0.9158556 0.1875914 0.9185658 0.2285524 0.908084 0.2214477 0.9035685 0.2317548 0.9185658 0.2285524 0.9035685 0.2317548 0.9148043 0.2330533 0.5120023 0.5805639 0.5224839 0.573459 0.5187222 0.5689583 0.5120023 0.5805639 0.5187222 0.5689583 0.5074864 0.5702567 0.9374697 0.2412016 0.9312602 0.2412016 0.9312602 0.2470676 0.9374697 0.2412016 0.9312602 0.2470676 0.9374697 0.2470676 0.9857295 0.2093821 0.97952 0.2093821 0.97952 0.2233253 0.9857295 0.2093821 0.97952 0.2233253 0.9857295 0.2233253 0.5178105 0.5437571 0.5092486 0.5575172 0.5192141 0.5627958 0.5178105 0.5437571 0.5192141 0.5627958 0.5228762 0.5577418 0.9374697 0.2594909 0.9374697 0.2532497 0.9312602 0.2532497 0.9374697 0.2594909 0.9312602 0.2532497 0.9312602 0.2594908 0.9374697 0.2658113 0.9374697 0.2594909 0.9312602 0.2594908 0.9374697 0.2658113 0.9312602 0.2594908 0.9312602 0.2658113 0.5306296 0.5382723 0.5178105 0.5437571 0.5228762 0.5577418 0.5306296 0.5382723 0.5228762 0.5577418 0.5290595 0.5564333 0.9857295 0.2233253 0.97952 0.2233253 0.97952 0.2395317 0.9857295 0.2233253 0.97952 0.2395317 0.9857295 0.2395317 0.97952 0.2636457 0.9857295 0.2636457 0.9857295 0.2523927 0.97952 0.2636457 0.9857295 0.2523927 0.97952 0.2523927 0.9138925 0.2582546 0.9189581 0.2442696 0.9152963 0.2392159 0.9138925 0.2582546 0.9152963 0.2392159 0.9053305 0.2444944 0.9267115 0.2637394 0.9251416 0.2455783 0.9189581 0.2442696 0.9267115 0.2637394 0.9189581 0.2442696 0.9138925 0.2582546 0.9374697 0.2319839 0.9312602 0.2319839 0.9312602 0.2412016 0.9374697 0.2319839 0.9312602 0.2412016 0.9374697 0.2412016 0.97952 0.2523927 0.9857295 0.2523927 0.9857295 0.2395317 0.97952 0.2523927 0.9857295 0.2395317 0.97952 0.2395317 0.8237369 0.5603049 0.7925531 0.5603049 0.7925531 0.5665144 0.8237369 0.5603049 0.7925531 0.5665144 0.8237369 0.5665144 0.8917932 0.1638092 0.8917934 0.2665007 0.902978 0.2605634 0.8917932 0.1638092 0.902978 0.2605634 0.902978 0.1697463 0.9983503 0.0624479 0.9983503 0.05126321 0.9921408 0.05126321 0.9983503 0.0624479 0.9921408 0.05126321 0.9921407 0.0624479 0.1272127 0.6216606 0.1272128 0.613713 0.1254224 0.6137211 0.1272127 0.6216606 0.1254224 0.6137211 0.1254224 0.6216685 0.1313253 0.6744669 0.1313438 0.6764136 0.1392908 0.6764136 0.1313253 0.6744669 0.1392908 0.6764136 0.1392723 0.6744669 0.08585107 0.6330284 0.08585107 0.6354339 0.08825606 0.6354334 0.08585107 0.6330284 0.08825606 0.6354334 0.08825606 0.6330278 0.1392806 0.6670361 0.1392908 0.6652079 0.1313434 0.6652079 0.1392806 0.6670361 0.1313434 0.6652079 0.1313331 0.6670361 0.1236321 0.6137211 0.123632 0.6216685 0.1254224 0.6216606 0.1236321 0.6137211 0.1254224 0.6216606 0.1254224 0.613713 0.2786553 0.2856125 0.2786656 0.2837848 0.2707181 0.2837848 0.2786553 0.2856125 0.2707181 0.2837848 0.2707076 0.2856126 0.07838374 0.6243592 0.07838374 0.6267648 0.08078825 0.6267639 0.07838374 0.6243592 0.08078825 0.6267639 0.08078825 0.6243583 0.618187 0.07324558 0.6261346 0.07324558 0.626138 0.0714665 0.618187 0.07324558 0.626138 0.0714665 0.6181904 0.0714665 0.1313253 0.6725202 0.1313438 0.6744669 0.1392908 0.6744669 0.1313253 0.6725202 0.1392908 0.6744669 0.1392723 0.6725202 0.2779175 0.2700839 0.2699699 0.270084 0.2699663 0.2718631 0.2779175 0.2700839 0.2699663 0.2718631 0.277914 0.2718631 0.2779175 0.268305 0.2699699 0.268305 0.2699663 0.270084 0.2779175 0.268305 0.2699663 0.270084 0.277914 0.2700839 0.09480249 0.6185851 0.09674966 0.6185666 0.09674966 0.6106193 0.09480249 0.6185851 0.09674966 0.6106193 0.09480255 0.6106383 0.4861929 0.5789282 0.4894099 0.5789298 0.4894264 0.5745078 0.4861929 0.5789282 0.4894264 0.5745078 0.486209 0.5745063 0.09885138 0.6419341 0.09884458 0.6387171 0.09503722 0.6386845 0.09885138 0.6419341 0.09503722 0.6386845 0.09504365 0.6419014 0.1218419 0.6137211 0.1218418 0.6216685 0.123632 0.6216606 0.1218419 0.6137211 0.123632 0.6216606 0.1236317 0.613713 0.09885138 0.6386845 0.09884458 0.6354675 0.09503722 0.6354348 0.09885138 0.6386845 0.09503722 0.6354348 0.09504365 0.6386518 0.1947951 0.1942658 0.1915774 0.1942665 0.1915774 0.1991605 0.1947951 0.1942658 0.1915774 0.1991605 0.1947951 0.1991597 0.4908566 0.6157898 0.494074 0.6157916 0.4940901 0.6113696 0.4908566 0.6157898 0.4940901 0.6113696 0.4908728 0.6113678 0.4908728 0.6113678 0.4940901 0.6113696 0.494074 0.6073281 0.4908728 0.6113678 0.494074 0.6073281 0.4908566 0.6073262 0.09309786 0.6354344 0.08988088 0.6354339 0.08988088 0.6403297 0.09309786 0.6354344 0.08988088 0.6403297 0.09309786 0.6403301 0.1034278 0.6386518 0.103421 0.6354348 0.09884458 0.6354675 0.1034278 0.6386518 0.09884458 0.6354675 0.09885138 0.6386845 0.486209 0.5745063 0.4894264 0.5745078 0.4894099 0.5704663 0.486209 0.5745063 0.4894099 0.5704663 0.4861929 0.5704646 0.626138 0.06790834 0.6181904 0.06790834 0.618187 0.06968694 0.626138 0.06790834 0.618187 0.06968694 0.6261346 0.06968694 0.08344608 0.6330284 0.08344608 0.6354339 0.08585107 0.6354334 0.08344608 0.6330284 0.08585107 0.6354334 0.08585107 0.6330278 0.1989506 0.1975816 0.2021676 0.197581 0.2021676 0.192687 0.1989506 0.1975816 0.2021676 0.192687 0.1989506 0.1926876 0.2707181 0.2856125 0.2707076 0.2874403 0.2786553 0.2874404 0.2707181 0.2856125 0.2786553 0.2874404 0.2786656 0.2856125 0.08319437 0.62436 0.08078825 0.6243592 0.08078825 0.6267639 0.08319437 0.62436 0.08078825 0.6267639 0.08319437 0.6267648 0.2085977 0.1975827 0.2118151 0.1975831 0.2118151 0.1926874 0.2085977 0.1975827 0.2118151 0.1926874 0.2085977 0.192687 0.1200506 0.6216606 0.1200507 0.613713 0.1182611 0.6137211 0.1200506 0.6216606 0.1182611 0.6137211 0.1182611 0.6216685 0.1034278 0.6419014 0.103421 0.6386845 0.09884458 0.6387171 0.1034278 0.6419014 0.09884458 0.6387171 0.09885138 0.6419341 0.1313434 0.6688638 0.1313331 0.670692 0.1392806 0.670692 0.1313434 0.6688638 0.1392806 0.670692 0.1392908 0.6688638 0.1313253 0.6764136 0.1313438 0.6783608 0.1392908 0.6783608 0.1313253 0.6764136 0.1392908 0.6783608 0.1392723 0.6764136 0.4949334 0.3531348 0.4948983 0.3461372 0.3704255 0.3461372 0.4949334 0.3531348 0.3704255 0.3461372 0.3704606 0.3531348 0.1812786 0.3851541 0.1812786 0.5096177 0.2681149 0.5095558 0.1812786 0.3851541 0.2681149 0.5095558 0.2681149 0.3850923 0.4698359 0.5652733 0.4698359 0.5862117 0.476976 0.586188 0.4698359 0.5652733 0.476976 0.586188 0.476976 0.5652489 0.1272128 0.613713 0.1272128 0.5927757 0.1203852 0.5927205 0.1272128 0.613713 0.1203852 0.5927205 0.1203852 0.613658 0.2734709 0.2487548 0.2944102 0.2487548 0.2944028 0.2415062 0.2734709 0.2487548 0.2944028 0.2415062 0.2734638 0.241506 0.3024942 0.2932025 0.2815554 0.2932025 0.2815381 0.3004264 0.3024942 0.2932025 0.2815381 0.3004264 0.3024768 0.3004264 0.2734652 0.2562908 0.2944043 0.2562908 0.2944102 0.2487548 0.2734652 0.2562908 0.2944102 0.2487548 0.2734709 0.2487548 0.1203852 0.613658 0.1203852 0.5927205 0.1125954 0.592745 0.1203852 0.613658 0.1125954 0.592745 0.1125954 0.6136825 0.3024768 0.3004264 0.2815381 0.3004264 0.2815514 0.3079816 0.3024768 0.3004264 0.2815514 0.3079816 0.3024902 0.3079816 0.476976 0.5652489 0.476976 0.586188 0.484592 0.5862042 0.476976 0.5652489 0.484592 0.5862042 0.484592 0.5652657 0.4216304 0.502759 0.4238612 0.5024777 0.4238612 0.4997971 0.4216304 0.502759 0.4238612 0.4997971 0.4216304 0.5000786 0.1634274 0.4965498 0.166557 0.5004086 0.1668974 0.4965498 0.1463267 0.8785119 0.144995 0.8785707 0.1446358 0.8888201 0.1463267 0.8785119 0.1446358 0.8888201 0.1491931 0.8886184 0.5042573 0.8224471 0.506341 0.8222812 0.506341 0.8168534 0.5042573 0.8224471 0.506341 0.8168534 0.5042573 0.8166841 0.1404635 0.9397465 0.1408312 0.9444121 0.1435484 0.9444121 0.1404635 0.9397465 0.1435484 0.9444121 0.143924 0.9397465 0.4419443 0.5066675 0.4434143 0.5022118 0.4419442 0.5012246 0.3316307 0.5741054 0.3324682 0.5745389 0.3487339 0.5582165 0.5727601 0.7812701 0.5721303 0.780759 0.5597283 0.8003911 0.258002 0.5793566 0.2548394 0.579732 0.2548394 0.582457 0.2686385 0.6219373 0.269603 0.6218987 0.2700955 0.6150701 0.2686385 0.6219373 0.2700955 0.6150701 0.2691777 0.6144096 0.1621154 0.5979606 0.1634609 0.5980989 0.1645808 0.5890082 0.1621154 0.5979606 0.1645808 0.5890082 0.1599763 0.5885347 0.9625463 0.3058105 0.9631119 0.2737031 0.9621149 0.273536 0.9625463 0.3058105 0.9621149 0.273536 0.9615494 0.3056434 0.5791832 0.7771814 0.5715215 0.7800921 0.5721303 0.780759 0.5791832 0.7771814 0.5721303 0.780759 0.5791317 0.7781006 0.3305919 0.5814566 0.3401257 0.612948 0.3410639 0.6126827 0.3305919 0.5814566 0.3410639 0.6126827 0.3315303 0.5811911 0.5791317 0.7781006 0.6119399 0.7806077 0.6119913 0.7796883 0.5791317 0.7781006 0.6119913 0.7796883 0.5791832 0.7771814 0.9615494 0.3056434 0.9621747 0.3129456 0.9631119 0.3123704 0.9615494 0.3056434 0.9631119 0.3123704 0.9625463 0.3058105 0.2671601 0.6221284 0.2676693 0.6548289 0.2686385 0.6547324 0.2671601 0.6221284 0.2686385 0.6547324 0.2681292 0.6220321 0.5338767 0.7870737 0.5352786 0.7870737 0.5370541 0.7769874 0.5338767 0.7870737 0.5370541 0.7769874 0.5322564 0.7769874 0.144995 0.8785707 0.1438941 0.8785117 0.1408681 0.8886184 0.144995 0.8785707 0.1408681 0.8886184 0.1446358 0.8888201 0.3315303 0.5811911 0.3324682 0.5745389 0.3316307 0.5741054 0.3315303 0.5811911 0.3316307 0.5741054 0.3305919 0.5814566 0.5481551 0.9702879 0.5467393 0.9702879 0.5442909 0.9802675 0.5481551 0.9702879 0.5442909 0.9802675 0.549137 0.9802675 0.1645808 0.5890082 0.1634609 0.5980989 0.1645332 0.5979607 0.1645808 0.5890082 0.1645332 0.5979607 0.1682505 0.5885347 0.3324301 0.582093 0.33327 0.5818296 0.3342188 0.574453 0.3324301 0.582093 0.3342188 0.574453 0.3334761 0.573961 0.1865164 0.5331748 0.191913 0.53326 0.191913 0.5097029 0.1865164 0.5331748 0.191913 0.5097029 0.1865164 0.5096177 0.3119536 0.2702921 0.311955 0.266042 0.2982132 0.266042 0.3119536 0.2702921 0.2982132 0.266042 0.2982121 0.2702921 0.1426655 0.6508302 0.1426655 0.646579 0.1289233 0.646579 0.1426655 0.6508302 0.1289233 0.646579 0.1289238 0.6508302 0.2704571 0.3172459 0.2704805 0.3198043 0.2817261 0.3198043 0.1811454 0.5332614 0.1865164 0.5331748 0.1865164 0.5096177 0.1811454 0.5332614 0.1865164 0.5096177 0.1811454 0.5097043 0.2694992 0.2081266 0.2695004 0.2143427 0.2929397 0.2143427 0.2694992 0.2081266 0.2929397 0.2143427 0.2929384 0.2081266 0.1446 0.6912426 0.1446201 0.6952165 0.1583608 0.6952165 0.1446 0.6912426 0.1583608 0.6952165 0.1583407 0.6912426 0.1406401 0.6106488 0.1376734 0.6106474 0.1376734 0.6218417 0.2709542 0.2352899 0.2709512 0.2415062 0.2944072 0.241506 0.6249844 0.05124622 0.6250004 0.05475479 0.638742 0.05475479 0.6249844 0.05124622 0.638742 0.05475479 0.638726 0.05124622 0.6250004 0.05475479 0.6249882 0.05859476 0.6387297 0.05859476 0.6250004 0.05475479 0.6387297 0.05859476 0.638742 0.05475479 0.1446354 0.6879369 0.1446 0.6912426 0.1583407 0.6912426 0.1446354 0.6879369 0.1583407 0.6912426 0.1583762 0.6879369 0.1288018 0.5881595 0.1288018 0.5367199 0.1272966 0.536723 0.1288018 0.5881595 0.1272966 0.536723 0.1272966 0.5881627 0.3372669 0.2243876 0.2908345 0.2243876 0.2908335 0.234721 0.3372669 0.2243876 0.2908335 0.234721 0.3429176 0.234721 0.04477894 0.5821959 0.04477888 0.628489 0.04628401 0.6284897 0.04477894 0.5821959 0.04628401 0.6284897 0.04628401 0.5821967 0.3284935 0.1610912 0.2764105 0.1610912 0.2764083 0.1714221 0.3284935 0.1610912 0.2764083 0.1714221 0.3228397 0.1714221 0.1392908 0.670692 0.1313434 0.670692 0.1313331 0.6725202 0.1392908 0.670692 0.1313331 0.6725202 0.1392806 0.6725202 0.4973071 0.6073281 0.4940901 0.6073262 0.4941062 0.6113678 0.4973071 0.6073281 0.4941062 0.6113678 0.4973233 0.6113696 0.05893409 0.6118192 0.05893403 0.6197664 0.06088101 0.6197478 0.05893409 0.6118192 0.06088101 0.6197478 0.06088101 0.6118006 0.08988088 0.6354344 0.08666348 0.6354339 0.08666348 0.6403297 0.08988088 0.6354344 0.08666348 0.6403297 0.08988088 0.6403301 0.2754887 0.1726168 0.2754955 0.1758334 0.2800719 0.1758006 0.2754887 0.1726168 0.2800719 0.1758006 0.2800654 0.1725841 0.2699699 0.2718631 0.2699663 0.273642 0.277914 0.2736421 0.2699699 0.2718631 0.277914 0.2736421 0.2779175 0.2718631 0.2716814 0.1725841 0.2716881 0.1758006 0.2754955 0.1758334 0.2716814 0.1725841 0.2754955 0.1758334 0.2754887 0.1726168 0.0731998 0.6336823 0.0731998 0.6360878 0.07560509 0.6360873 0.0731998 0.6336823 0.07560509 0.6360873 0.07560509 0.6336819 0.2021676 0.1975816 0.205385 0.197581 0.205385 0.192687 0.2021676 0.1975816 0.205385 0.192687 0.2021676 0.1926876 0.4973233 0.6113696 0.4941062 0.6113678 0.4940901 0.6157898 0.4973233 0.6113696 0.4940901 0.6157898 0.4973071 0.6157916 0.2708086 0.2081266 0.278756 0.2081266 0.2787666 0.2062984 0.2708086 0.2081266 0.2787666 0.2062984 0.270819 0.2062984 0.4926599 0.5745078 0.4894425 0.5745063 0.4894264 0.5789282 0.4926599 0.5745078 0.4894264 0.5789282 0.4926438 0.5789298 0.1182611 0.613713 0.11647 0.6137211 0.11647 0.6216685 0.1182611 0.613713 0.11647 0.6216685 0.1182611 0.6216606 0.1980121 0.1942658 0.1947951 0.1942665 0.1947951 0.1991605 0.1980121 0.1942658 0.1947951 0.1991605 0.1980121 0.1991597 0.07560509 0.6336823 0.07560509 0.6360878 0.07801049 0.6360873 0.07560509 0.6336823 0.07801049 0.6360873 0.07801049 0.6336819 0.09503698 0.6321854 0.09504365 0.6354024 0.09885138 0.6354348 0.09503698 0.6321854 0.09885138 0.6354348 0.09884458 0.6322178 0.6181904 0.06968694 0.618187 0.0714665 0.6261346 0.0714665 0.6181904 0.06968694 0.6261346 0.0714665 0.626138 0.06968694 0.09884458 0.6322178 0.09885138 0.6354348 0.1034278 0.6354024 0.09884458 0.6322178 0.1034278 0.6354024 0.103421 0.6321854 0.08344608 0.6403297 0.08666348 0.6403301 0.08666348 0.6354344 0.08344608 0.6403297 0.08666348 0.6354344 0.08344608 0.6354339 0.6232497 0.03234297 0.6311969 0.03234297 0.6311782 0.0303958 0.6232497 0.03234297 0.6311782 0.0303958 0.6232312 0.0303958 0.4926438 0.5704663 0.4894264 0.5704646 0.4894425 0.5745063 0.4926438 0.5704663 0.4894425 0.5745063 0.4926599 0.5745078 0.2707099 0.281994 0.2707179 0.2837848 0.2786656 0.2837848 0.2707099 0.281994 0.2786656 0.2837848 0.2786576 0.281994 0.2737789 0.310047 0.2817261 0.310047 0.2817075 0.3080999 0.2737789 0.310047 0.2817075 0.3080999 0.2737606 0.3080999 0.1129007 0.6216606 0.1146796 0.6216642 0.1146797 0.6137166 0.1129007 0.6216606 0.1146797 0.6137166 0.1129008 0.613713 0.07597798 0.6267644 0.07838374 0.6267648 0.07838374 0.6243594 0.07597798 0.6267644 0.07838374 0.6243594 0.07597798 0.6243592 0.11647 0.613713 0.1146797 0.6137211 0.1146796 0.6216685 0.11647 0.613713 0.1146796 0.6216685 0.11647 0.6216606 0.6932071 0.1442655 0.4308236 0.1442655 0.430828 0.146354 0.6932071 0.1442655 0.430828 0.146354 0.6932114 0.146354 0.04419481 0.321966 0.04419505 0.5821949 0.04628401 0.5821956 0.04419481 0.321966 0.04628401 0.5821956 0.04628407 0.321967 0.03870803 0.5866815 0.03870803 0.321011 0.03703695 0.3248777 0.03870803 0.5866815 0.03703695 0.3248777 0.03703689 0.5858898 0.03036278 0.3180245 0.03036278 0.5836897 0.0320335 0.5828984 0.03036278 0.3180245 0.0320335 0.5828984 0.0320335 0.3218916 0.2139074 0.03188592 0.234965 0.03188592 0.2349721 0.02246409 0.2139074 0.03188592 0.2349721 0.02246409 0.2139146 0.02246409 0.2139165 0.04094821 0.234974 0.04094821 0.234965 0.03188592 0.2139165 0.04094821 0.234965 0.03188592 0.2139074 0.03188592 0.2139061 0.01392799 0.2349619 0.01392799 0.2349314 0.004188835 0.2139061 0.01392799 0.2349314 0.004188835 0.2138755 0.004188835 0.2138371 0.02246385 0.2348932 0.02246385 0.2349619 0.01392799 0.2138371 0.02246385 0.2349619 0.01392799 0.2139061 0.01392799 0.6597996 0.04914861 0.638742 0.04914861 0.6387587 0.05859476 0.6597996 0.04914861 0.6387587 0.05859476 0.659816 0.05859476 0.6598213 0.0401166 0.6387637 0.0401166 0.638742 0.04914861 0.6598213 0.0401166 0.638742 0.04914861 0.6597996 0.04914861 0.01396697 0.2591111 0.01396703 0.002195894 0.01187801 0.002200067 0.01396697 0.2591111 0.01187801 0.002200067 0.01187801 0.2591153 0.2662456 0.5448709 0.24755 0.5448709 0.2475485 0.5469601 0.2662456 0.5448709 0.2475485 0.5469601 0.266244 0.5469601 0.01187801 0.258128 0.01187801 0.002196848 0.009789288 0.002195894 0.01187801 0.258128 0.009789288 0.002195894 0.009789228 0.2581269 0.196781 0.5873827 0.1946921 0.587388 0.1946921 0.6037802 0.196781 0.5873827 0.1946921 0.6037802 0.196781 0.603775 0.009789228 0.2623298 0.009789288 0.002195894 0.008117914 0.005468785 0.009789228 0.2623298 0.008117914 0.005468785 0.008117854 0.2621702 0.006446778 0.002195894 0.006446778 0.2623243 0.008117854 0.2621656 0.006446778 0.002195894 0.008117854 0.2621656 0.008117914 0.005469322 0.6339827 0.0646134 0.6359384 0.0630961 0.6171031 0.0630961 0.6339827 0.0646134 0.6171031 0.0630961 0.6172799 0.06475764 0.2475361 0.5693643 0.2477136 0.5677028 0.2288777 0.5677023 0.2475361 0.5693643 0.2288777 0.5677023 0.2308328 0.5692196 0.4926599 0.5704653 0.4926599 0.5816518 0.4956264 0.5816511 0.4926599 0.5704653 0.4956264 0.5816511 0.4956264 0.5704646 0.2704805 0.3249425 0.2817261 0.3249425 0.2817023 0.3223851 0.2704805 0.3249425 0.2817023 0.3223851 0.2704571 0.3223851 0.2704571 0.3223851 0.2817023 0.3223851 0.2817255 0.3198043 0.2704571 0.3223851 0.2817255 0.3198043 0.2704799 0.3198043 0.1376734 0.621843 0.1376734 0.6106488 0.1347066 0.6106474 0.1376734 0.621843 0.1347066 0.6106474 0.1347065 0.6218417 0.2817255 0.3249426 0.2704829 0.3249425 0.2704422 0.3275186 0.2817255 0.3249426 0.2704422 0.3275186 0.2816848 0.3275186 0.2816848 0.3275186 0.2704422 0.3275186 0.2704835 0.3300818 0.2816848 0.3275186 0.2704835 0.3300818 0.2817261 0.3300818 0.5570021 0.4986841 0.5331278 0.3554387 0.5331278 0.4986841 0.5331278 0.4986841 0.5092535 0.3554387 0.5092535 0.4986841 0.5092535 0.4986841 0.5092535 0.3554387 0.4853792 0.3554387 0.5092535 0.4986841 0.4853792 0.3554387 0.4853792 0.4986841 0.4853792 0.4986841 0.4853792 0.3554387 0.4615052 0.3554387 0.4853792 0.4986841 0.4615052 0.3554387 0.4615052 0.4986841 0.4615052 0.4986841 0.4615052 0.3554387 0.4376308 0.3554387 0.4615052 0.4986841 0.4376308 0.3554387 0.4376308 0.4986841 0.4376308 0.4986841 0.4376308 0.3554387 0.4137563 0.3554387 0.4376308 0.4986841 0.4137563 0.3554387 0.4137563 0.4986841 0.4137563 0.4986841 0.4137563 0.3554387 0.3898822 0.3554387 0.4137563 0.4986841 0.3898822 0.3554387 0.3898822 0.4986841 0.3898822 0.4986841 0.3898822 0.3554387 0.3660081 0.3554387 0.3898822 0.4986841 0.3660081 0.3554387 0.3660081 0.4986841 0.3660081 0.4986841 0.3660081 0.3554387 0.3421337 0.3554387 0.3660081 0.4986841 0.3421337 0.3554387 0.3421337 0.4986841 0.3421337 0.4986841 0.3421337 0.3554387 0.3182595 0.3554387 0.3421337 0.4986841 0.3182595 0.3554387 0.3182595 0.4986841 0.3182595 0.4986841 0.3182595 0.3554387 0.2943851 0.3554387 0.3182595 0.4986841 0.2943851 0.3554387 0.2943851 0.4986841 0.1093446 0.5020173 0.09147644 0.50202 0.09646165 0.5102031 0.1093446 0.5020173 0.09646165 0.5102031 0.1043585 0.5102021 0.1317716 0.6561547 0.1496398 0.6561547 0.1496409 0.6528147 0.1317716 0.6561547 0.1496409 0.6528147 0.1317722 0.6528147 0.2103627 0.6167911 0.2186808 0.6167935 0.2186808 0.5989248 0.2103627 0.6167911 0.2186808 0.5989248 0.2103627 0.5989224 0.1093446 0.6106193 0.1093446 0.5927523 0.09412723 0.5927205 0.1093446 0.6106193 0.09412723 0.5927205 0.09412723 0.6105876 0.5032492 0.3483251 0.6740998 0.3524968 0.6834257 0.3437184 0.5032492 0.3483251 0.6834257 0.3437184 0.5033605 0.3437184 0.2001638 0.2002618 0.2016704 0.2002632 0.2016704 0.1975904 0.2001638 0.2002618 0.2016704 0.1975904 0.2001638 0.1975896 0.2001638 0.2002641 0.2001638 0.1975914 0.1986591 0.1975896 0.2001638 0.2002641 0.1986591 0.1975896 0.1986591 0.2002618 0.1093446 0.3301519 0.1093446 0.5102031 0.1272128 0.5102006 0.1093446 0.3301519 0.1272128 0.5102006 0.1272128 0.3301491 0.1093446 0.3301519 0.1272128 0.3301491 0.1222276 0.321966 0.1093446 0.3301519 0.1222276 0.321966 0.1143302 0.321967 0.8349625 0.01221853 0.6641882 0.01221853 0.6641865 0.03008753 0.8349625 0.01221853 0.6641865 0.03008753 0.8349606 0.03008753 0.6851105 0.2011083 0.6849979 0.196502 0.5048922 0.1964954 0.6851105 0.2011083 0.5048922 0.1964954 0.5142227 0.2052736 0.06617766 0.6329385 0.0705648 0.6329478 0.0705648 0.6250512 0.06617766 0.6329385 0.0705648 0.6250512 0.06617766 0.6250421 0.8349625 0.01221853 0.8349606 0.03008753 0.8431391 0.02510172 0.8349625 0.01221853 0.8431391 0.02510172 0.8431399 0.01720482 0.6849979 0.196502 0.6851105 0.2011083 0.6932114 0.2009365 0.6849979 0.196502 0.6932114 0.2009365 0.693103 0.1964954 0.5032492 0.3483251 0.5033605 0.3437184 0.495041 0.3437218 0.5032492 0.3483251 0.495041 0.3437218 0.4949334 0.3481628 0.3191287 0.2714002 0.3191193 0.2892684 0.404617 0.2892684 0.3191287 0.2714002 0.404617 0.2892684 0.4046263 0.2714002 0.2817278 0.3258499 0.2817261 0.3437184 0.3024926 0.3437184 0.2817278 0.3258499 0.3024926 0.3437184 0.3024942 0.3258499 0.1093457 0.5927205 0.1272128 0.5926833 0.1272128 0.5102031 0.1093457 0.5927205 0.1272128 0.5102031 0.1093457 0.5102406 0.6834257 0.3437184 0.6740998 0.3524968 0.6720794 0.4359835 0.6834257 0.3437184 0.6720794 0.4359835 0.6813514 0.4294473 0.5142227 0.2052736 0.5048922 0.1964954 0.5069893 0.2822245 0.5142227 0.2052736 0.5069893 0.2822245 0.5162647 0.288762 0.4954846 0.2892684 0.5036461 0.2823066 0.5032694 0.2669028 0.4954846 0.2892684 0.5032694 0.2669028 0.4949426 0.26711 0.6813514 0.4294473 0.6720794 0.4359835 0.6928551 0.4364911 0.6813514 0.4294473 0.6928551 0.4364911 0.6846936 0.4295284 0.5162647 0.288762 0.5069893 0.2822245 0.5036461 0.2823066 0.5162647 0.288762 0.5036461 0.2823066 0.4954846 0.2892684 0.2738339 0.1470593 0.2917024 0.1470593 0.2917033 0.1437202 0.2738339 0.1470593 0.2917033 0.1437202 0.273835 0.1437202 0.2929373 0.2226607 0.2929397 0.2143427 0.2750714 0.2143427 0.2929373 0.2226607 0.2750714 0.2143427 0.275069 0.2226608 0.6426081 0.01487046 0.624741 0.01487046 0.6247093 0.03008753 0.6426081 0.01487046 0.6247093 0.03008753 0.6425763 0.03008753 0.2929489 0.2047921 0.2929397 0.2226608 0.3150381 0.2226608 0.2929489 0.2047921 0.3150381 0.2226608 0.3150473 0.2047921 0.6846936 0.4295284 0.6928551 0.4364911 0.6933913 0.414333 0.6846936 0.4295284 0.6933913 0.414333 0.6850666 0.4141256 0.2114782 0.3362786 0.2114782 0.3468539 0.253944 0.3468317 0.2114782 0.3362786 0.253944 0.3468317 0.253944 0.3362567 0.131419 0.5888045 0.1282068 0.588804 0.1282067 0.6313969 0.131419 0.5888045 0.1282067 0.6313969 0.131419 0.6313975 0.2335373 0.5774748 0.2477116 0.5774748 0.2477136 0.5693643 0.2335373 0.5774748 0.2477136 0.5693643 0.233539 0.5693643 0.3006195 0.5779128 0.3035779 0.5811226 0.3035779 0.5698083 0.3006195 0.5779128 0.3035779 0.5698083 0.3006195 0.569809 0.2623875 0.5779092 0.2623875 0.5811184 0.3035779 0.5811226 0.2623875 0.5779092 0.3035779 0.5811226 0.3006195 0.5779128 0.22768 0.54808 0.2276802 0.5512896 0.2659122 0.5512896 0.22768 0.54808 0.2659122 0.5512896 0.2688702 0.54808 0.2825188 0.2689188 0.2966508 0.2689188 0.2966525 0.2659605 0.2825188 0.2689188 0.2966525 0.2659605 0.2825202 0.2659605 0.2884671 0.2737028 0.274335 0.2737028 0.2743334 0.2766609 0.2884671 0.2737028 0.2743334 0.2766609 0.2884654 0.2766609 0.2688702 0.54808 0.2659122 0.5512896 0.265913 0.5593937 0.2688702 0.54808 0.265913 0.5593937 0.2688717 0.5593953 0.2114782 0.2388852 0.2114782 0.24946 0.253944 0.2494382 0.2114782 0.2388852 0.253944 0.2494382 0.253944 0.2388631 0.2603951 0.1971147 0.2603944 0.2003265 0.3029871 0.2003265 0.2603951 0.1971147 0.3029871 0.2003265 0.3029879 0.1971147 0.2120113 0.0434122 0.2120113 0.05398684 0.254078 0.05407458 0.2120113 0.0434122 0.254078 0.05407458 0.254078 0.04350048 0.3734411 0.1469544 0.3734415 0.1437418 0.3308477 0.1437417 0.3734411 0.1469544 0.3308477 0.1437417 0.3308476 0.1469545 0.2120113 0.1407995 0.2120113 0.1513739 0.254078 0.151462 0.2120113 0.1407995 0.254078 0.151462 0.254078 0.1408874 0.3189983 0.3489972 0.3189986 0.3457846 0.2764049 0.3457846 0.3189983 0.3489972 0.2764049 0.3457846 0.2764045 0.3489972 0.07114571 0.3252081 0.06793618 0.321967 0.06793618 0.5123363 0.07114571 0.3252081 0.06793618 0.5123363 0.07114565 0.5090948 0.254078 0.1408874 0.2681157 0.192687 0.2681158 0.00233376 0.254078 0.1408874 0.2681158 0.00233376 0.254078 0.05407458 0.07999503 0.5742491 0.08320355 0.5774914 0.09147644 0.5774936 0.07999503 0.5742491 0.09147644 0.5774936 0.0914725 0.5742524 0.07114565 0.5090948 0.06793618 0.5123363 0.07941722 0.5123351 0.07114565 0.5090948 0.07941722 0.5123351 0.07942116 0.5090938 0.07999503 0.615448 0.08320355 0.6154488 0.08320355 0.5774914 0.07999503 0.615448 0.08320355 0.5774914 0.07999503 0.5742491 0.3191185 0.2653698 0.3191193 0.2621619 0.2779207 0.2621617 0.3191185 0.2653698 0.2779207 0.2621617 0.2811609 0.2653697 0.292938 0.2081266 0.2929397 0.2048856 0.2787685 0.2048856 0.292938 0.2081266 0.2787685 0.2048856 0.2787666 0.2081266 0.2966508 0.2731336 0.2966525 0.2698931 0.2824811 0.2698931 0.2966508 0.2731336 0.2824811 0.2698931 0.2824795 0.2731336 0.639746 0.08729153 0.625532 0.08729153 0.6255314 0.09557491 0.639746 0.08729153 0.6255314 0.09557491 0.6397451 0.09557491 0.06793618 0.321967 0.07114571 0.3252081 0.07942122 0.3252071 0.06793618 0.321967 0.07942122 0.3252071 0.07941728 0.321966 0.2811609 0.2653697 0.2779207 0.2621617 0.2779175 0.2736381 0.2811609 0.2653697 0.2779175 0.2736381 0.2811586 0.2736421 0.639746 0.07900959 0.6255322 0.07900959 0.6255303 0.08729153 0.639746 0.07900959 0.6255303 0.08729153 0.6397441 0.08729153 0.253944 0.3362567 0.2681149 0.3847817 0.268115 0.2008985 0.253944 0.3362567 0.268115 0.2008985 0.253944 0.2494382 0.06088101 0.6008834 0.06408995 0.6008844 0.06408995 0.5140652 0.06088101 0.6008834 0.06408995 0.5140652 0.06088101 0.5140643 0.06408995 0.5140644 0.06408995 0.6008848 0.06729942 0.6008844 0.06408995 0.5140644 0.06729942 0.6008844 0.06729942 0.5140643 0.2028536 0.1113414 0.2120113 0.1407995 0.2120113 0.05398684 0.2028536 0.1113414 0.2120113 0.05398684 0.2028536 0.08340656 0.2022334 0.3068425 0.2114782 0.3362786 0.2114782 0.24946 0.2022334 0.3068425 0.2114782 0.24946 0.2022334 0.2789056 0.1995494 0.6012246 0.1995494 0.6153994 0.2076615 0.6154001 0.1995494 0.6012246 0.2076615 0.6154001 0.2076615 0.6012253 0.1915774 0.1991683 0.1915774 0.1942665 0.1883655 0.1942658 0.1915774 0.1991683 0.1883655 0.1942658 0.1883655 0.1991676 0.1093871 0.5927205 0.1093871 0.6206575 0.1125954 0.6206584 0.1093871 0.5927205 0.1125954 0.6206584 0.1125954 0.5927213 0.2085977 0.1975896 0.2085977 0.1926874 0.205385 0.192687 0.2085977 0.1975896 0.205385 0.192687 0.205385 0.1975892 0.6999891 0.1360504 0.7000415 0.2602061 0.7116467 0.2602037 0.6999891 0.1360504 0.7116467 0.2602037 0.7115947 0.1360481 0.6933913 0.2892684 0.6934553 0.4130546 0.696443 0.4130541 0.6933913 0.2892684 0.696443 0.4130541 0.696379 0.2892684 0.0579617 0.6073934 0.05808186 0.4832353 0.04647356 0.4832231 0.0579617 0.6073934 0.04647356 0.4832231 0.04635393 0.6073814 0.8869112 0.1434301 0.8866547 0.2660521 0.8896424 0.2660524 0.8869112 0.1434301 0.8896424 0.2660524 0.8898987 0.1434301 0.7116467 0.2602037 0.7000415 0.2602061 0.6999891 0.2739674 0.7116467 0.2602037 0.6999891 0.2739674 0.7115947 0.2739652 0.8796621 0.2871677 0.8783423 0.2844178 0.8660646 0.2863177 0.8796621 0.2871677 0.8660646 0.2863177 0.8660585 0.2892684 0.8896424 0.2660524 0.8866547 0.2660521 0.8846745 0.2780634 0.8896424 0.2660524 0.8846745 0.2780634 0.8874394 0.279626 0.696443 0.4130541 0.6934553 0.4130546 0.6956374 0.4267563 0.696443 0.4130541 0.6956374 0.4267563 0.6984041 0.4251798 0.04647356 0.4832231 0.05808186 0.4832353 0.05806094 0.4710832 0.04647356 0.4832231 0.05806094 0.4710832 0.04645287 0.471071 0.7047271 0.4315945 0.7034032 0.4343699 0.7170039 0.4364911 0.7047271 0.4315945 0.7170039 0.4364911 0.7170026 0.4335116 0.9879173 0.3997481 0.9995104 0.3997513 0.9994062 0.3874862 0.9879173 0.3997481 0.9994062 0.3874862 0.9878138 0.3874832 0.07977932 0.5063185 0.09137636 0.5063174 0.09147602 0.4927217 0.07977932 0.5063185 0.09147602 0.4927217 0.07987922 0.4927229 0.07942116 0.5140643 0.09101778 0.5140631 0.09137636 0.5063174 0.07942116 0.5140643 0.09137636 0.5063174 0.07977932 0.5063185 0.04645287 0.471071 0.05806094 0.4710832 0.0579617 0.4646818 0.04645287 0.471071 0.0579617 0.4646818 0.04635393 0.4646697 0.6984041 0.4251798 0.6956374 0.4267563 0.7034032 0.4343699 0.6984041 0.4251798 0.7034032 0.4343699 0.7047271 0.4315945 0.8874394 0.279626 0.8846745 0.2780634 0.8783423 0.2844178 0.8874394 0.279626 0.8783423 0.2844178 0.8796621 0.2871677 0.9994062 0.2381149 0.9878137 0.2381118 0.9878138 0.3874832 0.9994062 0.2381149 0.9878138 0.3874832 0.9994062 0.3874862 0.7167044 0.2863177 0.7166982 0.2892684 0.8660585 0.2892684 0.7167044 0.2863177 0.8660585 0.2892684 0.8660646 0.2863177 0.8663738 0.4364911 0.8663723 0.4335126 0.7170026 0.4335116 0.8663738 0.4364911 0.7170026 0.4335116 0.7170039 0.4364911 0.1406401 0.4771968 0.1406732 0.6013547 0.1522812 0.6013529 0.1406401 0.4771968 0.1522812 0.6013529 0.1522485 0.4771944 0.6934679 0.1434301 0.6932114 0.2660524 0.696199 0.2660524 0.6934679 0.1434301 0.696199 0.2660524 0.6964554 0.1434301 0.05788958 0.4646697 0.05808192 0.340514 0.0464763 0.3404939 0.05788958 0.4646697 0.0464763 0.3404939 0.04628401 0.4646492 0.8868468 0.2892684 0.886911 0.4130546 0.8898987 0.4130546 0.8868468 0.2892684 0.8898987 0.4130546 0.8898347 0.2892684 0.1522812 0.6013529 0.1406732 0.6013547 0.1406401 0.6151096 0.1522812 0.6013529 0.1406401 0.6151096 0.1522485 0.6151077 0.8799729 0.4343699 0.8786461 0.4315945 0.8663723 0.4335126 0.8799729 0.4343699 0.8663723 0.4335126 0.8663738 0.4364911 0.8898987 0.4130546 0.886911 0.4130546 0.8849622 0.4251798 0.8898987 0.4130546 0.8849622 0.4251798 0.8877305 0.4267563 0.696199 0.2660524 0.6932114 0.2660524 0.6953581 0.279626 0.696199 0.2660524 0.6953581 0.279626 0.6981291 0.2780634 0.0464763 0.3404939 0.05808192 0.340514 0.0580486 0.3283683 0.0464763 0.3404939 0.0580486 0.3283683 0.0464428 0.328348 0.7044346 0.2844178 0.7031036 0.2871677 0.7166982 0.2892684 0.7044346 0.2844178 0.7166982 0.2892684 0.7167044 0.2863177 0.9995099 0.2258306 0.9879173 0.2258273 0.9878137 0.2381118 0.9995099 0.2258306 0.9878137 0.2381118 0.9994062 0.2381149 0.09137636 0.3297443 0.07977932 0.3297452 0.07987922 0.3433501 0.09137636 0.3297443 0.07987922 0.3433501 0.09147644 0.3433488 0.09101784 0.321966 0.07942122 0.321967 0.07977932 0.3297452 0.09101784 0.321966 0.07977932 0.3297452 0.09137636 0.3297443 0.0464428 0.328348 0.0580486 0.3283683 0.05788964 0.3219864 0.0464428 0.328348 0.05788964 0.3219864 0.04628407 0.321966 0.6981291 0.2780634 0.6953581 0.279626 0.7031036 0.2871677 0.6981291 0.2780634 0.7031036 0.2871677 0.7044346 0.2844178 0.8877305 0.4267563 0.8849622 0.4251798 0.8786461 0.4315945 0.8877305 0.4267563 0.8786461 0.4315945 0.8799729 0.4343699 0.09147644 0.3433488 0.07987922 0.3433501 0.07987922 0.4927229 0.09147644 0.3433488 0.07987922 0.4927229 0.09147602 0.4927217 0.171082 0.5446898 0.1809815 0.5446761 0.180982 0.3527233 0.171082 0.5446898 0.180982 0.3527233 0.171082 0.3527368 0.3030058 0.1986514 0.3029879 0.2003265 0.4949247 0.2003265 0.3030058 0.1986514 0.4949247 0.2003265 0.4949426 0.1986513 0.4949334 0.345497 0.4949252 0.3437184 0.3029761 0.3437184 0.4949334 0.345497 0.3029761 0.3437184 0.3029842 0.345497 0.05808186 0.5139171 0.06793618 0.5139493 0.06793618 0.3219984 0.05808186 0.5139171 0.06793618 0.3219984 0.05808192 0.321966 0.4127224 0.7342263 0.4328749 0.7424094 0.4144498 0.7321857 0.3993105 0.7168503 0.4127224 0.7342263 0.4144498 0.7321857 0.3993105 0.7168503 0.4144498 0.7321857 0.4016557 0.7155884 0.5694722 0.6096363 0.576662 0.6096727 0.5777807 0.5840547 0.5694722 0.6096363 0.5777807 0.5840547 0.5706046 0.5837014 0.3804881 0.6749734 0.3993105 0.7168503 0.4016557 0.7155884 0.3804881 0.6749734 0.4016557 0.7155884 0.382938 0.6739408 0.5706046 0.5837014 0.5777807 0.5840547 0.5809611 0.5373412 0.5706046 0.5837014 0.5809611 0.5373412 0.5737888 0.5369758 0.3626355 0.6286669 0.3804881 0.6749734 0.382938 0.6739408 0.3626355 0.6286669 0.382938 0.6739408 0.3651469 0.6277929 0.6058058 0.5981755 0.6076127 0.5525192 0.6033031 0.5524067 0.6058058 0.5981755 0.6033031 0.5524067 0.6014959 0.5981805 0.5737888 0.5369758 0.5809611 0.5373412 0.5838585 0.4872068 0.5737888 0.5369758 0.5838585 0.4872068 0.5766868 0.486898 0.3466174 0.5766196 0.3626355 0.6286669 0.3651469 0.6277929 0.3466174 0.5766196 0.3651469 0.6277929 0.3493002 0.576361 0.6076127 0.5525192 0.6106793 0.5031468 0.6063743 0.5028791 0.6076127 0.5525192 0.6063743 0.5028791 0.6033031 0.5524067 0.5766868 0.486898 0.5838585 0.4872068 0.5862861 0.4306536 0.5766868 0.486898 0.5862861 0.4306536 0.5791171 0.4303247 0.6155418 0.4495422 0.6112495 0.4491018 0.6063743 0.5028791 0.6155418 0.4495422 0.6063743 0.5028791 0.6106793 0.5031468 0.6167349 0.606078 0.6200973 0.6061766 0.6195321 0.5842284 0.6167349 0.606078 0.6195321 0.5842284 0.6161695 0.5841354 0.6178529 0.6519762 0.6212158 0.6520762 0.6200973 0.6061766 0.6178529 0.6519762 0.6200973 0.6061766 0.6167349 0.606078 0.6182321 0.7016034 0.6215955 0.7017042 0.6212158 0.6520762 0.6182321 0.7016034 0.6212158 0.6520762 0.6178529 0.6519762 0.6174592 0.756055 0.6208226 0.7561579 0.6215955 0.7017042 0.6174592 0.756055 0.6215955 0.7017042 0.6182321 0.7016034 0.4046627 0.7440106 0.4303941 0.7472873 0.4111167 0.7365044 0.3890044 0.7237042 0.4046627 0.7440106 0.4111167 0.7365044 0.3890044 0.7237042 0.4111167 0.7365044 0.3977426 0.7190926 0.3698647 0.6809733 0.3890044 0.7237042 0.3977426 0.7190926 0.3698647 0.6809733 0.3977426 0.7190926 0.3789746 0.6771909 0.3517741 0.6341267 0.3698647 0.6809733 0.3789746 0.6771909 0.3517741 0.6341267 0.3789746 0.6771909 0.3610905 0.6308949 0.3350168 0.5800583 0.3517741 0.6341267 0.3610905 0.6308949 0.3350168 0.5800583 0.3610905 0.6308949 0.3449072 0.5788948 0.3843314 0.782902 0.3777379 0.7950512 0.4026123 0.8024781 0.3843314 0.782902 0.4026123 0.8024781 0.4042884 0.7887995 0.4042884 0.7887995 0.4026123 0.8024781 0.4493798 0.8049722 0.4042884 0.7887995 0.4493798 0.8049722 0.449766 0.7912196 0.449766 0.7912196 0.4493798 0.8049722 0.4995416 0.8049457 0.449766 0.7912196 0.4995416 0.8049457 0.4990708 0.7911954 0.552591 0.7875112 0.4990708 0.7911954 0.4995416 0.8049457 0.552591 0.7875112 0.4995416 0.8049457 0.5560277 0.8009678 0.6249844 0.04773694 0.638726 0.04773694 0.6387382 0.04389744 0.6249844 0.04773694 0.6387382 0.04389744 0.6249967 0.04389744 0.3740719 0.2293913 0.3878134 0.2293913 0.3878148 0.2251425 0.3740719 0.2293913 0.3878148 0.2251425 0.374073 0.2251425 0.1583762 0.6952165 0.1446354 0.6952165 0.1446 0.6985221 0.1583762 0.6952165 0.1446 0.6985221 0.1583407 0.6985221 0.1583407 0.6985221 0.1446 0.6985221 0.1446201 0.7024955 0.1583407 0.6985221 0.1446201 0.7024955 0.1583608 0.7024955 0.05071115 0.6211354 0.05071121 0.6073934 0.04646033 0.6073939 0.05071115 0.6211354 0.04646033 0.6073939 0.04646027 0.6211357 0.6250004 0.05124574 0.638742 0.05124622 0.638726 0.04773694 0.6250004 0.05124574 0.638726 0.04773694 0.6249844 0.04773694 0.9631155 0.2338451 0.9631155 0.2104271 0.9565246 0.2104052 0.9631155 0.2338451 0.9565246 0.2104052 0.9565246 0.2338231 0.5492502 0.5258175 0.5492502 0.5008324 0.5435813 0.5008649 0.5492502 0.5258175 0.5435813 0.5008649 0.5435813 0.52585 0.5435813 0.52585 0.5435813 0.5008649 0.5378347 0.5008337 0.5435813 0.52585 0.5378347 0.5008337 0.5378347 0.5258189 0.3088291 0.6391447 0.3088291 0.6630831 0.3154194 0.6631157 0.3088291 0.6391447 0.3154194 0.6631157 0.3154194 0.6391772 0.5378347 0.5256388 0.5378347 0.5007004 0.5321968 0.5009115 0.5378347 0.5256388 0.5321968 0.5009115 0.5321968 0.52585 0.5321968 0.52585 0.5321968 0.5009115 0.526421 0.5007152 0.5321968 0.52585 0.526421 0.5007152 0.526421 0.5256536 0.1359134 0.01849019 0.1360942 0.01786357 0.130388 0.01222306 0.1359134 0.01849019 0.130388 0.01222306 0.1297371 0.01236575 0.1297371 0.01236575 0.1272128 0.002226054 0.1272128 0.1573823 0.1297371 0.01236575 0.1272128 0.1573823 0.1297371 0.1472387 0.1021451 0.002195894 0.1021451 0.3219606 0.1272128 0.321966 0.1021451 0.002195894 0.1272128 0.321966 0.1272128 0.002201318 0.06699395 0.002195894 0.06699395 0.3210076 0.0753073 0.3210117 0.06699395 0.002195894 0.0753073 0.3210117 0.0753073 0.002200067 0.3736181 0.3186454 0.6933891 0.3186451 0.6933913 0.2935716 0.3736181 0.3186454 0.6933913 0.2935716 0.3736202 0.2935716 0.0503692 0.002213358 0.0503692 0.3180278 0.05868172 0.3180106 0.0503692 0.002213358 0.05868172 0.3180106 0.05868172 0.002195894 0.3036137 0.2907471 0.3036131 0.29906 0.3286622 0.29906 0.3036137 0.2907471 0.3286622 0.29906 0.328663 0.2907471 0.0503692 0.321011 0.0503692 0.002199232 0.04369485 0.002195894 0.0503692 0.321011 0.04369485 0.002195894 0.04369485 0.3210076 0.007395505 0.3180245 0.007395505 0.6377957 0.01066744 0.6377958 0.007395505 0.3180245 0.01066744 0.6377958 0.01066744 0.3180246 0.4491589 0.2267114 0.4458897 0.2283989 0.4709392 0.2283989 0.4491589 0.2267114 0.4709392 0.2283989 0.4676704 0.2267114 0.37362 0.2935716 0.693391 0.2935716 0.6933913 0.2902998 0.37362 0.2935716 0.6933913 0.2902998 0.3736204 0.2902998 0.02037298 0.6338495 0.02535957 0.6338391 0.02535998 0.3180245 0.02037298 0.6338495 0.02535998 0.3180245 0.02037298 0.3180348 0.6932114 0.146354 0.3734468 0.146354 0.3734415 0.1714221 0.6932114 0.146354 0.3734415 0.1714221 0.693206 0.1714221 0.4458903 0.2217242 0.4458897 0.2283989 0.4491589 0.2267114 0.4458903 0.2217242 0.4491589 0.2267114 0.4491595 0.2217242 0.4676707 0.2217242 0.4676704 0.2267114 0.4709392 0.2283989 0.4676707 0.2217242 0.4709392 0.2283989 0.4709397 0.2217242 0.03702056 0.3180106 0.03702056 0.002195894 0.03034687 0.002209901 0.03702056 0.3180106 0.03034687 0.002209901 0.03034681 0.3180245 0.1708101 0.1574262 0.1522812 0.1574245 0.1522812 0.4771955 0.1708101 0.1574262 0.1522812 0.4771955 0.1708101 0.4771974 0.03034681 0.318027 0.02535998 0.3180245 0.02535998 0.6368362 0.03034681 0.318027 0.02535998 0.6368362 0.03034681 0.6368384 0.6933891 0.3437184 0.6933913 0.3186452 0.3736202 0.3186454 0.6933891 0.3437184 0.3736202 0.3186454 0.3736181 0.3437184 0.08361983 0.002200067 0.0753073 0.002195894 0.0753073 0.3210076 0.08361983 0.002200067 0.0753073 0.3210076 0.08361983 0.3210117 0.1272128 0.4771891 0.1522812 0.4771944 0.1522812 0.1574299 0.1272128 0.4771891 0.1522812 0.1574299 0.1272128 0.1574245 0.05868172 0.3180278 0.06699395 0.3180106 0.06699395 0.002195894 0.05868172 0.3180278 0.06699395 0.002195894 0.05868172 0.002213358 0.2391965 0.5611179 0.2642456 0.5611179 0.2642462 0.5528045 0.2391965 0.5611179 0.2642462 0.5528045 0.239197 0.5528045 0.04369485 0.002199232 0.03702056 0.002195894 0.03702056 0.3210076 0.04369485 0.002199232 0.03702056 0.3210076 0.04369485 0.321011 0.004123747 0.3180252 8.52819e-4 0.3180245 8.52791e-4 0.637789 0.004123747 0.3180252 8.52791e-4 0.637789 0.004123687 0.6377899 0.4923365 0.604057 0.4923365 0.5855453 0.4906489 0.5822765 0.4923365 0.604057 0.4906489 0.5822765 0.4906489 0.6073258 0.007395505 0.3180252 0.004123747 0.3180245 0.004123687 0.637789 0.007395505 0.3180252 0.004123687 0.637789 0.007395505 0.6377899 0.03870803 0.3210214 0.03870797 0.6368362 0.04369479 0.6368256 0.03870803 0.3210214 0.04369479 0.6368256 0.04369485 0.321011 0.6932092 0.1964954 0.6932114 0.1714221 0.3734405 0.1714221 0.6932092 0.1964954 0.3734405 0.1714221 0.3734382 0.1964954 0.4973233 0.6073262 0.4973233 0.6040573 0.4923365 0.604057 0.4973233 0.6073262 0.4923365 0.604057 0.4906489 0.6073258 0.4973233 0.5855458 0.4973233 0.5822771 0.4906489 0.5822765 0.4973233 0.5855458 0.4906489 0.5822765 0.4923365 0.5855453 0.02367293 0.3180245 0.03034681 0.3180106 0.03034687 0.002195894 0.02367293 0.3180245 0.03034687 0.002195894 0.02367293 0.002209901 0.08361983 0.002195894 0.08361983 0.3219606 0.1021451 0.3219645 0.08361983 0.002195894 0.1021451 0.3219645 0.1021451 0.002200067 0.0370205 0.6368384 0.03702056 0.3180271 0.03203374 0.3180245 0.0370205 0.6368384 0.03203374 0.3180245 0.0320335 0.6368362 0.3469766 0.5174186 0.3469766 0.5525511 0.3608677 0.5525511 0.3469766 0.5174186 0.3608677 0.5525511 0.3614898 0.5174186 0.6381824 0.5465085 0.6388046 0.581641 0.6526956 0.581641 0.6381824 0.5465085 0.6526956 0.581641 0.6526956 0.5465085 0.6534887 0.5851103 0.6534887 0.6198566 0.6788797 0.6198566 0.6534887 0.5851103 0.6788797 0.6198566 0.6788797 0.5851103 0.3626762 0.5269801 0.3766388 0.5269801 0.3773503 0.5240267 0.3626762 0.5269801 0.3773503 0.5240267 0.3633876 0.5240267 0.6788797 0.6198566 0.6534887 0.6198566 0.656442 0.6224365 0.6788797 0.6198566 0.656442 0.6224365 0.6759263 0.6224365 0.3773503 0.5240267 0.3773503 0.5045426 0.3633876 0.5045426 0.3773503 0.5240267 0.3633876 0.5045426 0.3633876 0.5240267 0.6485506 0.4582239 0.6290664 0.4582239 0.6290664 0.4719052 0.6485506 0.4582239 0.6290664 0.4719052 0.6485506 0.4719053 0.3766388 0.5015892 0.3626762 0.5015892 0.3633876 0.5045426 0.3766388 0.5015892 0.3633876 0.5045426 0.3773503 0.5045426 0.6534887 0.5851103 0.6788797 0.5851103 0.6759263 0.5825305 0.6534887 0.5851103 0.6759263 0.5825305 0.656442 0.5825305 0.4396617 0.5941173 0.4392668 0.6077929 0.4422318 0.6074268 0.4396617 0.5941173 0.4422318 0.6074268 0.4426268 0.5937513 0.6296781 0.4507266 0.6290664 0.4582239 0.6485506 0.4582239 0.6296781 0.4507266 0.6485506 0.4582239 0.6479389 0.4507267 0.3883453 0.5585324 0.3887404 0.5722081 0.3917055 0.572574 0.3883453 0.5585324 0.3917055 0.572574 0.3913106 0.5588984 0.3883453 0.5585324 0.3913106 0.5588984 0.3917055 0.5513867 0.3883453 0.5585324 0.3917055 0.5513867 0.3888136 0.5471357 0.8838068 0.1663551 0.8830096 0.1933155 0.8802418 0.1907356 0.8838068 0.1663551 0.8802418 0.1907356 0.8808534 0.1637752 0.4422318 0.6074268 0.4392668 0.6077929 0.4397349 0.6191896 0.4422318 0.6074268 0.4397349 0.6191896 0.4426268 0.6149387 0.8613691 0.1637752 0.8619809 0.1907356 0.8592129 0.1933155 0.8613691 0.1637752 0.8592129 0.1933155 0.8584159 0.1663551 0.5713954 0.4257263 0.5599363 0.4250486 0.5602045 0.4160488 0.5713954 0.4257263 0.5602045 0.4160488 0.5713954 0.3905883 0.8808534 0.1637752 0.8802418 0.1907356 0.8619809 0.1907356 0.8808534 0.1637752 0.8619809 0.1907356 0.8613691 0.1637752 0.6388046 0.581641 0.6381824 0.5465085 0.6274441 0.5721632 0.6388046 0.581641 0.6274441 0.5721632 0.6273353 0.5811663 0.6269101 0.4463939 0.6296781 0.4507266 0.6479389 0.4507267 0.6269101 0.4463939 0.6479389 0.4507267 0.6507068 0.446394 0.5720736 0.4144874 0.5809357 0.4144873 0.5809357 0.3906906 0.5720736 0.4144874 0.5809357 0.3906906 0.5720736 0.3906906 0.7149525 0.3138428 0.7149525 0.3321036 0.7123727 0.3348717 0.7149525 0.3138428 0.7123727 0.3348717 0.7123727 0.3110747 0.3955829 0.5098215 0.3922088 0.504278 0.3821052 0.504278 0.3955829 0.5098215 0.3821052 0.504278 0.3785423 0.5098215 0.6621534 0.5028129 0.6451128 0.502813 0.6451128 0.5195993 0.6621534 0.5028129 0.6451128 0.5195993 0.6621534 0.5195993 0.9816284 0.1758651 0.9816284 0.1462991 0.9648559 0.1462991 0.9816284 0.1758651 0.9648559 0.1462991 0.9648559 0.1758651 0.8969996 0.6535083 0.9128971 0.6535083 0.9128971 0.6523547 0.8969996 0.6535083 0.9128971 0.6523547 0.8961802 0.6523547 0.7395549 0.2924749 0.7552208 0.2924749 0.7552208 0.2913212 0.7395549 0.2924749 0.7552208 0.2913212 0.7387474 0.2913212 0.7613096 0.2913212 0.7552208 0.2913212 0.7552208 0.2924749 0.7613096 0.2913212 0.7552208 0.2924749 0.7613096 0.2924749 0.9180937 0.6819207 0.9180937 0.6807671 0.9128971 0.6807671 0.9180937 0.6819207 0.9128971 0.6807671 0.9128971 0.6819207 0.845264 0.06240499 0.8441103 0.06240499 0.8441103 0.06655192 0.845264 0.06240499 0.8441103 0.06655192 0.845264 0.06655192 0.7387474 0.3208871 0.7552208 0.3208871 0.7552208 0.3197335 0.7387474 0.3208871 0.7552208 0.3197335 0.7395548 0.3197335 0.8961802 0.6819207 0.9128971 0.6819207 0.9128971 0.6807671 0.8961802 0.6819207 0.9128971 0.6807671 0.8969996 0.6807671 0.5582902 0.3834391 0.5753308 0.3834391 0.5753308 0.3666527 0.5582902 0.3834391 0.5753308 0.3666527 0.5582902 0.3666527 0.8961802 0.6819207 0.8969996 0.6807671 0.8969996 0.6535083 0.8961802 0.6819207 0.8969996 0.6535083 0.8961802 0.6523547 0.7387474 0.3208871 0.7395548 0.3197335 0.7395549 0.2924749 0.7387474 0.3208871 0.7395549 0.2924749 0.7387474 0.2913212 0.5582902 0.3834391 0.5618531 0.3889827 0.5719568 0.3889827 0.5582902 0.3834391 0.5719568 0.3889827 0.5753308 0.3834391 0.9128971 0.6535083 0.9180937 0.6535083 0.9180937 0.6523547 0.9128971 0.6535083 0.9180937 0.6523547 0.9128971 0.6523547 0.7205418 0.3349595 0.7205418 0.3292441 0.7193881 0.3292441 0.7205418 0.3349595 0.7193881 0.3292441 0.7193881 0.3349595 0.7552208 0.3208871 0.7613095 0.3208871 0.7613095 0.3197335 0.7552208 0.3208871 0.7613095 0.3197335 0.7552208 0.3197335 0.717081 0.3349595 0.7182347 0.3349595 0.7182347 0.3292441 0.717081 0.3349595 0.7182347 0.3292441 0.717081 0.3292441 0.7182347 0.3250972 0.7182347 0.3292441 0.7193881 0.3292441 0.7182347 0.3250972 0.7193881 0.3292441 0.7193881 0.3250972 0.3955827 0.5257851 0.3955829 0.5098215 0.3785423 0.5098215 0.3955827 0.5257851 0.3785423 0.5098215 0.3785421 0.5257852 0.6451128 0.5195993 0.6451128 0.4923406 0.628479 0.4923406 0.6451128 0.5195993 0.628479 0.4923406 0.628479 0.5195993 0.4591736 0.5379021 0.4591736 0.5219385 0.442133 0.5219385 0.4591736 0.5379021 0.442133 0.5219385 0.4421331 0.5379021 0.4557998 0.5434457 0.4591736 0.5379021 0.4421331 0.5379021 0.4557998 0.5434457 0.4421331 0.5379021 0.4456961 0.5434457 0.6587794 0.4972693 0.6486757 0.4972693 0.6451128 0.502813 0.6587794 0.4972693 0.6451128 0.502813 0.6621534 0.5028129 0.6311969 0.0352686 0.6529969 0.0352686 0.6530123 0.03040438 0.6311969 0.0352686 0.6530123 0.03040438 0.6312122 0.03040438 0.2908335 0.2293378 0.2690334 0.2293378 0.2690319 0.234721 0.2908335 0.2293378 0.2690319 0.234721 0.2908321 0.234721 0.1406401 0.6106474 0.1406401 0.5888486 0.1364527 0.588804 0.1406401 0.6106474 0.1364527 0.588804 0.1364527 0.6106026 0.1364527 0.6106026 0.1364527 0.588804 0.131419 0.5888294 0.1364527 0.6106026 0.131419 0.5888294 0.131419 0.610628 0.06729942 0.6226852 0.06729942 0.6008848 0.06191468 0.6008853 0.06729942 0.6226852 0.06191468 0.6008853 0.06191468 0.6226857 0.631217 0.03971344 0.6530172 0.03971344 0.6529969 0.0352686 0.631217 0.03971344 0.6529969 0.0352686 0.6311969 0.0352686 0.474194 0.5291374 0.474194 0.5642698 0.488085 0.5642698 0.474194 0.5291374 0.488085 0.5642698 0.488707 0.5291374 0.6672087 0.581641 0.6665866 0.5465085 0.6526956 0.5465085 0.6672087 0.581641 0.6526956 0.5465085 0.6526956 0.581641 0.6280978 0.5851103 0.6280978 0.6198566 0.6534887 0.6198566 0.6280978 0.5851103 0.6534887 0.6198566 0.6534887 0.5851103 0.9492681 0.1640449 0.9632309 0.1640449 0.9639424 0.1610915 0.9492681 0.1640449 0.9639424 0.1610915 0.9499797 0.1610915 0.6534887 0.6198566 0.6280978 0.6198566 0.6310512 0.6224365 0.6534887 0.6198566 0.6310512 0.6224365 0.6505354 0.6224365 0.9639424 0.1610915 0.9639424 0.1416073 0.9499797 0.1416073 0.9639424 0.1610915 0.9499797 0.1416073 0.9499797 0.1610915 0.6489757 0.5328271 0.6294914 0.532827 0.6294914 0.5465084 0.6489757 0.5328271 0.6294914 0.5465084 0.6489757 0.5465085 0.9632309 0.1386539 0.9492681 0.1386539 0.9499797 0.1416073 0.9632309 0.1386539 0.9499797 0.1416073 0.9639424 0.1416073 0.6280978 0.5851103 0.6534887 0.5851103 0.6505354 0.5825305 0.6280978 0.5851103 0.6505354 0.5825305 0.6310512 0.5825305 0.7748891 0.5718982 0.774494 0.5855738 0.7774592 0.5852078 0.7748891 0.5718982 0.7774592 0.5852078 0.7778542 0.5715323 0.6301032 0.5253298 0.6294914 0.532827 0.6489757 0.5328271 0.6301032 0.5253298 0.6489757 0.5328271 0.6483639 0.5253299 0.3883453 0.5839707 0.3887404 0.5976464 0.3917055 0.5980124 0.3883453 0.5839707 0.3917055 0.5980124 0.3913106 0.5843367 0.3883453 0.5839707 0.3913106 0.5843367 0.3917055 0.5768249 0.3883453 0.5839707 0.3917055 0.5768249 0.3888136 0.572574 0.871311 0.01714968 0.8705136 0.04411017 0.8677458 0.04153025 0.871311 0.01714968 0.8677458 0.04153025 0.8683575 0.01456987 0.7774592 0.5852078 0.774494 0.5855738 0.7749623 0.5969706 0.7774592 0.5852078 0.7749623 0.5969706 0.7778542 0.5927197 0.8488733 0.01456987 0.849485 0.04153025 0.846717 0.04411017 0.8488733 0.01456987 0.846717 0.04411017 0.8459198 0.01714968 0.7803843 0.625148 0.768925 0.6244704 0.7691935 0.6154707 0.7803843 0.625148 0.7691935 0.6154707 0.7803843 0.5900102 0.8683575 0.01456987 0.8677458 0.04153025 0.849485 0.04153025 0.8683575 0.01456987 0.849485 0.04153025 0.8488733 0.01456987 0.6665866 0.5465085 0.6672087 0.581641 0.677947 0.5559862 0.6665866 0.5465085 0.677947 0.5559862 0.6780558 0.5469831 0.6273353 0.5209972 0.6301032 0.5253298 0.6483639 0.5253299 0.6273353 0.5209972 0.6483639 0.5253299 0.6511319 0.5209973 0.4292213 0.6194468 0.4380833 0.6194468 0.4380833 0.59565 0.4292213 0.6194468 0.4380833 0.59565 0.4292213 0.59565 0.42813 0.6063296 0.42813 0.6245904 0.4255501 0.6273583 0.42813 0.6063296 0.4255501 0.6273583 0.4255501 0.6035615 0.3257477 0.5679848 0.3087069 0.5679849 0.3087069 0.5847712 0.3257477 0.5679848 0.3087069 0.5847712 0.3257477 0.5847712 0.7577214 0.5674046 0.7577214 0.5969706 0.774494 0.5969706 0.7577214 0.5674046 0.774494 0.5969706 0.774494 0.5674046 0.7396332 0.2925021 0.7555307 0.2925021 0.7555307 0.2913485 0.7396332 0.2925021 0.7555307 0.2913485 0.7388138 0.2913485 0.7396 0.2924745 0.755266 0.2924745 0.755266 0.2913208 0.7396 0.2924745 0.755266 0.2913208 0.7387927 0.2913208 0.7613547 0.2913208 0.755266 0.2913208 0.755266 0.2924745 0.7613547 0.2913208 0.755266 0.2924745 0.7613547 0.2924745 0.7607273 0.3209145 0.7607273 0.3197609 0.7555307 0.3197609 0.7607273 0.3209145 0.7555307 0.3197609 0.7555307 0.3209145 0.717081 0.3250972 0.7159275 0.3250972 0.7159275 0.3292441 0.717081 0.3250972 0.7159275 0.3292441 0.717081 0.3292441 0.7387927 0.3208869 0.755266 0.3208869 0.755266 0.3197331 0.7387927 0.3208869 0.755266 0.3197331 0.7396 0.3197331 0.7388136 0.3209145 0.7555307 0.3209145 0.7555307 0.3197609 0.7388136 0.3209145 0.7555307 0.3197609 0.7396332 0.3197609 0.2837669 0.6214327 0.3008074 0.6214328 0.3008074 0.6046463 0.2837669 0.6214327 0.3008074 0.6046463 0.2837669 0.6046463 0.7388136 0.3209145 0.7396332 0.3197609 0.7396332 0.2925021 0.7388136 0.3209145 0.7396332 0.2925021 0.7388138 0.2913485 0.7387927 0.3208869 0.7396 0.3197331 0.7396 0.2924745 0.7387927 0.3208869 0.7396 0.2924745 0.7387927 0.2913208 0.2837669 0.6214327 0.28733 0.6269764 0.2974336 0.6269764 0.2837669 0.6214327 0.2974336 0.6269764 0.3008074 0.6214328 0.7555307 0.2925021 0.7607273 0.2925021 0.7607273 0.2913485 0.7555307 0.2925021 0.7607273 0.2913485 0.7555307 0.2913485 0.8464176 0.07226729 0.8464176 0.06655192 0.845264 0.06655192 0.8464176 0.07226729 0.845264 0.06655192 0.845264 0.07226729 0.755266 0.3208869 0.7613547 0.3208869 0.7613547 0.3197331 0.755266 0.3208869 0.7613547 0.3197331 0.755266 0.3197331 0.7159275 0.3349595 0.717081 0.3349595 0.717081 0.3292441 0.7159275 0.3349595 0.717081 0.3292441 0.7159275 0.3292441 0.7193881 0.3250972 0.7193881 0.3292441 0.7205418 0.3292441 0.7193881 0.3250972 0.7205418 0.3292441 0.7205418 0.3250972 0.6602654 0.4743993 0.6443017 0.4743993 0.6443017 0.4914399 0.6602654 0.4743993 0.6443017 0.4914399 0.6602654 0.4914399 0.4588379 0.5752027 0.4588379 0.5479441 0.4422042 0.547944 0.4588379 0.5752027 0.4422042 0.547944 0.4422042 0.5752027 0.6443017 0.4743993 0.6283382 0.4743993 0.6283382 0.4914399 0.6443017 0.4743993 0.6283382 0.4914399 0.6443017 0.4914399 0.3223736 0.5624412 0.3122699 0.5624412 0.3087069 0.5679849 0.3223736 0.5624412 0.3087069 0.5679849 0.3257477 0.5679848 0.191913 0.5145712 0.191913 0.5491362 0.2113308 0.5491407 0.191913 0.5145712 0.2113308 0.5491407 0.2113308 0.5118051 0.1753577 0.1766828 0.1739231 0.1765003 0.1715998 0.1842628 0.1753577 0.1766828 0.1715998 0.1842628 0.1732352 0.1839031 0.2498508 0.2183082 0.2125145 0.2183082 0.2125129 0.2373738 0.2498508 0.2183082 0.2125129 0.2373738 0.2470788 0.2373738 0.3075768 0.1986514 0.3417152 0.1986513 0.3417122 0.1972495 0.3075768 0.1986514 0.3417122 0.1972495 0.307574 0.1972495 0.2959412 0.2047921 0.2957583 0.203358 0.2767096 0.2010351 0.2959412 0.2047921 0.2767096 0.2010351 0.2765391 0.2024265 0.1739231 0.1765003 0.1753577 0.1766828 0.1729905 0.1574245 0.1739231 0.1765003 0.1729905 0.1574245 0.1715998 0.1575953 0.1732352 0.1839031 0.1715998 0.1842628 0.1730181 0.1961423 0.1732352 0.1839031 0.1730181 0.1961423 0.1745193 0.1959595 0.2113308 0.5118051 0.2113308 0.5491407 0.2181583 0.5490421 0.2113308 0.5118051 0.2181583 0.5490421 0.2181583 0.5096177 0.2125145 0.2183082 0.2498508 0.2183082 0.2520819 0.2109396 0.2125145 0.2183082 0.2520819 0.2109396 0.2126566 0.2109396 0.2957583 0.203358 0.2959412 0.2047921 0.3032724 0.2026709 0.2957583 0.203358 0.3032724 0.2026709 0.3036313 0.201035 0.3029761 0.3439845 0.2729623 0.3439845 0.2729616 0.345497 0.3029761 0.3439845 0.2729616 0.345497 0.3029754 0.345497 0.2126566 0.2109396 0.2520819 0.2109396 0.2489255 0.1992542 0.3036313 0.201035 0.3032724 0.2026709 0.3148649 0.203925 0.3036313 0.201035 0.3148649 0.203925 0.3150473 0.2024234 0.2484191 0.1004084 0.2511911 0.08098709 0.2138547 0.08098709 0.2484191 0.1004084 0.2138547 0.08098709 0.2138532 0.1004089 0.1946751 0.8378605 0.201896 0.8357385 0.2022561 0.8341025 0.1946751 0.8378605 0.2022561 0.8341025 0.1944929 0.8364259 0.2511512 0.1194704 0.2483851 0.1004089 0.2138197 0.1004089 0.2511512 0.1194704 0.2138197 0.1004089 0.2138154 0.1194704 0.3966823 0.1434475 0.3966852 0.144849 0.4308236 0.1448489 0.3966823 0.1434475 0.4308236 0.1448489 0.4308206 0.1434475 0.6424505 0.0777058 0.6618536 0.07534867 0.6616851 0.07395738 0.6424505 0.0777058 0.6616851 0.07395738 0.6426351 0.07627254 0.1944929 0.8364259 0.175588 0.8341025 0.1754169 0.8354939 0.1944929 0.8364259 0.1754169 0.8354939 0.1946751 0.8378605 0.201896 0.8357385 0.213949 0.8370482 0.2141324 0.8355469 0.201896 0.8357385 0.2141324 0.8355469 0.2022561 0.8341025 0.2511911 0.08098709 0.2533898 0.07402908 0.2139646 0.07402908 0.2511911 0.08098709 0.2139646 0.07402908 0.2138547 0.08098709 0.2138154 0.1194704 0.2139654 0.1269781 0.2533898 0.126978 0.2138154 0.1194704 0.2533898 0.126978 0.2511512 0.1194704 0.6426351 0.07627254 0.6347674 0.07395738 0.6351241 0.07559305 0.6426351 0.07627254 0.6351241 0.07559305 0.6424505 0.0777058 0.09412723 0.5927215 0.09261471 0.5927205 0.09261465 0.6227344 0.09412723 0.5927215 0.09261465 0.6227344 0.09412723 0.6227353 0.2533898 0.07402908 0.2502324 0.06218039 0.2201279 0.06218039 0.2533898 0.07402908 0.2201279 0.06218039 0.2139646 0.07402908 0.2139654 0.1269781 0.2201264 0.1386619 0.25023 0.1386619 0.2139654 0.1269781 0.25023 0.1386619 0.2533898 0.126978 0.1513074 0.8888201 0.1527309 0.8888201 0.1540642 0.8787496 0.1513074 0.8888201 0.1540642 0.8787496 0.1491931 0.8787496 0.146151 0.8666614 0.1449197 0.8667223 0.1449216 0.8769782 0.146151 0.8666614 0.1449216 0.8769782 0.1491354 0.8767693 0.2236812 0.5763469 0.2234848 0.5854367 0.2246925 0.5852983 0.2236812 0.5763469 0.2246925 0.5852983 0.2278145 0.5758733 0.2915643 0.7047975 0.2898155 0.7120836 0.2907302 0.711923 0.2915643 0.7047975 0.2907302 0.711923 0.2923012 0.7053776 0.1449197 0.8667223 0.1436856 0.8666614 0.1406981 0.8767693 0.1449197 0.8667223 0.1406981 0.8767693 0.1449216 0.8769782 0.1632633 0.6029196 0.1618429 0.6029196 0.1599096 0.612915 0.1632633 0.6029196 0.1599096 0.612915 0.1647708 0.612915 0.2222285 0.5852983 0.2234848 0.5854367 0.2236812 0.5763469 0.2222285 0.5852983 0.2236812 0.5763469 0.2193822 0.5758733 0.2864929 0.697754 0.2865221 0.7304337 0.2874108 0.7305306 0.2864929 0.697754 0.2874108 0.7305306 0.2873815 0.697851 0.2923012 0.7053776 0.3129388 0.6797422 0.3122019 0.6791623 0.2923012 0.7053776 0.3122019 0.6791623 0.2915643 0.7047975 0.2873815 0.697851 0.2874108 0.6900766 0.2865229 0.6906496 0.2873815 0.697851 0.2865229 0.6906496 0.2864929 0.697754 0.9625974 0.347286 0.9627249 0.315232 0.9618672 0.3154228 0.9625974 0.347286 0.9618672 0.3154228 0.9617396 0.3474766 0.3324301 0.582093 0.3426273 0.6133841 0.3434672 0.6131208 0.3324301 0.582093 0.3434672 0.6131208 0.33327 0.5818296 0.2671601 0.6221284 0.2681292 0.6220321 0.2686385 0.6149932 0.2671601 0.6221284 0.2686385 0.6149932 0.2677177 0.6143689 0.9617396 0.3474766 0.9618583 0.3540549 0.9627249 0.3545549 0.9617396 0.3474766 0.9627249 0.3545549 0.9625974 0.347286 0.3342188 0.574453 0.3349143 0.5748868 0.3512005 0.5582048 0.2907302 0.711923 0.2898155 0.7120836 0.299075 0.7334469 0.2907302 0.711923 0.299075 0.7334469 0.2999898 0.7332863 0.1598766 0.5108777 0.1602461 0.515523 0.162971 0.515523 0.1598766 0.5108777 0.162971 0.515523 0.163347 0.5108777 0.1668976 0.4965646 0.1700383 0.5004086 0.1703673 0.4965646 0.2496763 0.6640604 0.2482393 0.6650475 0.2482393 0.6685179 0.2496763 0.6640604 0.2482393 0.6685179 0.2496763 0.6695036 0.4537786 0.5029219 0.4569342 0.5025183 0.4569342 0.4997934 0.4434143 0.5068498 0.445132 0.5012198 0.4434143 0.5010711 0.2924116 0.6645193 0.2915715 0.6648443 0.3053054 0.6835825 0.2924116 0.6645193 0.3053054 0.6835825 0.3061455 0.6832575 0.5109513 0.8178419 0.5095515 0.8178419 0.5076947 0.8278322 0.5109513 0.8178419 0.5076947 0.8278322 0.5124847 0.8278322 0.1476593 0.91819 0.1463218 0.9181901 0.1457939 0.9282235 0.1476593 0.91819 0.1457939 0.9282235 0.1503708 0.9282229 0.164592 0.5724142 0.1635483 0.5819538 0.1646039 0.5818746 0.164592 0.5724142 0.1646039 0.5818746 0.1682045 0.5721426 0.5183779 0.8639542 0.5189839 0.8711094 0.5199179 0.8704964 0.5183779 0.8639542 0.5199179 0.8704964 0.5193699 0.8640684 0.1463218 0.9181901 0.145231 0.91819 0.1420611 0.9282227 0.1463218 0.9181901 0.1420611 0.9282227 0.1457939 0.9282235 0.2288089 0.5854367 0.2302235 0.5854367 0.2326558 0.5753447 0.2288089 0.5854367 0.2326558 0.5753447 0.2278145 0.5753447 0.1621941 0.5818746 0.1635483 0.5819538 0.164592 0.5724142 0.1621941 0.5818746 0.164592 0.5724142 0.1599574 0.5721426 0.2925016 0.6570299 0.3068557 0.6274233 0.3060226 0.6270411 0.2925016 0.6570299 0.3060226 0.6270411 0.2916683 0.6566481 0.5193699 0.8640684 0.5199179 0.831489 0.518926 0.8313748 0.5193699 0.8640684 0.518926 0.8313748 0.5183779 0.8639542 0.2916683 0.6566481 0.2915715 0.6648443 0.2924116 0.6645193 0.2916683 0.6566481 0.2924116 0.6645193 0.2925016 0.6570299 0.2990738 0.7061122 0.3090997 0.7374539 0.3100289 0.7371724 0.2990738 0.7061122 0.3100289 0.7371724 0.3000031 0.7058305 0.2686385 0.6219373 0.2691311 0.6548289 0.2700955 0.6547903 0.2686385 0.6219373 0.2700955 0.6547903 0.269603 0.6218987 0.3000031 0.7058305 0.3008409 0.6991656 0.3000017 0.6987473 0.3000031 0.7058305 0.3000017 0.6987473 0.2990738 0.7061122 0.2994147 0.6982322 0.3000017 0.6987473 0.3160362 0.6821838 0.2994147 0.6982322 0.3160362 0.6821838 0.3154495 0.6816688 0.3000017 0.6987473 0.3008409 0.6991656 0.3168754 0.6826023 0.3000017 0.6987473 0.3168754 0.6826023 0.3160362 0.6821838 0.2931217 0.6641236 0.2924116 0.6645193 0.3061455 0.6832575 0.2931217 0.6641236 0.3061455 0.6832575 0.3068557 0.6828619 0.1636775 0.5087409 0.1631957 0.5041994 0.1604854 0.5041994 0.1636775 0.5087409 0.1604854 0.5041994 0.1602258 0.5087409 0.1599569 0.4963545 0.1603324 0.5004086 0.1630573 0.5004086 0.1599569 0.4963545 0.1630573 0.5004086 0.1634274 0.4963545 0.4959914 0.8166087 0.4945873 0.8175035 0.4945873 0.8209214 0.4959914 0.8166087 0.4945873 0.8209214 0.4959914 0.8219698 0.237448 0.5952559 0.2408723 0.5948442 0.2408723 0.5921194 0.237448 0.5952559 0.2408723 0.5921194 0.237448 0.591786 0.549569 0.7778731 0.5507428 0.7768236 0.5507428 0.7733626 0.4959914 0.8219698 0.4945873 0.8209214 0.491594 0.8212257 0.4959914 0.8219698 0.491594 0.8212257 0.4912964 0.8224471 0.2707076 0.2892685 0.2786553 0.2892684 0.2786656 0.2874404 0.2707076 0.2892685 0.2786656 0.2874404 0.2707181 0.2874404 0.1200506 0.6216685 0.1218418 0.6216606 0.1218419 0.613713 0.1200506 0.6216685 0.1218419 0.613713 0.1200507 0.6137211 0.08041584 0.6336823 0.07801049 0.6336819 0.07801049 0.6360873 0.08041584 0.6336823 0.07801049 0.6360873 0.08041584 0.6360878 0.6181904 0.06612902 0.618187 0.06790834 0.6261346 0.06790834 0.6181904 0.06612902 0.6261346 0.06790834 0.626138 0.06612902 0.1814772 0.5332799 0.1814772 0.5412269 0.1834244 0.5412083 0.1814772 0.5332799 0.1834244 0.5412083 0.1834244 0.5332612 0.1313331 0.6688638 0.1392806 0.6688638 0.1392908 0.6670361 0.1313331 0.6688638 0.1392908 0.6670361 0.1313434 0.6670361 0.9051948 0.2659944 0.8987882 0.2753156 0.9108706 0.2797216 0.9051948 0.2659944 0.9108706 0.2797216 0.9108706 0.2684441 0.8917949 0.1638092 0.8917951 0.2665007 0.9029797 0.2605634 0.8917949 0.1638092 0.9029797 0.2605634 0.9029796 0.1697463 0.8987895 0.154994 0.9051961 0.1643155 0.9108721 0.1618655 0.8987895 0.154994 0.9108721 0.1618655 0.9108721 0.1505883 0.9934446 0.6667169 0.9996539 0.6667169 0.9996539 0.6605347 0.9934446 0.6667169 0.9996539 0.6605347 0.9934446 0.6605347 0.9934443 0.8425491 0.9934443 0.9452408 0.9996539 0.9452408 0.9934443 0.8425491 0.9996539 0.9452408 0.9996539 0.8425491 0.9934443 0.831296 0.9996539 0.831296 0.9996539 0.8184354 0.9934443 0.831296 0.9996539 0.8184354 0.9934443 0.8184354 0.9934446 0.7634001 0.9996539 0.7634001 0.9996539 0.6725825 0.9934446 0.7634001 0.9996539 0.6725825 0.9934446 0.6725828 0.9214762 0.214354 0.908084 0.2214477 0.9185658 0.2285524 0.9214762 0.214354 0.9185658 0.2285524 0.9267115 0.2242379 0.937885 0.2698352 0.9211015 0.2627221 0.9170509 0.2675737 0.937885 0.2698352 0.9170509 0.2675737 0.9270379 0.278596 0.9270379 0.278596 0.9170509 0.2675737 0.9108706 0.2684441 0.9270379 0.278596 0.9108706 0.2684441 0.9108706 0.2797216 0.9934443 0.8425491 0.9996539 0.8425491 0.9996539 0.831296 0.9934443 0.8425491 0.9996539 0.831296 0.9934443 0.831296 0.9996539 0.8022291 0.9934443 0.8022289 0.9934443 0.8184354 0.9996539 0.8022291 0.9934443 0.8184354 0.9996539 0.8184354 0.9378867 0.1604744 0.9270396 0.1517136 0.9170522 0.1627359 0.9378867 0.1604744 0.9170522 0.1627359 0.921103 0.1675878 0.9934446 0.6479734 0.9934446 0.6542937 0.9996539 0.6542937 0.9934446 0.6479734 0.9996539 0.6542937 0.9996539 0.6479734 0.9934446 0.6542937 0.9934446 0.6605347 0.9996539 0.6605347 0.9934446 0.6542937 0.9996539 0.6605347 0.9996539 0.6542937 0.9270396 0.1517136 0.9108721 0.1505883 0.9108721 0.1618655 0.9270396 0.1517136 0.9108721 0.1618655 0.9170522 0.1627359 0.9996539 0.7882857 0.9934443 0.7882857 0.9934443 0.8022289 0.9996539 0.7882857 0.9934443 0.8022289 0.9996539 0.8022291 0.9934446 0.6725828 0.9996539 0.6725825 0.9996539 0.6667169 0.9934446 0.6725828 0.9996539 0.6667169 0.9934446 0.6667169 0.8917949 0.1638092 0.9029796 0.1697463 0.9051961 0.1643155 0.8917949 0.1638092 0.9051961 0.1643155 0.8987895 0.154994 0.902978 0.2605634 0.8917934 0.2665007 0.8987882 0.2753156 0.902978 0.2605634 0.8987882 0.2753156 0.9051948 0.2659944 0.9051964 0.2659944 0.89879 0.2753156 0.9108723 0.2797216 0.9051964 0.2659944 0.9108723 0.2797216 0.9108723 0.2684441 0.5074864 0.5702567 0.5187222 0.5689583 0.5192141 0.5627958 0.5074864 0.5702567 0.5192141 0.5627958 0.5092486 0.5575172 0.898788 0.154994 0.9051947 0.1643155 0.9108706 0.1618655 0.898788 0.154994 0.9108706 0.1618655 0.9108706 0.1505883 0.9996539 0.7692659 0.9934446 0.7692659 0.9934443 0.775448 0.9996539 0.7692659 0.9934443 0.775448 0.9996539 0.775448 0.9488743 0.1683264 0.9176909 0.1685035 0.9236915 0.1796541 0.9488743 0.1683264 0.9236915 0.1796541 0.9489377 0.1795108 0.9996539 0.9564937 0.9934443 0.9564937 0.9934443 0.9693545 0.9996539 0.9564937 0.9934443 0.9693545 0.9996539 0.9693545 0.9374697 0.2470676 0.9312602 0.2470676 0.9312602 0.2532497 0.9374697 0.2470676 0.9312602 0.2532497 0.9374697 0.2532497 0.9148043 0.2330533 0.9035685 0.2317548 0.9053305 0.2444944 0.9148043 0.2330533 0.9053305 0.2444944 0.9152963 0.2392159 0.9378867 0.2698352 0.9211031 0.2627221 0.9170525 0.2675737 0.9378867 0.2698352 0.9170525 0.2675737 0.9270396 0.278596 0.9270396 0.278596 0.9170525 0.2675737 0.9108723 0.2684441 0.9270396 0.278596 0.9108723 0.2684441 0.9108723 0.2797216 0.9996539 0.9452408 0.9934443 0.9452408 0.9934443 0.9564937 0.9996539 0.9452408 0.9934443 0.9564937 0.9996539 0.9564937 0.9934443 0.9855608 0.9996537 0.9855608 0.9996539 0.9693545 0.9934443 0.9855608 0.9996539 0.9693545 0.9934443 0.9693545 0.937885 0.1604745 0.9270379 0.1517136 0.9170509 0.1627359 0.937885 0.1604745 0.9170509 0.1627359 0.9211014 0.1675878 0.9996539 0.7880095 0.9996539 0.7816892 0.9934446 0.7816892 0.9996539 0.7880095 0.9934446 0.7816892 0.9934443 0.7880095 0.9996539 0.7816892 0.9996539 0.775448 0.9934443 0.775448 0.9996539 0.7816892 0.9934443 0.775448 0.9934446 0.7816892 0.9270379 0.1517136 0.9108706 0.1505883 0.9108706 0.1618655 0.9270379 0.1517136 0.9108706 0.1618655 0.9170509 0.1627359 0.9934443 0.999504 0.9996537 0.999504 0.9996537 0.9855608 0.9934443 0.999504 0.9996537 0.9855608 0.9934443 0.9855608 0.9996539 0.7634001 0.9934446 0.7634001 0.9934446 0.7692659 0.9996539 0.7634001 0.9934446 0.7692659 0.9996539 0.7692659 0.8917932 0.1638092 0.902978 0.1697463 0.9051947 0.1643155 0.8917932 0.1638092 0.9051947 0.1643155 0.898788 0.154994 0.9029797 0.2605634 0.8917951 0.2665007 0.89879 0.2753156 0.9029797 0.2605634 0.89879 0.2753156 0.9051964 0.2659944 0.9983503 0.07390868 0.9983503 0.06272423 0.9921407 0.06272423 0.9983503 0.07390868 0.9921407 0.06272423 0.9921407 0.07390868 0.2700601 0.3146654 0.2817261 0.3146654 0.2817165 0.310047 0.2700601 0.3146654 0.2817165 0.310047 0.2700505 0.310047 0.2714166 0.3033625 0.2714262 0.3079816 0.2815381 0.3079817 0.2714166 0.3033625 0.2815381 0.3079817 0.2815283 0.3033625 0.07781863 0.6360883 0.0731998 0.6360878 0.0731998 0.6409449 0.07781863 0.6360883 0.0731998 0.6409449 0.07781863 0.6409453 0.06617766 0.6250013 0.06155878 0.6250011 0.06155878 0.6329473 0.06617766 0.6250013 0.06155878 0.6329473 0.06617766 0.6329478 0.1047257 0.6153177 0.1093446 0.6153081 0.1093068 0.6106193 0.1047257 0.6153177 0.1093068 0.6106193 0.1046887 0.6106292 0.07781863 0.6409453 0.08243751 0.640944 0.08243751 0.6360888 0.07781863 0.6409453 0.08243751 0.6360888 0.07781863 0.6360898 0.304579 0.2815944 0.300279 0.2815945 0.3002778 0.2864553 0.304579 0.2815944 0.3002778 0.2864553 0.3045775 0.2892685 0.3088795 0.2815944 0.304579 0.2815944 0.3045775 0.2892685 0.3088795 0.2815944 0.3045775 0.2892685 0.3088784 0.2864553 0.18967 0.3645361 0.18967 0.3731368 0.1973459 0.3688371 0.18967 0.3645361 0.1973459 0.3688371 0.1945316 0.3645365 0.1046887 0.6191233 0.1093067 0.6191138 0.1093446 0.6153081 0.1046887 0.6191233 0.1093446 0.6153081 0.1047257 0.6153177 0.18967 0.3645361 0.181716 0.3527233 0.1817159 0.3833745 0.18967 0.3645361 0.1817159 0.3833745 0.18967 0.3731368 0.2622269 0.5671411 0.2622293 0.5625224 0.2316699 0.5625224 0.2622269 0.5671411 0.2316699 0.5625224 0.2316675 0.5671411 0.2884688 0.2736421 0.300279 0.2815945 0.304579 0.2815944 0.2884688 0.2736421 0.304579 0.2815944 0.3191193 0.273642 0.1416712 0.6644271 0.1416733 0.6603251 0.1331753 0.6603022 0.1416712 0.6644271 0.1331753 0.6603022 0.1331731 0.6644045 0.2719747 0.276661 0.2719758 0.2807628 0.2800366 0.2807801 0.2719747 0.276661 0.2800366 0.2807801 0.2800354 0.2766783 0.2800354 0.2766783 0.2800366 0.2807801 0.2884671 0.2807628 0.2800354 0.2766783 0.2884671 0.2807628 0.2884659 0.276661 0.1333214 0.6561547 0.1333301 0.6602562 0.1409488 0.6603022 0.1333214 0.6561547 0.1409488 0.6603022 0.1409401 0.6562007 0.1409401 0.6562007 0.1409488 0.6603022 0.1496409 0.6602562 0.1409401 0.6562007 0.1496409 0.6602562 0.1496322 0.6561547 0.4956264 0.578553 0.4997287 0.578557 0.4997287 0.5704688 0.4956264 0.578553 0.4997287 0.5704688 0.4956264 0.5704646 0.100852 0.6106193 0.09674966 0.6106225 0.09674966 0.6190316 0.100852 0.6106193 0.09674966 0.6190316 0.100852 0.6190285 0.1496386 0.6644045 0.1496409 0.6603022 0.1416733 0.6603251 0.1496386 0.6644045 0.1416733 0.6603251 0.1416712 0.6644271 0.3716406 0.2173741 0.3558688 0.2266195 0.3558688 0.2291405 0.3716406 0.2173741 0.3558688 0.2291405 0.3716406 0.2198953 0.4408463 0.5347445 0.3957026 0.5347445 0.3956807 0.543776 0.4408463 0.5347445 0.3956807 0.543776 0.4408247 0.543776 0.4408247 0.543776 0.3956807 0.543776 0.3956974 0.5532219 0.4408247 0.543776 0.3956974 0.5532219 0.4408413 0.5532217 0.171082 0.5446898 0.171082 0.5898304 0.1796183 0.5898991 0.171082 0.5446898 0.1796183 0.5898991 0.1796183 0.5447587 0.1796183 0.5447587 0.1796183 0.5898991 0.1893575 0.5898684 0.1796183 0.5447587 0.1893575 0.5898684 0.1893575 0.5447278 0.3957018 0.571706 0.4408463 0.571706 0.4408373 0.5626437 0.3957018 0.571706 0.4408373 0.5626437 0.3956928 0.5626437 0.3956928 0.5626437 0.4408373 0.5626437 0.4408444 0.5532219 0.3956928 0.5626437 0.4408444 0.5532219 0.3957002 0.5532217 0.3793842 0.146354 0.4308236 0.146354 0.4308204 0.1448489 0.3793842 0.146354 0.4308204 0.1448489 0.3793809 0.144849 0.1303068 0.5423707 0.1303068 0.588803 0.1406401 0.588804 0.1303068 0.5423707 0.1406401 0.588804 0.1406401 0.5367199 0.07849019 0.5742491 0.07849013 0.6205423 0.07999503 0.6205433 0.07849019 0.5742491 0.07999503 0.6205433 0.07999503 0.5742502 0.06730139 0.5661481 0.06730139 0.6182311 0.07763242 0.6182331 0.06730139 0.5661481 0.07763242 0.6182331 0.07763242 0.5718017 0.1303068 0.5881595 0.1303068 0.5367199 0.1288018 0.536723 0.1303068 0.5881595 0.1288018 0.536723 0.1288018 0.5881627 0.06729942 0.5197148 0.06729942 0.5661472 0.07763242 0.5661481 0.06729942 0.5197148 0.07763242 0.5661481 0.07763242 0.5140643 0.3429176 0.2228826 0.2966246 0.2228826 0.2966238 0.2243875 0.3429176 0.2228826 0.2966238 0.2243875 0.3429168 0.2243876 0.3284935 0.15076 0.2764105 0.15076 0.2764083 0.1610907 0.3284935 0.15076 0.2764083 0.1610907 0.3228397 0.1610907 0.06088101 0.5655036 0.06088101 0.5140643 0.05937618 0.5140672 0.06088101 0.5655036 0.05937618 0.5140672 0.05937618 0.5655069 0.6823716 0.0629118 0.6359394 0.0629118 0.6359384 0.07324558 0.6823716 0.0629118 0.6359384 0.07324558 0.6880221 0.07324558 0.1523923 0.5800825 0.1523923 0.6263757 0.1538974 0.6263763 0.1523923 0.5800825 0.1538974 0.6263763 0.1538974 0.5800834 0.32849 0.1758333 0.2764073 0.1758333 0.2764052 0.1861643 0.32849 0.1758333 0.2764052 0.1861643 0.3228363 0.1861643 0.1538974 0.5286367 0.1538974 0.4771974 0.1523923 0.4772005 0.1538974 0.5286367 0.1523923 0.4772005 0.1523923 0.5286399 0.1973285 0.5547916 0.1973285 0.6012237 0.2076615 0.6012246 0.1973285 0.5547916 0.2076615 0.6012246 0.2076615 0.5491407 0.05937618 0.5655069 0.05937618 0.6117998 0.06088101 0.6118006 0.05937618 0.5655069 0.06088101 0.6118006 0.06088101 0.5655077 0.9981446 0.2258273 0.9981446 0.1737445 0.9878138 0.1737424 0.9981446 0.2258273 0.9878138 0.1737424 0.9878137 0.2201739 0.1538974 0.5800793 0.1538974 0.5286399 0.1523923 0.5286429 0.1538974 0.5800793 0.1523923 0.5286429 0.1523923 0.5800825 0.2941466 0.5671411 0.2477145 0.5671411 0.2477136 0.5774748 0.2941466 0.5671411 0.2477136 0.5774748 0.2997975 0.5774748 0.03052806 0.5836897 0.03052806 0.6299827 0.0320335 0.6299836 0.03052806 0.5836897 0.0320335 0.6299836 0.0320335 0.5836905 0.32849 0.1861642 0.2764073 0.1861642 0.2764052 0.1964954 0.32849 0.1861642 0.2764052 0.1964954 0.3228363 0.1964954 0.8667414 0.09738123 0.8667414 0.1292132 0.8619661 0.1292132 0.8667414 0.09738123 0.8619661 0.1292132 0.8619547 0.09738361 0.3159072 0.7451136 0.3186658 0.7446627 0.3133772 0.6995514 0.3159072 0.7451136 0.3133772 0.6995514 0.310604 0.6998765 0.8073799 0.1292132 0.80738 0.09738361 0.8295012 0.09738361 0.8073799 0.1292132 0.8295012 0.09738361 0.8295012 0.1292132 0.8294722 0.1312047 0.8077171 0.1311868 0.8073799 0.1292132 0.8294722 0.1312047 0.8073799 0.1292132 0.8295012 0.1292132 0.8076909 0.1630164 0.8077171 0.1311868 0.8294722 0.1312047 0.8076909 0.1630164 0.8294722 0.1312047 0.8294461 0.1630343 0.7849978 0.1292132 0.7849978 0.09738361 0.80738 0.09738361 0.7849978 0.1292132 0.80738 0.09738361 0.8073799 0.1292132 0.7861581 0.1629987 0.7861842 0.1311691 0.8077171 0.1311868 0.7861581 0.1629987 0.8077171 0.1311868 0.8076909 0.1630164 0.7648209 0.1629813 0.7861842 0.1311691 0.7861581 0.1629987 0.3159072 0.7451136 0.3213602 0.7756769 0.3240039 0.7747245 0.3159072 0.7451136 0.3240039 0.7747245 0.3186658 0.7446627 0.9752094 0.01992815 0.9735383 0.01992815 0.9735383 0.05176025 0.9752094 0.01992815 0.9735383 0.05176025 0.9752094 0.05176025 0.8295012 0.1292132 0.8295012 0.09738361 0.8619547 0.09738361 0.8295012 0.1292132 0.8619547 0.09738361 0.8619661 0.1292132 0.8294461 0.1630343 0.8294722 0.1312047 0.8618468 0.1312311 0.8294461 0.1630343 0.8618468 0.1312311 0.8618095 0.163061 0.3240039 0.7747245 0.3213602 0.7756769 0.3381415 0.8022312 0.3240039 0.7747245 0.3381415 0.8022312 0.3401501 0.8002701 0.310604 0.6998765 0.3133772 0.6995514 0.3123735 0.6929089 0.310604 0.6998765 0.3123735 0.6929089 0.3100441 0.693182 0.8618095 0.163061 0.8618468 0.1312311 0.8666222 0.131235 0.8618095 0.163061 0.8666222 0.131235 0.8665961 0.1630672 0.3701218 0.1714221 0.3701162 0.1469545 0.3284935 0.1469544 0.3701218 0.1714221 0.3284935 0.1469544 0.3284989 0.1714221 0.3701184 0.1964954 0.3701131 0.1720281 0.32849 0.1720281 0.3701184 0.1964954 0.32849 0.1720281 0.3284956 0.1964954 0.3736181 0.3192505 0.3736161 0.2947821 0.331984 0.2947821 0.3736181 0.3192505 0.331984 0.2947821 0.3319862 0.3192505 0.3701162 0.1469545 0.3701218 0.1714221 0.3734415 0.16823 0.3701162 0.1469545 0.3734415 0.16823 0.3734375 0.1501466 0.03704297 0.6282735 0.03870797 0.6282735 0.03870803 0.5866816 0.03704297 0.6282735 0.03870803 0.5866816 0.03704297 0.5866815 0.2750896 0.2243505 0.2929499 0.2243875 0.2929499 0.2227226 0.2750896 0.2243505 0.2929499 0.2227226 0.2750894 0.2226859 0.33604 0.291643 0.3360471 0.289978 0.332558 0.289978 0.33604 0.291643 0.332558 0.289978 0.3325509 0.291643 0.2966238 0.2243505 0.2966238 0.2226859 0.2929499 0.2227226 0.2966238 0.2243505 0.2929499 0.2227226 0.2929499 0.2243875 0.3319862 0.3192505 0.331984 0.2947821 0.328663 0.2979747 0.3319862 0.3192505 0.328663 0.2979747 0.3286647 0.3160578 0.328663 0.3192505 0.3286654 0.3437184 0.3702971 0.3437184 0.328663 0.3192505 0.3702971 0.3437184 0.3702951 0.3192505 0.3701131 0.1720281 0.3701184 0.1964954 0.3734382 0.1933037 0.3701131 0.1720281 0.3734382 0.1933037 0.3734342 0.1752198 0.2712422 0.5597308 0.2712419 0.561396 0.3128337 0.561396 0.2712422 0.5597308 0.3128337 0.561396 0.3128337 0.5597308 0.2103261 0.6204566 0.2103627 0.6025964 0.208698 0.6025965 0.2103261 0.6204566 0.208698 0.6025965 0.2086614 0.6204566 0.33604 0.2933085 0.3360471 0.291643 0.332558 0.291643 0.33604 0.2933085 0.332558 0.291643 0.3325509 0.2933084 0.2103261 0.5989224 0.2086614 0.5989226 0.208698 0.6025965 0.2103261 0.5989224 0.208698 0.6025965 0.2103627 0.6025964 0.3702951 0.3192505 0.3702971 0.3437184 0.3736181 0.3405267 0.3702951 0.3192505 0.3736181 0.3405267 0.3736164 0.3224427 0.6211254 0.05898588 0.6211263 0.06289321 0.6301582 0.0629118 0.6211254 0.05898588 0.6301582 0.0629118 0.6301571 0.05900532 0.6301571 0.05900532 0.6301582 0.0629118 0.6396041 0.06289321 0.6301571 0.05900532 0.6396041 0.06289321 0.6396029 0.05898576 0.140022 0.6654958 0.1400302 0.669402 0.1485667 0.6694533 0.140022 0.6654958 0.1485667 0.6694533 0.1485586 0.6655465 0.1485586 0.6655465 0.1485667 0.6694533 0.1583058 0.669402 0.1485586 0.6655465 0.1583058 0.669402 0.1582978 0.6654958 0.6387416 0.04388922 0.638742 0.03998309 0.6296796 0.03999048 0.6387416 0.04388922 0.6296796 0.03999048 0.6296792 0.04389744 0.6296792 0.04389744 0.6296796 0.03999048 0.6202576 0.03998309 0.6296792 0.04389744 0.6202576 0.03998309 0.620257 0.0438891 0.585367 0.0994271 0.5853759 0.1399265 0.6338297 0.1399265 0.585367 0.0994271 0.6338297 0.1399265 0.6338208 0.0994271 0.4139451 0.2209185 0.3735672 0.2209185 0.3735656 0.2241107 0.4139451 0.2209185 0.3735656 0.2241107 0.4139435 0.2241107 0.6796142 0.5609508 0.6796177 0.6014503 0.7280822 0.6014503 0.6796142 0.5609508 0.7280822 0.6014503 0.7280787 0.5609508 0.9455952 0.4406871 0.9456041 0.4811851 0.9940579 0.4811851 0.9455952 0.4406871 0.9940579 0.4811851 0.994049 0.4406871 0.2800722 0.1726419 0.2800719 0.1758333 0.3284897 0.1758334 0.2800722 0.1726419 0.3284897 0.1758334 0.32849 0.1726421 0.1714094 0.5898991 0.1714094 0.6302772 0.1746015 0.630279 0.1714094 0.5898991 0.1746015 0.630279 0.1746015 0.589901 0.6338297 0.09942543 0.6338332 0.1399251 0.6822977 0.1399251 0.6338297 0.09942543 0.6822977 0.1399251 0.6822943 0.09942543 0.6396043 0.05972033 0.6396041 0.0629118 0.6880219 0.0629118 0.6396043 0.05972033 0.6880219 0.0629118 0.6880221 0.05972033 0.8908321 0.605063 0.8905048 0.6408681 0.9142271 0.6409752 0.8908321 0.605063 0.9142271 0.6409752 0.9143759 0.6051424 0.5131485 0.8669321 0.5131485 0.8488814 0.5080196 0.8487387 0.5131485 0.8669321 0.5080196 0.8487387 0.5080594 0.8669223 0.51337 0.8851879 0.51337 0.8669321 0.5080196 0.8669581 0.51337 0.8851879 0.5080196 0.8669581 0.5080471 0.8851466 0.5482584 0.7595441 0.5536687 0.7595929 0.5536687 0.7414473 0.5482584 0.7595441 0.5536687 0.7414473 0.5482331 0.7414891 0.5130096 0.8465709 0.5130096 0.8284822 0.5082849 0.8286441 0.5130096 0.8465709 0.5082849 0.8286441 0.5081819 0.8466265 0.2815728 0.6346969 0.2729938 0.6554933 0.2761486 0.6554699 0.2815728 0.6346969 0.2761486 0.6554699 0.2838837 0.6367192 0.9617396 0.3525109 0.959995 0.3337379 0.9565246 0.3337336 0.9617396 0.3525109 0.9565246 0.3337336 0.9584596 0.3545549 0.2729938 0.6554933 0.2815728 0.6763045 0.2838837 0.6742336 0.2729938 0.6554933 0.2838837 0.6742336 0.2761486 0.6554699 0.2442234 0.6746294 0.2482393 0.6916571 0.2474346 0.6747175 0.249573 0.6344826 0.2539245 0.6157874 0.246254 0.6345223 0.9184266 0.444014 0.9192673 0.511533 0.9435334 0.5115206 0.9184266 0.444014 0.9435334 0.5115206 0.9443962 0.444014 0.4615052 0.4986841 0.4376308 0.4986841 0.4376308 0.3554387 0.4615052 0.4986841 0.4376308 0.3554387 0.4615052 0.3554387 0.4376308 0.4986841 0.4137563 0.4986841 0.4137563 0.3554387 0.4376308 0.4986841 0.4137563 0.3554387 0.4376308 0.3554387 0.4137563 0.4986841 0.3898822 0.4986841 0.3898822 0.3554387 0.4137563 0.4986841 0.3898822 0.3554387 0.4137563 0.3554387 0.3898822 0.4986841 0.3660081 0.4986841 0.3660081 0.3554387 0.3898822 0.4986841 0.3660081 0.3554387 0.3898822 0.3554387 0.3660081 0.4986841 0.3421337 0.4986841 0.3421337 0.3554387 0.3660081 0.4986841 0.3421337 0.3554387 0.3660081 0.3554387 0.2700601 0.3146654 0.2700505 0.310047 0.2817165 0.310047 0.2700601 0.3146654 0.2817165 0.310047 0.2817261 0.3146654 0.2714166 0.3033625 0.2815283 0.3033625 0.2815381 0.3079817 0.2714166 0.3033625 0.2815381 0.3079817 0.2714262 0.3079816 0.07781863 0.6360883 0.07781863 0.6409453 0.0731998 0.6409449 0.07781863 0.6360883 0.0731998 0.6409449 0.0731998 0.6360878 0.06617766 0.6250013 0.06617766 0.6329478 0.06155878 0.6329473 0.06617766 0.6250013 0.06155878 0.6329473 0.06155878 0.6250011 0.1047257 0.6153177 0.1046887 0.6106292 0.1093068 0.6106193 0.1047257 0.6153177 0.1093068 0.6106193 0.1093446 0.6153081 0.07781863 0.6409453 0.07781863 0.6360898 0.08243751 0.6360888 0.07781863 0.6409453 0.08243751 0.6360888 0.08243751 0.640944 0.304579 0.2815944 0.3045775 0.2892685 0.3002778 0.2864553 0.304579 0.2815944 0.3002778 0.2864553 0.300279 0.2815945 0.3088795 0.2815944 0.3088784 0.2864553 0.3045775 0.2892685 0.3088795 0.2815944 0.3045775 0.2892685 0.304579 0.2815944 0.18967 0.3645361 0.1945316 0.3645365 0.1973459 0.3688371 0.18967 0.3645361 0.1973459 0.3688371 0.18967 0.3731368 0.1046887 0.6191233 0.1047257 0.6153177 0.1093446 0.6153081 0.1046887 0.6191233 0.1093446 0.6153081 0.1093067 0.6191138 0.18967 0.3645361 0.18967 0.3731368 0.1817159 0.3833745 0.18967 0.3645361 0.1817159 0.3833745 0.181716 0.3527233 0.2622269 0.5671411 0.2316675 0.5671411 0.2316699 0.5625224 0.2622269 0.5671411 0.2316699 0.5625224 0.2622293 0.5625224 0.2884688 0.2736421 0.3191193 0.273642 0.304579 0.2815944 0.2884688 0.2736421 0.304579 0.2815944 0.300279 0.2815945 0.9760208 0.2822378 0.9741905 0.277465 0.9743495 0.2822378 0.9741905 0.277465 0.9760208 0.2822378 0.9761798 0.277465 0.9741905 0.277465 0.9761798 0.277465 0.9741905 0.2450901 0.9741905 0.2450901 0.9761798 0.277465 0.9761798 0.2449998 0.6359384 0.06900173 0.6285865 0.07324558 0.6334865 0.07324558 0.6285865 0.07324558 0.6359384 0.06900173 0.6334901 0.06475764 0.6285865 0.07324558 0.6334901 0.06475764 0.626138 0.06900173 0.626138 0.06900173 0.6334901 0.06475764 0.6285898 0.06475764 0.1575571 0.6559979 0.1575589 0.6644865 0.1600078 0.660242 0.1575589 0.6644865 0.1575571 0.6559979 0.1526576 0.6559979 0.1575589 0.6644865 0.1526576 0.6559979 0.1526595 0.6644865 0.1526595 0.6644865 0.1526576 0.6559979 0.150209 0.660242 0.01721006 0.3155142 0.003535389 0.3098508 0.009199678 0.3155137 0.003535389 0.3098508 0.01721006 0.3155142 0.02287399 0.3098508 0.003535389 0.3098508 0.02287399 0.3098508 0.003535389 0.3018416 0.003535389 0.3018416 0.02287399 0.3098508 0.02287369 0.3018416 0.003535389 0.3018416 0.02287369 0.3018416 0.009199261 0.2961786 0.009199261 0.2961786 0.02287369 0.3018416 0.01720958 0.2961786 0.01701754 0.2946058 0.003342926 0.2889438 0.009007334 0.2946058 0.003342926 0.2889438 0.01701754 0.2946058 0.02268099 0.2889438 0.003342926 0.2889438 0.02268099 0.2889438 0.003342151 0.2809368 0.003342151 0.2809368 0.02268099 0.2889438 0.02268069 0.2809368 0.003342151 0.2809368 0.02268069 0.2809368 0.009005963 0.2752748 0.009005963 0.2752748 0.02268069 0.2809368 0.01701623 0.2752748 0.4216304 0.5020304 0.4192137 0.5020684 0.4204221 0.502759 0.4192137 0.5020684 0.4216304 0.5020304 0.4192137 0.5006492 0.4192137 0.5006492 0.4216304 0.5020304 0.4216304 0.5006113 0.4192137 0.5006492 0.4216304 0.5006113 0.4204221 0.4999207 0.1536266 0.6544296 0.1536257 0.6470591 0.1514987 0.6507441 0.1536257 0.6470591 0.1536266 0.6544296 0.1578813 0.6544296 0.1536257 0.6470591 0.1578813 0.6544296 0.1578809 0.6470591 0.05071121 0.6095214 0.05808186 0.6095196 0.05439639 0.6073934 0.05808186 0.6095196 0.05071121 0.6095214 0.05071121 0.6137753 0.05808186 0.6095196 0.05071121 0.6137753 0.0580815 0.6137738 0.0580815 0.6137738 0.05071121 0.6137753 0.05439639 0.6159014 0.2786656 0.2850247 0.2860172 0.2807802 0.2811165 0.2807802 0.2860172 0.2807802 0.2786656 0.2850247 0.2811152 0.2892684 0.2860172 0.2807802 0.2811152 0.2892684 0.2884671 0.2850247 0.2884671 0.2850247 0.2811152 0.2892684 0.2860159 0.2892685 0.1876685 0.5332612 0.191913 0.5406129 0.191913 0.5357124 0.191913 0.5406129 0.1876685 0.5332612 0.1834244 0.535711 0.191913 0.5406129 0.1834244 0.535711 0.1876685 0.5430628 0.1876685 0.5430628 0.1834244 0.535711 0.1834244 0.5406118 0.3063246 0.339888 0.3248286 0.339888 0.328663 0.3306385 0.3063246 0.339888 0.328663 0.3306385 0.3024942 0.3306385 0.3024942 0.3306385 0.328663 0.3306385 0.3248328 0.3213896 0.3024942 0.3306385 0.3248328 0.3213896 0.3063286 0.3213894 0.2322733 0.7932158 0.2137688 0.7932158 0.2230207 0.7970474 0.2137688 0.7932158 0.2322733 0.7932158 0.2361066 0.7839646 0.2137688 0.7932158 0.2361066 0.7839646 0.209937 0.7839646 0.209937 0.7839646 0.2361066 0.7839646 0.2322748 0.7747138 0.209937 0.7839646 0.2322748 0.7747138 0.2137705 0.7747138 0.811033 0.2624628 0.7548292 0.2775519 0.7849527 0.2775372 0.7548292 0.2775519 0.811033 0.2624628 0.8260821 0.2363678 0.7548292 0.2775519 0.8260821 0.2363678 0.7287343 0.2625029 0.7287343 0.2625029 0.8260821 0.2363678 0.7136598 0.2364224 0.7136598 0.2364224 0.8260674 0.2062442 0.7136452 0.2062989 0.1451974 0.6521942 0.1451965 0.6448232 0.1430696 0.6485087 0.1451965 0.6448232 0.1451974 0.6521942 0.1494522 0.6521942 0.1451965 0.6448232 0.1494522 0.6521942 0.1494516 0.6448232 0.1494516 0.6448232 0.1494522 0.6521942 0.1515792 0.6485087 0.629069 0.03234297 0.6290706 0.03971344 0.6311969 0.0360282 0.6290706 0.03971344 0.629069 0.03234297 0.624815 0.03234297 0.6290706 0.03971344 0.624815 0.03234297 0.6248165 0.03971344 0.6248165 0.03971344 0.624815 0.03234297 0.6226888 0.0360282 0.1456134 0.9172115 0.1400483 0.9073223 0.1400483 0.9139136 0.1400483 0.9073223 0.1456134 0.9172115 0.1456134 0.9040292 0.1456134 0.9040292 0.1456134 0.9172115 0.1511785 0.9139184 0.1456134 0.9040292 0.1511785 0.9139184 0.1511785 0.9073273 0.8442698 0.575007 0.8454794 0.5729063 0.8442698 0.5735908 0.8454794 0.5729063 0.8442698 0.575007 0.8466891 0.5736383 0.8466891 0.5736383 0.8442698 0.575007 0.8454794 0.5757389 0.8466891 0.5736383 0.8454794 0.5757389 0.8466891 0.5750545 0.3178693 0.6400104 0.3154194 0.6400321 0.3166443 0.6407306 0.3154194 0.6400321 0.3178693 0.6400104 0.3154194 0.6386129 0.3154194 0.6386129 0.3178693 0.6400104 0.3178693 0.6385912 0.3154194 0.6386129 0.3178693 0.6385912 0.3166443 0.6378926 0.8606051 0.06624555 0.8453468 0.05992698 0.851667 0.06624555 0.8453468 0.05992698 0.8606051 0.06624555 0.866925 0.05992698 0.8453468 0.05992698 0.866925 0.05992698 0.8453465 0.05098938 0.8453465 0.05098938 0.866925 0.05992698 0.866925 0.05098938 0.8453465 0.05098938 0.866925 0.05098938 0.8516665 0.04467082 0.8516665 0.04467082 0.866925 0.05098938 0.8606045 0.04467082 0.3007299 0.234721 0.3159886 0.2410384 0.3096678 0.234721 0.3159886 0.2410384 0.3007299 0.234721 0.2944102 0.2410383 0.3159886 0.2410384 0.2944102 0.2410383 0.3159891 0.2499734 0.3159891 0.2499734 0.2944102 0.2410383 0.294411 0.2499734 0.3159891 0.2499734 0.294411 0.2499734 0.3096694 0.2562908 0.3096694 0.2562908 0.294411 0.2499734 0.3007317 0.2562908 0.3373833 0.2188291 0.3188788 0.2188291 0.3281309 0.2226607 0.3188788 0.2188291 0.3373833 0.2188291 0.3412165 0.2095776 0.3188788 0.2188291 0.3412165 0.2095776 0.3150473 0.2095776 0.3150473 0.2095776 0.3412165 0.2095776 0.3373849 0.2003265 0.3150473 0.2095776 0.3373849 0.2003265 0.3188804 0.2003265 0.3248286 0.3175587 0.3063246 0.3175587 0.3155758 0.3213894 0.3063246 0.3175587 0.3248286 0.3175587 0.328663 0.3083094 0.3063246 0.3175587 0.328663 0.3083094 0.3024942 0.3083094 0.3024942 0.3083094 0.328663 0.3083094 0.3248328 0.29906 0.3024942 0.3083094 0.3248328 0.29906 0.3063286 0.29906 0.9784458 0.2774652 0.9766154 0.2822378 0.9782865 0.2822378 0.9766154 0.2822378 0.9784458 0.2774652 0.9764562 0.2774652 0.9764562 0.2774652 0.9784458 0.2774652 0.9784458 0.24509 0.9764562 0.2774652 0.9784458 0.24509 0.9764562 0.2449997 0.2261636 0.5529739 0.2261636 0.5714784 0.229996 0.5622264 0.2261636 0.5714784 0.2261636 0.5529739 0.2169125 0.5491407 0.2261636 0.5714784 0.2169125 0.5491407 0.2169125 0.5753099 0.2169125 0.5753099 0.2169125 0.5491407 0.2076615 0.5529721 0.2169125 0.5753099 0.2076615 0.5529721 0.2076615 0.5714768 0.6841881 0.09174376 0.6656836 0.09174364 0.6749351 0.09557491 0.6656836 0.09174364 0.6841881 0.09174376 0.6880221 0.08249455 0.6656836 0.09174364 0.6880221 0.08249455 0.6618536 0.08249455 0.6618536 0.08249455 0.6880221 0.08249455 0.6841922 0.07324558 0.6618536 0.08249455 0.6841922 0.07324558 0.6656878 0.07324558 0.5672214 0.9968327 0.5517498 0.983941 0.566156 0.9968746 0.5517498 0.983941 0.5672214 0.9968327 0.5529085 0.9646186 0.5517498 0.983941 0.5529085 0.9646186 0.5489758 0.9702803 0.7548292 0.2775519 0.811033 0.2624628 0.7849527 0.2775372 0.811033 0.2624628 0.7548292 0.2775519 0.7287343 0.2625029 0.811033 0.2624628 0.7287343 0.2625029 0.8260821 0.2363678 0.8260821 0.2363678 0.7287343 0.2625029 0.7136598 0.2364224 0.8260821 0.2363678 0.7136598 0.2364224 0.8260674 0.2062442 0.8367834 0.4240698 0.7703685 0.406274 0.8011917 0.4240698</float_array>
          <technique_common>
            <accessor source="#Loader_car_Loader_car_Material_0-mesh-map-0-array" count="5895" stride="2">
              <param name="S" type="float"/>
              <param name="T" type="float"/>
            </accessor>
          </technique_common>
        </source>
        <source id="Loader_car_Loader_car_Material_0-mesh-colors-Attribute" name="Attribute">
          <float_array id="Loader_car_Loader_car_Material_0-mesh-colors-Attribute-array" count="23580">1 1 1 1 1 1 1 1 1 1 1 1 1 1 1 1 1 1 1 1 1 1 1 1 1 1 1 1 1 1 1 1 1 1 1 1 0.9960784 0.9960784 0.9960784 1 1 1 1 1 1 1 1 1 1 1 1 1 1 1 1 1 1 1 1 1 1 1 1 1 1 1 1 1 1 1 1 1 1 1 1 1 1 1 1 1 0 0 0 1 0 0 0 1 0 0 0 1 1 1 1 1 1 1 1 1 1 1 1 1 1 1 1 1 1 1 1 1 1 1 1 1 1 1 1 1 0 0 0 1 0 0 0 1 1 1 1 1 1 1 1 1 1 1 1 1 0 0 0 1 1 1 1 1 1 1 1 1 1 1 1 1 1 1 1 1 1 1 1 1 1 1 1 1 1 1 1 1 1 1 1 1 1 1 1 1 1 1 1 1 1 1 1 1 1 1 1 1 0 0 0 1 0 0 0 1 1 1 1 1 1 1 1 1 1 1 1 1 0 0 0 1 1 1 1 1 1 1 1 1 0 0 0 1 0 0 0 1 0 0 0 1 1 1 1 1 1 1 1 1 1 1 1 1 1 1 1 1 1 1 1 1 1 1 1 1 1 1 1 1 1 1 1 1 1 1 1 1 0 0 0 1 0 0 0 1 0 0 0 1 1 1 1 1 1 1 1 1 1 1 1 1 1 1 1 1 1 1 1 1 1 1 1 1 1 1 1 1 0 0 0 1 0 0 0 1 1 1 1 1 1 1 1 1 1 1 1 1 0 0 0 1 1 1 1 1 1 1 1 1 1 1 1 1 1 1 1 1 1 1 1 1 1 1 1 1 1 1 1 1 1 1 1 1 1 1 1 1 1 1 1 1 1 1 1 1 1 1 1 1 0 0 0 1 0 0 0 1 1 1 1 1 1 1 1 1 1 1 1 1 0 0 0 1 1 1 1 1 1 1 1 1 0 0 0 1 0 0 0 1 0 0 0 1 1 1 1 1 1 1 1 1 1 1 1 1 1 1 1 1 1 1 1 1 1 1 1 1 1 1 1 1 1 1 1 1 1 1 1 1 1 1 1 1 1 1 1 1 1 1 1 1 1 1 1 1 1 1 1 1 1 1 1 1 1 1 1 1 1 1 1 1 1 1 1 1 1 1 1 1 1 1 1 1 1 1 1 1 1 1 1 1 1 1 1 1 1 1 1 1 1 1 1 1 1 1 1 1 1 1 1 1 1 1 1 1 1 1 1 1 1 1 1 1 1 1 1 1 1 1 1 1 1 1 1 1 1 1 1 1 1 1 1 1 1 1 1 1 1 1 1 1 1 1 1 1 1 1 1 1 1 1 1 1 1 1 1 1 1 1 1 1 1 1 1 1 1 1 1 1 1 1 1 1 1 1 1 1 1 1 1 1 1 1 1 1 1 1 1 1 1 1 1 1 1 1 1 1 1 1 1 1 1 1 1 1 1 1 1 1 1 1 1 1 1 1 1 1 1 1 1 1 1 1 1 1 1 1 1 1 1 1 1 1 1 1 1 1 1 1 1 1 1 1 1 1 1 1 1 1 1 1 1 1 1 1 1 1 1 1 1 1 1 1 1 1 1 1 1 1 1 1 1 1 1 1 1 1 1 1 1 1 1 1 1 1 1 1 1 1 1 1 1 1 1 1 1 1 1 1 1 1 1 1 1 1 1 1 1 1 1 1 1 1 1 1 1 1 1 1 1 1 1 1 1 1 1 1 1 1 1 1 1 1 1 1 1 1 1 1 1 1 1 1 1 1 1 1 1 1 1 1 1 1 1 1 1 1 1 1 1 1 1 1 1 1 1 1 1 1 1 1 1 1 1 1 1 1 1 1 1 1 1 1 1 1 1 1 1 1 1 1 1 1 1 1 1 1 1 1 1 1 1 1 1 1 1 1 1 1 1 1 1 1 1 1 1 1 1 1 1 1 1 1 1 1 1 1 1 1 1 1 1 1 1 1 1 1 1 1 1 1 1 1 1 1 1 1 1 1 1 1 1 1 1 1 1 1 1 1 1 1 1 1 1 1 1 1 1 1 1 1 1 1 1 1 1 1 1 1 1 1 1 1 1 1 1 1 1 1 1 1 1 1 1 1 1 1 1 1 1 1 1 1 1 1 1 1 1 1 1 1 1 1 1 1 1 1 1 1 1 1 1 1 1 1 1 1 1 1 1 1 1 1 1 1 1 1 1 1 1 1 1 1 1 1 1 1 1 1 1 1 1 1 1 1 1 1 1 1 1 1 1 1 1 1 1 1 1 1 1 1 1 1 1 1 1 1 1 1 1 1 1 1 1 1 1 1 1 1 1 1 1 1 1 1 1 1 1 1 1 1 1 1 1 1 1 1 1 1 1 1 1 1 1 1 1 1 1 1 1 1 1 1 1 1 1 1 1 1 1 1 1 1 1 1 1 1 1 1 1 1 1 1 1 1 1 1 1 1 1 1 1 1 1 1 1 1 1 1 1 1 1 1 1 1 1 1 1 1 1 1 1 1 1 1 1 1 1 1 1 1 1 1 1 1 1 1 1 1 1 1 1 1 1 1 1 1 1 1 1 1 1 1 1 1 1 1 1 1 1 1 1 1 1 1 1 1 1 1 1 1 1 1 1 1 1 1 1 1 1 1 1 1 1 1 1 1 1 1 1 1 1 1 1 1 1 1 1 1 1 1 1 1 1 1 1 1 1 1 1 1 1 1 1 1 1 1 1 1 1 1 1 1 1 1 1 1 1 1 1 1 1 1 1 1 1 1 1 1 1 1 1 1 1 1 1 1 1 1 1 1 1 1 1 1 1 1 1 1 1 1 1 1 1 1 1 1 1 1 1 1 1 1 1 1 1 1 1 1 1 1 1 1 1 1 1 1 1 1 1 1 1 1 1 1 1 1 1 1 1 1 1 1 1 1 1 1 1 1 1 1 1 1 1 1 1 1 1 1 1 1 1 1 1 1 1 1 1 1 1 1 1 1 1 1 1 1 1 1 1 1 1 1 1 1 1 1 1 1 1 1 1 1 1 1 1 1 1 1 1 1 1 1 1 1 1 1 1 1 1 1 1 1 1 1 1 1 1 1 1 1 1 1 1 1 1 1 1 1 1 1 1 1 1 1 1 1 1 1 1 1 1 1 1 1 1 1 1 1 1 1 1 1 1 1 1 1 1 1 1 1 1 1 1 1 1 1 1 1 1 1 1 1 1 1 1 1 1 1 1 1 1 1 1 1 1 1 1 1 1 1 1 1 1 1 1 1 1 1 1 1 1 1 1 1 1 1 1 1 1 1 1 1 1 1 1 1 1 1 1 1 1 1 1 1 1 1 1 1 1 1 1 1 1 1 1 1 1 1 1 1 1 1 1 1 1 1 1 1 1 1 1 1 1 1 1 1 1 1 1 1 1 1 1 1 1 1 1 1 1 1 1 1 1 1 1 1 1 1 1 1 1 1 1 1 1 1 1 1 1 1 1 1 1 1 1 1 1 1 1 1 1 1 1 1 1 1 1 1 1 1 1 1 1 1 1 1 1 1 1 1 1 1 1 1 1 1 1 1 1 1 1 1 1 1 1 1 1 1 1 1 1 1 1 1 1 1 1 1 1 1 1 1 1 1 1 1 1 1 1 1 1 1 1 1 1 1 1 1 1 1 1 1 1 1 1 1 1 1 1 1 1 1 1 1 1 1 1 1 1 1 1 1 1 1 1 1 1 1 1 1 1 1 1 1 1 1 1 1 1 1 1 1 1 1 1 1 1 1 1 1 1 1 1 1 1 1 1 1 1 1 1 1 1 1 1 1 1 1 1 1 1 1 1 1 1 1 1 1 1 1 1 1 1 1 1 1 1 1 1 1 1 1 1 1 1 1 1 1 1 1 1 1 1 1 1 1 1 1 1 1 1 1 1 1 1 1 1 1 1 1 1 1 1 1 1 1 1 1 1 1 1 1 1 1 1 1 1 1 1 1 1 1 1 1 1 1 1 1 1 1 1 1 1 1 1 1 1 1 1 1 1 1 1 1 1 1 1 1 1 1 1 1 1 1 1 1 1 1 1 1 1 1 1 1 1 1 1 1 1 1 1 1 1 1 1 1 1 1 1 1 1 1 1 1 1 1 1 1 1 1 1 1 1 1 1 1 1 1 1 1 1 1 1 1 1 1 1 1 1 1 1 1 1 1 1 1 1 1 1 1 1 1 1 1 1 1 1 1 1 1 1 1 1 1 1 1 1 1 1 1 1 1 1 1 1 1 1 1 1 1 1 1 1 1 1 1 1 1 1 1 1 1 1 1 1 1 1 1 1 1 1 1 1 1 1 1 1 1 1 1 1 1 1 1 1 1 1 1 1 1 1 1 1 1 1 1 1 1 1 1 1 1 1 1 1 1 1 1 1 1 1 1 1 1 1 1 1 1 1 1 1 1 1 1 1 1 1 1 1 1 1 1 1 1 1 1 1 1 1 1 1 1 1 1 1 1 1 1 1 1 1 1 1 1 1 1 1 1 1 1 1 1 1 1 1 1 1 1 1 1 1 1 1 1 1 1 1 1 1 1 1 1 1 1 1 1 1 1 1 1 1 1 1 1 1 1 1 1 1 1 1 1 1 1 1 1 1 1 1 1 1 1 1 1 1 1 1 1 1 1 1 1 1 1 1 1 1 1 1 1 1 1 1 1 1 1 1 1 1 1 1 1 1 1 1 1 1 1 1 1 1 1 1 1 1 1 1 1 1 1 1 1 1 1 1 1 1 1 1 1 1 1 1 1 1 1 1 1 1 1 1 1 1 1 1 1 1 1 1 1 1 1 1 1 1 1 1 1 1 1 1 1 1 1 1 1 1 1 1 1 1 1 1 1 1 1 1 1 1 1 1 1 1 1 1 1 1 1 1 1 1 1 1 1 1 1 1 1 1 1 1 1 1 1 1 1 1 1 1 1 1 1 1 1 1 1 1 1 1 1 1 1 1 1 1 1 1 1 1 1 1 1 1 1 1 1 1 1 1 1 1 1 1 1 1 1 1 1 1 1 1 1 1 1 1 1 1 1 1 1 1 1 1 1 1 1 1 1 1 1 1 1 1 1 1 1 1 1 1 1 1 1 1 1 1 1 1 1 1 1 1 1 1 1 1 1 1 1 1 1 1 1 1 1 1 1 1 1 1 1 1 1 1 1 1 1 0.9333333 0.9333333 0.9333333 1 0 0 0 1 1 1 1 1 0 0 0 1 0.7215687 0.7215687 0.7215687 1 1 1 1 1 1 1 1 1 1 1 1 1 1 1 1 1 1 1 1 1 1 1 1 1 1 1 1 1 0 0 0 1 1 1 1 1 1 1 1 1 1 1 1 1 1 1 1 1 1 1 1 1 1 1 1 1 0 0 0 1 1 1 1 1 1 1 1 1 1 1 1 1 1 1 1 1 1 1 1 1 1 1 1 1 1 1 1 1 1 1 1 1 1 1 1 1 1 1 1 1 1 1 1 1 1 1 1 1 1 1 1 1 1 1 1 1 1 1 1 1 0.5254902 0.5254902 0.5254902 1 1 1 1 1 1 1 1 1 1 1 1 1 1 1 1 1 1 1 1 1 1 1 1 1 1 1 1 1 1 1 1 1 1 1 1 1 1 1 1 1 1 1 1 1 1 1 1 1 1 1 1 1 1 1 1 1 1 1 1 1 1 1 1 1 1 1 1 1 1 1 1 1 1 1 1 1 1 1 1 1 1 1 1 1 1 1 1 1 1 1 1 1 1 1 1 1 1 1 1 1 1 1 1 1 1 1 1 1 1 1 1 1 1 1 1 1 1 1 1 1 1 1 1 1 1 1 1 1 1 1 1 1 1 1 1 1 1 1 1 1 1 1 1 1 1 1 1 1 1 1 1 1 1 1 1 1 1 1 1 1 1 1 1 1 1 1 1 1 1 1 1 1 1 1 1 1 1 1 1 1 1 1 1 1 1 1 1 1 1 1 1 1 1 1 1 1 1 1 1 1 1 1 1 1 1 1 1 1 1 1 1 1 1 1 1 1 1 1 1 1 1 1 1 1 1 1 1 1 1 1 1 1 1 1 1 1 1 1 1 1 1 1 1 1 1 1 1 1 1 1 1 1 1 1 1 1 1 1 1 1 1 1 1 1 1 1 1 1 1 1 1 1 1 1 1 1 1 1 1 1 1 1 1 1 1 1 1 1 1 1 1 1 1 1 1 1 1 1 1 1 1 1 1 1 1 1 1 1 1 1 1 1 1 1 1 1 1 1 1 1 1 1 1 1 1 1 1 1 1 1 1 1 1 1 1 1 1 1 1 1 1 1 1 1 1 1 1 1 1 1 1 1 1 1 1 1 1 1 1 1 1 1 1 1 1 1 1 1 1 1 1 1 1 1 1 1 1 1 1 1 1 1 1 1 1 1 1 1 1 1 1 1 1 1 1 1 1 1 1 1 1 1 1 1 1 1 1 1 1 1 1 1 1 1 1 1 1 1 1 1 1 1 1 1 1 1 1 1 1 1 1 1 1 1 1 1 1 1 1 1 1 1 1 1 1 1 1 1 1 1 1 1 1 1 1 1 1 1 1 1 1 1 1 1 1 1 1 1 1 1 1 1 1 1 1 1 1 1 1 1 1 1 1 1 1 1 1 1 1 1 1 1 1 1 1 1 1 1 1 1 1 1 1 1 1 1 1 1 1 1 1 1 1 1 1 1 1 1 1 1 1 1 1 1 1 1 1 1 1 1 1 1 1 1 1 1 1 1 1 1 1 1 1 1 1 1 1 1 1 1 1 1 1 1 1 1 1 1 1 1 1 1 1 1 1 1 1 1 1 1 1 1 1 1 1 1 1 1 1 1 1 1 1 1 1 1 1 1 1 1 1 1 1 1 1 1 1 1 1 1 1 1 1 1 1 1 1 1 1 1 1 1 1 1 1 1 1 1 1 1 1 1 1 1 1 1 1 1 1 1 1 1 1 1 1 1 1 1 1 1 1 1 1 1 1 1 1 1 1 1 1 1 1 1 1 1 1 1 1 1 1 1 1 1 1 1 1 1 1 1 1 1 1 1 1 1 1 1 1 1 1 1 1 1 1 1 1 1 1 1 1 1 1 1 1 1 1 1 1 1 1 1 1 1 1 1 1 1 1 1 1 1 1 1 1 1 1 1 1 1 1 1 1 1 1 1 1 1 1 1 1 1 1 1 1 1 1 1 1 1 1 1 1 1 1 1 1 1 1 1 1 1 1 1 1 1 1 1 1 1 1 1 1 1 1 1 1 1 1 1 1 1 1 1 1 1 1 1 1 1 1 1 1 1 1 1 1 1 1 1 1 1 1 1 1 1 1 1 1 1 1 1 1 1 1 1 1 1 1 1 1 1 1 1 1 1 1 1 1 1 1 1 1 1 1 1 1 1 1 1 1 1 1 1 1 1 1 1 1 1 1 1 1 1 1 1 1 1 1 1 1 1 1 1 1 1 1 1 1 1 1 1 1 1 1 1 1 1 1 1 1 1 1 1 1 1 1 1 1 1 1 1 1 1 1 1 1 1 1 1 1 1 1 1 1 1 1 1 1 1 1 1 1 1 1 1 1 1 1 1 1 1 1 1 1 1 1 1 1 1 1 1 1 1 1 1 1 1 1 1 1 1 1 1 1 1 1 1 1 1 1 1 1 1 1 1 1 1 1 1 1 1 1 1 1 1 1 1 1 1 1 1 1 1 1 1 1 1 1 1 1 1 1 1 1 1 1 1 1 1 1 1 1 1 1 1 1 1 1 1 1 1 1 1 1 1 1 1 1 1 1 1 1 1 1 1 1 1 1 1 1 1 1 1 1 1 1 1 1 1 1 1 1 1 1 1 1 1 1 1 1 1 1 1 1 1 1 1 1 1 1 1 1 1 1 1 1 1 1 1 1 1 1 1 1 1 1 1 1 1 1 1 1 1 1 1 1 1 1 1 1 1 1 1 1 1 1 1 1 1 1 1 1 1 1 1 1 1 1 1 1 1 1 1 1 1 1 1 1 1 1 1 1 1 1 1 1 1 1 1 1 1 1 1 1 1 1 1 1 1 1 1 1 1 1 1 1 1 1 1 1 1 1 1 1 1 1 1 1 1 1 1 1 1 1 1 1 1 1 1 1 1 1 1 1 1 1 1 1 1 1 1 1 1 1 1 1 1 1 1 1 1 1 1 1 1 1 1 1 1 1 1 1 1 1 1 1 1 1 1 1 1 1 1 1 1 1 1 1 1 1 1 1 1 1 1 1 1 1 1 1 1 1 1 1 1 1 1 1 1 1 1 1 1 1 1 1 1 1 1 1 1 1 1 1 1 1 1 1 1 1 1 1 1 1 1 1 1 1 1 1 1 1 1 1 1 1 1 1 1 1 1 1 1 1 1 1 1 1 1 1 1 1 1 1 1 1 1 1 1 1 1 1 1 1 1 1 1 1 1 1 1 1 1 1 1 1 1 1 1 1 1 1 1 1 1 1 1 1 1 1 1 1 1 1 1 1 1 1 1 1 1 1 1 1 1 1 1 1 1 1 1 1 1 1 1 1 1 1 1 1 1 1 1 1 1 1 1 1 1 1 1 1 1 1 1 1 1 1 1 1 1 1 1 1 1 1 1 1 1 1 1 1 1 1 1 1 1 1 1 1 1 1 1 1 1 1 1 1 1 1 1 1 1 1 1 1 1 1 1 1 1 1 1 1 1 1 1 1 1 1 1 1 1 1 1 1 1 1 1 1 1 1 1 1 1 1 1 1 1 1 1 1 1 1 1 1 1 1 1 1 1 1 1 1 1 1 1 1 1 1 1 1 1 1 1 1 1 1 1 1 1 1 1 1 1 1 1 1 1 1 1 1 1 1 1 1 1 1 1 1 1 1 1 1 1 1 1 1 1 1 1 1 1 1 1 1 1 1 1 1 1 1 1 1 1 1 1 1 1 1 1 1 1 1 1 1 1 1 1 1 1 1 1 1 1 1 1 1 1 1 1 1 1 1 1 1 1 1 1 1 1 1 1 1 1 1 1 1 1 1 1 1 1 1 1 1 1 1 1 1 1 1 1 1 1 1 1 1 1 1 1 1 1 1 1 1 1 1 1 1 1 1 1 1 1 1 1 1 1 1 1 1 1 1 1 1 1 1 1 1 1 1 1 1 1 1 1 1 1 1 1 1 1 1 1 1 1 1 1 1 1 1 1 1 1 1 1 1 1 1 1 1 1 1 1 1 1 1 1 1 1 1 1 1 1 1 1 1 1 1 1 1 1 1 1 1 1 1 1 1 1 1 1 1 1 1 1 1 1 1 1 1 1 1 1 1 1 1 1 1 1 1 1 1 1 1 1 1 1 1 1 1 1 1 1 1 1 1 1 1 1 1 1 1 1 1 1 1 1 1 1 1 1 1 1 1 1 1 1 1 1 1 1 1 1 1 1 1 1 1 1 1 1 1 1 1 1 1 1 1 1 1 1 1 1 1 1 1 1 1 1 1 1 1 1 1 1 1 1 1 1 1 1 1 1 1 1 1 1 1 1 1 1 1 1 1 1 1 1 1 1 1 1 1 1 1 1 1 1 1 1 1 1 1 1 1 1 1 1 1 1 1 1 1 1 1 1 1 1 1 1 1 1 1 1 1 1 1 1 1 1 1 1 1 1 1 1 1 1 1 1 1 1 1 1 1 1 1 1 1 1 1 1 1 1 1 1 1 1 1 1 1 1 1 1 1 1 1 1 1 1 1 1 1 1 1 1 1 1 1 1 1 1 1 1 1 1 1 1 1 1 1 1 1 1 1 1 1 1 1 1 1 1 1 1 1 1 1 1 1 1 1 1 1 1 1 1 1 1 1 1 1 1 1 1 1 1 1 1 1 1 1 1 1 1 1 1 1 1 1 1 1 1 1 1 1 1 1 1 1 1 1 1 1 1 1 1 1 1 1 1 1 1 1 1 1 1 1 1 1 1 1 1 1 1 1 1 1 1 1 1 1 1 1 1 1 1 1 1 1 1 1 1 1 1 1 1 1 1 1 1 1 1 1 1 1 1 1 1 1 1 1 1 1 1 1 1 1 1 1 1 1 1 1 1 1 1 1 1 1 1 1 1 1 1 1 1 1 1 1 1 1 1 1 1 1 1 1 1 1 1 1 1 1 1 1 1 1 1 1 1 1 1 1 1 1 1 1 1 1 1 1 1 1 1 1 1 1 1 1 1 1 1 1 1 1 1 1 1 1 1 1 1 1 1 1 1 1 1 1 1 1 1 1 1 1 1 1 1 1 1 1 1 1 1 1 1 1 1 1 1 1 1 1 1 1 1 1 1 1 1 1 1 1 1 1 1 1 1 1 1 1 1 1 1 1 1 1 1 1 1 1 1 1 1 1 1 1 1 1 1 1 1 1 1 1 1 1 1 1 1 1 1 1 1 1 1 1 1 1 1 1 1 1 1 1 1 1 1 1 1 1 1 1 1 1 1 1 1 1 1 1 1 1 1 1 1 1 1 1 1 1 1 1 1 1 1 1 1 1 1 1 1 1 1 1 1 1 1 1 1 1 1 1 1 1 1 1 1 1 1 1 1 1 1 1 1 1 1 1 1 1 1 1 1 1 1 1 1 1 1 1 1 1 1 1 1 1 1 1 1 1 1 1 1 1 1 1 1 1 1 1 1 1 1 1 1 1 1 1 1 1 1 1 1 1 1 1 1 1 1 1 1 1 1 1 1 1 1 1 1 1 1 1 1 1 1 1 1 1 1 1 1 1 1 1 1 1 1 1 1 1 1 1 1 1 1 1 1 1 1 1 1 1 1 1 1 1 1 1 1 1 1 1 1 1 1 1 1 1 1 1 1 1 1 1 1 1 1 1 1 1 1 1 1 1 1 1 1 1 1 1 1 1 1 1 1 1 1 1 1 1 1 1 1 1 1 1 1 1 1 1 1 1 1 1 1 1 1 1 1 1 1 1 1 1 1 1 1 1 1 1 1 1 1 1 1 1 1 1 1 1 1 1 1 1 1 1 1 1 1 1 1 1 1 1 1 1 1 1 1 1 1 1 1 1 1 1 1 1 1 1 1 1 1 1 1 1 1 1 1 1 1 1 1 1 1 1 1 1 1 1 1 1 1 1 1 1 1 1 1 1 1 1 1 1 1 1 1 1 1 1 1 1 1 1 1 1 1 1 1 1 1 1 1 1 1 1 1 1 1 1 1 1 1 1 1 1 1 1 1 1 1 1 1 1 1 1 1 1 1 1 1 1 1 1 1 1 1 1 1 1 1 1 1 1 1 1 1 1 1 1 1 1 1 1 1 1 1 1 1 1 1 1 1 1 1 1 1 1 1 1 1 1 1 1 1 1 1 1 1 1 1 1 1 1 1 1 1 1 1 1 1 1 1 1 1 1 1 1 1 1 1 1 1 1 1 1 1 1 1 1 1 1 1 1 1 1 1 1 1 1 1 1 1 1 1 1 1 1 1 1 1 1 1 1 1 1 1 1 1 1 1 1 1 1 1 1 1 1 1 1 1 1 1 1 1 1 1 1 1 1 1 1 1 1 1 1 1 1 1 1 1 1 1 1 1 1 1 1 1 1 1 1 1 1 1 1 1 1 1 1 1 1 1 1 1 1 1 1 1 1 1 1 1 1 1 1 1 1 1 1 1 1 1 1 1 1 1 1 1 1 1 1 1 1 1 1 1 1 1 1 1 1 1 1 1 1 1 1 1 1 1 1 1 1 1 1 1 1 1 1 1 1 1 1 1 1 1 1 1 1 1 1 1 1 1 1 1 1 1 1 1 1 1 1 1 1 1 1 1 1 1 1 1 1 1 1 1 1 1 1 1 1 1 1 1 1 1 1 1 1 1 1 1 1 1 1 1 1 1 1 1 1 1 1 1 1 1 1 1 1 1 1 1 1 1 1 1 1 1 1 1 1 1 1 1 1 1 1 1 1 1 1 1 1 1 1 1 1 1 1 1 1 1 1 1 1 1 1 1 1 1 1 1 1 1 1 1 1 1 1 1 1 1 1 1 1 1 1 1 1 1 1 1 1 1 1 1 1 1 1 1 1 1 1 1 1 1 1 1 1 1 1 1 1 1 1 1 1 1 1 1 1 1 1 1 1 1 1 1 1 1 1 1 1 1 1 1 1 1 1 1 1 1 1 1 1 1 1 1 1 1 1 1 1 1 1 1 1 1 1 1 1 1 1 1 1 1 1 1 1 1 1 1 1 1 1 1 1 1 1 1 1 1 1 1 1 1 1 1 1 1 1 1 1 1 1 1 1 1 1 1 1 1 1 1 1 1 1 1 1 1 1 1 1 1 1 1 1 1 1 1 1 1 1 1 1 1 1 1 1 1 1 1 1 1 1 1 1 1 1 1 1 1 1 1 1 1 1 1 1 1 1 1 1 1 1 1 1 1 1 1 1 1 1 1 1 1 1 1 1 1 1 1 1 1 1 1 1 1 1 1 1 1 1 1 1 1 1 1 1 1 1 1 1 1 1 1 1 1 1 1 1 1 1 1 1 1 1 1 1 1 1 1 1 1 1 1 1 1 1 1 1 1 1 1 1 1 1 1 1 1 1 1 1 1 1 1 1 1 1 1 1 1 1 1 1 1 1 1 1 1 1 1 1 1 1 1 1 1 1 1 1 1 1 1 1 1 1 1 1 1 1 1 1 1 1 1 1 1 1 1 1 1 1 1 1 1 1 1 1 1 1 1 1 1 1 1 1 1 1 1 1 1 1 1 1 1 1 1 1 1 1 1 1 1 1 1 1 1 1 1 1 1 1 1 1 1 1 1 1 1 1 1 1 1 1 1 1 1 1 1 1 1 1 1 1 1 1 1 1 1 1 1 1 1 1 1 1 1 1 1 1 1 1 1 1 1 1 1 1 1 1 1 1 1 1 1 1 1 1 1 1 1 1 1 1 1 1 1 1 1 1 1 1 1 1 1 1 1 1 1 1 1 1 1 1 1 1 1 1 1 1 1 1 1 1 1 1 1 1 1 1 1 1 1 1 1 1 1 1 1 1 1 1 1 1 1 1 1 1 1 1 1 1 1 1 1 1 1 1 1 1 1 1 1 1 1 1 1 1 1 1 1 1 1 1 1 1 1 1 1 1 1 1 1 1 1 1 1 1 1 1 1 1 1 1 1 1 1 1 1 1 1 1 1 1 1 1 1 1 1 1 1 1 1 1 1 1 1 1 1 1 1 1 1 1 1 1 1 1 1 1 1 1 1 1 1 1 1 1 1 1 1 1 1 1 1 1 1 1 1 1 1 1 1 1 1 1 1 1 1 1 1 1 1 1 1 1 1 1 1 1 1 1 1 1 1 1 1 1 1 1 1 1 1 1 1 1 1 1 1 1 1 1 1 1 1 1 1 1 1 1 1 1 1 1 1 1 1 1 1 1 1 1 1 1 1 1 1 1 1 1 1 1 1 1 1 1 1 1 1 1 1 1 1 1 1 1 1 1 1 1 1 1 1 1 1 1 1 1 1 1 1 1 1 1 1 1 1 1 1 1 1 1 1 1 1 1 1 1 1 1 1 1 1 1 1 1 1 1 1 1 1 1 1 1 1 1 1 1 1 1 1 1 1 1 1 1 1 1 1 1 1 1 1 1 1 1 1 1 1 1 1 1 1 1 1 1 1 1 1 1 1 1 1 1 1 1 1 1 1 1 1 1 1 1 1 1 1 1 1 1 1 1 1 1 1 1 1 1 1 1 1 1 1 1 1 1 1 1 1 1 1 1 1 1 1 1 1 1 1 1 1 1 1 1 1 1 1 1 1 1 1 1 1 1 1 1 1 1 1 1 1 1 1 1 1 1 1 1 1 1 1 1 1 1 1 1 1 1 1 1 1 1 1 1 1 1 1 1 1 1 1 1 1 1 1 1 1 1 1 1 1 1 1 1 1 1 1 1 1 1 1 1 1 1 1 1 1 1 1 1 1 1 1 1 1 1 1 1 1 1 1 1 1 1 1 1 1 1 1 1 1 1 1 1 1 1 1 1 1 1 1 1 1 1 1 1 1 1 1 1 1 1 1 1 1 1 1 1 1 1 1 1 1 1 1 1 1 1 1 1 1 1 1 1 1 1 1 1 1 1 1 1 1 1 1 1 1 1 1 1 1 1 1 1 1 1 1 1 1 1 1 1 1 1 1 1 1 1 1 1 1 1 1 1 1 1 1 1 1 1 1 1 1 1 1 1 1 1 1 1 1 1 1 1 1 1 1 1 1 1 1 1 1 1 1 1 1 1 1 1 1 1 1 1 1 1 1 1 1 1 1 1 1 1 1 1 1 1 1 1 1 1 1 1 1 1 1 1 1 1 1 1 1 1 1 1 1 1 1 1 1 1 1 1 1 1 1 1 1 1 1 1 1 1 1 1 1 1 1 1 1 1 1 1 1 1 1 1 1 1 1 1 1 1 1 1 1 1 1 1 1 1 1 1 1 1 1 1 1 1 1 1 1 1 1 1 1 1 1 1 1 1 1 1 1 1 1 1 1 1 1 1 1 1 1 1 1 1 1 1 1 1 1 1 1 1 1 1 1 1 1 1 1 1 1 1 1 1 1 1 1 1 1 1 1 1 1 1 1 1 1 1 1 1 1 1 1 1 1 1 1 1 1 1 1 1 1 1 1 1 1 1 1 1 1 1 1 1 1 1 1 1 1 1 1 1 1 1 1 1 1 1 1 1 1 1 1 1 1 1 1 1 1 1 1 1 1 1 1 1 1 1 1 1 1 1 1 1 1 1 1 1 1 1 1 1 1 1 1 1 1 1 1 1 1 1 1 1 1 1 1 1 1 1 1 1 1 1 1 1 1 1 1 1 1 1 1 1 1 1 1 1 1 1 1 1 1 1 1 1 1 1 1 1 1 1 1 1 1 1 1 1 1 1 1 1 1 1 1 1 1 1 1 1 1 1 1 1 1 1 1 1 1 1 1 1 1 1 1 1 1 1 1 1 1 1 1 1 1 1 1 1 1 1 1 1 1 1 1 1 1 1 1 1 1 1 1 1 1 1 1 1 1 1 1 1 1 1 1 1 1 1 1 1 1 1 1 1 1 1 1 1 1 1 1 1 1 1 1 1 1 1 1 1 1 1 1 1 1 1 1 1 1 1 1 1 1 1 1 1 1 1 1 1 1 1 1 1 1 1 1 1 1 1 1 1 1 1 1 1 1 1 1 1 1 1 1 1 1 1 1 1 1 1 1 1 1 1 1 1 1 1 1 1 1 1 1 1 1 1 1 1 1 1 1 1 1 1 1 1 1 1 1 1 1 1 1 1 1 1 1 1 1 1 1 1 1 1 1 1 1 1 1 1 1 1 1 1 1 1 1 1 1 1 1 1 1 1 1 1 1 1 1 1 1 1 1 1 1 1 1 1 1 1 1 1 1 1 1 1 1 1 1 1 1 1 1 1 1 1 1 1 1 1 1 1 1 1 1 1 1 1 1 1 1 1 1 1 1 1 1 1 1 1 1 1 1 1 1 1 1 1 1 1 1 1 1 1 1 1 1 1 1 1 1 1 1 1 1 1 1 1 1 1 1 1 1 1 1 1 1 1 1 1 1 1 1 1 1 1 1 1 1 1 1 1 1 1 1 1 1 1 1 1 1 1 1 1 1 1 1 1 1 1 1 1 1 1 1 1 1 1 1 1 1 1 1 1 1 1 1 1 1 1 1 1 1 1 1 1 1 1 1 1 1 1 1 1 1 1 1 1 1 1 1 1 1 1 1 1 1 1 1 1 1 1 1 1 1 1 1 1 1 1 1 1 1 1 1 1 1 1 1 1 1 1 1 1 1 1 1 1 1 1 1 1 1 1 1 1 1 1 1 1 1 1 1 1 1 1 1 1 1 1 1 1 1 1 1 1 1 1 1 1 1 1 1 1 1 1 1 1 1 1 1 1 1 1 1 1 1 1 1 1 1 1 1 1 1 1 1 1 1 1 1 1 1 1 1 1 1 1 1 1 1 1 1 1 1 1 1 1 1 1 1 1 1 1 1 1 1 1 1 1 1 1 1 1 1 1 1 1 1 1 1 1 1 1 1 1 1 1 1 1 1 1 1 1 1 1 1 1 1 1 1 1 1 1 1 1 1 1 1 1 1 1 1 1 1 1 1 1 1 1 1 1 1 1 1 1 1 1 1 1 1 1 1 1 1 1 1 1 1 1 1 1 1 1 1 1 1 1 1 1 1 1 1 1 1 1 1 1 1 1 1 1 1 1 1 1 1 1 1 1 1 1 1 1 1 1 1 1 1 1 1 1 1 1 1 1 1 1 1 1 1 1 1 1 1 1 1 1 1 1 1 1 1 1 1 1 1 1 1 1 1 1 1 1 1 1 1 1 1 1 1 1 1 1 1 1 1 1 1 1 1 1 1 1 1 1 1 1 1 1 1 1 1 1 1 1 1 1 1 1 1 1 1 1 1 1 1 1 1 1 1 1 1 1 1 1 1 1 1 1 1 1 1 1 1 1 1 1 1 1 1 1 1 1 1 1 1 1 1 1 1 1 1 1 1 1 1 1 1 1 1 1 1 1 1 1 1 1 1 1 1 1 1 1 1 1 1 1 1 1 1 1 1 1 1 1 1 1 1 1 1 1 1 1 1 1 1 1 1 1 1 1 1 1 1 1 1 1 1 1 1 1 1 1 1 1 1 1 1 1 1 1 1 1 1 1 1 1 1 1 1 1 1 1 1 1 1 1 1 1 1 1 1 1 1 1 1 1 1 1 1 1 1 1 1 1 1 1 1 1 1 1 1 1 1 1 1 1 1 1 1 1 1 1 1 1 1 1 1 1 1 1 1 1 1 1 1 1 1 1 1 1 1 1 1 1 1 1 1 1 1 1 1 1 1 1 1 1 1 1 1 1 1 1 1 1 1 1 1 1 1 1 1 1 1 1 1 1 1 1 1 0.9960784 0.9960784 0.9960784 1 1 1 1 1 0.9960784 0.9960784 0.9960784 1 1 1 1 1 0.9960784 0.9960784 0.9960784 1 1 1 1 1 1 1 1 1 0.9960784 0.9960784 0.9960784 1 1 1 1 1 1 1 1 1 1 1 1 1 1 1 1 1 1 1 1 1 1 1 1 1 1 1 1 1 1 1 1 1 1 1 1 1 1 1 1 1 1 1 1 1 1 1 1 1 1 1 1 1 1 1 1 1 1 1 1 1 1 1 1 1 1 1 1 1 1 1 1 1 1 1 1 1 1 1 1 1 1 1 1 1 1 1 1 1 1 1 1 1 1 1 1 1 1 1 1 1 1 1 1 1 1 1 1 1 1 1 1 1 1 1 1 1 1 1 1 1 1 1 1 1 1 1 1 1 1 1 1 1 1 1 1 1 1 1 1 1 1 1 1 1 1 1 1 1 1 1 1 1 1 1 1 1 1 1 1 1 1 1 1 1 1 1 1 1 1 1 1 1 1 1 1 1 1 1 1 1 1 1 1 1 1 1 1 1 1 1 1 1 1 1 1 1 1 1 1 1 1 1 1 1 1 1 1 1 1 1 1 1 1 1 1 1 1 1 1 1 1 1 1 1 1 1 1 1 1 1 1 1 1 1 1 1 1 1 1 1 1 1 1 1 1 1 1 1 1 1 1 1 1 1 1 1 1 1 1 1 1 1 1 1 1 1 1 1 1 1 1 1 1 1 1 1 1 1 1 1 1 1 1 1 1 1 1 1 1 1 1 1 1 1 1 1 1 1 1 1 1 1 1 1 1 1 1 1 1 1 1 1 1 1 1 1 1 1 1 1 1 1 1 1 1 1 1 1 1 1 1 1 1 1 1 1 1 1 1 1 1 1 1 1 1 1 1 1 1 1 1 1 1 1 1 1 1 1 1 1 1 1 1 1 1 1 1 1 1 1 1 1 1 1 1 1 1 1 1 1 1 1 1 1 1 1 1 1 1 1 1 1 1 1 1 1 1 1 1 1 1 1 1 1 1 1 1 1 1 1 1 1 1 1 1 1 1 1 1 1 1 1 1 1 1 1 1 1 1 1 1 1 1 1 1 1 1 1 1 1 1 1 1 1 1 1 1 1 1 1 1 1 1 1 1 1 1 1 1 1 1 1 1 1 1 1 1 1 1 1 1 1 1 1 1 1 1 1 1 1 1 1 1 1 1 1 1 1 1 1 1 1 1 1 1 1 1 1 1 1 1 1 1 1 1 1 1 1 1 1 1 1 1 1 1 1 1 1 1 1 1 1 1 1 1 1 1 1 1 1 1 1 1 1 1 1 1 1 1 1 1 1 1 1 1 1 1 1 1 1 1 1 1 1 1 1 1 1 1 1 1 1 1 1 1 1 1 1 1 1 1 1 1 1 1 1 1 1 1 1 1 1 1 1 1 1 1 1 1 1 1 1 1 1 1 1 1 1 1 1 1 1 1 1 1 1 1 1 1 1 1 1 1 1 1 1 1 1 1 1 1 1 1 1 1 1 1 1 1 1 1 1 1 1 1 1 1 1 1 1 1 1 1 1 1 1 1 1 1 1 1 1 1 1 1 1 1 1 1 1 1 1 1 1 1 1 1 1 1 1 1 1 1 1 1 1 1 1 1 1 1 1 1 1 1 1 1 1 1 1 1 1 1 1 1 1 1 1 1 1 1 1 1 1 1 1 1 1 1 1 1 1 1 1 1 1 1 1 1 1 1 1 1 1 1 1 1 1 1 1 1 1 1 1 1 1 1 1 1 1 1 1 1 1 1 1 1 1 1 1 1 1 1 1 1 1 1 1 1 1 1 1 1 1 1 1 1 1 1 1 1 1 1 1 1 1 1 1 1 1 1 1 1 1 1 1 1 1 1 1 1 1 1 1 1 1 1 1 1 1 1 1 1 1 1 1 1 1 1 1 1 1 1 1 1 1 1 1 1 1 1 1 1 1 1 1 1 1 1 1 1 1 1 1 1 1 1 1 1 1 1 1 1 1 1 1 1 1 1 1 1 1 1 1 1 1 1 1 1 1 1 1 1 1 1 1 1 1 1 1 1 1 1 1 1 1 1 1 1 1 1 1 1 1 1 1 1 1 1 1 1 1 1 1 1 1 1 1 1 1 1 1 1 1 1 1 1 1 1 1 1 1 1 1 1 1 1 1 1 1 1 1 1 1 1 1 1 1 1 1 1 1 1 1 1 1 1 1 1 1 1 1 1 1 1 1 1 1 1 1 1 1 1 1 1 1 1 1 1 1 1 1 1 1 1 1 1 1 1 1 1 1 1 1 1 1 1 1 1 1 1 1 1 1 1 1 1 1 1 1 1 1 1 1 1 1 1 1 1 1 1 1 1 1 1 1 1 1 1 1 1 1 1 1 1 1 1 1 1 1 1 1 1 1 1 1 1 1 1 1 1 1 1 1 1 1 1 1 1 1 1 1 1 1 1 1 1 1 1 1 1 1 1 1 1 1 1 1 1 1 1 1 1 1 1 1 1 1 1 1 1 1 1 1 1 1 1 1 1 1 1 1 1 1 1 1 1 1 1 1 1 1 1 1 1 1 1 1 1 1 1 1 1 1 1 1 1 1 1 1 1 1 1 1 1 1 1 1 1 1 1 1 1 1 1 1 1 1 1 1 1 1 1 1 1 1 1 1 1 1 1 1 1 1 1 1 1 1 1 1 1 1 1 1 1 1 1 1 1 1 1 1 1 1 1 1 1 1 1 1 1 1 1 1 1 1 1 1 1 1 1 1 1 1 1 1 1 1 1 1 1 1 1 1 1 1 1 1 1 1 1 1 1 1 1 1 1 1 1 1 1 1 1 1 1 1 1 1 1 1 1 1 1 1 1 1 1 1 1 1 1 1 1 1 1 1 1 1 1 1 1 1 1 1 1 1 1 1 1 1 1 1 1 1 1 1 1 1 1 1 1 1 1 1 1 1 1 1 1 1 1 1 1 1 1 1 1 1 1 1 1 1 1 1 1 1 1 1 1 1 1 1 1 1 1 1 1 1 1 1 1 1 1 1 1 1 1 1 1 1 1 1 1 1 1 1 1 1 1 1 1 1 1 1 1 1 1 1 1 1 1 1 1 1 1 1 1 1 1 1 1 1 1 1 1 1 1 1 1 1 1 1 1 1 1 1 1 1 1 1 1 1 1 1 1 1 1 1 1 1 1 1 1 1 1 1 1 1 1 1 1 1 1 1 1 1 1 1 1 1 1 1 1 1 1 1 1 1 1 1 1 1 1 1 1 1 1 1 1 1 1 1 1 1 1 1 1 1 1 1 1 1 1 1 1 1 1 1 1 1 1 1 1 1 1 1 1 1 1 1 1 1 1 1 1 1 1 1 1 1 1 1 1 1 1 1 1 1 1 1 1 1 1 1 1 1 1 1 1 1 1 1 1 1 1 1 1 1 1 1 1 1 1 1 1 1 1 1 1 1 1 1 1 1 1 1 1 1 1 1 1 1 1 1 1 1 1 1 1 1 1 1 1 1 1 1 1 1 1 1 1 1 1 1 1 1 1 1 1 1 1 1 1 1 1 1 1 1 1 1 1 1 1 1 1 1 1 1 1 1 1 1 1 1 1 1 1 1 1 1 1 1 1 1 1 1 1 1 1 1 1 1 1 1 1 1 1 1 1 1 1 1 1 1 1 1 1 1 1 1 1 1 1 1 1 1 1 1 1 1 1 1 1 1 1 1 1 1 1 1 1 1 1 1 1 1 1 1 1 1 1 1 1 1 1 1 1 1 1 1 1 1 1 1 1 1 1 1 1 1 1 1 1 1 1 1 1 1 1 1 1 1 1 1 1 1 1 1 1 1 1 1 1 1 1 1 1 1 1 1 1 1 1 1 1 1 1 1 1 1 1 1 1 1 1 1 1 1 1 1 1 1 1 1 1 1 1 1 1 1 1 1 1 1 1 1 1 1 1 1 1 1 1 1 1 1 1 1 1 1 1 1 1 1 1 1 1 1 1 1 1 1 1 1 1 1 1 1 1 1 1 1 1 1 1 1 1 1 1 1 1 1 1 1 1 1 1 1 1 1 1 1 1 1 0.0117647 0.0117647 0.0117647 1 0 0 0 1 1 1 1 1 0 0 0 1 1 1 1 1 0.3294118 0.3294118 0.3294118 1 0 0 0 1 0.0117647 0.0117647 0.0117647 1 0.3294118 0.3294118 0.3294118 1 0.0117647 0.0117647 0.0117647 1 1 1 1 1 0 0 0 1 0 0 0 1 0 0 0 1 0 0 0 1 0 0 0 1 0.3294118 0.3294118 0.3294118 1 0.9568628 0.9568628 0.9568628 1 0.04313725 0.04313725 0.04313725 1 0 0 0 1 0.9568628 0.9568628 0.9568628 1 0 0 0 1 0 0 0 1 1 1 1 1 0.4431372 0.4431372 0.4431372 1 0.04313725 0.04313725 0.04313725 1 1 1 1 1 0.04313725 0.04313725 0.04313725 1 0.9568628 0.9568628 0.9568628 1 1 1 1 1 0 0 0 1 0.4431372 0.4431372 0.4431372 1 1 1 1 1 0.4431372 0.4431372 0.4431372 1 1 1 1 1 0 0 0 1 1 1 1 1 1 1 1 1 0 0 0 1 1 1 1 1 0 0 0 1 1 1 1 1 1 1 1 1 1 1 1 1 1 1 1 1 1 1 1 1 1 1 1 1 1 1 1 1 0 0 0 1 0 0 0 1 1 1 1 1 0 0 0 1 1 1 1 1 1 1 1 1 1 1 1 1 1 1 1 1 1 1 1 1 1 1 1 1 1 1 1 1 1 1 1 1 0 0 0 1 0 0 0 1 1 1 1 1 0 0 0 1 1 1 1 1 0 0 0 1 1 1 1 1 1 1 1 1 0 0 0 1 1 1 1 1 0 0 0 1 1 1 1 1 1 1 1 1 1 1 1 1 1 1 1 1 1 1 1 1 1 1 1 1 1 1 1 1 1 1 1 1 1 1 1 1 1 1 1 1 1 1 1 1 1 1 1 1 1 1 1 1 1 1 1 1 1 1 1 1 1 1 1 1 1 1 1 1 1 1 1 1 1 1 1 1 1 1 1 1 1 1 1 1 1 1 1 1 1 1 1 1 1 1 1 1 1 1 1 1 1 1 1 1 1 1 1 1 1 1 1 1 1 1 1 1 1 1 1 1 1 1 1 1 1 1 1 1 1 1 1 1 1 1 1 1 1 1 1 1 1 1 1 1 1 1 1 1 1 1 1 1 1 1 1 1 1 1 1 1 1 1 1 1 1 1 1 1 1 1 1 1 1 1 1 1 1 1 1 1 1 1 1 1 1 1 1 1 1 1 1 1 1 1 1 1 1 1 1 1 1 1 1 1 1 1 1 1 1 1 1 1 1 1 1 1 1 1 1 1 1 1 1 1 1 1 1 1 1 1 1 1 1 1 1 1 1 1 1 1 1 1 1 1 1 1 1 1 1 1 1 1 1 1 1 1 1 1 1 1 0 0 0 1 0 0 0 1 1 1 1 1 0 0 0 1 0 0 0 1 0 0 0 1 0.04313725 0.04313725 0.04313725 1 0.04313725 0.04313725 0.04313725 1 0 0 0 1 0.3843137 0.3843137 0.3843137 1 0.04313725 0.04313725 0.04313725 1 0.3843137 0.3843137 0.3843137 1 1 1 1 1 1 1 1 1 0.3843137 0.3843137 0.3843137 1 1 1 1 1 1 1 1 1 1 1 1 1 1 1 1 1 1 1 1 1 1 1 1 1 1 1 1 1 1 1 1 1 1 1 1 1 1 1 1 1 1 1 1 1 1 1 1 1 1 1 1 1 1 1 1 1 1 1 1 1 1 1 1 1 1 1 1 1 1 1 1 1 1 1 1 1 1 1 1 1 1 1 1 1 1 1 1 1 1 1 1 1 1 1 1 1 1 1 1 1 1 1 1 1 1 1 1 1 1 1 1 1 1 1 1 1 1 1 1 1 1 1 1 1 1 1 1 1 1 1 1 1 1 1 1 1 0 0 0 1 0 0 0 1 0 0 0 1 0 0 0 1 0 0 0 1 0 0 0 1 0 0 0 1 0.9333333 0.9333333 0.9333333 1 1 1 1 1 0 0 0 1 1 1 1 1 0 0 0 1 0 0 0 1 0 0 0 1 0 0 0 1 0 0 0 1 0 0 0 1 0 0 0 1 1 1 1 1 1 1 1 1 1 1 1 1 1 1 1 1 1 1 1 1 1 1 1 1 1 1 1 1 1 1 1 1 1 1 1 1 1 1 1 1 1 1 1 1 1 1 1 1 1 1 1 1 1 1 1 1 1 1 1 1 1 1 1 1 1 1 1 1 1 1 1 1 1 1 1 1 1 1 1 1 1 1 1 1 1 1 1 1 1 1 1 1 1 1 1 1 1 1 1 1 1 1 1 1 1 1 1 1 1 1 1 1 1 1 1 1 1 1 1 1 1 1 1 1 1 1 1 1 1 1 1 1 1 1 1 1 1 1 1 1 1 1 1 1 1 1 1 1 1 1 1 1 1 1 1 1 1 1 1 1 1 1 1 1 1 1 1 1 1 1 1 1 1 1 1 1 1 1 1 1 1 1 1 1 1 1 1 1 1 1 1 1 1 1 1 1 1 1 1 1 1 1 1 1 1 1 1 1 1 1 1 1 1 1 1 1 1 1 1 1 1 1 1 1 1 1 1 1 1 1 1 1 1 1 1 1 1 1 1 1 1 1 1 1 1 1 1 1 1 1 1 1 1 1 1 1 1 1 1 1 1 1 1 1 1 1 1 1 1 1 1 1 1 1 1 1 1 1 1 1 1 1 1 1 1 1 1 1 1 1 1 1 1 1 1 1 1 1 1 1 1 1 1 1 1 1 1 1 1 1 1 1 1 1 1 1 1 1 1 1 1 1 1 1 1 1 1 1 1 1 1 1 1 1 1 1 1 1 1 1 1 1 1 1 1 1 1 1 1 1 1 1 1 1 1 1 1 1 1 1 1 1 1 1 1 1 1 1 1 1 1 1 1 1 1 1 1 1 1 1 1 1 1 1 1 1 1 1 1 1 1 1 1 1 1 1 1 1 1 1 1 1 1 1 1 1 1 1 1 1 1 1 1 1 1 1 1 1 1 1 1 1 1 1 1 1 1 1 1 1 1 1 1 1 1 1 1 1 1 1 1 1 1 1 1 1 1 1 1 1 1 1 1 1 1 1 1 1 1 1 1 1 1 1 1 1 1 1 1 1 1 1 1 1 1 1 1 1 1 1 1 1 1 1 1 1 1 1 1 1 1 1 1 1 1 1 1 1 1 1 1 1 1 1 1 1 1 1 1 1 1 1 1 1 1 1 1 1 1 1 1 1 1 1 1 1 1 1 1 1 1 1 1 1 1 1 1 1 1 1 1 1 1 1 1 1 1 1 1 1 1 1 1 1 1 1 1 1 1 1 1 1 1 1 1 1 1 1 1 1 1 1 1 1 1 1 1 1 1 1 1 1 1 1 0 0 0 1 1 1 1 1 0 0 0 1 0.9333333 0.9333333 0.9333333 1 1 1 1 1 1 1 1 1 0 0 0 1 1 1 1 1 0 0 0 1 0 0 0 1 1 1 1 1 1 1 1 1 1 1 1 1 1 1 1 1 1 1 1 1 1 1 1 1 1 1 1 1 1 1 1 1 1 1 1 1 1 1 1 1 1 1 1 1 1 1 1 1 1 1 1 1 1 1 1 1 1 1 1 1 1 1 1 1 1 1 1 1 1 1 1 1 1 1 1 1 1 1 1 1 0.5254902 0.5254902 0.5254902 1 1 1 1 1 0.5254902 0.5254902 0.5254902 1 1 1 1 1 1 1 1 1 1 1 1 1 1 1 1 1 1 1 1 1 1 1 1 1 1 1 1 1 1 1 1 1 1 1 1 1 1 1 1 1 1 1 1 1 1 1 1 1 1 1 1 1 1 1 1 1 0.5254902 0.5254902 0.5254902 1 1 1 1 1 1 1 1 1 1 1 1 1 1 1 1 1 1 1 1 1 1 1 1 1 1 1 1 1 1 1 1 1 1 1 1 1 1 1 1 1 1 1 1 1 1 1 1 1 1 1 1 1 1 1 1 1 1 1 1 1 1 1 1 1 1 1 1 1 1 1 1 1 0.7215687 0.7215687 0.7215687 1 1 1 1 1 0.7215687 0.7215687 0.7215687 1 0 0 0 1 1 1 1 1 1 1 1 1 0.9333333 0.9333333 0.9333333 1 1 1 1 1 0.9333333 0.9333333 0.9333333 1 0.7215687 0.7215687 0.7215687 1 1 1 1 1 1 1 1 1 1 1 1 1 1 1 1 1 1 1 1 1 1 1 1 1 1 1 1 1 1 1 1 1 1 1 1 1 1 1 1 1 1 1 1 1 1 1 1 1 1 1 1 1 1 1 1 1 1 1 1 1 1 1 1 1 1 1 1 1 1 1 1 1 1 1 1 1 1 1 1 1 1 1 1 1 1 1 1 1 1 1 1 1 0.7215687 0.7215687 0.7215687 1 1 1 1 1 1 1 1 1 1 1 1 1 1 1 1 1 1 1 1 1 1 1 1 1 1 1 1 1 1 1 1 1 1 1 1 1 1 1 1 1 1 1 1 1 1 1 1 1 1 1 1 1 1 1 1 1 1 1 1 1 1 1 1 1 1 1 1 1 1 1 1 1 0 0 0 1 0 0 0 1 1 1 1 1 0 0 0 1 1 1 1 1 1 1 1 1 1 1 1 1 1 1 1 1 1 1 1 1 1 1 1 1 1 1 1 1 1 1 1 1 1 1 1 1 1 1 1 1 1 1 1 1 1 1 1 1 1 1 1 1 1 1 1 1 1 1 1 1 1 1 1 1 1 1 1 1 1 1 1 1 1 1 1 1 1 1 1 1 1 1 1 1 1 1 1 1 1 1 1 1 1 1 1 1 1 1 1 1 1 1 1 1 1 1 1 1 1 1 1 1 1 1 1 1 1 1 1 1 1 1 1 1 1 1 1 1 1 1 1 1 1 1 1 1 1 1 1 1 1 1 1 1 1 1 1 1 1 1 1 1 0.9333333 0.9333333 0.9333333 1 1 1 1 1 1 1 1 1 0.9333333 0.9333333 0.9333333 1 1 1 1 1 1 1 1 1 0.7215687 0.7215687 0.7215687 1 0.9333333 0.9333333 0.9333333 1 1 1 1 1 0.7215687 0.7215687 0.7215687 1 1 1 1 1 1 1 1 1 1 1 1 1 1 1 1 1 1 1 1 1 1 1 1 1 1 1 1 1 1 1 1 1 1 1 1 1 1 1 1 1 1 1 1 1 1 1 1 1 1 1 1 1 1 1 1 1 1 1 1 1 1 1 1 1 1 1 1 1 1 1 1 1 1 1 1 1 1 1 1 1 0.5254902 0.5254902 0.5254902 1 1 1 1 1 1 1 1 1 0.5254902 0.5254902 0.5254902 1 1 1 1 1 1 1 1 1 1 1 1 1 1 1 1 1 1 1 1 1 1 1 1 1 1 1 1 1 1 1 1 1 1 1 1 1 1 1 1 1 1 1 1 1 1 1 1 1 1 1 1 1 1 1 1 1 1 1 1 1 1 1 1 1 1 1 1 1 1 1 1 1 1 1 1 1 1 1 1 1 1 1 1 1 1 1 1 1 1 1 1 1 1 1 1 1 1 1 1 1 1 1 1 1 1 1 1 1 1 1 1 1 1 1 1 1 1 1 1 1 1 1 1 1 1 1 1 1 1 1 1 1 1 1 1 1 1 1 1 1 1 1 1 1 1 1 1 1 1 1 1 1 1 1 1 1 1 1 1 1 1 1 1 1 1 1 1 1 1 1 1 1 1 1 1 1 1 1 1 1 1 1 1 1 1 1 1 1 1 1 1 1 1 1 1 1 1 1 1 1 1 1 1 1 1 1 1 1 1 1 1 1 1 1 1 1 1 1 1 1 1 1 1 1 1 1 1 1 1 1 1 1 1 1 1 1 1 1 1 1 1 1 1 1 1 1 1 1 1 1 1 1 1 1 1 1 1 1 1 1 1 1 1 1 1 1 1 1 1 1 1 1 1 1 1 1 1 1 1 1 1 1 1 1 1 1 1 1 1 1 1 1 1 1 1 1 1 1 1 1 1 1 1 1 1 1 1 1 1 1 1 1 1 1 1 1 1 1 1 1 1 1 1 1 1 1 1 1 1 1 1 1 1 1 1 1 1 1 1 1 1 1 1 1 1 1 1 1 1 1 1 1 1 1 1 1 1 1 1 1 1 1 1 1 1 1 1 1 1 1 1 1 1 1 1 1 1 1 1 1 1 1 1 1 1 1 1 1 1 1 1 1 1 1 1 1 1 1 1 1 1 1 1 1 1 1 1 1 1 1 1 1 1 1 1 1 1 1 1 1 1 1 1 1 1 1 1 1 1 1 1 1 1 1 1 1 1 1 1 1 1 1 1 1 1 1 1 1 1 1 1 1 1 1 1 1 1 1 1 1 1 1 1 1 1 1 1 1 1 1 1 1 1 1 1 1 1 1 1 1 1 1 1 1 1 1 1 1 1 1 1 1 1 1 1 1 1 1 1 1 1 1 1 1 1 1 1 1 1 1 1 1 1 1 1 1 1 1 1 1 1 1 1 1 1 1 1 1 1 1 1 1 1 1 1 1 1 1 1 1 1 1 1 1 1 1 1 1 1 1 1 1 1 1 1 1 1 1 1 1 1 1 1 1 1 1 1 1 1 1 1 1 1 1 1 1 1 1 1 1 1 1 1 1 1 1 1 1 1 1 1 1 1 1 1 1 1 1 1 1 1 1 1 1 1 1 1 1 1 1 1 1 1 1 1 1 1 1 1 1 1 1 1 1 1 1 1 1 1 1 1 1 1 1 1 1 1 1 1 1 1 1 1 1 1 1 1 1 1 1 1 1 1 1 1 1 1 1 1 1 1 1 1 1 1 1 1 1 1 1 1 1 1 1 1 1 1 1 1 1 1 1 1 1 1 1 1 1 1 1 1 1 1 1 1 1 1 1 1 1 1 1 1 1 1 1 1 1 1 1 1 1 1 1 1 1 1 1 1 1 1 1 1 1 1 1 1 1 1 1 1 1 1 1 1 1 1 1 1 1 1 1 1 1 1 1 1 1 1 1 1 1 1 1 1 1 1 1 1 1 1 1 1 1 1 1 1 1 1 1 1 1 1 1 1 1 1 1 1 1 1 1 1 1 1 1 1 1 1 1 1 1 1 1 1 1 1 1 1 1 1 1 1 1 1 1 1 1 1 1 1 1 1 1 1 1 1 1 1 1 1 1 1 1 1 1 1 1 1 1 1 1 1 1 1 1 1 1 1 1 1 1 1 1 1 1 1 1 1 1 1 1 1 1 1 1 1 1 1 1 1 1 1 1 1 1 1 1 1 1 1 1 1 1 1 1 1 1 1 1 1 1 1 1 1 1 1 1 1 1 1 1 1 1 1 1 1 1 1 1 1 1 1 1 1 1 1 1 1 1 1 1 1 1 1 1 1 1 1 1 1 1 1 1 1 1 1 1 1 1 1 1 1 1 1 1 1 1 1 1 1 1 1 1 1 1 1 1 1 1 1 1 1 1 1 1 1 1 1 1 1 1 1 1 1 1 1 1 1 1 1 1 1 1 1 1 1 1 1 1 1 1 1 1 1 1 1 1 1 1 1 1 1 1 1 1 1 1 1 1 1 1 1 1 1 1 1 1 1 1 1 1 1 1 1 1 1 1 1 1 1 1 1 1 1 1 1 1 1 1 1 1 1 1 1 1 1 1 1 1 1 1 1 1 1 1 1 1 1 1 1 1 1 1 1 1 1 1 1 1 1 1 1 1 1 1 1 1 1 1 1 1 1 1 1 1 1 1 1 1 1 1 1 1 1 1 1 1 1 1 1 1 1 1 1 1 1 1 1 1 1 1 1 1 1 1 1 1 1 1 1 1 1 1 1 1 1 1 1 1 1 1 1 1 1 1 1 1 1 1 1 1 1 1 1 1 1 1 1 1 1 1 1 1 1 1 1 1 1 1 1 1 1 1 1 1 1 1 1 1 1 1 1 1 1 1 1 1 1 1 1 1 1 1 1 1 1 1 1 1 1 1 1 1 1 1 1 1 1 1 1 1 1 1 1 1 1 1 1 1 1 1 1 1 1 1 1 1 1 1 1 1 1 1 1 1 1 1 1 1 1 1 1 1 1 1 1 1 1 1 1 1 1 1 1 1 1 1 1 1 1 1 1 1 1 1 1 1 1 1 1 1 1 1 1 1 1 1 1 1 1 1 1 1 1 1 1 1 1 1 1 1 1 1 1 1 1 1 1 1 1 1 1 1 1 1 1 1 1 1 1 1 1 1 1 1 1 1 1 1 1 1 1 1 1 1 1 1 1 1 1 1 1 1 1 1 1 1 1 1 1 1 1 1 1 1 1 1 1 1 1 1 1 1 1 1 1 1 1 1 1 1 1 1 1 1 1 1 1 1 1 1 1 1 1 1 1 1 1 1 1 1 1 1 1 1 1 1 1 1 1 1 1 1 1 1 1 1 1 1 1 1 1 1 1 1 1 1 1 1 1 1 1 1 1 1 1 1 1 1 1 1 1 1 1 1 1 1 1 1 1 1 1 1 1 1 1 1 1 1 1 1 1 1 1 1 1 1 1 1 1 1 1 1 1 1 1 1 1 1 1 1 1 1 1 1 1 1 1 1 1 1 1 1 1 1 1 1 1 1 1 1 1 1 1 1 1 1 1 1 1 1 1 1 1 1 1 1 1 1 1 1 1 1 1 1 1 1 1 1 1 1 1 1 1 1 1 1 1 1 1 1 1 1 1 1 1 1 1 1 1 1 1 1 1 1 1 1 1 1 1 1 1 1 1 1 1 1 1 1 1 1 1 1 1 1 1 1 1 1 1 1 1 1 1 1 1 1 1 1 1 1 1 1 1 1 1 1 1 1 1 1 1 1 1 1 1 1 1 1 1 1 1 1 1 1 1 1 1 1 1 1 1 1 1 1 1 1 1 1 1 1 1 1 1 1 1 1 1 1 1 1 1 1 1 1 1 1 1 1 1 1 1 1 1 1 1 1 1 1 1 1 1 1 1 1 1 1 1 1 1 1 1 1 1 1 1 1 1 1 1 1 1 1 1 1 1 1 1 1 1 1 1 1 1 1 1 1 1 1 1 1 1 1 1 1 1 1 1 1 1 1 1 1 1 1 1 1 1 1 1 1 1 1 1 1 1 1 1 1 1 1 1 1 1 1 1 1 1 1 1 1 1 1 1 1 1 1 1 1 1 1 1 1 1 1 1 1 1 1 1 1 1 1 1 1 1 1 1 1 1 1 1 1 1 1 1 1 1 1 1 1 1 1 1 1 1 1 1 1 1 1 1 1 1 1 1 1 1 1 1 1 1 1 1 1 1 1 1 1 1 1 1 1 1 1 1 1 1 1 1 1 1 1 1 1 1 1 1 1 1 1 1 1 1 1 1 1 1 1 1 1 1 1 1 1 1 1 1 1 1 1 1 1 1 1 1 1 1 1 1 1 1 1 1 1 1 1 1 1 1 1 1 1 1 1 1 1 1 1 1 1 1 1 1 1 1 1 1 1 1 1 1 1 1 1 1 1 1 1 1 1 1 1 1 1 1 1 1 1 1 1 1 1 1 1 1 1 1 1 1 1 1 1 1 1 1 1 1 1 1 1 1 1 1 1 1 1 1 1 1 1 1 1 1 1 1 1 1 1 1 1 1 1 1 1 1 1 1 1 1 1 1 1 1 1 1 1 1 1 1 1 1 1 1 1 1 1 1 1 1 1 1 1 1 1 1 1 1 1 1 1 1 1 1 1 1 1 1 1 1 1 1 1 1 1 1 1 1 1 1 1 1 1 1 1 1 1 1 1 1 1 1 1 1 1 1 1 1 1 1 1 1 1 1 1 1 1 1 1 1 1 1 1 1 1 1 1 1 1 1 1 1 1 1 1 1 1 1 1 1 1 1 1 1 1 1 1 1 1 1 1 1 1 1 1 1 1 1 1 1 1 1 1 1 1 1 1 1 1 1 1 1 1 1 1 1 1 1 1 1 1 1 1 1 1 1 1 1 1 1 1 1 1 1 1 1 1 1 1 1 1 1 1 1 1 1 1 1 1 1 1 1 1 1 1 1 1 1 1 1 1 1 1 1 1 1 1 1 1 1 1 1 1 1 1 1 1 1 1 1 1 1 1 1 1 1 1 1 1 1 1 1 1 1 1 1 1 1 1 1 1 1 1 1 1 1 1 1 1 1 1 1 1 1 1 1 1 1 1 1 1 1 1 1 1 1 1 1 1 1 1 1 1 1 1 1 1 1 1 1 1 1 1 1 1 1 1 1 1 1 1 1 1 1 1 1 1 1 1 1 1 1 1 1 1 1 1 1 1 1 1 1 1 1 1 1 1 1 1 1 1 1 1 1 1 1 1 1 1 1 1 1 1 1 1 1 1 1 1 1 1 1 1 1 1 1 1 1 1 1 1 1 1 1 1 1 1 1 1 1 1 1 1 1 1 1 1 1 1 1 1 1 1 1 1 1 1 1 1 1 1 1 1 1 1 1 1 1 1 1 1 1 1 1 1 1 1 1 1 1 1 1 1 1 1 1 1 1 1 1 1 1 1 1 1 1 1 1 1 1 1 1 1 1 1 1 1 1 1 1 1 1 1 1 1 1 1 1 1 1 1 1 1 1 1 1 1 1 1 1 1 1 1 1 1 1 1 1 1 1 1 1 1 1 1 1 1 1 1 1 1 1 1 1 1 1 1 1 1 1 1 1 1 1 1 1 1 1 1 1 1 1 1 1 1 1 1 1 1 1 1 1 1 1 1 1 1 1 1 1 1 1 1 1 1 1 1 1 1 1 1 1 1 1 1 1 1 1 1 1 1 1 1 1 1 1 1 1 1 1 1 1 1 1 1 1 1 1 1 1 1 1 1 1 1 1 1 1 1 1 1 1 1 1 1 1 1 1 1 1 1 1 1 1 1 1 1 1 1 1 1 1 1 1 1 1 1 1 1 1 1 1 1 1 1 1 1 1 1 1 1 1 1 1 1 1 1 1 1 1 1 1 1 1 1 1 1 1 1 1 1 1 1 1 1 1 1 1 1 1 1 1 1 1 1 1 1 1 1 1 1 1 1 1 1 1 1 1 1 1 1 1 1 1 1 1 1 1 1 1 1 1 1 1 1 1 1 1 1 1 1 1 1 1 1 1 1 1 1 1 1 1 1 1 1 1 1 1 1 1 1 1 1 1 1 1 1 1 1 1 1 1 1 1 1 1 1 1 1 1 1 1 1 1 1 1 1 1 1 1 1 1 1 1 1 1 1 1 1 1 1 1 1 1 1 1 1 1 1 1 1 1 1 1 1 1 1 1 1 1 1 1 1 1 1 1 1 1 1 1 1 1 1 1 1 1 1 1 1 1 1 1 1 1 1 1 1 1 1 1 1 1 1 1 1 1 1 1 1 1 1 1 1 1 1 1 1 1 1 1 1 1 1 1 1 1 1 1 1 1 1 1 1 1 1 1 1 1 1 1 1 1 1 1 1 1 1 1 1 1 1 1 1 1 1 1 1 1 1 1 1 1 1 1 1 1 1 1 1 1 1 1 1 1 1 1 1 1 1 1 1 1 1 1 1 1 1 1 1 1 1 1 1 1 1 1 1 1 1 1 1 1 1 1 1 1 1 1 1 1 1 1 1 1 1 1 1 1 1 1 1 1 1 1 1 1 1 1 1 1 1 1 1 1 1 1 1 1 1 1 1 1 1 1 1 1 1 1 1 1 1 1 1 1 1 1 1 1 1 1 1 1 1 1 1 1 1 1 1 1 1 1 1 1 1 1 1 1 1 1 1 1 1 1 1 1 1 1 1 1 1 1 1 1 1 1 1 1 1 1 1 1 1 1 1 1 1 1 1 1 1 1 1 1 1 1 1 1 1 1 1 1 1 1 1 1 1 1 1 1 1 1 1 1 1 1 1 1 1 1 1 1 1 1 1 1 1 1 1 1 1 1 1 1 1 1 1 1 1 1 1 1 1 1 1 1 1 1 1 1 1 1 1 1 1 1 1 1 1 1 1 1 1 1 1 1 1 1 1 1 1 1 1 1 1 1 1 1 1 1 1 1 1 1 1 1 1 1 1 1 1 1 1 1 1 1 1 1 1 1 1 1 1 1 1 1 1 1 1 1 1 1 1 1 1 1 1 1 1 1 1 1 1 1 1 1 1 1 1 1 1 1 1 1 1 1 1 1 1 1 1 1 1 1 1 1 1 1 1 1 1 1 1 1 1 1 1 1 1 1 1 1 1 1 1 1 1 1 1 1 1 1 1 1 1 1 1 1 1 1 1 1 1 1 1 1 1 1 1 1 1 1 1 1 1 1 1 1 1 1 1 1 1 1 1 1 1 1 1 1 1 1 1 1 1 1 1 1 1 1 1 1 1 1 1 1 1 1 1 1 1 1 1 1 1 1 1 1 1 1 1 1 1 1 1 1 1 1 1 1 1 1 1 1 1 1 1 1 1 1 1 1 1 1 1 1 1 1 1 1 1 1 1 1 1 1 1 1 1 1 1 1 1 1 1 1 1 1 1 1 1 1 1 1 1 1 1 1 1 1 1 1 1 1 1 1 1 1 1 1 1 1 1 1 1 1 1 1 1 1 1 1 1 1 1 1 1 1 1 1 1 1 1 1 1 1 1 1 1 1 1 1 1 1 1 1 1 1 1 1 1 1 1 1 1 1 1 1 1 1 1 1 1 1 1 1 1 1 1 1 1 1 1 1 1 1 1 1 1 1 1 1 1 1 1 1 1 1 1 1 1 1 1 1 1 1 1 1 1 1 1 1 1 1 1 1 1 1 1 1 1 1 1 1 1 1 1 1 1 1 1 1 1 1 1 1 1 1 1 1 1 1 1 1 1 1 1 1 1 1 1 1 1 1 1 1 1 1 1 1 1 1 1 1 1 1 1 1 1 1 1 1 1 1 1 1 1 1 1 1 1 1 1 1 1 1 1 1 1 1 1 1 1 1 1 1 1 1 1 1 1 1 1 1 1 1 1 1 1 1 1 1 1 1 1 1 1 1 1 1 1 1 1 1 1 1 1 1 1 1 1 1 1 1 1 1 1 1 1 1 1 1 1 1 1 1 1 1 1 1 1 1 1 1 1 1 1 1 1 1 1 1 1 1 1 1 1 1 1 1 1 1 1 1 1 1 1 1 1 1 1 1 1 1 1 1 1 1 1 1 1 1 1 1 1 1 1 1 1 1 1 1 1 1 1 1 1 1 1 1 1 1 1 1 1 1 1 1 1 1 1 1 1 1 1 1 1 1 1 1 1 1 1 1 1 1 1 1 1 1 1 1 1 1 1 1 1 1 1 1 1 1 1 1 1 1 1 1 1 1 1 1 1 1 1 1 1 1 1 1 1 1 1 1 1 1 1 1 1 1 1 1 1 1 1 1 1 1 1 1 1 1 1 1 1 1 1 1 1 1 1 1 1 1 1 1 1 1 1 1 1 1 1 1 1 1 1 1 1 1 1 1 1 1 1 1 1 1 1 1 1 1 1 1 1 1 1 1 1 1 1 1 1 1 1 1 1 1 1 1 1 1 1 1 1 1 1 1 1 1 1 1 1 1 1 1 1 1 1 1 1 1 1 1 1 1 1 1 1 1 1 1 1 1 1 1 1 1 1 1 1 1 1 1 1 1 1 1 1 1 1 1 1 1 1 1 1 1 1 1 1 1 1 1 1 1 1 1 1 1 1 1 1 1 1 1 1 1 1 1 1 1 1 1 1 1 1 1 1 1 1 1 1 1 1 1 1 1 1 1 1 1 1 1 1 1 1 1 1 1 1 1 1 1 1 1 1 1 1 1 1 1 1 1 1 1 1 1 1 1 1 1 1 1 1 1 1 1 1 1 1 1 1 1 1 1 1 1 1 1 1 1 1 1 1 1 1 1 1 1 1 1 1 1 1 1 1 1 1 1 1 1 1 1 1 1 1 1 1 1 1 1 1 1 1 1 1 1 1 1 1 1 1 1 1 1 1 1 1 1 1 1 1 1 1 1 1 1 1 1 1 1 1 1 1 1 1 1 1 1 1 1 1 1 1 1 1 1 1 1 1 1 1 1 1 1 1 1 1 1 1 1 1 1 1 1 1 1 1 1 1 1 1 1 1 1 1 1 1 1 1 1 1 1 1 1 1 1 1 1 1 1 1 1 1 1 1 1 1 1 1 1 1 1 1 1 1 1 1 1 1 1 1 1 1 1 1 1 1 1 1 1 1 1 1 1 1 1 1 1 1 1 1 1 1 1 1 1 1 1 1 1 1 1 1 1 1 1 1 1 1 1 1 1 1 1 1 1 1 1 1 1 1 1 1 1 1 1 1 1 1 1 1 1 1 1 1 1 1 1 1 1 1 1 1 1 1 1 1 1 1 1 1 1 1 1 1 1 1 1 1 1 1 1 1 1 1 1 1 1 1 1 1 1 1 1 1 1 1 1 1 1 1 1 1 1 1 1 1 1 1 1 1 1 1 1 1 1 1 1 1 1 1 1 1 1 1 1 1 1 1 1 1 1 1 1 1 1 1 1 1 1 1 1 1 1 1 1 1 1 1 1 1 1 1 1 1 1 1 1 1 1 1 1 1 1 1 1 1 1 1 1 1 1 1 1 1 1 1 1 1 1 1 1 1 1 1 1 1 1 1 1 1 1 1 1 1 1 1 1 1 1 1 1 1 1 1 1 1 1 1 1 1 1 1 1 1 1 1 1 1 1 1 1 1 1 1 1 1 1 1 1 1 1 1 1 1 1 1 1 1 1 1 1 1 1 1 1 1 1 1 1 1 1 1 1 1 1 1 1 1 1 1 1 1 1 1 1 1 1 1 1 1 1 1 1 1 1 1 1 1 1 1 1 1 1 1 1 1 1 1 1 1 1 1 1 1 1 1 1 1 1 1 1 1 1 1 1 1 1 1 1 1 1 1 1 1 1 1 1 1 1 1 1 1 1 1 1 1 1 1 1 1 1 1 1 1 1 1 1 1 1 1 1 1 1 1 1 1 1 1 1 1 1 1 1 1 1 1 1 1 1 1 1 1 1 1 1 1 1 1 1 1 1 1 1 1 1 1 1 1 1 1 1 1 1 1 1 1 1 1 1 1 1 1 1 1 1 1 1 1 1 1 1 1 1 1 1 1 1 1 1 1 1 1 1 1 1 1 1 1 1 1 1 1 1 1 1 1 1 1 1 1 1 1 1 1 1 1 1 1 1 1 1 1 1 1 1 1 1 1 1 1 1 1 1 1 1 1 1 1 1 1 1 1 1 1 1 1 1 1 1 1 1 1 1 1 1 1 1 1 1 1 1 1 1 1 1 1 1 1 1 1 1 1 1 1 1 1 1 1 1 1 1 1 1 1 1 1 1 1 1 1 1 1 1 1 1 1 1 1 1 1 1 1 1 1 1 1 1 1 1 1 1 1 1 1 1 1 1 1 1 1 1 1 1 1 1 1 1 1 1 1 1 1 1 1 1 1 1 1 1 1 1 1 1 1 1 1 1 1 1 1 1 1 1 1 1 1 1 1 1 1 1 1 1 1 1 1 1 1 1 1 1 1 1 1 1 1 1 1 1 1 1 1 1 1 1 1 1 1 1 1 1 1 1 1 1 1 1 1 1 1 1 1 1 1 1 1 1 1 1 1 1 1 1 1 1 1 1 1 1 1 1 1 1 1 1 1 1 1 1 1 1 1 1 1 1 1 1 1 1 1 1 1 1 1 1 1 1 1 1 1 1 1 1 1 1 1 1 1 1 1 1 1 1 1 1 1 1 1 1 1 1 1 1 1 1 1 1 1 1 1 1 1 1 1 1 1 1 1 1 1 1 1 1 1 1 1 1 1 1 1 1 1 1 1 1 1 1 1 1 1 1 1 1 1 1 1 1 1 1 1 1 1 1 1 1 1 1 1 1 1 1 1 1 1 1 1 1 1 1 1 1 1 1 1 1 1 1 1 1 1 1 1 1 1 1 1 1 1 1 1 1 1 1 1 1 1 1 1 1 1 1 1 1 1 1 1 1 1 1 1 1 1 1 1 1 1 1 1 1 1 1 1 1 1 1 1 1 1 1 1 1 1 1 1 1 1 1 1 1 1 1 1 1 1 1 1 1 1 1 1 1 1 1 1 1 1 1 1 1 1 1 1 1 1 1 1 1 1 1 1 1 1 1 1 1 1 1 1 1 1 1 1 1 1 1 1 1 1 1 1 1 1 1 1 1 1 1 1 1 1 1 1 1 1 1 1 1 1 1 1 1 1 1 1 1 1 1 1 1 1 1 1 1 1 1 1 1 1 1 1 1 1 1 1 1 1 1 1 1 1 1 1 1 1 1 1 1 1 1 1 1 1 1 1 1 1 1 1 1 1 1 1 1 1 1 1 1 1 1 1 1 1 1 1 1 1 1 1 1 1 1 1 1 1 1 1 1 1 1 1 1 1 1 1 1 1 1 1 1 1 1 1 1 1 1 1 1 1 1 1 1 1 1 1 1 1 1 1 1 1 1 1 1 1 1 1 1 1 1 1 1 1 1 1 1 1 1 1 1 1 1 1 1 1 1 1 1 1 1 1 1 1 1 1 1 1 1 1 1 1 1 1 1 1 1 1 1 1 1 1 1 1 1 1 1 1 1 1 1 1 1 1 1 1 1 1 1 1 1 1 1 1 1 1 1 1 1 1 1 1 1 1 1 1 1 1 1 1 1 1 1 1 1 1 1 1 1 1 1 1 1 1 1 1 1 1 1 1 1 1 1 1 1 1 1 1 1 1 1 1 1 1 1 1 1 1 1 1 1 1 1 1 1 1 1 1 1 1 1 1 1 1 1 1 1 1 1 1 1 1 1 1 1 1 1 1 1 1 1 1 1 1 1 1 1 1 1 1 1 1 1 1 1 1 1 1 1 1 1 1 1 1 1 1 1 1 1 1 1 1 1 1 1 1 1 1 1 1 1 1 1 1 1 1 1 1 1 1 1 1 1 1 1 1 1 1 1 1 1 1 1 1 1 1 1 1 1 1 1 1 1 1 1 1 1 1 1 1 1 1 1 1 1 1 1 1 1 1 1 1 1 1 1 1 1 1 1 1 1 1 1 1 1 1 1 1 1 1 1 1 1 1 1 1 1 1 1 1 1 1 1 1 1 1 1 1 1 1 1 1 1 1 1 1 1 1 1 1 1 1 1 1 1 1 1 1 1 1 1 1 1 1 1 1 1 1 1 1 1 1 1 1 1 1 1 1 1 1 1 1 1 1 1 1 1 1 1 1 1 1 1 1 1 1 1 1 1 1 1 1 1 1 1 1 1 1 1 1 1 1 1 1 1 1 1 1 1 1 1 1 1 1 1 1 1 1 1 1 1 1 1 1 1 1 1 1 1 1 1 1 1 1 1 1 1 1 1 1 1 1 1 1 1 1 1 1 1 1 1 1 1 1 1 1 1 1 1 1 1 1 1 1 1 1 1 1 1 1 1 1 1 1 1 1 1 1 1 1 1 1 1 1 1 1 1 1 1 1 1 1 1 1 1 1 1 1 1 1 1 1 1 1 1 1 1 1 1 1 1 1 1 1 1 1 1 1 1 1 1 1 1 1 1 1 1 1 1 1 1 1 1 1 1 1 1 1 1 1 1 1 1 1 1 1 1 1 1 1 1 1 1 1 1 1 1 1 1 1 1 1 1 1 1 1 1 1 1 1 1 1 1 1 1 1 1 1 1 1 1 1 1 1 1 1 1 1 1 1 1 1 1 1 1 1 1 1 1 1 1 1 1 1 1 1 1 1 1 1 1 1 1 1 1 1 1 1 1 1 1 1 1 1 1 1 1 1 1 1 1 1 1 1 1 1 1 1 1 1 1 1 1 1 1 1 1 1 1 1 1 1 1 1 1 1 1 1 1 1 1 1 1 1 1 1 1 1 1 1 1 1 1 1 1 1 1 1 1 1 1 1 1 1 1 1 1 1 1 1 1 1 1 1 1 1 1 1 1 1 1 1 1 1 1 1 1 1 1 1 1 1 1 1 1 1 1 1 1 1 1 1 1 1 1 1 1 1 1 1 1 1 1 1 1 1 1 1 1 1 1 1 1 1 1 1 1 1 1 1 1 1 1 1 1 1 1 1 1 1 1 1 1 1 1 1 1 1 1 1 1 1 1 1 1 1 1 1 1 1 1 1 1 1 1 1 1 1 1 1 1 1 1 1 1 1 1 1 1 1 1 1 1 1 1 1 1 1 1 1 1 1 1 1 1 1 1 1 1 1 1 1 1 1 1 1 1 1 1 1 1 1 1 1 1 1 1 1 1 1 1 1 1 1 1 1 1 1 1 1 1 1 1 1 1 1 1 1 1 1 1 1 1 1 1 1 1 1 1 1 1 1 1 1 1 1 1 1 1 1 1 1 1 1 1 1 1 1 1 1 1 1 1 1 1 1 1 1 1 1 1 1 1 1 1 1 1 1 1 1 1 1 1 1 1 1 1 1 1 1 1 1 1 1 1 1 1 1 1 1 1 1 1 1 1 1 1 1 1 1 1 1 1 1 1 1 1 1 1 1 1 1 1 1 1 1 1 1 1 1 1 1 1 1 1 1 1 1 1 1 1 1 1 1 1 1 1 1 1 1 1 1 1 1 1 1 1 1 1 1 1 1 1 1 1 1 1 1 1 1 1 1 1 1 1 1 1 1 1 1 1 1 1 1 1 1 1 1 1 1 1 1 1 1 1 1 1 1 1 1 1 1 1 1 1 1 1 1 1 1 1 1 1 1 1 1 1 1 1 1 1 1 1 1 1 1 1 1 1 1 1 1 1 1 1 1 1 1 1 1 1 1 1 1 1 1 1 1 1 1 1 1 1 1 1 1 1 1 1 1 1 1 1 1 1 1 1 1 1 1 1 1 1 1 1 1 1 1 1 1 1 1 1 1 1 1 1 1 1 1 1 1 1 1 1 1 1 1 1 1 1 1 1 1 1 1 1 1 1 1 1 1 1 1 1 1 1 1 1 1 1 1 1 1 1 1 1 1 1 1 1 1 1 1 1 1 1 1 1 1 1 1 1 1 1 1 1 1 1 1 1 1 1 1 1 1 1 1 1 1 1 1 1 1 1 1 1 1 1 1 1 1 1 1 1 1 1 1 1 1 1 1 1 1 1 1 1 1 1 1 1 1 1 1 1 1 1 1 1 1 1 1 1 1 1 1 1 1 1 1 1 1 1 1 1 1 1 1 1 1 1 1 1 1 1 1 1 1 1 1 1 1 1 1 1 1 1 1 1 1 1 1 1 1 1 1 1 1 1 1 1 1 1 1 1 1 1 1 1 1 1 1 1 1 1 1 1 1 1 1 1 1 1 1 1 1 1 1 1 1 1 1 1 1 1 1 1 1 1 1 1 1 1 1 1 1 1 1 1 1 1 1 1 1 1 1 1 1 1 1 1 1 1 1 1 1 1 1 1 1 1 1 1 1 1 1 1 1 1 1 1 1 1 1 1 1 1 1 1 1 1 1 1 1 1 1 1 1 1 1 1 1 1 1 1 1 1 1 1 1 1 1 1 1 1 1 1 1 1 1 1 1 1 1 1 1 1 1 1 1 1 1 1 1 1 1 1 1 1 1 1 1 1 1 1 1 1 1 1 1 1 1 1 1 1 1 1 1 1 1 1 1 1 1 1 1 1 1 1 1 1 1 1 1 1 1 1 1 1 1 1 1 1 1 1 1 1 1 1 1 1 1 1 1 1 1 1 1 1 1 1 1 1 1 1 1 1 1 1 1 1 1 1 1 1 1 1 1 1 1 1 1 1 1 1 1 1 1 1 1 1 1 1 1 1 1 1 1 1 1 1 1 1 1 1 1 1 1 1 1 1 1 1 1 1 1 1 1 1 1 1 1 1 1 1 1 1 1 1 1 1 1 1 1 1 1 1 1 1 1 1 1 1 1 1 1 1 1 1 1 1 1 1 1 1 1 1 1 1 1 1 1 1 1 1 1 1 1 1 1 1 1 1 1 1 1 1 1 1 1 1 1 1 1 1 1 1 1 1 1 1 1 1 1 1 1 1 1 1 1 1 1 1 1 1 1 1 1 1 1 1 1 1 1 1 1 1 1 1 1 1 1 1 1 1 1 1 1 1 1 1 1 1 1 1 1 1 1 1 1 1 1 1 1 1 1 1 1 1 1 1 1 1 1 1 1 1 1 1 1 1 1 1 1 1 1 1 1 1 1 1 1 1 1 1 1 1 1 1 1 1 1 1 1 1 1 1 1 1 1 1 1 1 1 1 1 1 1 1 1 1 1 1 1 1 1 1 1 1 1 1 1 1 1 1 1 1 1 1 1 1 1 1 1 1 1 1 1 1 1 1 1 1 1 1 1 1 1 1 1 1 1 1 1 1 1 1 1 1 1 1 1 1 1 1 1 1 1 1 1 1 1 1 1 1 1 1 1 1 1 1 1 1 1 1 1 1 1 1 1 1 1 1 1 1 1 1 1 1 1 1 1 1 1 1 1 1 1 1 1 1 1 1 1 1 1 1 1 1 1 1 1 1 1 1 1 1 1 1 1 1 1 1 1 1 1 1 1 1 1 1 1 1 1 1 1 1 1 1 1 1 1 1 1 1 1 1 1 1 1 1 1 1 1 1 1 1 1 1 1 1 1 1 1 1 1 1 1 1 1 1 1 1 1 1 1 1 1 1 1 1 1 1 1 1 1 1 1 1 1 1 1 1 1 1 1 1 1 1 1 1 1 1 1 1 1 1 1 1 1 1 1 1 1 1 1 1 1 1 1 1 1 1 1 1 1 1 1 1 1 1 1 1 1 1 1 1 1 1 1 1 1 1 1 1 1 1 1 1 1 1 1 1 1 1 1 1 1 1 1 1 1 1 1 1 1 1 1 1 1 1 1 1 1 1 1 1 1 1 1 1 1 1 1 1 1 1 1 1 1 1 1 1 1 1 1 1 1 1 1 1 1 1 1 1 1 1 1 1 1 1 1 1 1 1 1 1 1 1 1 1 1 1 1 1 1 1 1 1 1 1 1 1 1 1 1 1 1 1 1 1 1 1 1 1 1 1 1 1 1 1 1 1 1 1 1 1 1 1 1 1 1 1 1 1 1 1 1 1 1 1 1 1 1 1 1 1 1 1 1 1 1 1 1 1 1 1 1 1 1 1 1 1 1 1 1 1 1 1 1 1 1 1 1 1 1 1 1 1 1 1 1 1 1 1 1 1 1 1 1 1 1 1 1 1 1 1 1 1 1 1 1 1 1 1 1 1 1 1 1 1 1 1 1 1 1 1 1 1 1 1 1 1 1 1 1 1 1 1 1 1 1 1 1 1 1 1 1 1 1 1 1 1 1 1 1 1 1 1 1 1 1 1 1 1 1 1 1 1 1 1 1 1 1 1 1 1 1 1 1 1 1 1 1 1 1 1 1 1 1 1 1 1 1 1 1 1 1 1 1 1 1 1 1 1 1 1 1 1 1 1 1 1 1 1 1 1 1 1 1 1 1 1 1 1 1 1 1 1 1 1 1 1 1 1 1 1 1 1 1 1 1 1 1 1 1 1 1 1 1 1 1 1 1 1 1 1 1 1 1 1 1 1 1 1 1 1 1 1 1 1 1 1 1 1 1 1 1 1 1 1 1 1 1 1 1 1 1 1 1 1 1 1 1 1 1 1 1 1 1 1 1 1 1 1 1 1 1 1 1 1 1 1 1 1 1 1 1 1 1 1 1 1 1 1 1 1 1 1 1 1 1 1 1 1 1 1 1 1 1 1 1 1 1 1 1 1 1 1 1 1 1 1 1 1 1 1 1 1 1 1 1 1 1 1 1 1 1 1 1 1 1 1 1 1 1 1 1 1 1 1 1 1 1 1 1 1 1 1 1 1 1 1 1 1 1 1 1 1 1 1 1 1 1 1 1 1 1 1 1 1 1 1 1 1 1 1 1 1 1 1 1 1 1 1 1 1 1 1 1 1 1 1 1 1 1 1 1 1 1 1 1 1 1 1 1 1 1 1 1 1 1 1 1 1 1 1 1 1 1 1 1 1 1 1 1 1 1 1 1 1 1 1 1 1 1 1 1 1 1 1 1 1 1 1 1 1 1 1 1 1 1 1 1 1 1 1 1 1 1 1 1 1 1 1 1 1 1 1 1 1 1 1 1 1 1 1 1 1 1 1 1 1 1 1 1 1 1 1 1 1 1 1 1 1 1 1 1 1 1 1 1 1 1 1 1 1 1 1 1 1 1 1 1 1 1 1 1 1 1 1 1 1 1 1 1 1 1 1 1 1 1 1 1 1 1 1 1 1 1 1 1 1 1 1 1 1 1 1 1 1 1 1 1 1 1 1 1 1 1 1 1 1 1 1 1 1 1 1 1 1 1 1 1 1 1 1 1 1 1 1 1 1 1 1 1 1 1 1 1 1 1 1 1 1 1 1 1 1 1 1 1 1 1 1 1 1 1 1 1 1 1 1 1 1 1 1 1 1 1 1 1 1 1 1 1 1 1 1 1 1 1 1 1 1 1 1 1 1 1 1 1 1 1 1 1 1 1 1 1 1 1 1 1 1 1 1 1 1 1 1 1 1 1 1 1 1 1 1 1 1 1 1 1 1 1 1 1 1 1 1 1 1 1 1 1 1 1 1 1 1 1 1 1 1 1 1 1 1 1 1 1 1 1 1 1 1 1 1 1 1 1 1 1 1 1 1 1 1 1 1 1 1 1 1 1 1 1 1 1 1 1 1 1 1 1 1 1 1 1 1 1 1 1 1 1 1 1 1 1 1 1 1 1 1 1 1 1 1 1 1 1 1 1 1 1 1 1 1 1 1 1 1 1 1 1 1 1 1 1 1 1 1 1 1 1 1 1 1 1 1 1 1 1 1 1 1 1 1 1 1 1 1 1 1 1 1 1 1 1 1 1 1 1 1 1 1 1 1 1 1 1 1 1 1 1 1 1 1 1 1 1 1 1 1 1 1 1 1 1 1 1 1 1 1 1 1 1 1 1 1 1 1 1 1 1 1 1 1 1 1 1 1 1 1 1 1 1 1 1 1 1 1 1 1 1 1 1 1 1 1 1 1 1 1 1 1 1 1 1 1 1 1 1 1 1 1 1 1 1 1 1 1 1 1 1 1 1 1 1 1 1 1 1 1 1 1 1 1 1 1 1 1 1 1 1 1 1 1 1 1 1 1 1 1 1 1 1 1 1 1 1 1 1 1 1 1 1 1 1 1 1 1 1 1 1 1 1 1 1 1 1 1 1 1 1 1 1 1 1 1 1 1 1 1 1 1 1 1 1 1 1 1 1 1 1 1 1 1 1 1 1 1 1 1 1 1 1 1 1 1 1 1 1 1 1 1 1 1 1 1 1 1 1 1 1 1 1 1 1 1 1 1 1 1 1 1 1 1 1 1 1 1 1 1 1 1 1 1 1 1 1 1 1 1 1 1 1 1 1 1 1 1 1 1 1 1 1 1 1 1 1 1 1 1 1 1 1 1 1 1 1 1 1 1 1 1 1 1 1 1 1 1 1 1 1 1 1 1 1 1 1 1 1 1 1 1 1 1 1 1 1 1 1 1 1 1 1 1 1 1 1 1 1 1 1 1 1 1 1 1 1 1 1 1 1 1 1 1 1 1 1 1 1 1 1 1 1 1 1 1 1 1 1 1 1 1 1 1 1 1 1 1 1 1 1 1 1 1 1 1 1 1 1 1 1 1 1 1 1 1 1 1 1 1 1 1 1 1 1 1 1 1 1 1 1 1 1 1 1 1 1 1 1 1 1 1 1 1 1 1 1 1 1 1 1 1 1 1 1 1 1 1 1 1 1 1 1 1 1 1 1 1 1 1 1 1 1 1 1 1 1 1 1 1 1 1 1 1 1 1 1 1 1 1 1 1 1 1 1 1 1 1 1 1 1 1 1 1 1 1 1 1 1 1 1 1 1 1 1 1 1 1 1 1 1 1 1 1 1 1 1 1 1 1 1 1 1 1 1 1 1 1 1 1 1 0 0 0 1 1 1 1 1 1 1 1 1 0 0 0 1 1 1 1 1 0.4823529 0.4823529 0.4823529 1 0.4823529 0.4823529 0.4823529 1 1 1 1 1 1 1 1 1 0.4823529 0.4823529 0.4823529 1 1 1 1 1 0.9254902 0.9254902 0.9254902 1 0.9254902 0.9254902 0.9254902 1 1 1 1 1 1 1 1 1 0.9254902 0.9254902 0.9254902 1 1 1 1 1 0 0 0 1 0 0 0 1 1 1 1 1 1 1 1 1 0 0 0 1 1 1 1 1 0 0 0 1 0 0 0 1 1 1 1 1 1 1 1 1 0 0 0 1 1 1 1 1 0 0 0 1 0 0 0 1 1 1 1 1 1 1 1 1 0 0 0 1 1 1 1 1 0 0 0 1 1 1 1 1 1 1 1 1 1 1 1 1 1 1 1 1 1 1 1 1 1 1 1 1 1 1 1 1 1 1 1 1 1 1 1 1 1 1 1 1 1 1 1 1 1 1 1 1 1 1 1 1 1 1 1 1 1 1 1 1 1 1 1 1 1 1 1 1 1 1 1 1 1 1 1 1 1 1 1 1 1 1 1 1 1 1 1 1 1 1 1 1 1 1 1 1 1 1 1 1 1 1 1 1 1 1 1 1 1 1 1 1 1 1 1 1 1 1 1 1 1 1 1 1 1 1 1 1 1 1 1 1 1 1 1 1 1 1 1 1 1 1 1 1 1 1 1 1 1 1 1 1 1 1 1 1 1 1 1 1 1 1 1 1 1 1 1 1 1 1 1 1 1 1 1 1 1 1 1 1 1 1 1 1 1 1 1 1 1 1 1 1 1 1 1 1 1 1 1 1 1 1 1 1 1 1 1 1 1 1 1 1 1 1 1 1 1 1 1 1 1 1 1 1 1 1 1 1 1 1 1 1 1 1 1 1 1 1 1 1 1 1 1 1 1 1 1 1 1 1 1 1 1 1 1 1 1 1 1 1 1 1 1 1 1 1 1 1 1 1 1 1 1 1 1 1 1 1 1 1 1 1 1 1 1 1 1 1 1 1 1 1 1 1 1 1 1 1 1 1 1 1 1 1 1 1 1 1 1 1 1 1 1 1 1 1 1 1 1 1 1 1 1 1 1 1 1 1 1 1 1 1 1 1 1 1 1 1 1 1 1 1 1 1 1 1 1 1 1 1 1 1 1 1 1 1 1 1 1 1 1 1 1 1 1 1 1 1 1 1 1 1 1 1 1 1 1 1 1 1 1 1 1 1 1 1 1 1 1 1 1 1 1 1 1 1 1 1 1 1 1 1 1 1 1 1 1 1 1 1 1 1 1 1 1 1 1 1 1 1 1 1 1 1 1 1 1 1 1 1 1 1 1 1 1 1 1 1 1 1 1 1 1 1 1 1 1 1 1 1 1 1 1 1 1 1 1 1 1 1 1 1 1 1 1 1 1 1 1 1 1 1 1 1 1 1 1 1 1 1 1 1 1 1 1 1 1 1 1 1 1 1 1 1 1 1 1 1 1 1 1 1 1 1 1 1 1 1 1 1 1 1 1 1 1 1 1 1 1 1 1 1 1 1 1 1 1 1 1 1 1 1 1 1 1 1 1 1 1 1 1 1 1 1 1 1 1 1 1 1 1 1 1 1 1 1 1 1 1 1 1 1 1 1 1 1 1 1 1 1 1 1 1 1 1 1 1 1 1 1 1 1 1 1 1 1 1 1 1 1 1 1 1 1 1 1 1 1 1 1 1 1 1 1 1 1 1 1 1 1 1 1 1 1 1 1 1 1 1 1 1 1 1 1 1 1 1 1 1 1 1 1 1 1 1 1 1 1 1 1 1 1 1 1 1 1 1 1 1 1 1 1 1 1 1 1 1 1 1 1 1 1 1 1 1 1 1 1 1 1 1 1 1 1 1 1 1 1 1 1 1 1 1 1 1 1 1 1 1 1 1 1 1 1 1 1 1 1 1 1 1 1 1 1 1 1 1 1 1 1 1 1 1 1 1 1 1 1 1 1 1 1 1 1 1 1 1 1 1 1 1 1 1 1 1 1 1 1 1 1 1 1 1 1 1 1 1 1 1 1 1 1 1 1 1 1 1 1 1 1 1 1 1 1 1 1 1 1 1 1 1 1 1 1 1 1 1 1 1 1 1 1 1 1 1 1 1 1 1 1 1 1 1 1 1 1 1 1 1 1 1 1 1 1 1 1 1 1 1 1 1 1 1 1 1 1 1 1 1 1 1 1 1 1 1 1 1 1 1 1 1 1 1 1 1 1 1 1 1 1 1 1 1 1 1 1 1 1 1 1 1 1 1 1 1 1 0 0 0 1 1 1 1 1 1 1 1 1 1 1 1 1 1 1 1 1 1 1 1 1 1 1 1 1 1 1 1 1 1 1 1 1 1 1 1 1 1 1 1 1 1 1 1 1 1 1 1 1 1 1 1 1 1 1 1 1 1 1 1 1 1 1 1 1 1 1 1 1 1 1 1 1 1 1 1 1 1 1 1 1 1 1 1 1 1 1 1 1 1 1 1 1 1 1 1 1 1 1 1 1 1 1 1 1 1 1 1 1 1 1 1 1 1 1 1 1 1 1 1 1 1 1 1 1 1 1 1 1 1 1 1 1 1 1 1 1 1 1 1 1 1 1 1 1 1 1 1 1 1 1 1 1 1 1 1 1 1 1 1 1 1 1 1 1 1 1 1 1 1 1 1 1 1 1 1 1 1 1 1 1 1 1 1 1 1 1 1 1 1 1 1 1 0 0 0 1 1 1 1 1 0 0 0 1 1 1 1 1 0 0 0 1 1 1 1 1 1 1 1 1 0 0 0 1 1 1 1 1 0 0 0 1 1 1 1 1 1 1 1 1 0 0 0 1 1 1 1 1 0 0 0 1 0 0 0 1 1 1 1 1 0 0 0 1 0 0 0 1 1 1 1 1 0 0 0 1 1 1 1 1 1 1 1 1 1 1 1 1 1 1 1 1 1 1 1 1 1 1 1 1 1 1 1 1 0 0 0 1 0 0 0 1 0 0 0 1 0 0 0 1 0 0 0 1 0 0 0 1 1 1 1 1 0 0 0 1 0 0 0 1 1 1 1 1 0 0 0 1 1 1 1 1 1 1 1 1 1 1 1 1 1 1 1 1 1 1 1 1 1 1 1 1 1 1 1 1 1 1 1 1 1 1 1 1 1 1 1 1 1 1 1 1 1 1 1 1 1 1 1 1 1 1 1 1 1 1 1 1 1 1 1 1 1 1 1 1 1 1 1 1 1 1 1 1 1 1 1 1 1 1 1 1 1 1 1 1 1 1 1 1 1 1 1 1 1 1 1 1 1 1 1 1 1 1 1 1 1 1 1 1 1 1 1 1 1 1 1 1 1 1 1 1 1 1 1 1 1 1 1 1 1 1 1 1 1 1 1 1 1 1 1 1 1 1 1 1 1 1 1 1 0 0 0 1 1 1 1 1 1 1 1 1 1 1 1 1 1 1 1 1 1 1 1 1 1 1 1 1 1 1 1 1 1 1 1 1 1 1 1 1 1 1 1 1 1 1 1 1 1 1 1 1 0 0 0 1 1 1 1 1 0 0 0 1 1 1 1 1 1 1 1 1 1 1 1 1 1 1 1 1 1 1 1 1 1 1 1 1 1 1 1 1 1 1 1 1 1 1 1 1 0 0 0 1 1 1 1 1 0 0 0 1 0 0 0 1 1 1 1 1 1 1 1 1 1 1 1 1 1 1 1 1 1 1 1 1 1 1 1 1 1 1 1 1 1 1 1 1 1 1 1 1 1 1 1 1 1 1 1 1 1 1 1 1 1 1 1 1 1 1 1 1 1 1 1 1 1 1 1 1 1 1 1 1 1 1 1 1 1 1 1 1 1 1 1 1 1 1 1 1 1 1 1 1 1 1 1 1 1 1 1 1 1 1 1 1 1 1 1 1 1 1 1 1 1 1 1 1 1 1 1 1 1 1 1 1 1 1 1 1 1 1 1 1 1 1 1 1 1 1 1 1 1 1 1 1 1 1 1 1 1 1 1 1 1 1 1 1 1 1 1 1 1 1 1 1 1 1 1 1 1 1 1 1 1 1 1 1 1 1 1 1 1 1 1 1 1 1 1 1 1 1 1 1 1 1 1 1 1 1 1 1 1 1 1 1 1 1 1 1 1 1 1 1 1 1 1 1 1 1 1 1 1 1 1 1 1 1 1 1 1 1 1 1 1 1 1 1 1 1 1 1 1 1 1 1 1 1 1 1 1 1 1 1 1 1 1 1 1 1 1 1 1 1 1 1 1 1 1 1 1 1 1 1 1 1 1 1 1 1 1 1 1 1 1 1 1 1 1 1 1 1 1 1 1 1 1 1 1 1 1 1 1 1 1 1 1 1 1 1 1 1 1 1 1 1 1 1 1 1 1 1 1 1 1 1 1 1 1 1 1 1 1 1 1 1 1 1 1 1 1 1 1 1 1 1 1 1 1 1 1 1 1 1 1 1 1 1 1 1 1 1 1 1 1 1 1 1 1 1 1 1 1 1 1 1 1 1 1 1 1 1 1 1 1 1 1 1 1 1 1 1 1 1 1 1 1 1 1 1 1 1 1 1 1 1 1 1 1 1 1 1 1 1 1 1 1 1 1 1 1 1 1 1 1 1 1 1 1 1 1 1 1 1 1 1 1 1 1 1 1 1 1 1 1 1 1 1 1 1 1 1 1 1 1 1 1 1 1 1 1 1 1 1 1 1 1 1 1 1 1 1 1 1 1 1 1 1 1 1 1 1 1 1 1 1 1 1 1 1 1 1 1 1 1 1 1 1 1 1 1 1 1 1 1 1 1 1 1 1 1 1 1 1 1 1 1 1 1 1 1 1 1 1 1 1 1 1 1 1 1 1 1 1 1 1 1 1 1 1 1 1 1 1 1 1 1 1 1 1 1 1 1 1 1 1 1 1 1 1 1 1 1 1 1 1 1 1 1 1 1 1 1 1 1 1 1 1 1 1 1 1 1 1 1 1 1 1 1 1 1 1 1 1 1 1 1 1 1 1 1 1 1 1 1 1 1 1 1 1 1 1 1 1 1 1 1 1 1 1 1 1 1 1 1 1 1 1 1 1 1 1 1 1 1 1 1 1 1 1 1 1 1 1 1 1 1 1 1 1 1 1 1 1 1 1 1 1 1 1 1 1 1 1 1 1 1 1 1 1 1 1 1 1 1 1 1 1 1 1 1 1 1 1 1 1 1 1 1 1 1 1 1 1 1 1 1 1 1 1 1 1 1 1 1 1 1 1 1 1 1 1 1 1 1 1 1 1 1 1 1 1 1 1 1 1 1 1 1 1 1 1 1 1 1 1 1 1 1 1 1 1 1 1 1 1 1 1 1 1 1 1 1 1 1 1 1 1 1 1 1 1 1 1 1 1 1 1 1 1 1 1 1 1 1 1 1 1 1 1 1 1 1 1 1 1 1 1 1 1 1 1 1 1 1 1 1 1 1 1 1 1 1 1 1 1 1 1 1 1 1 1 1 1 1 1 1 1 1 1 1 1 1 1 1 1 1 1 1 1 1 1 1 1 1 1 1 1 1 1 1 1 1 1 1 1 1 1 1 1 1 1 1 1 1 1 1 1 1 1 1 1 1 1 1 1 1 1 1 1 1 1 1 1 1 1 1 1 1 1 1 1 1 1 1 1 1 1 1 1 1 1 1 1 1 1 1 1 1 1 1 1 1 1 1 1 1 1 1 1 1 1 1 1 1 1 1 1 1 1 1 1 1 1 1 1 1 1 1 1 1 1 1 1 1 1 1 1 1 1 1 1 1 1 1 1 1 1 1 1 1 1 1 1 1 1 1 1 1 1 1 1 1 1 1 1 1 1 1 1 1 1 1 1 1 1 1 1 1 1 1 1 1 1 1 1 1 1 1 1 1 1 1 1 1 1 1 1 1 1 1 1 1 1 1 1 1 1 1 1 1 1 1 1 1 1 1 1 1 1 1 1 1 1 1 1 1 1 1 1 1 1 1 1 1 1 1 1 1 1 1 1 1 1 1 1 1 1 1 1 1 1 1 1 1 1 1 1 1 1 1 1 1 1 1 1 1 1 1 1 1 1 1 1 1 1 1 1 1 1 1 1 1 1 1 1 1 1 1 1 1 1 1 1 1 1 1 1 1 1 1 1 1 1 1 1 1 1 1 1 1 1 1 1 1 1 1 1 1 1 1 1 1 1 1 1 1 1 1 1 1 1 1 1 1 1 1 1 1 1 1 1 1 1 1 1 1 1 1 1 1 1 1 1 1 1 1 1 1 1 1 1 1 1 1 1 1 1 1 1 1 1 1 1 1 1 1 1 1 1 1 1 1 1 1 1 1 1 1 1 1 1 1 1 1 1 1 1 1 1 1 1 1 1 1 1 1 1 1 1 1 1 1 1 1 1 1 1 1 1 1 1 1 1 1 1 1 1 1 1 1 1 1 1 1 1 1 1 1 1 1 1 1 1 1 1 1 1 1 1 1 1 1 1 1 1 1 1 1 1 1 1 1 1 1 1 0.9568628 0.9568628 0.9568628 1 0.3294118 0.3294118 0.3294118 1 1 1 1 1 0.9568628 0.9568628 0.9568628 1 1 1 1 1 1 1 1 1 1 1 1 1 1 1 1 1 1 1 1 1 1 1 1 1 1 1 1 1 1 1 1 1 0.04313725 0.04313725 0.04313725 1 0 0 0 1 0 0 0 1 0 0 0 1 0.04313725 0.04313725 0.04313725 1 0.4431372 0.4431372 0.4431372 1 0 0 0 1 0.4431372 0.4431372 0.4431372 1 0.0117647 0.0117647 0.0117647 1 0.0117647 0.0117647 0.0117647 1 0.4431372 0.4431372 0.4431372 1 0 0 0 1 0.0117647 0.0117647 0.0117647 1 0 0 0 1 0 0 0 1 0 0 0 1 1 1 1 1 0.3843137 0.3843137 0.3843137 1 1 1 1 1 0 0 0 1 1 1 1 1 1 1 1 1 1 1 1 1 1 1 1 1 1 1 1 1 1 1 1 1 1 1 1 1 1 1 1 1 1 1 1 1 1 1 1 1 1 1 1 1 1 1 1 1 1 1 1 1 1 1 1 1 1 1 1 1 1 1 1 1 1 1 1 1 1 1 1 1 1 1 1 1 1 1 1 1 1 1 1 1 1 1 1 1 1 1 1 1 1 1 1 1 1 1 1 1 1 1 1 1 1 1 1 1 1 1 1 1 1 1 1 1 1 1 1 1 1 1 1 1 1 1 1 1 1 1 1 1 1 1 1 1 1 1 1 1 1 1 1 1 1 1 1 1 1 1 1 1 1 1 1 1 1 1 1 1 1 1 1 1 1 1 1 1 1 1 1 1 1 1 1 1 1 1 1 1 1 1 1 1 1 1 1 1 1 1 1 1 1 1 1 1 1 1 1 1 1 1 1 1 1 1 1 1 1 1 1 1 1 1 1 1 1 1 1 1 1 1 1 1 1 1 1 1 1 1 1 1 1 1 1 1 1 1 1 1 1 1 1 1 1 1 1 1 1 1 1 1 1 1 1 1 1 1 1 1 1 1 1 1 1 1 1 1 1 1 1 1 1 1 1 1 1 1 1 1 1 1 1 1 1 1 1 1 1 1 1 1 1 1 1 1 1 1 1 1 1 1 1 1 1 1 1 1 1 1 1 1 1 1 1 1 1 1 1 1 1 1 1 1 1 1 1 1 1 1 1 1 1 1 1 1 1 1 1 1 1 1 1 1 1 1 1 1 1 1 1 1 1 1 1 1 1 1 1 1 1 1 1 1 1 1 1 1 1 1 1 1 1 1 1 1 1 1 1 1 1 1 1 1 1 1 1 1 1 1 1 1 1 1 1 1 1 1 1 1 1 1 1 1 1 1 1 1 1 1 1 1 1 1 1 1 1 1 1 1 1 1 1 1 1 1 1 1 1 1 1 1 1 1 1 1 1 1 1 1 1 1 1 1 1 1 1 1 1 1 1 1 1 1 1 1 1 1 1 1 1 1 1 1 1 1 1 1 1 1 1 1 1 1 1 1 1 1 1 1 1 1 1 1 0 0 0 1 0.9254902 0.9254902 0.9254902 1 0 0 0 1 0.9254902 0.9254902 0.9254902 1 0 0 0 1 0 0 0 1 0.9254902 0.9254902 0.9254902 1 0 0 0 1 0.4823529 0.4823529 0.4823529 1 0.4823529 0.4823529 0.4823529 1 0 0 0 1 0 0 0 1 0.4823529 0.4823529 0.4823529 1 0 0 0 1 0 0 0 1 1 1 1 1 1 1 1 1 1 1 1 1 1 1 1 1 1 1 1 1 1 1 1 1 1 1 1 1 1 1 1 1 1 1 1 1 1 1 1 1 1 1 1 1 1 1 1 1 1 1 1 1 1 1 1 1 1 1 1 1 1 1 1 1 1 1 1 1 1 1 1 1 1 1 1 1 1 1 1 1 1 1 1 1 1 1 1 1 1 1 1 1 1 1 1 1 1 1 1 1 1 1 1 1 1 1 1 1 1 1 1 1 1 1 1 1 1 1 1 1 1 1 1 1 1 1 1 1 1 1 1 1 1 1 1 1 1 1 1 1 1 1 1 1 1 1 1 1 1 1 1 1 1 1 1 1 1 1 1 1 1 1 1 1 1 1 1 1 1 1 1 1 1 1 1 1 1 1 1 1 1 1 1 1 1 1 1 1 1 1 1 1 1 1 1 1 1 1 1 1 1 1 1 1 1 1 1 1 1 1 1 1 1 1 1 1 1 1 1 1 1 1 1 1 1 1 1 1 1 1 1 1 1 1 1 1 1 1 1 1 1 1 1 1 1 1 1 1 1 1 1 1 1 1 1 1 1 1 1 1 1 1 1 1 1 1 1 1 1 1 1 1 1 1 1 1</float_array>
          <technique_common>
            <accessor source="#Loader_car_Loader_car_Material_0-mesh-colors-Attribute-array" count="5895" stride="4">
              <param name="R" type="float"/>
              <param name="G" type="float"/>
              <param name="B" type="float"/>
              <param name="A" type="float"/>
            </accessor>
          </technique_common>
        </source>
        <vertices id="Loader_car_Loader_car_Material_0-mesh-vertices">
          <input semantic="POSITION" source="#Loader_car_Loader_car_Material_0-mesh-positions"/>
        </vertices>
        <lines count="125">
          <input semantic="VERTEX" source="#Loader_car_Loader_car_Material_0-mesh-vertices" offset="0"/>
          <p>509 508 600 599 645 641 650 649 651 649 648 645 700 699 702 701 760 759 897 896 3246 3245 3247 3245 3278 3277 3282 3281 3301 3300 3459 3458 428 427 506 505 540 539 697 687 1248 1247 1255 1254 1256 1254 1318 1317 1319 1317 1333 1332 1334 1332 1975 1969 2769 2768 427 424 2998 2997 3460 3459 3455 3454 499 498 571 560 596 595 597 595 663 662 664 662 668 667 689 688 1356 1318 1368 1333 2776 2775 3274 3273 3310 3309 3316 3315 3460 3455 471 470 484 483 598 596 604 603 647 646 674 673 698 689 713 712 841 839 1349 1348 2630 2629 2771 2770 2772 2770 3307 3306 643 642 644 642 648 647 665 663 704 703 1263 1262 3291 3283 3308 3307 5 4 421 420 554 547 670 669 691 690 711 710 715 714 1264 1263 1348 1335 2691 2690 2699 2690 2700 2699 2778 2777 2779 2777 3276 3275 3319 3317 6 5 428 421 536 532 593 592 594 592 602 601 660 659 708 707 904 898 1253 1252 1272 1244 1273 1264 3314 3313 3457 3456 3550 3549 423 422 426 425 507 503 511 510 527 526 575 544 597 593 641 640 656 655 672 671 865 864 1304 1265 1366 1365 1367 1365 1963 1961 2568 2567 2569 2567 425 422 2992 2991 3121 3118 3272 3271 3285 3284 3315 3314 3458 3457</p>
        </lines>
        <triangles material="Loader_car_Material-material" count="1965">
          <input semantic="VERTEX" source="#Loader_car_Loader_car_Material_0-mesh-vertices" offset="0"/>
          <input semantic="NORMAL" source="#Loader_car_Loader_car_Material_0-mesh-normals" offset="1"/>
          <input semantic="TEXCOORD" source="#Loader_car_Loader_car_Material_0-mesh-map-0" offset="2" set="0"/>
          <input semantic="COLOR" source="#Loader_car_Loader_car_Material_0-mesh-colors-Attribute" offset="3" set="0"/>
          <p>1 0 0 0 7 0 1 1 2 0 2 2 3 1 3 3 8 1 4 4 0 1 5 5 9 2 6 6 7 2 7 7 1 2 8 8 10 3 9 9 9 3 10 10 1 3 11 11 11 4 12 12 12 5 13 13 13 5 14 14 14 6 15 15 15 6 16 16 16 7 17 17 17 8 18 18 18 8 19 19 19 8 20 20 19 9 21 21 20 9 22 22 17 9 23 23 21 10 24 24 22 10 25 25 23 10 26 26 23 11 27 27 24 11 28 28 21 11 29 29 25 12 30 30 26 12 31 31 27 12 32 32 27 13 33 33 28 13 34 34 25 13 35 35 29 14 36 36 30 14 37 37 31 14 38 38 32 15 39 39 33 15 40 40 34 15 41 41 35 16 42 42 36 16 43 43 37 16 44 44 38 17 45 45 39 17 46 46 40 17 47 47 41 18 48 48 42 18 49 49 43 18 50 50 43 19 51 51 44 19 52 52 41 19 53 53 45 20 54 54 46 20 55 55 47 20 56 56 47 21 57 57 48 21 58 58 45 21 59 59 49 22 60 60 50 23 61 61 51 23 62 62 52 24 63 63 53 24 64 64 54 25 65 65 55 26 66 66 56 26 67 67 57 26 68 68 57 27 69 69 58 27 70 70 55 27 71 71 59 28 72 72 60 28 73 73 61 28 74 74 61 29 75 75 62 29 76 76 59 29 77 77 63 30 78 78 64 30 79 79 65 30 80 80 65 31 81 81 66 31 82 82 63 31 83 83 67 32 84 84 68 32 85 85 69 32 86 86 70 33 87 87 71 33 88 88 72 33 89 89 73 34 90 90 74 34 91 91 75 34 92 92 76 35 93 93 77 35 94 94 78 35 95 95 79 36 96 96 80 36 97 97 81 36 98 98 81 37 99 99 82 37 100 100 79 37 101 101 83 38 102 102 84 38 103 103 85 38 104 104 85 39 105 105 86 39 106 106 83 39 107 107 87 40 108 108 88 41 109 109 89 42 110 110 89 42 111 111 90 43 112 112 87 40 113 113 91 44 114 114 87 40 115 115 90 43 116 116 90 43 117 117 92 45 118 118 91 44 119 119 93 46 120 120 94 47 121 121 95 48 122 122 95 48 123 123 96 49 124 124 93 46 125 125 97 50 126 126 93 46 127 127 96 49 128 128 96 49 129 129 98 51 130 130 97 50 131 131 99 52 132 132 97 50 133 133 98 51 134 134 98 51 135 135 100 53 136 136 99 52 137 137 101 54 138 138 99 52 139 139 100 53 140 140 100 53 141 141 102 55 142 142 101 54 143 143 103 56 144 144 104 57 145 145 105 58 146 146 105 58 147 147 106 59 148 148 103 56 149 149 107 60 150 150 103 56 151 151 106 59 152 152 106 59 153 153 108 61 154 154 107 60 155 155 109 62 156 156 107 60 157 157 108 61 158 158 108 61 159 159 110 63 160 160 109 62 161 161 111 64 162 162 109 62 163 163 110 63 164 164 110 63 165 165 112 65 166 166 111 64 167 167 113 66 168 168 114 67 169 169 115 68 170 170 115 68 171 171 116 69 172 172 113 66 173 173 117 70 174 174 113 66 175 175 116 69 176 176 116 69 177 177 118 71 178 178 117 70 179 179 119 72 180 180 117 70 181 181 118 71 182 182 118 71 183 183 120 73 184 184 119 72 185 185 121 74 186 186 119 72 187 187 120 73 188 188 120 73 189 189 122 75 190 190 121 74 191 191 123 76 192 192 124 77 193 193 125 78 194 194 125 78 195 195 126 79 196 196 123 76 197 197 88 41 198 198 123 76 199 199 126 79 200 200 126 79 201 201 89 42 202 202 88 41 203 203 127 80 204 204 128 81 205 205 129 82 206 206 129 82 207 207 130 83 208 208 127 80 209 209 131 84 210 210 127 80 211 211 130 83 212 212 130 83 213 213 132 85 214 214 131 84 215 215 133 86 216 216 134 87 217 217 135 88 218 218 135 88 219 219 136 89 220 220 133 86 221 221 137 90 222 222 133 86 223 223 136 89 224 224 136 89 225 225 138 91 226 226 137 90 227 227 139 92 228 228 137 90 229 229 138 91 230 230 138 91 231 231 140 93 232 232 139 92 233 233 141 94 234 234 139 92 235 235 140 93 236 236 140 93 237 237 142 95 238 238 141 94 239 239 143 96 240 240 144 97 241 241 145 98 242 242 145 98 243 243 146 99 244 244 143 96 245 245 147 100 246 246 143 96 247 247 146 99 248 248 146 99 249 249 148 101 250 250 147 100 251 251 149 102 252 252 147 100 253 253 148 101 254 254 148 101 255 255 150 103 256 256 149 102 257 257 151 104 258 258 149 102 259 259 150 103 260 260 150 103 261 261 152 105 262 262 151 104 263 263 153 106 264 264 154 107 265 265 155 108 266 266 155 108 267 267 156 109 268 268 153 106 269 269 157 110 270 270 153 106 271 271 156 109 272 272 156 109 273 273 158 111 274 274 157 110 275 275 159 112 276 276 157 110 277 277 158 111 278 278 158 111 279 279 160 113 280 280 159 112 281 281 161 114 282 282 159 112 283 283 160 113 284 284 160 113 285 285 162 115 286 286 161 114 287 287 163 116 288 288 164 117 289 289 165 118 290 290 165 118 291 291 166 119 292 292 163 116 293 293 128 81 294 294 163 116 295 295 166 119 296 296 166 119 297 297 129 82 298 298 128 81 299 299 167 120 300 300 168 121 301 301 169 122 302 302 169 122 303 303 170 123 304 304 167 120 305 305 171 124 306 306 167 120 307 307 170 123 308 308 170 123 309 309 172 125 310 310 171 124 311 311 173 126 312 312 174 127 313 313 175 128 314 314 175 128 315 315 176 129 316 316 173 126 317 317 177 130 318 318 173 126 319 319 176 129 320 320 176 129 321 321 178 131 322 322 177 130 323 323 179 132 324 324 177 130 325 325 178 131 326 326 178 131 327 327 180 133 328 328 179 132 329 329 181 134 330 330 182 135 331 331 183 136 332 332 183 136 333 333 184 137 334 334 181 134 335 335 185 138 336 336 181 134 337 337 184 137 338 338 184 137 339 339 186 139 340 340 185 138 341 341 187 140 342 342 185 138 343 343 186 139 344 344 186 139 345 345 188 141 346 346 187 140 347 347 189 142 348 348 190 143 349 349 191 144 350 350 191 144 351 351 192 145 352 352 189 142 353 353 193 146 354 354 189 142 355 355 192 145 356 356 192 145 357 357 194 147 358 358 193 146 359 359 195 148 360 360 193 146 361 361 194 147 362 362 194 147 363 363 196 149 364 364 195 148 365 365 168 121 366 366 197 150 367 367 198 151 368 368 198 151 369 369 169 122 370 370 168 121 371 371 199 152 372 372 200 153 373 373 201 154 374 374 201 154 375 375 202 155 376 376 199 152 377 377 203 156 378 378 204 157 379 379 200 153 380 380 200 153 381 381 199 152 382 382 203 156 383 383 205 158 384 384 206 129 385 385 207 159 386 386 207 159 387 387 208 160 388 388 205 158 389 389 209 161 390 390 210 162 391 391 206 129 392 392 206 129 393 393 205 158 394 394 209 161 395 395 211 163 396 396 212 164 397 397 210 162 398 398 210 162 399 399 209 161 400 400 211 163 401 401 213 165 402 402 214 166 403 403 215 167 404 404 215 167 405 405 216 168 406 406 213 165 407 407 217 169 408 408 218 170 409 409 214 166 410 410 214 166 411 411 213 165 412 412 217 169 413 413 219 171 414 414 220 172 415 415 218 170 416 416 218 170 417 417 217 169 418 418 219 171 419 419 221 173 420 420 222 174 421 421 223 175 422 422 223 175 423 423 224 176 424 424 221 173 425 425 225 177 426 426 226 178 427 427 222 174 428 428 222 174 429 429 221 173 430 430 225 177 431 431 227 179 432 432 228 180 433 433 226 178 434 434 226 178 435 435 225 177 436 436 227 179 437 437 202 155 438 438 201 154 439 439 229 181 440 440 229 181 441 441 230 182 442 442 202 155 443 443 231 183 444 444 232 183 445 445 233 183 446 446 234 184 447 447 235 184 448 448 236 184 449 449 237 185 450 450 238 185 451 451 239 185 452 452 240 186 453 453 241 186 454 454 242 186 455 455 243 187 456 456 244 187 457 457 245 187 458 458 246 188 459 459 247 188 460 460 248 188 461 461 249 189 462 462 250 189 463 463 251 189 464 464 252 190 465 465 253 190 466 466 254 190 467 467 255 191 468 468 256 191 469 469 257 191 470 470 258 192 471 471 259 192 472 472 260 192 473 473 261 193 474 474 262 193 475 475 263 193 476 476 264 194 477 477 265 194 478 478 266 194 479 479 267 195 480 480 268 195 481 481 269 195 482 482 269 196 483 483 270 196 484 484 271 196 485 485 267 197 486 486 269 197 487 487 271 197 488 488 267 198 489 489 271 198 490 490 272 198 491 491 273 199 492 492 274 200 493 493 275 201 494 494 275 201 495 495 276 202 496 496 273 199 497 497 277 203 498 498 278 204 499 499 279 205 500 500 279 205 501 501 280 206 502 502 277 203 503 503 281 207 504 504 282 207 505 505 283 207 506 506 284 208 507 507 285 208 508 508 286 208 509 509 287 209 510 510 288 209 511 511 289 209 512 512 290 210 513 513 291 210 514 514 292 210 515 515 293 211 516 516 294 211 517 517 295 211 518 518 296 212 519 519 297 212 520 520 298 212 521 521 299 213 522 522 300 213 523 523 301 213 524 524 302 214 525 525 303 214 526 526 304 214 527 527 305 215 528 528 306 215 529 529 307 215 530 530 308 216 531 531 309 216 532 532 310 216 533 533 311 217 534 534 312 217 535 535 313 217 536 536 314 218 537 537 315 218 538 538 316 218 539 539 317 219 540 540 318 219 541 541 319 219 542 542 319 220 543 543 320 220 544 544 321 220 545 545 317 221 546 546 319 221 547 547 321 221 548 548 317 222 549 549 321 222 550 550 322 222 551 551 323 223 552 552 324 223 553 553 325 223 554 554 326 223 555 555 327 223 556 556 328 223 557 557 329 224 558 558 330 224 559 559 331 224 560 560 332 224 561 561 333 224 562 562 334 224 563 563 335 224 564 564 336 224 565 565 337 224 566 566 338 223 567 567 339 223 568 568 340 223 569 569 341 224 570 570 342 224 571 571 343 224 572 572 344 223 573 573 345 223 574 574 346 223 575 575 347 224 576 576 348 224 577 577 349 224 578 578 350 223 579 579 351 223 580 580 352 223 581 581 350 223 582 582 352 223 583 583 353 223 584 584 347 224 585 585 349 224 586 586 354 224 587 587 343 224 588 588 342 224 589 589 355 224 590 590 346 223 591 591 345 223 592 592 356 223 593 593 357 224 594 594 358 224 595 595 359 224 596 596 360 223 597 597 361 223 598 598 362 223 599 599 363 223 600 600 364 223 601 601 365 223 602 602 366 224 603 603 367 224 604 604 368 224 605 605 369 223 606 606 363 223 607 607 370 223 608 608 371 223 609 609 372 223 610 610 373 223 611 611 374 224 612 612 366 224 613 613 375 224 614 614 375 224 615 615 366 224 616 616 376 224 617 617 377 224 618 618 378 224 619 619 335 224 620 620 379 223 621 621 380 223 622 622 338 223 623 623 381 225 624 624 382 225 625 625 383 225 626 626 384 226 627 627 385 226 628 628 386 226 629 629 387 227 630 630 388 227 631 631 389 227 632 632 390 228 633 633 391 228 634 634 392 228 635 635 393 229 636 636 394 229 637 637 395 229 638 638 396 230 639 639 397 230 640 640 398 230 641 641 399 231 642 642 400 231 643 643 401 231 644 644 402 232 645 645 403 232 646 646 404 232 647 647 405 233 648 648 406 233 649 649 407 233 650 650 408 228 651 651 409 228 652 652 410 228 653 653 411 233 654 654 412 233 655 655 413 233 656 656 414 228 657 657 415 228 658 658 416 228 659 659 411 233 660 660 413 233 661 661 417 233 662 662 414 228 663 663 418 228 664 664 419 228 665 665 429 234 666 666 430 235 667 667 431 236 668 668 431 236 669 669 432 237 670 670 429 234 671 671 433 238 672 672 434 239 673 673 435 240 674 674 435 240 675 675 436 241 676 676 433 238 677 677 437 242 678 678 438 243 679 679 439 244 680 680 439 244 681 681 440 245 682 682 437 242 683 683 441 246 684 684 442 247 685 685 443 248 686 686 443 248 687 687 444 249 688 688 441 246 689 689 430 235 690 690 445 250 691 691 446 251 692 692 446 251 693 693 431 236 694 694 430 235 695 695 447 252 696 696 436 241 697 697 435 240 698 698 448 253 699 699 440 245 700 700 439 244 701 701 449 254 702 702 450 255 703 703 451 256 704 704 451 256 705 705 452 257 706 706 449 254 707 707 450 255 708 708 453 258 709 709 451 256 710 710 446 251 711 711 445 250 712 712 454 259 713 713 454 259 714 714 455 260 715 715 446 251 716 716 456 261 717 717 457 262 718 718 458 263 719 719 458 263 720 720 459 264 721 721 456 261 722 722 460 265 723 723 461 266 724 724 462 267 725 725 462 267 726 726 448 253 727 727 460 265 728 728 463 268 729 729 464 269 730 730 465 270 731 731 465 270 732 732 466 271 733 733 463 268 734 734 451 256 735 735 453 258 736 736 452 257 737 737 439 244 738 738 460 265 739 739 448 253 740 740 472 272 741 741 473 273 742 742 474 274 743 743 474 274 744 744 475 275 745 745 472 272 746 746 476 276 747 747 472 272 748 748 475 275 749 749 477 277 750 750 478 278 751 751 470 279 752 752 473 273 753 753 479 280 754 754 480 281 755 755 480 281 756 756 474 274 757 757 473 273 758 758 469 282 759 759 468 283 760 760 481 284 761 761 480 281 762 762 482 285 763 763 474 274 764 764 485 286 765 765 486 287 766 766 487 288 767 767 485 286 768 768 488 289 769 769 486 287 770 770 469 282 771 771 481 284 772 772 491 290 773 773 492 291 774 774 489 292 775 775 490 293 776 776 493 294 777 777 494 295 778 778 481 284 779 779 481 284 780 780 468 283 781 781 493 294 782 782 495 296 783 783 496 297 784 784 497 298 785 785 502 299 786 786 503 300 787 787 504 301 788 788 512 302 789 789 468 283 790 790 511 303 791 791 513 304 792 792 514 305 793 793 515 306 794 794 512 302 795 795 493 294 796 796 468 283 797 797 506 307 798 798 470 279 799 799 478 278 800 800 516 308 801 801 504 301 802 802 503 300 803 803 513 304 804 804 517 309 805 805 514 305 806 806 520 310 807 807 521 311 808 808 522 312 809 809 523 313 810 810 524 314 811 811 525 315 812 812 528 316 813 813 529 317 814 814 530 318 815 815 530 318 816 816 531 319 817 817 528 316 818 818 533 320 819 819 534 321 820 820 535 322 821 821 531 319 822 822 543 323 823 823 544 324 824 824 544 324 825 825 528 316 826 826 531 319 827 827 545 325 828 828 546 326 829 829 541 327 830 830 545 325 831 831 541 327 832 832 542 328 833 833 532 329 834 834 533 320 835 835 535 322 836 836 518 330 837 837 548 331 838 838 549 332 839 839 518 330 840 840 519 333 841 841 548 331 842 842 550 334 843 843 549 332 844 844 548 331 845 845 551 335 846 846 522 312 847 847 552 336 848 848 551 335 849 849 520 310 850 850 522 312 851 851 555 337 852 852 556 338 853 853 557 339 854 854 527 340 855 855 558 341 856 856 553 342 857 857 559 343 858 858 560 344 859 859 561 345 860 860 562 346 861 861 555 337 862 862 557 339 863 863 549 332 864 864 550 334 865 865 563 347 866 866 564 348 867 867 565 349 868 868 538 350 869 869 566 351 870 870 538 350 871 871 565 349 872 872 565 349 873 873 567 352 874 874 566 351 875 875 555 337 876 876 562 346 877 877 568 353 878 878 568 353 879 879 569 354 880 880 555 337 881 881 569 354 882 882 570 355 883 883 555 337 884 884 573 356 885 885 574 357 886 886 571 358 887 887 571 358 888 888 572 359 889 889 573 356 890 890 576 360 891 891 577 361 892 892 574 357 893 893 574 357 894 894 573 356 895 895 576 360 896 896 524 314 897 897 523 313 898 898 578 362 899 899 559 343 900 900 561 345 901 901 557 339 902 902 557 339 903 903 556 338 904 904 559 343 905 905 579 363 906 906 580 364 907 907 581 365 908 908 581 365 909 909 582 366 910 910 579 363 911 911 583 367 912 912 584 368 913 913 585 369 914 914 585 369 915 915 586 370 916 916 583 367 917 917 587 371 918 918 588 372 919 919 589 373 920 920 589 373 921 921 590 374 922 922 587 371 923 923 606 375 924 924 607 376 925 925 608 377 926 926 609 378 927 927 610 379 928 928 611 380 929 929 611 380 930 930 612 381 931 931 609 378 932 932 613 382 933 933 608 377 934 934 607 376 935 935 607 376 936 936 614 383 937 937 613 382 938 938 607 376 939 939 606 375 940 940 615 384 941 941 615 384 942 942 614 383 943 943 607 376 944 944 616 385 945 945 617 386 946 946 618 387 947 947 618 387 948 948 619 388 949 949 616 385 950 950 620 389 951 951 621 390 952 952 622 391 953 953 620 389 954 954 622 391 955 955 623 392 956 956 611 380 957 957 624 393 958 958 606 375 959 959 611 380 960 960 625 394 961 961 624 393 962 962 626 395 963 963 627 396 964 964 628 397 965 965 629 398 966 966 630 399 967 967 626 395 968 968 626 395 969 969 628 397 970 970 629 398 971 971 611 380 972 972 631 400 973 973 625 394 974 974 632 401 975 975 633 401 976 976 634 401 977 977 635 402 978 978 626 395 979 979 630 399 980 980 630 399 981 981 636 403 982 982 635 402 983 983 611 380 984 984 606 375 985 985 608 377 986 986 611 380 987 987 608 377 988 988 612 381 989 989 621 390 990 990 620 389 991 991 638 404 992 992 639 405 993 993 600 406 994 994 637 407 995 995 620 389 996 996 600 406 997 997 639 405 998 998 639 405 999 999 638 404 1000 1000 620 389 1001 1001 652 408 1002 1002 653 409 1003 1003 654 410 1004 1004 661 411 1005 1005 654 410 1006 1006 653 409 1007 1007 675 412 1008 1008 676 412 1009 1009 677 412 1010 1010 678 413 1011 1011 679 413 1012 1012 680 413 1013 1013 681 414 1014 1014 682 415 1015 1015 683 416 1016 1016 684 417 1017 1017 685 418 1018 1018 686 419 1019 1019 686 419 1020 1020 687 420 1021 1021 684 417 1022 1022 692 421 1023 1023 693 422 1024 1024 694 423 1025 1025 694 423 1026 1026 695 424 1027 1027 692 421 1028 1028 683 416 1029 1029 696 425 1030 1030 681 414 1031 1031 716 426 1032 1032 717 427 1033 1033 718 428 1034 1034 718 428 1035 1035 719 429 1036 1036 716 426 1037 1037 720 430 1038 1038 721 431 1039 1039 722 432 1040 1040 722 432 1041 1041 723 433 1042 1042 720 430 1043 1043 724 434 1044 1044 725 435 1045 1045 726 436 1046 1046 726 436 1047 1047 727 437 1048 1048 724 434 1049 1049 728 438 1050 1050 729 439 1051 1051 730 440 1052 1052 730 440 1053 1053 731 441 1054 1054 728 438 1055 1055 732 442 1056 1056 733 443 1057 1057 734 444 1058 1058 734 444 1059 1059 735 445 1060 1060 732 442 1061 1061 722 432 1062 1062 721 431 1063 1063 736 446 1064 1064 736 446 1065 1065 737 447 1066 1066 722 432 1067 1067 738 448 1068 1068 739 449 1069 1069 727 437 1070 1070 727 437 1071 1071 726 436 1072 1072 738 448 1073 1073 740 450 1074 1074 728 438 1075 1075 731 441 1076 1076 735 445 1077 1077 741 451 1078 1078 742 452 1079 1079 742 452 1080 1080 732 442 1081 1081 735 445 1082 1082 743 453 1083 1083 744 454 1084 1084 745 455 1085 1085 745 455 1086 1086 746 456 1087 1087 743 453 1088 1088 747 457 1089 1089 748 458 1090 1090 749 459 1091 1091 749 459 1092 1092 750 460 1093 1093 747 457 1094 1094 751 461 1095 1095 752 462 1096 1096 753 463 1097 1097 753 463 1098 1098 754 464 1099 1099 751 461 1100 1100 755 465 1101 1101 756 466 1102 1102 757 467 1103 1103 745 455 1104 1104 744 454 1105 1105 758 468 1106 1106 753 463 1107 1107 752 462 1108 1108 761 469 1109 1109 763 470 1110 1110 765 471 1111 1111 764 472 1112 1112 764 472 1113 1113 765 471 1114 1114 766 473 1115 1115 768 474 1116 1116 769 475 1117 1117 770 476 1118 1118 771 477 1119 1119 772 478 1120 1120 773 479 1121 1121 773 479 1122 1122 774 480 1123 1123 771 477 1124 1124 772 478 1125 1125 776 481 1126 1126 773 479 1127 1127 765 471 1128 1128 777 482 1129 1129 766 473 1130 1130 775 483 1131 1131 779 484 1132 1132 778 485 1133 1133 780 486 1134 1134 781 487 1135 1135 782 488 1136 1136 781 487 1137 1137 780 486 1138 1138 783 489 1139 1139 784 490 1140 1140 785 491 1141 1141 786 492 1142 1142 785 491 1143 1143 784 490 1144 1144 787 493 1145 1145 788 494 1146 1146 789 495 1147 1147 790 496 1148 1148 789 495 1149 1149 788 494 1150 1150 791 497 1151 1151 792 498 1152 1152 793 499 1153 1153 794 500 1154 1154 793 499 1155 1155 792 498 1156 1156 795 501 1157 1157 782 488 1158 1158 796 502 1159 1159 797 503 1160 1160 796 502 1161 1161 782 488 1162 1162 781 487 1163 1163 798 504 1164 1164 785 491 1165 1165 787 493 1166 1166 799 505 1167 1167 789 495 1168 1168 791 497 1169 1169 800 506 1170 1170 801 507 1171 1171 802 508 1172 1172 801 507 1173 1173 800 506 1174 1174 803 509 1175 1175 802 508 1176 1176 801 507 1177 1177 804 510 1178 1178 796 502 1179 1179 805 511 1180 1180 797 503 1181 1181 805 511 1182 1182 796 502 1183 1183 806 512 1184 1184 807 513 1185 1185 808 514 1186 1186 809 515 1187 1187 808 514 1188 1188 807 513 1189 1189 810 516 1190 1190 811 517 1191 1191 812 518 1192 1192 813 519 1193 1193 812 518 1194 1194 811 517 1195 1195 799 505 1196 1196 814 520 1197 1197 815 521 1198 1198 816 522 1199 1199 815 521 1200 1200 814 520 1201 1201 817 523 1202 1202 801 507 1203 1203 803 509 1204 1204 804 510 1205 1205 785 491 1206 1206 798 504 1207 1207 818 524 1208 1208 789 495 1209 1209 799 505 1210 1210 811 517 1211 1211 819 228 1212 1212 820 228 1213 1213 821 228 1214 1214 822 233 1215 1215 823 233 1216 1216 824 233 1217 1217 825 228 1218 1218 826 228 1219 1219 827 228 1220 1220 828 233 1221 1221 829 233 1222 1222 830 233 1223 1223 831 228 1224 1224 832 228 1225 1225 833 228 1226 1226 828 233 1227 1227 834 233 1228 1228 835 233 1229 1229 836 525 1230 1230 837 526 1231 1231 838 527 1232 1232 840 528 1233 1233 843 529 1234 1234 844 530 1235 1235 845 531 1236 1236 846 532 1237 1237 842 533 1238 1238 845 531 1239 1239 842 533 1240 1240 841 534 1241 1241 843 529 1242 1242 849 535 1243 1243 850 536 1244 1244 843 529 1245 1245 850 536 1246 1246 844 530 1247 1247 851 537 1248 1248 852 538 1249 1249 846 532 1250 1250 851 537 1251 1251 846 532 1252 1252 845 531 1253 1253 848 539 1254 1254 847 540 1255 1255 853 541 1256 1256 848 539 1257 1257 853 541 1258 1258 854 542 1259 1259 849 535 1260 1260 855 543 1261 1261 856 544 1262 1262 849 535 1263 1263 856 544 1264 1264 850 536 1265 1265 857 545 1266 1266 858 546 1267 1267 852 538 1268 1268 857 545 1269 1269 852 538 1270 1270 851 537 1271 1271 854 542 1272 1272 853 541 1273 1273 859 547 1274 1274 854 542 1275 1275 859 547 1276 1276 860 548 1277 1277 855 543 1278 1278 861 549 1279 1279 862 550 1280 1280 855 543 1281 1281 862 550 1282 1282 856 544 1283 1283 863 551 1284 1284 860 548 1285 1285 859 547 1286 1286 867 552 1287 1287 865 553 1288 1288 866 554 1289 1289 867 552 1290 1290 866 554 1291 1291 868 555 1292 1292 869 556 1293 1293 867 552 1294 1294 868 555 1295 1295 869 556 1296 1296 868 555 1297 1297 870 557 1298 1298 871 558 1299 1299 869 556 1300 1300 870 557 1301 1301 871 558 1302 1302 870 557 1303 1303 872 559 1304 1304 875 560 1305 1305 876 561 1306 1306 874 562 1307 1307 875 560 1308 1308 874 562 1309 1309 873 563 1310 1310 877 564 1311 1311 878 565 1312 1312 876 561 1313 1313 877 564 1314 1314 876 561 1315 1315 875 560 1316 1316 879 566 1317 1317 880 567 1318 1318 878 565 1319 1319 879 566 1320 1320 878 565 1321 1321 877 564 1322 1322 837 526 1323 1323 881 568 1324 1324 882 569 1325 1325 837 526 1326 1326 882 569 1327 1327 838 527 1328 1328 881 568 1329 1329 883 570 1330 1330 884 571 1331 1331 881 568 1332 1332 884 571 1333 1333 882 569 1334 1334 883 570 1335 1335 885 572 1336 1336 886 573 1337 1337 883 570 1338 1338 886 573 1339 1339 884 571 1340 1340 887 574 1341 1341 888 575 1342 1342 889 576 1343 1343 887 574 1344 1344 889 576 1345 1345 890 577 1346 1346 891 578 1347 1347 892 578 1348 1348 893 578 1349 1349 891 228 1350 1350 893 228 1351 1351 894 228 1352 1352 899 579 1353 1353 900 579 1354 1354 901 579 1355 1355 899 580 1356 1356 901 580 1357 1357 902 580 1358 1358 895 581 1359 1359 889 576 1360 1360 888 575 1361 1361 892 582 1362 1362 905 583 1363 1363 906 583 1364 1364 892 584 1365 1365 906 585 1366 1366 893 586 1367 1367 903 587 1368 1368 907 588 1369 1369 908 589 1370 1370 903 587 1371 1371 908 589 1372 1372 904 590 1373 1373 909 591 1374 1374 910 591 1375 1375 911 591 1376 1376 909 592 1377 1377 911 592 1378 1378 912 592 1379 1379 913 593 1380 1380 914 594 1381 1381 915 595 1382 1382 913 593 1383 1383 915 595 1384 1384 916 596 1385 1385 917 597 1386 1386 918 597 1387 1387 919 597 1388 1388 917 598 1389 1389 919 598 1390 1390 920 598 1391 1391 921 599 1392 1392 922 600 1393 1393 923 601 1394 1394 921 599 1395 1395 923 601 1396 1396 924 602 1397 1397 925 603 1398 1398 926 604 1399 1399 927 605 1400 1400 925 603 1401 1401 927 605 1402 1402 928 606 1403 1403 385 607 1404 1404 929 608 1405 1405 930 609 1406 1406 385 610 1407 1407 930 610 1408 1408 381 610 1409 1409 931 611 1410 1410 932 612 1411 1411 933 613 1412 1412 931 611 1413 1413 933 613 1414 1414 934 614 1415 1415 935 615 1416 1416 936 615 1417 1417 937 615 1418 1418 935 616 1419 1419 937 616 1420 1420 938 616 1421 1421 939 617 1422 1422 940 618 1423 1423 921 599 1424 1424 939 617 1425 1425 921 599 1426 1426 924 602 1427 1427 941 619 1428 1428 942 620 1429 1429 943 621 1430 1430 941 619 1431 1431 943 621 1432 1432 944 622 1433 1433 945 623 1434 1434 946 623 1435 1435 947 623 1436 1436 945 624 1437 1437 947 624 1438 1438 948 624 1439 1439 949 625 1440 1440 950 626 1441 1441 951 627 1442 1442 949 625 1443 1443 951 627 1444 1444 952 628 1445 1445 930 609 1446 1446 929 608 1447 1447 953 629 1448 1448 930 609 1449 1449 953 629 1450 1450 954 630 1451 1451 942 620 1452 1452 955 631 1453 1453 956 632 1454 1454 942 620 1455 1455 956 632 1456 1456 943 621 1457 1457 957 633 1458 1458 958 634 1459 1459 959 224 1460 1460 957 633 1461 1461 959 224 1462 1462 960 224 1463 1463 961 635 1464 1464 962 635 1465 1465 963 635 1466 1466 961 635 1467 1467 963 635 1468 1468 964 635 1469 1469 965 636 1470 1470 966 223 1471 1471 967 223 1472 1472 965 636 1473 1473 967 223 1474 1474 968 637 1475 1475 969 638 1476 1476 970 638 1477 1477 971 638 1478 1478 969 638 1479 1479 971 638 1480 1480 972 638 1481 1481 973 638 1482 1482 974 638 1483 1483 975 638 1484 1484 973 639 1485 1485 975 639 1486 1486 976 639 1487 1487 977 635 1488 1488 978 635 1489 1489 979 635 1490 1490 977 635 1491 1491 979 635 1492 1492 980 635 1493 1493 958 634 1494 1494 957 633 1495 1495 981 640 1496 1496 958 634 1497 1497 981 640 1498 1498 982 641 1499 1499 983 642 1500 1500 984 643 1501 1501 985 644 1502 1502 983 642 1503 1503 985 644 1504 1504 986 645 1505 1505 987 635 1506 1506 988 635 1507 1507 989 635 1508 1508 987 646 1509 1509 989 646 1510 1510 990 646 1511 1511 991 647 1512 1512 992 648 1513 1513 993 649 1514 1514 991 647 1515 1515 993 649 1516 1516 994 650 1517 1517 995 651 1518 1518 991 647 1519 1519 994 650 1520 1520 995 651 1521 1521 994 650 1522 1522 996 652 1523 1523 997 635 1524 1524 998 635 1525 1525 999 635 1526 1526 997 653 1527 1527 999 653 1528 1528 1000 653 1529 1529 986 645 1530 1530 985 644 1531 1531 1001 654 1532 1532 986 645 1533 1533 1001 654 1534 1534 1002 655 1535 1535 1003 656 1536 1536 1004 657 1537 1537 1005 658 1538 1538 1003 656 1539 1539 1005 658 1540 1540 1006 659 1541 1541 1007 660 1542 1542 1008 660 1543 1543 1009 660 1544 1544 1007 661 1545 1545 1009 661 1546 1546 1010 661 1547 1547 1011 662 1548 1548 1012 662 1549 1549 1013 662 1550 1550 1011 638 1551 1551 1013 638 1552 1552 1014 638 1553 1553 1006 659 1554 1554 1005 658 1555 1555 1002 655 1556 1556 1006 659 1557 1557 1002 655 1558 1558 1001 654 1559 1559 982 641 1560 1560 981 640 1561 1561 993 649 1562 1562 982 641 1563 1563 993 649 1564 1564 992 648 1565 1565 1015 663 1566 1566 1016 663 1567 1567 1017 663 1568 1568 1015 664 1569 1569 1017 664 1570 1570 1018 664 1571 1571 1019 665 1572 1572 1020 665 1573 1573 1021 665 1574 1574 1019 638 1575 1575 1021 638 1576 1576 1022 638 1577 1577 1023 666 1578 1578 1024 666 1579 1579 1025 666 1580 1580 1023 667 1581 1581 1025 667 1582 1582 1026 667 1583 1583 1027 638 1584 1584 1028 638 1585 1585 1029 638 1586 1586 1027 668 1587 1587 1029 668 1588 1588 1030 668 1589 1589 1031 669 1590 1590 1032 670 1591 1591 1033 671 1592 1592 1031 669 1593 1593 1033 671 1594 1594 1034 672 1595 1595 1035 673 1596 1596 1036 674 1597 1597 1037 675 1598 1598 1035 673 1599 1599 1037 675 1600 1600 1038 676 1601 1601 1039 661 1602 1602 1040 661 1603 1603 1041 661 1604 1604 1039 660 1605 1605 1041 660 1606 1606 1042 660 1607 1607 1043 677 1608 1608 1044 678 1609 1609 1045 679 1610 1610 1043 677 1611 1611 1045 679 1612 1612 1046 680 1613 1613 1047 681 1614 1614 1043 677 1615 1615 1046 680 1616 1616 1047 681 1617 1617 1046 680 1618 1618 1048 682 1619 1619 1049 638 1620 1620 1050 638 1621 1621 1051 638 1622 1622 1049 683 1623 1623 1051 683 1624 1624 1052 683 1625 1625 1038 676 1626 1626 1037 675 1627 1627 1053 684 1628 1628 1038 676 1629 1629 1053 684 1630 1630 1054 685 1631 1631 965 636 1632 1632 968 637 1633 1633 1055 686 1634 1634 965 636 1635 1635 1055 686 1636 1636 1056 687 1637 1637 1057 646 1638 1638 1058 646 1639 1639 1059 646 1640 1640 1057 635 1641 1641 1059 635 1642 1642 1060 635 1643 1643 1061 688 1644 1644 1062 688 1645 1645 1058 688 1646 1646 1061 635 1647 1647 1058 635 1648 1648 1057 635 1649 1649 1063 224 1650 1650 1064 224 1651 1651 1032 670 1652 1652 1063 224 1653 1653 1032 670 1654 1654 1031 669 1655 1655 1056 687 1656 1656 1055 686 1657 1657 1054 685 1658 1658 1056 687 1659 1659 1054 685 1660 1660 1053 684 1661 1661 1065 223 1662 1662 1004 657 1663 1663 1003 656 1664 1664 1065 223 1665 1665 1003 656 1666 1666 1066 223 1667 1667 1067 689 1668 1668 1068 689 1669 1669 1069 689 1670 1670 1067 690 1671 1671 1069 690 1672 1672 1070 690 1673 1673 1071 233 1674 1674 1072 233 1675 1675 1073 233 1676 1676 1071 233 1677 1677 1073 233 1678 1678 1074 233 1679 1679 1075 691 1680 1680 1076 692 1681 1681 1077 693 1682 1682 1075 691 1683 1683 1077 693 1684 1684 1078 694 1685 1685 1079 695 1686 1686 1080 696 1687 1687 1081 697 1688 1688 1079 695 1689 1689 1081 697 1690 1690 1082 698 1691 1691 1083 233 1692 1692 1084 233 1693 1693 1085 233 1694 1694 1083 233 1695 1695 1085 233 1696 1696 1086 233 1697 1697 1087 699 1698 1698 1088 700 1699 1699 1089 701 1700 1700 1087 699 1701 1701 1089 701 1702 1702 1090 702 1703 1703 1091 691 1704 1704 1092 692 1705 1705 1093 693 1706 1706 1091 691 1707 1707 1093 693 1708 1708 1094 694 1709 1709 1095 699 1710 1710 1096 700 1711 1711 1097 701 1712 1712 1095 699 1713 1713 1097 701 1714 1714 1098 702 1715 1715 1099 233 1716 1716 1100 233 1717 1717 1101 233 1718 1718 1099 233 1719 1719 1101 233 1720 1720 1102 233 1721 1721 1103 703 1722 1722 1104 704 1723 1723 1105 705 1724 1724 1103 703 1725 1725 1105 705 1726 1726 1106 706 1727 1727 1107 695 1728 1728 1108 696 1729 1729 1109 697 1730 1730 1107 695 1731 1731 1109 697 1732 1732 1110 698 1733 1733 1111 703 1734 1734 1112 704 1735 1735 1113 705 1736 1736 1111 703 1737 1737 1113 705 1738 1738 1114 706 1739 1739 1115 707 1740 1740 1116 708 1741 1741 1117 709 1742 1742 1115 707 1743 1743 1117 709 1744 1744 1118 710 1745 1745 1119 711 1746 1746 1120 712 1747 1747 1121 713 1748 1748 1119 711 1749 1749 1121 713 1750 1750 1122 714 1751 1751 1123 715 1752 1752 1124 716 1753 1753 1125 717 1754 1754 1123 715 1755 1755 1125 717 1756 1756 1126 718 1757 1757 1127 719 1758 1758 1128 720 1759 1759 1129 721 1760 1760 1127 719 1761 1761 1129 721 1762 1762 1130 722 1763 1763 1131 723 1764 1764 1132 692 1765 1765 1133 724 1766 1766 1131 723 1767 1767 1133 724 1768 1768 1134 725 1769 1769 1135 719 1770 1770 1136 720 1771 1771 1137 721 1772 1772 1135 719 1773 1773 1137 721 1774 1774 1138 722 1775 1775 1139 726 1776 1776 1140 727 1777 1777 1141 728 1778 1778 1139 726 1779 1779 1141 728 1780 1780 1142 729 1781 1781 1143 715 1782 1782 1144 716 1783 1783 1145 717 1784 1784 1143 715 1785 1785 1145 717 1786 1786 1146 718 1787 1787 1146 718 1788 1788 1145 717 1789 1789 1147 730 1790 1790 1146 718 1791 1791 1147 730 1792 1792 1148 731 1793 1793 1149 732 1794 1794 1150 733 1795 1795 1151 734 1796 1796 1149 732 1797 1797 1151 734 1798 1798 1152 735 1799 1799 1153 736 1800 1800 1154 737 1801 1801 1136 720 1802 1802 1153 736 1803 1803 1136 720 1804 1804 1135 719 1805 1805 1126 718 1806 1806 1125 717 1807 1807 1155 730 1808 1808 1126 718 1809 1809 1155 730 1810 1810 1156 731 1811 1811 1157 707 1812 1812 1158 708 1813 1813 1159 709 1814 1814 1157 707 1815 1815 1159 709 1816 1816 1160 710 1817 1817 1161 233 1818 1818 1162 233 1819 1819 1163 233 1820 1820 1161 233 1821 1821 1163 233 1822 1822 1164 233 1823 1823 1165 726 1824 1824 1166 727 1825 1825 1167 728 1826 1826 1165 726 1827 1827 1167 728 1828 1828 1168 729 1829 1829 1169 738 1830 1830 1170 739 1831 1831 1171 740 1832 1832 1169 738 1833 1833 1171 740 1834 1834 1172 741 1835 1835 1173 233 1836 1836 1174 233 1837 1837 1175 233 1838 1838 1173 233 1839 1839 1175 233 1840 1840 1176 233 1841 1841 1177 732 1842 1842 1178 733 1843 1843 1179 734 1844 1844 1177 732 1845 1845 1179 734 1846 1846 1180 735 1847 1847 1181 723 1848 1848 1182 692 1849 1849 1183 724 1850 1850 1181 723 1851 1851 1183 724 1852 1852 1184 742 1853 1853 1185 736 1854 1854 1186 737 1855 1855 1128 720 1856 1856 1185 736 1857 1857 1128 720 1858 1858 1127 719 1859 1859 1187 738 1860 1860 1188 739 1861 1861 1189 740 1862 1862 1187 738 1863 1863 1189 740 1864 1864 1190 741 1865 1865 1191 711 1866 1866 1192 712 1867 1867 1193 713 1868 1868 1191 711 1869 1869 1193 713 1870 1870 1194 714 1871 1871 1195 743 1872 1872 1196 744 1873 1873 1197 745 1874 1874 1195 743 1875 1875 1197 745 1876 1876 1198 746 1877 1877 1199 747 1878 1878 1200 748 1879 1879 1201 749 1880 1880 1199 747 1881 1881 1201 749 1882 1882 1202 750 1883 1883 1203 751 1884 1884 1204 752 1885 1885 1205 753 1886 1886 1203 751 1887 1887 1205 753 1888 1888 1206 754 1889 1889 1207 755 1890 1890 1208 756 1891 1891 1209 757 1892 1892 1207 755 1893 1893 1209 757 1894 1894 1210 758 1895 1895 1211 759 1896 1896 1212 760 1897 1897 1213 761 1898 1898 1211 759 1899 1899 1213 761 1900 1900 1214 762 1901 1901 1215 763 1902 1902 1216 764 1903 1903 1217 765 1904 1904 1215 763 1905 1905 1217 765 1906 1906 1218 766 1907 1907 1219 767 1908 1908 1220 768 1909 1909 1221 769 1910 1910 1219 767 1911 1911 1221 769 1912 1912 1222 770 1913 1913 1210 758 1914 1914 1209 757 1915 1915 1223 771 1916 1916 1210 758 1917 1917 1223 771 1918 1918 1224 772 1919 1919 1218 766 1920 1920 1217 765 1921 1921 1225 773 1922 1922 1218 766 1923 1923 1225 773 1924 1924 1226 774 1925 1925 1206 754 1926 1926 1205 753 1927 1927 1227 775 1928 1928 1206 754 1929 1929 1227 775 1930 1930 1228 776 1931 1931 1229 777 1932 1932 1230 778 1933 1933 1231 779 1934 1934 1229 777 1935 1935 1231 779 1936 1936 1232 780 1937 1937 1233 781 1938 1938 1234 782 1939 1939 1235 783 1940 1940 1239 784 1941 1941 1240 785 1942 1942 1241 786 1943 1943 1239 784 1944 1944 1241 786 1945 1945 1242 787 1946 1946 1243 788 1947 1947 1244 789 1948 1948 1245 790 1949 1949 1243 788 1950 1950 1245 790 1951 1951 1246 791 1952 1952 1257 792 1953 1953 1258 793 1954 1954 1259 794 1955 1955 1257 792 1956 1956 1259 794 1957 1957 1260 795 1958 1958 1250 796 1959 1959 1261 797 1960 1960 1251 798 1961 1961 1265 799 1962 1962 1266 800 1963 1963 1267 801 1964 1964 1268 802 1965 1965 1236 803 1966 1966 1238 804 1967 1967 1269 805 1968 1968 1270 806 1969 1969 1271 807 1970 1970 1274 808 1971 1971 1275 809 1972 1972 1276 810 1973 1973 1274 808 1974 1974 1276 810 1975 1975 1277 811 1976 1976 1278 812 1977 1977 1279 813 1978 1978 1280 814 1979 1979 1278 812 1980 1980 1280 814 1981 1981 1281 815 1982 1982 1282 816 1983 1983 1283 817 1984 1984 1284 818 1985 1985 1282 816 1986 1986 1284 818 1987 1987 1285 819 1988 1988 1286 820 1989 1989 1237 821 1990 1990 1236 822 1991 1991 1286 820 1992 1992 1236 822 1993 1993 1287 823 1994 1994 1288 824 1995 1995 1289 825 1996 1996 1290 826 1997 1997 1288 824 1998 1998 1290 826 1999 1999 1291 827 2000 2000 1287 823 2001 2001 1292 828 2002 2002 1293 829 2003 2003 1287 823 2004 2004 1293 829 2005 2005 1286 820 2006 2006 1285 819 2007 2007 1294 830 2008 2008 1295 831 2009 2009 1285 819 2010 2010 1295 831 2011 2011 1282 816 2012 2012 1296 832 2013 2013 1297 833 2014 2014 1298 834 2015 2015 1296 832 2016 2016 1298 834 2017 2017 1299 835 2018 2018 1300 836 2019 2019 1301 837 2020 2020 1302 838 2021 2021 1300 836 2022 2022 1302 838 2023 2023 1303 839 2024 2024 1240 785 2025 2025 1305 840 2026 2026 1306 841 2027 2027 1240 785 2028 2028 1306 841 2029 2029 1241 786 2030 2030 1291 827 2031 2031 1266 800 2032 2032 1265 799 2033 2033 1291 827 2034 2034 1265 799 2035 2035 1288 824 2036 2036 1307 842 2037 2037 1308 843 2038 2038 1309 844 2039 2039 1307 842 2040 2040 1309 844 2041 2041 1310 845 2042 2042 1280 814 2043 2043 1279 813 2044 2044 1311 846 2045 2045 1280 814 2046 2046 1311 846 2047 2047 1312 847 2048 2048 1313 848 2049 2049 1314 849 2050 2050 1315 850 2051 2051 1313 848 2052 2052 1315 850 2053 2053 1316 851 2054 2054 1320 852 2055 2055 1321 853 2056 2056 1322 854 2057 2057 1320 852 2058 2058 1322 854 2059 2059 1323 855 2060 2060 1324 856 2061 2061 1325 857 2062 2062 1326 858 2063 2063 1324 856 2064 2064 1326 858 2065 2065 1327 859 2066 2066 1328 735 2067 2067 1329 732 2068 2068 1330 733 2069 2069 1328 735 2070 2070 1330 733 2071 2071 1331 734 2072 2072 1335 860 2073 2073 1336 861 2074 2074 1337 862 2075 2075 1338 863 2076 2076 1320 852 2077 2077 1323 855 2078 2078 1338 863 2079 2079 1323 855 2080 2080 1339 864 2081 2081 1340 865 2082 2082 1341 866 2083 2083 1342 867 2084 2084 1340 865 2085 2085 1342 867 2086 2086 1343 868 2087 2087 1344 869 2088 2088 1345 870 2089 2089 1346 871 2090 2090 1344 869 2091 2091 1346 871 2092 2092 1347 872 2093 2093 1350 873 2094 2094 1351 874 2095 2095 1352 875 2096 2096 1353 876 2097 2097 1354 877 2098 2098 1355 878 2099 2099 1357 879 2100 2100 1358 880 2101 2101 1359 881 2102 2102 1357 879 2103 2103 1359 881 2104 2104 1360 882 2105 2105 1358 880 2106 2106 1361 883 2107 2107 1362 884 2108 2108 1358 880 2109 2109 1362 884 2110 2110 1359 881 2111 2111 1363 885 2112 2112 1344 869 2113 2113 1347 872 2114 2114 1363 885 2115 2115 1347 872 2116 2116 1364 886 2117 2117 1369 224 2118 2118 1370 224 2119 2119 1371 224 2120 2120 1369 224 2121 2121 1371 224 2122 2122 1372 224 2123 2123 1373 228 2124 2124 1374 228 2125 2125 1375 228 2126 2126 1373 228 2127 2127 1375 228 2128 2128 1376 228 2129 2129 1377 223 2130 2130 1378 223 2131 2131 1379 223 2132 2132 1377 223 2133 2133 1379 223 2134 2134 1380 223 2135 2135 1381 233 2136 2136 1382 233 2137 2137 1383 233 2138 2138 1381 233 2139 2139 1383 233 2140 2140 1384 233 2141 2141 1385 887 2142 2142 1386 888 2143 2143 1387 889 2144 2144 1385 887 2145 2145 1387 889 2146 2146 1388 890 2147 2147 1389 730 2148 2148 1390 731 2149 2149 1391 718 2150 2150 1389 730 2151 2151 1391 718 2152 2152 1392 717 2153 2153 1393 891 2154 2154 1394 892 2155 2155 1395 893 2156 2156 1393 891 2157 2157 1395 893 2158 2158 1396 894 2159 2159 1397 734 2160 2160 1398 735 2161 2161 1399 732 2162 2162 1397 734 2163 2163 1399 732 2164 2164 1400 733 2165 2165 1401 720 2166 2166 1402 719 2167 2167 1403 736 2168 2168 1401 720 2169 2169 1403 736 2170 2170 1404 737 2171 2171 1405 895 2172 2172 1406 896 2173 2173 1407 897 2174 2174 1405 895 2175 2175 1407 897 2176 2176 1408 898 2177 2177 1409 721 2178 2178 1410 722 2179 2179 1402 719 2180 2180 1409 721 2181 2181 1402 719 2182 2182 1401 720 2183 2183 1411 228 2184 2184 1412 228 2185 2185 1413 228 2186 2186 1411 228 2187 2187 1413 228 2188 2188 1414 228 2189 2189 1415 728 2190 2190 1416 729 2191 2191 1417 726 2192 2192 1415 728 2193 2193 1417 726 2194 2194 1418 727 2195 2195 1392 717 2196 2196 1391 718 2197 2197 1419 715 2198 2198 1392 717 2199 2199 1419 715 2200 2200 1420 716 2201 2201 1421 887 2202 2202 1422 888 2203 2203 1423 889 2204 2204 1421 887 2205 2205 1423 889 2206 2206 1424 890 2207 2207 1425 717 2208 2208 1426 718 2209 2209 1427 715 2210 2210 1425 717 2211 2211 1427 715 2212 2212 1428 716 2213 2213 1429 899 2214 2214 1430 900 2215 2215 1431 901 2216 2216 1429 899 2217 2217 1431 901 2218 2218 1432 902 2219 2219 1433 728 2220 2220 1434 729 2221 2221 1435 726 2222 2222 1433 728 2223 2223 1435 726 2224 2224 1436 727 2225 2225 1437 228 2226 2226 1438 228 2227 2227 1439 228 2228 2228 1437 228 2229 2229 1439 228 2230 2230 1440 228 2231 2231 1441 721 2232 2232 1442 722 2233 2233 1443 719 2234 2234 1441 721 2235 2235 1443 719 2236 2236 1444 720 2237 2237 1445 895 2238 2238 1446 896 2239 2239 1447 897 2240 2240 1445 895 2241 2241 1447 897 2242 2242 1448 898 2243 2243 1444 720 2244 2244 1443 719 2245 2245 1449 736 2246 2246 1444 720 2247 2247 1449 736 2248 2248 1450 737 2249 2249 1451 734 2250 2250 1452 735 2251 2251 1453 732 2252 2252 1451 734 2253 2253 1453 732 2254 2254 1454 733 2255 2255 1455 891 2256 2256 1456 892 2257 2257 1457 893 2258 2258 1455 891 2259 2259 1457 893 2260 2260 1458 894 2261 2261 1459 730 2262 2262 1460 731 2263 2263 1426 718 2264 2264 1459 730 2265 2265 1426 718 2266 2266 1425 717 2267 2267 1461 899 2268 2268 1462 900 2269 2269 1463 901 2270 2270 1461 899 2271 2271 1463 901 2272 2272 1464 902 2273 2273 1465 903 2274 2274 1466 904 2275 2275 1467 905 2276 2276 1465 903 2277 2277 1467 905 2278 2278 1468 906 2279 2279 1469 907 2280 2280 1470 908 2281 2281 1471 909 2282 2282 1469 907 2283 2283 1471 909 2284 2284 1472 910 2285 2285 1473 228 2286 2286 1474 228 2287 2287 1475 228 2288 2288 1473 228 2289 2289 1475 228 2290 2290 1476 228 2291 2291 1477 911 2292 2292 1478 912 2293 2293 1479 913 2294 2294 1477 911 2295 2295 1479 913 2296 2296 1480 914 2297 2297 1481 915 2298 2298 1482 915 2299 2299 1483 915 2300 2300 1481 916 2301 2301 1483 916 2302 2302 1484 916 2303 2303 1485 917 2304 2304 1486 917 2305 2305 1487 917 2306 2306 1485 918 2307 2307 1487 918 2308 2308 1488 918 2309 2309 1489 919 2310 2310 1490 919 2311 2311 1491 919 2312 2312 1489 920 2313 2313 1491 920 2314 2314 1492 920 2315 2315 1493 921 2316 2316 1494 921 2317 2317 1495 921 2318 2318 1493 922 2319 2319 1495 922 2320 2320 1496 922 2321 2321 1497 923 2322 2322 1498 924 2323 2323 1499 925 2324 2324 1497 923 2325 2325 1499 925 2326 2326 1500 926 2327 2327 1501 927 2328 2328 1502 928 2329 2329 1498 924 2330 2330 1501 927 2331 2331 1498 924 2332 2332 1497 923 2333 2333 1503 929 2334 2334 1504 930 2335 2335 1505 931 2336 2336 1503 929 2337 2337 1505 931 2338 2338 1506 932 2339 2339 1507 933 2340 2340 1508 934 2341 2341 1504 930 2342 2342 1507 933 2343 2343 1504 930 2344 2344 1503 929 2345 2345 1509 935 2346 2346 1510 936 2347 2347 1511 937 2348 2348 1509 935 2349 2349 1511 937 2350 2350 1512 938 2351 2351 1513 939 2352 2352 1514 940 2353 2353 1510 936 2354 2354 1513 939 2355 2355 1510 936 2356 2356 1509 935 2357 2357 1515 941 2358 2358 1516 941 2359 2359 1517 941 2360 2360 1515 942 2361 2361 1517 942 2362 2362 1518 942 2363 2363 1519 943 2364 2364 1520 943 2365 2365 1521 943 2366 2366 1519 944 2367 2367 1521 944 2368 2368 1522 944 2369 2369 1523 945 2370 2370 1524 945 2371 2371 1525 945 2372 2372 1523 946 2373 2373 1525 946 2374 2374 1526 946 2375 2375 1527 947 2376 2376 1528 947 2377 2377 1529 947 2378 2378 1527 948 2379 2379 1529 948 2380 2380 1530 948 2381 2381 1531 949 2382 2382 1532 949 2383 2383 1533 949 2384 2384 1531 950 2385 2385 1533 950 2386 2386 1534 950 2387 2387 1535 951 2388 2388 1536 951 2389 2389 1537 951 2390 2390 1535 952 2391 2391 1537 952 2392 2392 1538 952 2393 2393 1539 953 2394 2394 1540 953 2395 2395 1541 953 2396 2396 1539 954 2397 2397 1541 954 2398 2398 1542 954 2399 2399 1543 955 2400 2400 1544 955 2401 2401 1545 955 2402 2402 1543 956 2403 2403 1545 956 2404 2404 1546 956 2405 2405 1547 957 2406 2406 1548 958 2407 2407 1549 959 2408 2408 1547 957 2409 2409 1549 959 2410 2410 1550 960 2411 2411 1551 961 2412 2412 1552 962 2413 2413 1553 963 2414 2414 1551 961 2415 2415 1553 963 2416 2416 1554 964 2417 2417 1554 964 2418 2418 1553 963 2419 2419 1555 965 2420 2420 1554 964 2421 2421 1555 965 2422 2422 1556 966 2423 2423 1557 967 2424 2424 1558 968 2425 2425 1559 969 2426 2426 1557 967 2427 2427 1559 969 2428 2428 1560 970 2429 2429 1561 971 2430 2430 1562 972 2431 2431 1563 973 2432 2432 1561 971 2433 2433 1563 973 2434 2434 1564 974 2435 2435 1564 974 2436 2436 1563 973 2437 2437 1565 975 2438 2438 1564 974 2439 2439 1565 975 2440 2440 1566 976 2441 2441 1567 977 2442 2442 1568 978 2443 2443 1569 979 2444 2444 1569 980 2445 2445 1570 981 2446 2446 1571 982 2447 2447 1571 982 2448 2448 1570 981 2449 2449 1572 983 2450 2450 1571 982 2451 2451 1572 983 2452 2452 1573 984 2453 2453 1573 984 2454 2454 1572 983 2455 2455 1574 985 2456 2456 1573 984 2457 2457 1574 985 2458 2458 1575 986 2459 2459 1575 986 2460 2460 1574 985 2461 2461 1576 987 2462 2462 1575 986 2463 2463 1576 987 2464 2464 1577 988 2465 2465 1577 988 2466 2466 1576 987 2467 2467 1578 989 2468 2468 1577 988 2469 2469 1578 989 2470 2470 1579 990 2471 2471 1579 990 2472 2472 1578 989 2473 2473 1580 991 2474 2474 1579 990 2475 2475 1580 991 2476 2476 1581 992 2477 2477 1581 992 2478 2478 1580 991 2479 2479 1582 993 2480 2480 1581 992 2481 2481 1582 993 2482 2482 1583 994 2483 2483 1583 994 2484 2484 1582 993 2485 2485 1584 995 2486 2486 1583 994 2487 2487 1584 995 2488 2488 1585 996 2489 2489 1585 996 2490 2490 1584 995 2491 2491 1586 997 2492 2492 1585 996 2493 2493 1586 997 2494 2494 1587 998 2495 2495 1587 998 2496 2496 1586 997 2497 2497 1588 999 2498 2498 1587 998 2499 2499 1588 999 2500 2500 1589 1000 2501 2501 1590 1001 2502 2502 1591 1001 2503 2503 1592 1001 2504 2504 1590 1002 2505 2505 1592 1002 2506 2506 1593 1002 2507 2507 1594 635 2508 2508 1595 635 2509 2509 1596 635 2510 2510 1594 635 2511 2511 1596 635 2512 2512 1597 635 2513 2513 1598 1003 2514 2514 1599 1003 2515 2515 1600 1003 2516 2516 1598 1003 2517 2517 1600 1003 2518 2518 1601 1003 2519 2519 1602 224 2520 2520 1603 224 2521 2521 1604 224 2522 2522 1602 224 2523 2523 1604 224 2524 2524 1605 224 2525 2525 1606 1004 2526 2526 1607 1004 2527 2527 1608 1004 2528 2528 1606 233 2529 2529 1608 233 2530 2530 1609 233 2531 2531 1610 1005 2532 2532 1611 1006 2533 2533 1612 1007 2534 2534 1610 1005 2535 2535 1612 1007 2536 2536 1613 1008 2537 2537 1614 1009 2538 2538 1615 1010 2539 2539 1616 1011 2540 2540 1614 1009 2541 2541 1616 1011 2542 2542 1617 1012 2543 2543 1618 1013 2544 2544 1619 1013 2545 2545 1620 1013 2546 2546 1618 1014 2547 2547 1620 1014 2548 2548 1621 1014 2549 2549 1622 1015 2550 2550 1623 1015 2551 2551 1624 1015 2552 2552 1622 1002 2553 2553 1624 1002 2554 2554 1625 1002 2555 2555 1626 1016 2556 2556 1627 1016 2557 2557 1628 1016 2558 2558 1626 1016 2559 2559 1628 1016 2560 2560 1629 1016 2561 2561 1630 228 2562 2562 1631 228 2563 2563 1632 228 2564 2564 1630 1017 2565 2565 1632 1017 2566 2566 1633 1017 2567 2567 1634 224 2568 2568 1635 224 2569 2569 1636 224 2570 2570 1634 224 2571 2571 1636 224 2572 2572 1637 224 2573 2573 1638 638 2574 2574 1639 638 2575 2575 1640 638 2576 2576 1638 638 2577 2577 1640 638 2578 2578 1641 638 2579 2579 1642 1018 2580 2580 1643 1018 2581 2581 1644 1018 2582 2582 1642 1019 2583 2583 1644 1019 2584 2584 1645 1019 2585 2585 1646 1020 2586 2586 1647 1020 2587 2587 1648 1020 2588 2588 1646 1021 2589 2589 1648 1021 2590 2590 1649 1021 2591 2591 1650 223 2592 2592 1651 223 2593 2593 1652 223 2594 2594 1650 223 2595 2595 1652 223 2596 2596 1653 223 2597 2597 1654 638 2598 2598 1655 638 2599 2599 1656 638 2600 2600 1654 638 2601 2601 1656 638 2602 2602 1657 638 2603 2603 1658 224 2604 2604 1659 224 2605 2605 1660 224 2606 2606 1658 224 2607 2607 1660 224 2608 2608 1661 224 2609 2609 1662 233 2610 2610 1663 233 2611 2611 1664 233 2612 2612 1662 233 2613 2613 1664 233 2614 2614 1665 233 2615 2615 1666 228 2616 2616 1667 228 2617 2617 1668 228 2618 2618 1666 228 2619 2619 1668 228 2620 2620 1669 228 2621 2621 1670 228 2622 2622 1671 228 2623 2623 1672 228 2624 2624 1670 228 2625 2625 1672 228 2626 2626 1673 228 2627 2627 1674 233 2628 2628 1675 233 2629 2629 1676 233 2630 2630 1674 1022 2631 2631 1676 1022 2632 2632 1677 1022 2633 2633 1678 1023 2634 2634 1679 1023 2635 2635 1680 1023 2636 2636 1678 228 2637 2637 1680 228 2638 2638 1681 228 2639 2639 1682 635 2640 2640 1683 635 2641 2641 1684 635 2642 2642 1682 635 2643 2643 1684 635 2644 2644 1685 635 2645 2645 1686 1003 2646 2646 1687 1003 2647 2647 1688 1003 2648 2648 1686 1024 2649 2649 1688 1024 2650 2650 1689 1024 2651 2651 1690 224 2652 2652 1691 224 2653 2653 1692 224 2654 2654 1690 224 2655 2655 1692 224 2656 2656 1693 224 2657 2657 1694 223 2658 2658 1695 223 2659 2659 1696 223 2660 2660 1694 223 2661 2661 1696 223 2662 2662 1697 223 2663 2663 1698 233 2664 2664 1699 233 2665 2665 1700 233 2666 2666 1698 233 2667 2667 1700 233 2668 2668 1701 233 2669 2669 1702 223 2670 2670 369 223 2671 2671 345 223 2672 2672 1702 223 2673 2673 345 223 2674 2674 344 223 2675 2675 1703 233 2676 2676 1704 233 2677 2677 1705 233 2678 2678 1703 233 2679 2679 1705 233 2680 2680 1706 233 2681 2681 1707 233 2682 2682 1708 233 2683 2683 1709 233 2684 2684 1707 233 2685 2685 1709 233 2686 2686 1710 233 2687 2687 1711 638 2688 2688 1712 638 2689 2689 1713 638 2690 2690 1711 638 2691 2691 1713 638 2692 2692 1714 638 2693 2693 1715 638 2694 2694 1716 638 2695 2695 1717 638 2696 2696 1715 1025 2697 2697 1717 1025 2698 2698 1718 1025 2699 2699 1719 638 2700 2700 1720 638 2701 2701 1721 638 2702 2702 1719 1026 2703 2703 1721 1026 2704 2704 1722 1026 2705 2705 1723 1027 2706 2706 1724 1027 2707 2707 1725 1027 2708 2708 1723 1028 2709 2709 1725 1028 2710 2710 1726 1028 2711 2711 1727 1029 2712 2712 1728 1029 2713 2713 1729 1029 2714 2714 1727 1030 2715 2715 1729 1030 2716 2716 1730 1030 2717 2717 1731 638 2718 2718 1732 638 2719 2719 1733 638 2720 2720 1731 638 2721 2721 1733 638 2722 2722 1734 638 2723 2723 339 223 2724 2724 1735 223 2725 2725 351 223 2726 2726 339 223 2727 2727 351 223 2728 2728 350 223 2729 2729 1736 233 2730 2730 1737 233 2731 2731 1738 233 2732 2732 1736 233 2733 2733 1738 233 2734 2734 1739 233 2735 2735 336 224 2736 2736 1740 224 2737 2737 348 224 2738 2738 336 224 2739 2739 348 224 2740 2740 347 224 2741 2741 1741 228 2742 2742 1742 228 2743 2743 1743 228 2744 2744 1741 228 2745 2745 1743 228 2746 2746 1744 228 2747 2747 374 224 2748 2748 375 224 2749 2749 342 224 2750 2750 374 224 2751 2751 342 224 2752 2752 341 224 2753 2753 1745 228 2754 2754 1746 228 2755 2755 1747 228 2756 2756 1745 228 2757 2757 1747 228 2758 2758 1748 228 2759 2759 1749 638 2760 2760 1750 638 2761 2761 1751 638 2762 2762 1749 1031 2763 2763 1751 1031 2764 2764 1752 1031 2765 2765 1753 224 2766 2766 1754 224 2767 2767 1755 224 2768 2768 1753 224 2769 2769 1755 224 2770 2770 1756 224 2771 2771 1757 635 2772 2772 1758 635 2773 2773 1759 635 2774 2774 1757 635 2775 2775 1759 635 2776 2776 1760 635 2777 2777 1761 638 2778 2778 1762 638 2779 2779 1763 638 2780 2780 1761 638 2781 2781 1763 638 2782 2782 1764 638 2783 2783 1765 635 2784 2784 1766 635 2785 2785 1767 635 2786 2786 1765 1032 2787 2787 1767 1032 2788 2788 1768 1032 2789 2789 1769 635 2790 2790 1770 635 2791 2791 1771 635 2792 2792 1769 1033 2793 2793 1771 1033 2794 2794 1772 1033 2795 2795 1773 1034 2796 2796 1774 1034 2797 2797 1775 1034 2798 2798 1773 1035 2799 2799 1775 1035 2800 2800 1776 1035 2801 2801 1777 1036 2802 2802 1778 1036 2803 2803 1779 1036 2804 2804 1777 1037 2805 2805 1779 1037 2806 2806 1780 1037 2807 2807 1781 228 2808 2808 1782 228 2809 2809 1783 228 2810 2810 1781 228 2811 2811 1783 228 2812 2812 1784 228 2813 2813 1785 638 2814 2814 1786 638 2815 2815 1787 638 2816 2816 1785 638 2817 2817 1787 638 2818 2818 1788 638 2819 2819 1789 635 2820 2820 1790 635 2821 2821 1791 635 2822 2822 1789 635 2823 2823 1791 635 2824 2824 1792 635 2825 2825 1793 233 2826 2826 1794 233 2827 2827 1795 233 2828 2828 1793 233 2829 2829 1795 233 2830 2830 1796 233 2831 2831 1797 223 2832 2832 1798 223 2833 2833 1799 223 2834 2834 1797 223 2835 2835 1799 223 2836 2836 1800 223 2837 2837 1801 635 2838 2838 1802 635 2839 2839 1803 635 2840 2840 1801 635 2841 2841 1803 635 2842 2842 1804 635 2843 2843 1805 638 2844 2844 1806 638 2845 2845 1807 638 2846 2846 1805 638 2847 2847 1807 638 2848 2848 1808 638 2849 2849 1809 224 2850 2850 1810 224 2851 2851 1811 224 2852 2852 1809 224 2853 2853 1811 224 2854 2854 1812 224 2855 2855 364 223 2856 2856 1702 223 2857 2857 1735 223 2858 2858 364 223 2859 2859 1735 223 2860 2860 380 223 2861 2861 1813 228 2862 2862 1814 228 2863 2863 1815 228 2864 2864 1813 228 2865 2865 1815 228 2866 2866 1816 228 2867 2867 1817 233 2868 2868 1818 233 2869 2869 1819 233 2870 2870 1817 233 2871 2871 1819 233 2872 2872 1820 233 2873 2873 1821 635 2874 2874 1822 635 2875 2875 1823 635 2876 2876 1821 635 2877 2877 1823 635 2878 2878 1824 635 2879 2879 1825 228 2880 2880 1826 228 2881 2881 1827 228 2882 2882 1825 228 2883 2883 1827 228 2884 2884 1828 228 2885 2885 1829 233 2886 2886 1830 1038 2887 2887 1831 1039 2888 2888 1829 233 2889 2889 1831 1039 2890 2890 1832 233 2891 2891 1833 223 2892 2892 1834 223 2893 2893 1835 223 2894 2894 1833 223 2895 2895 1835 223 2896 2896 1836 223 2897 2897 1837 228 2898 2898 1838 1040 2899 2899 1839 1041 2900 2900 1837 228 2901 2901 1839 1041 2902 2902 1840 228 2903 2903 1841 224 2904 2904 1842 224 2905 2905 1843 224 2906 2906 1841 224 2907 2907 1843 224 2908 2908 1844 224 2909 2909 1831 1039 2910 2910 1830 1038 2911 2911 1845 1042 2912 2912 1831 1039 2913 2913 1845 1042 2914 2914 1846 1043 2915 2915 1847 224 2916 2916 1848 224 2917 2917 1849 224 2918 2918 1847 1044 2919 2919 1849 1044 2920 2920 1850 1044 2921 2921 1843 224 2922 2922 1842 224 2923 2923 1851 224 2924 2924 1843 1045 2925 2925 1851 1045 2926 2926 1852 1045 2927 2927 1835 223 2928 2928 1834 223 2929 2929 1853 223 2930 2930 1835 223 2931 2931 1853 223 2932 2932 1854 223 2933 2933 1839 1041 2934 2934 1838 1040 2935 2935 1855 1046 2936 2936 1839 1041 2937 2937 1855 1046 2938 2938 1856 1047 2939 2939 1857 1048 2940 2940 1858 1048 2941 2941 1859 1048 2942 2942 1857 1049 2943 2943 1859 1049 2944 2944 1860 1049 2945 2945 1861 1050 2946 2946 1862 1051 2947 2947 1863 1052 2948 2948 1861 1050 2949 2949 1863 1052 2950 2950 1864 1053 2951 2951 1865 1054 2952 2952 1866 1055 2953 2953 1867 1056 2954 2954 1865 1054 2955 2955 1867 1056 2956 2956 1868 1057 2957 2957 1869 1058 2958 2958 1870 1059 2959 2959 1866 1055 2960 2960 1869 1058 2961 2961 1866 1055 2962 2962 1865 1054 2963 2963 1856 1047 2964 2964 1855 1046 2965 2965 1871 1060 2966 2966 1856 1047 2967 2967 1871 1060 2968 2968 1872 1061 2969 2969 1873 223 2970 2970 1874 223 2971 2971 1875 223 2972 2972 1873 1062 2973 2973 1875 1062 2974 2974 1876 1062 2975 2975 1877 224 2976 2976 1878 224 2977 2977 1879 224 2978 2978 1877 224 2979 2979 1879 224 2980 2980 1880 224 2981 2981 1881 1063 2982 2982 1882 1064 2983 2983 1864 1053 2984 2984 1881 1063 2985 2985 1864 1053 2986 2986 1863 1052 2987 2987 1883 224 2988 2988 1884 224 2989 2989 1885 224 2990 2990 1883 224 2991 2991 1885 224 2992 2992 1886 224 2993 2993 1887 223 2994 2994 1888 223 2995 2995 1889 223 2996 2996 1887 223 2997 2997 1889 223 2998 2998 1890 223 2999 2999 1891 1065 3000 3000 1892 1066 3001 3001 1893 1067 3002 3002 1891 1065 3003 3003 1893 1067 3004 3004 1894 1068 3005 3005 1895 1069 3006 3006 1896 1069 3007 3007 1897 1069 3008 3008 1895 1070 3009 3009 1897 1070 3010 3010 1898 1070 3011 3011 1899 1071 3012 3012 1900 1072 3013 3013 1901 1073 3014 3014 1899 1071 3015 3015 1901 1073 3016 3016 1902 1074 3017 3017 1903 1075 3018 3018 1904 1075 3019 3019 1905 1075 3020 3020 1903 1076 3021 3021 1905 1076 3022 3022 1906 1076 3023 3023 1893 1067 3024 3024 1892 1066 3025 3025 1907 1077 3026 3026 1893 1067 3027 3027 1907 1077 3028 3028 1908 1078 3029 3029 1909 1079 3030 3030 1910 1079 3031 3031 1911 1079 3032 3032 1909 1080 3033 3033 1911 1080 3034 3034 1912 1080 3035 3035 1913 223 3036 3036 1914 223 3037 3037 1915 223 3038 3038 1913 1081 3039 3039 1915 1081 3040 3040 1916 1081 3041 3041 1897 224 3042 3042 1896 224 3043 3043 1917 224 3044 3044 1897 1082 3045 3045 1917 1082 3046 3046 1918 1082 3047 3047 1901 1073 3048 3048 1900 1072 3049 3049 1919 1083 3050 3050 1901 1073 3051 3051 1919 1083 3052 3052 1920 1084 3053 3053 1921 1085 3054 3054 1922 1085 3055 3055 1923 1085 3056 3056 1921 1086 3057 3057 1923 1086 3058 3058 1924 1086 3059 3059 1925 1087 3060 3060 1926 1088 3061 3061 1882 1064 3062 3062 1925 1087 3063 3063 1882 1064 3064 3064 1881 1063 3065 3065 1927 1089 3066 3066 1928 1090 3067 3067 1929 1091 3068 3068 1927 1089 3069 3069 1929 1091 3070 3070 1930 1092 3071 3071 1931 1093 3072 3072 1932 1094 3073 3073 1928 1090 3074 3074 1931 1093 3075 3075 1928 1090 3076 3076 1927 1089 3077 3077 1920 1084 3078 3078 1919 1083 3079 3079 1933 1095 3080 3080 1920 1084 3081 3081 1933 1095 3082 3082 1934 1096 3083 3083 1935 1097 3084 3084 1936 1097 3085 3085 1937 1097 3086 3086 1935 1098 3087 3087 1937 1098 3088 3088 1938 1098 3089 3089 1939 223 3090 3090 1940 223 3091 3091 1941 223 3092 3092 1939 1099 3093 3093 1941 1099 3094 3094 1942 1099 3095 3095 1930 1092 3096 3096 1929 1091 3097 3097 1868 1057 3098 3098 1930 1092 3099 3099 1868 1057 3100 3100 1867 1056 3101 3101 1943 1100 3102 3102 1944 1100 3103 3103 1945 1100 3104 3104 1943 1101 3105 3105 1945 1101 3106 3106 1946 1101 3107 3107 1947 1102 3108 3108 1948 1102 3109 3109 1949 1102 3110 3110 1947 1103 3111 3111 1949 1103 3112 3112 1950 1103 3113 3113 1951 1104 3114 3114 1952 1104 3115 3115 1953 1104 3116 3116 1951 1105 3117 3117 1953 1105 3118 3118 1954 1105 3119 3119 1955 1106 3120 3120 1956 1106 3121 3121 1957 1106 3122 3122 1955 1106 3123 3123 1957 1106 3124 3124 1958 1106 3125 3125 1963 1107 3126 3126 1962 1108 3127 3127 1964 1109 3128 3128 1967 1110 3129 3129 1963 1107 3130 3130 1964 1109 3131 3131 1967 1110 3132 3132 1964 1109 3133 3133 1968 1111 3134 3134 1966 1112 3135 3135 1965 1113 3136 3136 1970 1114 3137 3137 1966 1112 3138 3138 1970 1114 3139 3139 1971 1115 3140 3140 1972 1116 3141 3141 1967 1110 3142 3142 1968 1111 3143 3143 1972 1116 3144 3144 1968 1111 3145 3145 1973 1117 3146 3146 1971 1115 3147 3147 1970 1114 3148 3148 1976 1118 3149 3149 1971 1115 3150 3150 1976 1118 3151 3151 1977 1119 3152 3152 1978 1120 3153 3153 1972 1116 3154 3154 1973 1117 3155 3155 1978 1120 3156 3156 1973 1117 3157 3157 1979 1121 3158 3158 1974 1122 3159 3159 1980 1123 3160 3160 1981 1124 3161 3161 1974 1122 3162 3162 1981 1124 3163 3163 1975 1125 3164 3164 1977 1119 3165 3165 1976 1118 3166 3166 1982 1126 3167 3167 1977 1119 3168 3168 1982 1126 3169 3169 1983 1127 3170 3170 1984 1128 3171 3171 1978 1120 3172 3172 1979 1121 3173 3173 1984 1128 3174 3174 1979 1121 3175 3175 1985 1129 3176 3176 1980 1123 3177 3177 1986 1130 3178 3178 1987 1131 3179 3179 1980 1123 3180 3180 1987 1131 3181 3181 1981 1124 3182 3182 1983 1127 3183 3183 1982 1126 3184 3184 1988 1132 3185 3185 1983 1127 3186 3186 1988 1132 3187 3187 1989 1133 3188 3188 1990 1134 3189 3189 1991 1135 3190 3190 1987 1131 3191 3191 1990 1134 3192 3192 1987 1131 3193 3193 1986 1130 3194 3194 1995 1136 3195 3195 1996 1137 3196 3196 1994 1138 3197 3197 1995 1136 3198 3198 1994 1138 3199 3199 1993 1139 3200 3200 1997 1140 3201 3201 1998 1141 3202 3202 1996 1137 3203 3203 1997 1140 3204 3204 1996 1137 3205 3205 1995 1136 3206 3206 1999 1142 3207 3207 2000 1143 3208 3208 1998 1141 3209 3209 1999 1142 3210 3210 1998 1141 3211 3211 1997 1140 3212 3212 2001 1144 3213 3213 2002 1145 3214 3214 2000 1143 3215 3215 2001 1144 3216 3216 2000 1143 3217 3217 1999 1142 3218 3218 2003 1146 3219 3219 1992 1147 3220 3220 2004 1148 3221 3221 2005 1149 3222 3222 2003 1146 3223 3223 2004 1148 3224 3224 2005 1149 3225 3225 2004 1148 3226 3226 2006 1150 3227 3227 2007 1151 3228 3228 2005 1149 3229 3229 2006 1150 3230 3230 2007 1151 3231 3231 2006 1150 3232 3232 2008 1152 3233 3233 2009 1153 3234 3234 2007 1151 3235 3235 2008 1152 3236 3236 2009 1153 3237 3237 2008 1152 3238 3238 2010 1154 3239 3239 2011 1155 3240 3240 2009 1153 3241 3241 2010 1154 3242 3242 2011 1155 3243 3243 2010 1154 3244 3244 2012 1156 3245 3245 1960 1157 3246 3246 1959 1158 3247 3247 2013 1159 3248 3248 1960 1157 3249 3249 2013 1159 3250 3250 2014 1160 3251 3251 2014 1160 3252 3252 2013 1159 3253 3253 2015 1161 3254 3254 2014 1160 3255 3255 2015 1161 3256 3256 2016 1162 3257 3257 2016 1162 3258 3258 2015 1161 3259 3259 2017 1163 3260 3260 2016 1162 3261 3261 2017 1163 3262 3262 2018 1164 3263 3263 2019 1165 3264 3264 2018 1164 3265 3265 2017 1163 3266 3266 2019 1165 3267 3267 2017 1163 3268 3268 2020 1166 3269 3269 2021 1167 3270 3270 2022 1168 3271 3271 2023 1169 3272 3272 2021 1167 3273 3273 2023 1169 3274 3274 2024 1170 3275 3275 2025 1171 3276 3276 2026 1172 3277 3277 2027 1173 3278 3278 2025 1171 3279 3279 2027 1173 3280 3280 2028 1174 3281 3281 2029 1175 3282 3282 2030 1176 3283 3283 2031 1177 3284 3284 2029 1175 3285 3285 2031 1177 3286 3286 2032 1178 3287 3287 2032 1178 3288 3288 2031 1177 3289 3289 2033 1179 3290 3290 2032 1178 3291 3291 2033 1179 3292 3292 2034 1180 3293 3293 2035 734 3294 3294 2036 735 3295 3295 2037 732 3296 3296 2035 734 3297 3297 2037 732 3298 3298 2038 733 3299 3299 2039 1181 3300 3300 2040 1182 3301 3301 2022 1168 3302 3302 2039 1181 3303 3303 2022 1168 3304 3304 2021 1167 3305 3305 2041 1183 3306 3306 2042 1184 3307 3307 2043 1185 3308 3308 2041 1183 3309 3309 2043 1185 3310 3310 2044 1186 3311 3311 2045 1187 3312 3312 2046 1188 3313 3313 2047 1189 3314 3314 2045 1187 3315 3315 2047 1189 3316 3316 2048 1190 3317 3317 2048 1190 3318 3318 2047 1189 3319 3319 2049 1191 3320 3320 2048 1190 3321 3321 2049 1191 3322 3322 2050 1192 3323 3323 2051 1193 3324 3324 2052 1194 3325 3325 2053 1195 3326 3326 2051 1193 3327 3327 2053 1195 3328 3328 2054 1196 3329 3329 2055 1197 3330 3330 2056 1198 3331 3331 2057 1199 3332 3332 2055 1197 3333 3333 2057 1199 3334 3334 2058 1200 3335 3335 2058 1200 3336 3336 2057 1199 3337 3337 2059 1201 3338 3338 2058 1200 3339 3339 2059 1201 3340 3340 2060 1202 3341 3341 2061 1203 3342 3342 2062 1204 3343 3343 926 604 3344 3344 2061 1203 3345 3345 926 604 3346 3346 925 603 3347 3347 381 1205 3348 3348 383 1205 3349 3349 386 1205 3350 3350 381 1206 3351 3351 386 1206 3352 3352 385 1206 3353 3353 2063 233 3354 3354 2064 233 3355 3355 2065 233 3356 3356 2063 233 3357 3357 2065 233 3358 3358 2066 233 3359 3359 2067 223 3360 3360 2068 223 3361 3361 2069 223 3362 3362 2067 223 3363 3363 2069 223 3364 3364 2070 223 3365 3365 2071 228 3366 3366 2072 228 3367 3367 2073 228 3368 3368 2071 228 3369 3369 2073 228 3370 3370 2074 228 3371 3371 2075 224 3372 3372 2076 224 3373 3373 2077 224 3374 3374 2075 224 3375 3375 2077 224 3376 3376 2078 224 3377 3377 2079 1207 3378 3378 2080 1207 3379 3379 2081 1207 3380 3380 2079 638 3381 3381 2081 638 3382 3382 2082 638 3383 3383 2083 223 3384 3384 2084 223 3385 3385 2085 223 3386 3386 2083 223 3387 3387 2085 223 3388 3388 2086 223 3389 3389 2087 1208 3390 3390 2088 1208 3391 3391 2089 1208 3392 3392 2087 228 3393 3393 2089 228 3394 3394 2090 228 3395 3395 2091 1209 3396 3396 2092 1209 3397 3397 2093 1209 3398 3398 2091 638 3399 3399 2093 638 3400 3400 2094 638 3401 3401 2095 228 3402 3402 2096 228 3403 3403 2097 228 3404 3404 2095 1210 3405 3405 2097 1210 3406 3406 2098 1210 3407 3407 2099 1211 3408 3408 2100 1211 3409 3409 2101 1211 3410 3410 2099 1212 3411 3411 2101 1212 3412 3412 2102 1212 3413 3413 2103 233 3414 3414 2104 233 3415 3415 2105 233 3416 3416 2103 233 3417 3417 2105 233 3418 3418 2106 233 3419 3419 2107 1213 3420 3420 2108 1213 3421 3421 2109 1213 3422 3422 2107 1214 3423 3423 2109 1214 3424 3424 2110 1214 3425 3425 2111 1215 3426 3426 2112 1215 3427 3427 2113 1215 3428 3428 2111 638 3429 3429 2113 638 3430 3430 2114 638 3431 3431 2115 224 3432 3432 2116 224 3433 3433 2117 224 3434 3434 2115 224 3435 3435 2117 224 3436 3436 2118 224 3437 3437 2119 1216 3438 3438 2120 1216 3439 3439 2121 1216 3440 3440 2119 228 3441 3441 2121 228 3442 3442 2122 228 3443 3443 2123 1217 3444 3444 2124 1217 3445 3445 2125 1217 3446 3446 2123 1218 3447 3447 2125 1218 3448 3448 2126 1218 3449 3449 2127 228 3450 3450 2128 228 3451 3451 2129 228 3452 3452 2127 228 3453 3453 2129 228 3454 3454 2130 228 3455 3455 2131 223 3456 3456 2132 223 3457 3457 2133 223 3458 3458 2131 223 3459 3459 2133 223 3460 3460 2134 223 3461 3461 2135 233 3462 3462 2136 233 3463 3463 2137 233 3464 3464 2135 233 3465 3465 2137 233 3466 3466 2138 233 3467 3467 2139 224 3468 3468 2140 224 3469 3469 2141 224 3470 3470 2139 224 3471 3471 2141 224 3472 3472 2142 224 3473 3473 2143 638 3474 3474 2144 638 3475 3475 2145 638 3476 3476 2143 1219 3477 3477 2145 1219 3478 3478 2146 1219 3479 3479 2147 223 3480 3480 2148 223 3481 3481 2149 223 3482 3482 2147 223 3483 3483 2149 223 3484 3484 2150 223 3485 3485 2151 233 3486 3486 2152 233 3487 3487 2153 233 3488 3488 2151 233 3489 3489 2153 233 3490 3490 2154 233 3491 3491 2155 638 3492 3492 2156 638 3493 3493 2157 638 3494 3494 2155 1220 3495 3495 2157 1220 3496 3496 2158 1220 3497 3497 2159 1221 3498 3498 2160 1221 3499 3499 2161 1221 3500 3500 2159 233 3501 3501 2161 233 3502 3502 2162 233 3503 3503 2163 1222 3504 3504 2164 1222 3505 3505 2165 1222 3506 3506 2163 1223 3507 3507 2165 1223 3508 3508 2166 1223 3509 3509 2167 228 3510 3510 2168 228 3511 3511 2169 228 3512 3512 2167 228 3513 3513 2169 228 3514 3514 2170 228 3515 3515 2171 1224 3516 3516 2172 1224 3517 3517 2173 1224 3518 3518 2171 1213 3519 3519 2173 1213 3520 3520 2174 1213 3521 3521 2175 638 3522 3522 2176 638 3523 3523 2177 638 3524 3524 2175 1225 3525 3525 2177 1225 3526 3526 2178 1225 3527 3527 2179 224 3528 3528 2180 224 3529 3529 2181 224 3530 3530 2179 224 3531 3531 2181 224 3532 3532 2182 224 3533 3533 2183 233 3534 3534 2184 233 3535 3535 2185 233 3536 3536 2183 1226 3537 3537 2185 1226 3538 3538 2186 1226 3539 3539 2187 1227 3540 3540 2188 1227 3541 3541 2189 1227 3542 3542 2187 1228 3543 3543 2189 1228 3544 3544 2190 1228 3545 3545 2191 233 3546 3546 2192 233 3547 3547 2193 233 3548 3548 2191 1229 3549 3549 2193 1229 3550 3550 2194 1229 3551 3551 2195 228 3552 3552 2196 228 3553 3553 2197 228 3554 3554 2195 228 3555 3555 2197 228 3556 3556 2198 228 3557 3557 2199 224 3558 3558 2200 224 3559 3559 2201 224 3560 3560 2199 224 3561 3561 2201 224 3562 3562 2202 224 3563 3563 2203 1230 3564 3564 2204 1230 3565 3565 2205 1230 3566 3566 2203 1231 3567 3567 2205 1231 3568 3568 2206 1231 3569 3569 2201 224 3570 3570 2200 224 3571 3571 2207 224 3572 3572 2201 224 3573 3573 2207 224 3574 3574 2208 224 3575 3575 2209 635 3576 3576 2210 635 3577 3577 2211 635 3578 3578 2209 635 3579 3579 2211 635 3580 3580 2212 635 3581 3581 2213 638 3582 3582 2214 638 3583 3583 2215 638 3584 3584 2213 638 3585 3585 2215 638 3586 3586 2216 638 3587 3587 2217 1232 3588 3588 2218 1232 3589 3589 2219 1232 3590 3590 2217 1233 3591 3591 2219 1233 3592 3592 2220 1233 3593 3593 2199 224 3594 3594 2202 224 3595 3595 2221 224 3596 3596 2199 224 3597 3597 2221 224 3598 3598 2222 224 3599 3599 2223 1234 3600 3600 2224 1234 3601 3601 2225 1234 3602 3602 2223 1235 3603 3603 2225 1235 3604 3604 2226 1235 3605 3605 2227 1236 3606 3606 2228 1236 3607 3607 2229 1236 3608 3608 2227 1237 3609 3609 2229 1237 3610 3610 2230 1237 3611 3611 2231 1238 3612 3612 2232 1238 3613 3613 2233 1238 3614 3614 2231 1239 3615 3615 2233 1239 3616 3616 2234 1239 3617 3617 2235 1240 3618 3618 2236 1241 3619 3619 2237 1242 3620 3620 2235 1240 3621 3621 2237 1242 3622 3622 2238 1243 3623 3623 2239 1244 3624 3624 2240 1245 3625 3625 2241 1246 3626 3626 2239 1244 3627 3627 2241 1246 3628 3628 2242 1247 3629 3629 2243 1248 3630 3630 2244 1249 3631 3631 2245 1250 3632 3632 2243 1248 3633 3633 2245 1250 3634 3634 2246 1251 3635 3635 2247 1252 3636 3636 2248 1253 3637 3637 2249 1254 3638 3638 2247 1252 3639 3639 2249 1254 3640 3640 2250 1255 3641 3641 2251 1256 3642 3642 2252 1257 3643 3643 2253 1258 3644 3644 2251 1256 3645 3645 2253 1258 3646 3646 2254 1259 3647 3647 2255 1260 3648 3648 2256 1260 3649 3649 2257 1260 3650 3650 2255 1261 3651 3651 2257 1261 3652 3652 2258 1261 3653 3653 2259 1262 3654 3654 2260 1263 3655 3655 2261 1264 3656 3656 2259 1262 3657 3657 2261 1264 3658 3658 2262 1265 3659 3659 2263 1266 3660 3660 2264 1266 3661 3661 2265 1266 3662 3662 2263 1267 3663 3663 2265 1267 3664 3664 2266 1267 3665 3665 2267 1268 3666 3666 2268 1268 3667 3667 2269 1268 3668 3668 2267 1269 3669 3669 2269 1269 3670 3670 2270 1269 3671 3671 2271 223 3672 3672 2272 223 3673 3673 2273 223 3674 3674 2271 223 3675 3675 2273 223 3676 3676 2274 223 3677 3677 2275 1270 3678 3678 2276 1270 3679 3679 2277 1270 3680 3680 2275 228 3681 3681 2277 228 3682 3682 2278 228 3683 3683 2279 228 3684 3684 2280 228 3685 3685 2281 228 3686 3686 2279 228 3687 3687 2281 228 3688 3688 2282 228 3689 3689 2283 1271 3690 3690 2284 1271 3691 3691 2285 1271 3692 3692 2283 1272 3693 3693 2285 1272 3694 3694 2286 1272 3695 3695 2287 1273 3696 3696 2288 1274 3697 3697 2289 1275 3698 3698 2287 1273 3699 3699 2289 1275 3700 3700 2290 1276 3701 3701 2291 1277 3702 3702 2292 1278 3703 3703 2293 1279 3704 3704 2291 1277 3705 3705 2293 1279 3706 3706 2294 1280 3707 3707 2295 1281 3708 3708 2293 1279 3709 3709 2292 1278 3710 3710 2295 1281 3711 3711 2292 1278 3712 3712 2296 1282 3713 3713 2297 1283 3714 3714 2298 1284 3715 3715 2299 1285 3716 3716 2297 1283 3717 3717 2299 1285 3718 3718 2300 1286 3719 3719 2301 1287 3720 3720 2302 1288 3721 3721 2303 1289 3722 3722 2301 1287 3723 3723 2303 1289 3724 3724 2304 1290 3725 3725 2305 1291 3726 3726 2306 1292 3727 3727 2307 1293 3728 3728 2305 1291 3729 3729 2307 1293 3730 3730 2308 1294 3731 3731 2309 1295 3732 3732 2300 1286 3733 3733 2299 1285 3734 3734 2309 1295 3735 3735 2299 1285 3736 3736 2310 1296 3737 3737 2311 233 3738 3738 2312 233 3739 3739 2313 233 3740 3740 2311 1297 3741 3741 2313 1297 3742 3742 2314 1297 3743 3743 2309 1298 3744 3744 2310 1298 3745 3745 2287 1298 3746 3746 2309 1299 3747 3747 2287 1299 3748 3748 2290 1299 3749 3749 2305 1300 3750 3750 2308 1300 3751 3751 2291 1300 3752 3752 2305 1301 3753 3753 2291 1301 3754 3754 2294 1301 3755 3755 2315 233 3756 3756 2316 233 3757 3757 2317 233 3758 3758 2315 233 3759 3759 2317 233 3760 3760 2318 233 3761 3761 2288 1274 3762 3762 2319 1302 3763 3763 2320 1303 3764 3764 2288 1274 3765 3765 2320 1303 3766 3766 2289 1275 3767 3767 2321 1304 3768 3768 2322 1305 3769 3769 2323 1306 3770 3770 2321 1304 3771 3771 2323 1306 3772 3772 2324 1307 3773 3773 2306 1292 3774 3774 2325 1282 3775 3775 2326 1308 3776 3776 2306 1292 3777 3777 2326 1308 3778 3778 2307 1293 3779 3779 2327 1309 3780 3780 2328 1310 3781 3781 2329 1311 3782 3782 2327 1309 3783 3783 2329 1311 3784 3784 2330 1312 3785 3785 2331 1313 3786 3786 2332 1314 3787 3787 2333 1315 3788 3788 2331 1313 3789 3789 2333 1315 3790 3790 2334 1316 3791 3791 2335 228 3792 3792 2336 228 3793 3793 2337 228 3794 3794 2335 228 3795 3795 2337 228 3796 3796 2338 228 3797 3797 2339 1317 3798 3798 2340 1317 3799 3799 2341 1317 3800 3800 2339 1318 3801 3801 2341 1318 3802 3802 2342 1318 3803 3803 2343 1319 3804 3804 2344 1319 3805 3805 2345 1319 3806 3806 2343 233 3807 3807 2345 233 3808 3808 2346 233 3809 3809 2347 1320 3810 3810 2348 1320 3811 3811 2349 1320 3812 3812 2347 233 3813 3813 2349 233 3814 3814 2350 233 3815 3815 392 1321 3816 3816 391 1321 3817 3817 2280 1321 3818 3818 392 228 3819 3819 2280 228 3820 3820 2279 228 3821 3821 2351 1322 3822 3822 2352 1323 3823 3823 2353 1324 3824 3824 2351 1322 3825 3825 2353 1324 3826 3826 2354 1325 3827 3827 2355 728 3828 3828 2356 729 3829 3829 2357 726 3830 3830 2355 728 3831 3831 2357 726 3832 3832 2358 727 3833 3833 2359 1326 3834 3834 2360 1327 3835 3835 2361 1328 3836 3836 2359 1326 3837 3837 2361 1328 3838 3838 2362 1329 3839 3839 2362 1329 3840 3840 2361 1328 3841 3841 2363 1330 3842 3842 2362 1329 3843 3843 2363 1330 3844 3844 2364 1331 3845 3845 2365 734 3846 3846 2366 735 3847 3847 2367 732 3848 3848 2365 734 3849 3849 2367 732 3850 3850 2368 733 3851 3851 2369 1332 3852 3852 2370 1333 3853 3853 2352 1323 3854 3854 2369 1332 3855 3855 2352 1323 3856 3856 2351 1322 3857 3857 2371 233 3858 3858 2372 233 3859 3859 2373 233 3860 3860 2371 1334 3861 3861 2373 1334 3862 3862 2374 1334 3863 3863 2375 1335 3864 3864 2376 1335 3865 3865 2377 1335 3866 3866 2375 228 3867 3867 2377 228 3868 3868 2378 228 3869 3869 2379 224 3870 3870 2380 224 3871 3871 2381 224 3872 3872 2379 224 3873 3873 2381 224 3874 3874 2382 224 3875 3875 2383 1336 3876 3876 2384 1336 3877 3877 2385 1336 3878 3878 2383 1231 3879 3879 2385 1231 3880 3880 2386 1231 3881 3881 2381 224 3882 3882 2380 224 3883 3883 2387 224 3884 3884 2381 224 3885 3885 2387 224 3886 3886 2388 224 3887 3887 2389 635 3888 3888 2390 635 3889 3889 2391 635 3890 3890 2389 635 3891 3891 2391 635 3892 3892 2392 635 3893 3893 2393 638 3894 3894 2394 638 3895 3895 2395 638 3896 3896 2393 638 3897 3897 2395 638 3898 3898 2396 638 3899 3899 2397 1337 3900 3900 2398 1337 3901 3901 2399 1337 3902 3902 2397 1233 3903 3903 2399 1233 3904 3904 2400 1233 3905 3905 2379 224 3906 3906 2382 224 3907 3907 2401 224 3908 3908 2379 224 3909 3909 2401 224 3910 3910 2402 224 3911 3911 2403 1234 3912 3912 2404 1234 3913 3913 2405 1234 3914 3914 2403 1235 3915 3915 2405 1235 3916 3916 2406 1235 3917 3917 2407 1338 3918 3918 2408 1338 3919 3919 2409 1338 3920 3920 2407 1237 3921 3921 2409 1237 3922 3922 2410 1237 3923 3923 2411 1238 3924 3924 2412 1238 3925 3925 2413 1238 3926 3926 2411 1339 3927 3927 2413 1339 3928 3928 2414 1339 3929 3929 2415 1340 3930 3930 2416 1241 3931 3931 2417 1341 3932 3932 2415 1340 3933 3933 2417 1341 3934 3934 2418 1342 3935 3935 2419 1343 3936 3936 2420 1344 3937 3937 2421 1345 3938 3938 2419 1343 3939 3939 2421 1345 3940 3940 2422 1346 3941 3941 2423 1347 3942 3942 2424 1348 3943 3943 2425 1349 3944 3944 2423 1347 3945 3945 2425 1349 3946 3946 2426 1350 3947 3947 2427 1351 3948 3948 2428 1253 3949 3949 2429 1352 3950 3950 2427 1351 3951 3951 2429 1352 3952 3952 2430 1353 3953 3953 2431 1354 3954 3954 2432 1355 3955 3955 2433 1356 3956 3956 2431 1354 3957 3957 2433 1356 3958 3958 2434 1357 3959 3959 2435 1260 3960 3960 2436 1260 3961 3961 2437 1260 3962 3962 2435 1358 3963 3963 2437 1358 3964 3964 2438 1358 3965 3965 2439 1359 3966 3966 2440 1360 3967 3967 2441 1361 3968 3968 2439 1359 3969 3969 2441 1361 3970 3970 2442 1362 3971 3971 2443 1266 3972 3972 2444 1266 3973 3973 2445 1266 3974 3974 2443 1267 3975 3975 2445 1267 3976 3976 2446 1267 3977 3977 2447 1268 3978 3978 2448 1268 3979 3979 2449 1268 3980 3980 2447 1269 3981 3981 2449 1269 3982 3982 2450 1269 3983 3983 2451 223 3984 3984 2452 223 3985 3985 2453 223 3986 3986 2451 223 3987 3987 2453 223 3988 3988 2454 223 3989 3989 2455 1363 3990 3990 2456 1363 3991 3991 2457 1363 3992 3992 2455 228 3993 3993 2457 228 3994 3994 2458 228 3995 3995 2459 1271 3996 3996 2460 1271 3997 3997 2461 1271 3998 3998 2459 1364 3999 3999 2461 1364 4000 4000 2462 1364 4001 4001 2463 1273 4002 4002 2464 1274 4003 4003 2465 1275 4004 4004 2463 1273 4005 4005 2465 1275 4006 4006 2466 1276 4007 4007 2467 1365 4008 4008 2468 1366 4009 4009 2469 1367 4010 4010 2467 1365 4011 4011 2469 1367 4012 4012 2470 1368 4013 4013 2471 1369 4014 4014 2469 1367 4015 4015 2468 1366 4016 4016 2471 1369 4017 4017 2468 1366 4018 4018 2472 1370 4019 4019 2473 1283 4020 4020 2474 1284 4021 4021 2475 1371 4022 4022 2473 1283 4023 4023 2475 1371 4024 4024 2476 1372 4025 4025 2477 1287 4026 4026 2478 1288 4027 4027 2479 1289 4028 4028 2477 1287 4029 4029 2479 1289 4030 4030 2480 1290 4031 4031 2481 1373 4032 4032 2482 1374 4033 4033 2483 1375 4034 4034 2481 1373 4035 4035 2483 1375 4036 4036 2484 1294 4037 4037 2485 1376 4038 4038 2476 1372 4039 4039 2475 1371 4040 4040 2485 1376 4041 4041 2475 1371 4042 4042 2486 1377 4043 4043 2487 1378 4044 4044 2488 1378 4045 4045 2489 1378 4046 4046 2487 1379 4047 4047 2489 1379 4048 4048 2490 1379 4049 4049 2485 1380 4050 4050 2486 1380 4051 4051 2463 1380 4052 4052 2485 1299 4053 4053 2463 1299 4054 4054 2466 1299 4055 4055 2481 1300 4056 4056 2484 1300 4057 4057 2467 1300 4058 4058 2481 1381 4059 4059 2467 1381 4060 4060 2470 1381 4061 4061 2491 1382 4062 4062 403 1382 4063 4063 402 1382 4064 4064 2491 1320 4065 4065 402 1320 4066 4066 2492 1320 4067 4067 2464 1274 4068 4068 2493 1302 4069 4069 2494 1303 4070 4070 2464 1274 4071 4071 2494 1303 4072 4072 2465 1275 4073 4073 2495 1383 4074 4074 2496 1305 4075 4075 2497 1306 4076 4076 2495 1383 4077 4077 2497 1306 4078 4078 2498 1384 4079 4079 2482 1374 4080 4080 2499 1282 4081 4081 2500 1308 4082 4082 2482 1374 4083 4083 2500 1308 4084 4084 2483 1375 4085 4085 2501 1385 4086 4086 2502 1386 4087 4087 2503 1311 4088 4088 2501 1385 4089 4089 2503 1311 4090 4090 2504 1312 4091 4091 2505 1313 4092 4092 2506 1314 4093 4093 2507 1315 4094 4094 2505 1313 4095 4095 2507 1315 4096 4096 2508 1316 4097 4097 2509 1387 4098 4098 2510 1387 4099 4099 2511 1387 4100 4100 2509 1388 4101 4101 2511 1388 4102 4102 2512 1388 4103 4103 2513 1389 4104 4104 2514 1389 4105 4105 2515 1389 4106 4106 2513 1318 4107 4107 2515 1318 4108 4108 2516 1318 4109 4109 2517 1390 4110 4110 2518 1390 4111 4111 2519 1390 4112 4112 2517 233 4113 4113 2519 233 4114 4114 2520 233 4115 4115 401 1321 4116 4116 400 1321 4117 4117 2521 1321 4118 4118 401 228 4119 4119 2521 228 4120 4120 2522 228 4121 4121 2523 233 4122 4122 2524 233 4123 4123 2525 233 4124 4124 2523 1391 4125 4125 2525 1391 4126 4126 2526 1391 4127 4127 2527 1392 4128 4128 2528 1393 4129 4129 2529 1394 4130 4130 2527 1392 4131 4131 2529 1394 4132 4132 2530 1395 4133 4133 2531 228 4134 4134 2532 228 4135 4135 2533 228 4136 4136 2531 228 4137 4137 2533 228 4138 4138 2534 228 4139 4139 2535 224 4140 4140 2536 224 4141 4141 2537 224 4142 4142 2535 224 4143 4143 2537 224 4144 4144 2538 224 4145 4145 2539 1396 4146 4146 2540 1397 4147 4147 2541 1398 4148 4148 2539 1396 4149 4149 2541 1398 4150 4150 2542 1399 4151 4151 2543 638 4152 4152 2544 638 4153 4153 2545 638 4154 4154 2543 638 4155 4155 2545 638 4156 4156 2546 638 4157 4157 2547 1400 4158 4158 2548 1401 4159 4159 2549 1402 4160 4160 2547 1400 4161 4161 2549 1402 4162 4162 2550 1403 4163 4163 2551 1404 4164 4164 2552 1404 4165 4165 2553 1404 4166 4166 2551 1405 4167 4167 2553 1405 4168 4168 2554 1405 4169 4169 2555 1406 4170 4170 2556 1406 4171 4171 2557 1406 4172 4172 2555 1407 4173 4173 2557 1407 4174 4174 2558 1407 4175 4175 2559 1408 4176 4176 2560 1409 4177 4177 2561 1410 4178 4178 2559 1408 4179 4179 2561 1410 4180 4180 2562 1411 4181 4181 2563 1412 4182 4182 2564 1412 4183 4183 2565 1412 4184 4184 2563 1413 4185 4185 2565 1413 4186 4186 2566 1413 4187 4187 2570 1414 4188 4188 2571 1414 4189 4189 2572 1414 4190 4190 2573 1415 4191 4191 2574 1416 4192 4192 2575 1417 4193 4193 2573 1415 4194 4194 2575 1417 4195 4195 2576 1418 4196 4196 2577 1419 4197 4197 2578 1419 4198 4198 2579 1419 4199 4199 2577 228 4200 4200 2579 228 4201 4201 2580 228 4202 4202 2581 1420 4203 4203 2582 1421 4204 4204 2583 1422 4205 4205 2581 1420 4206 4206 2583 1422 4207 4207 2584 1423 4208 4208 2585 233 4209 4209 2586 233 4210 4210 2587 233 4211 4211 2585 233 4212 4212 2587 233 4213 4213 2588 233 4214 4214 2589 224 4215 4215 2590 224 4216 4216 2591 224 4217 4217 2589 224 4218 4218 2591 224 4219 4219 2592 224 4220 4220 2593 1424 4221 4221 2594 1425 4222 4222 2595 1426 4223 4223 2593 1424 4224 4224 2595 1426 4225 4225 2596 1427 4226 4226 2597 638 4227 4227 2598 638 4228 4228 2599 638 4229 4229 2597 638 4230 4230 2599 638 4231 4231 2600 638 4232 4232 2601 1428 4233 4233 2602 1429 4234 4234 2603 1430 4235 4235 2601 1428 4236 4236 2603 1430 4237 4237 2604 1431 4238 4238 2605 1432 4239 4239 2606 1432 4240 4240 2607 1432 4241 4241 2605 1433 4242 4242 2607 1433 4243 4243 2608 1433 4244 4244 2609 1434 4245 4245 2610 1434 4246 4246 2611 1434 4247 4247 2609 1435 4248 4248 2611 1435 4249 4249 2612 1435 4250 4250 2613 1436 4251 4251 2614 1437 4252 4252 2615 1438 4253 4253 2613 1436 4254 4254 2615 1438 4255 4255 2616 1439 4256 4256 2617 1440 4257 4257 2618 1440 4258 4258 2619 1440 4259 4259 2617 1441 4260 4260 2619 1441 4261 4261 2620 1441 4262 4262 2621 1442 4263 4263 2622 1442 4264 4264 2623 1442 4265 4265 2621 1443 4266 4266 2623 1443 4267 4267 2624 1443 4268 4268 2625 1444 4269 4269 2626 1444 4270 4270 2627 1444 4271 4271 2625 1445 4272 4272 2627 1445 4273 4273 2628 1445 4274 4274 2632 1446 4275 4275 2633 1447 4276 4276 2634 1448 4277 4277 2632 1446 4278 4278 2634 1448 4279 4279 2635 1449 4280 4280 2636 1450 4281 4281 2637 1451 4282 4282 2638 1452 4283 4283 2636 1450 4284 4284 2638 1452 4285 4285 2639 1453 4286 4286 2640 1454 4287 4287 2641 1455 4288 4288 2642 1456 4289 4289 2640 1454 4290 4290 2642 1456 4291 4291 2643 1457 4292 4292 2644 1458 4293 4293 2629 1459 4294 4294 2645 1460 4295 4295 2644 1458 4296 4296 2645 1460 4297 4297 2646 1461 4298 4298 2637 1451 4299 4299 2647 1462 4300 4300 2648 1463 4301 4301 2637 1451 4302 4302 2648 1463 4303 4303 2638 1452 4304 4304 2649 1464 4305 4305 2650 1465 4306 4306 2651 1466 4307 4307 2649 1464 4308 4308 2651 1466 4309 4309 2652 1467 4310 4310 2653 1468 4311 4311 2641 1455 4312 4312 2640 1454 4313 4313 2653 1468 4314 4314 2640 1454 4315 4315 2654 1469 4316 4316 2655 1470 4317 4317 2656 1471 4318 4318 2657 1472 4319 4319 2655 1470 4320 4320 2657 1472 4321 4321 2658 1473 4322 4322 2646 1461 4323 4323 2659 1474 4324 4324 2660 1475 4325 4325 2646 1461 4326 4326 2660 1475 4327 4327 2644 1458 4328 4328 2658 1473 4329 4329 2661 1476 4330 4330 2662 1477 4331 4331 2658 1473 4332 4332 2662 1477 4333 4333 2655 1470 4334 4334 2663 1478 4335 4335 2664 1479 4336 4336 2665 1480 4337 4337 2663 1478 4338 4338 2665 1480 4339 4339 2666 1481 4340 4340 1313 848 4341 4341 2667 1482 4342 4342 2668 1483 4343 4343 1313 848 4344 4344 2668 1483 4345 4345 1314 849 4346 4346 1296 832 4347 4347 1299 835 4348 4348 2669 1484 4349 4349 1296 832 4350 4350 2669 1484 4351 4351 2670 1485 4352 4352 2666 1481 4353 4353 2671 1486 4354 4354 2672 1487 4355 4355 2666 1481 4356 4356 2672 1487 4357 4357 2663 1478 4358 4358 1315 1488 4359 4359 2673 1489 4360 4360 2674 1490 4361 4361 2645 1460 4362 4362 2629 1459 4363 4363 2631 1491 4364 4364 2645 1460 4365 4365 2631 1491 4366 4366 2675 1492 4367 4367 2676 1493 4368 4368 2677 1494 4369 4369 2678 1495 4370 4370 2676 1493 4371 4371 2678 1495 4372 4372 2679 1496 4373 4373 2680 1497 4374 4374 2681 1498 4375 4375 2682 1499 4376 4376 2683 1500 4377 4377 2684 1501 4378 4378 2685 1502 4379 4379 2683 1500 4380 4380 2685 1502 4381 4381 2686 1503 4382 4382 2687 1504 4383 4383 2688 1505 4384 4384 2689 1506 4385 4385 2696 1507 4386 4386 2695 1508 4387 4387 2697 1509 4388 4388 2702 1510 4389 4389 2703 1511 4390 4390 2704 1512 4391 4391 2702 1510 4392 4392 2704 1512 4393 4393 2705 1513 4394 4394 2706 1514 4395 4395 2707 1515 4396 4396 2708 1516 4397 4397 2706 1514 4398 4398 2708 1516 4399 4399 2709 1517 4400 4400 2710 1518 4401 4401 2711 1519 4402 4402 2712 1520 4403 4403 2710 1518 4404 4404 2712 1520 4405 4405 2713 1521 4406 4406 2714 1522 4407 4407 2715 1523 4408 4408 2716 1524 4409 4409 2714 1522 4410 4410 2716 1524 4411 4411 2717 1525 4412 4412 2718 1526 4413 4413 2719 1527 4414 4414 2720 1528 4415 4415 2718 1526 4416 4416 2720 1528 4417 4417 2721 1529 4418 4418 2711 1519 4419 4419 2722 1530 4420 4420 2723 1531 4421 4421 2711 1519 4422 4422 2723 1531 4423 4423 2712 1520 4424 4424 2724 1532 4425 4425 2725 1533 4426 4426 2726 1534 4427 4427 2724 1532 4428 4428 2726 1534 4429 4429 2727 1535 4430 4430 2728 1536 4431 4431 2715 1523 4432 4432 2714 1522 4433 4433 2728 1536 4434 4434 2714 1522 4435 4435 2729 1537 4436 4436 2730 1538 4437 4437 2731 1539 4438 4438 2732 1540 4439 4439 2730 1538 4440 4440 2732 1540 4441 4441 2733 1541 4442 4442 2721 1529 4443 4443 2734 1542 4444 4444 2735 1543 4445 4445 2721 1529 4446 4446 2735 1543 4447 4447 2718 1526 4448 4448 2733 1541 4449 4449 2703 1511 4450 4450 2702 1510 4451 4451 2733 1541 4452 4452 2702 1510 4453 4453 2730 1538 4454 4454 2736 1544 4455 4455 2737 1545 4456 4456 2738 1546 4457 4457 2736 1544 4458 4458 2738 1546 4459 4459 2739 1547 4460 4460 1274 808 4461 4461 2740 1548 4462 4462 2741 1549 4463 4463 1274 808 4464 4464 2741 1549 4465 4465 1275 809 4466 4466 2739 1547 4467 4467 2742 1550 4468 4468 2743 1551 4469 4469 2739 1547 4470 4470 2743 1551 4471 4471 2736 1544 4472 4472 2744 1552 4473 4473 2743 1551 4474 4474 2745 1553 4475 4475 2744 1552 4476 4476 2745 1553 4477 4477 2746 1554 4478 4478 2743 1551 4479 4479 2742 1550 4480 4480 2747 1555 4481 4481 2743 1551 4482 4482 2747 1555 4483 4483 2745 1553 4484 4484 2748 1556 4485 4485 2702 1510 4486 4486 2705 1513 4487 4487 2748 1556 4488 4488 2705 1513 4489 4489 2749 1557 4490 4490 2750 1558 4491 4491 2751 1559 4492 4492 2752 1560 4493 4493 2750 1558 4494 4494 2752 1560 4495 4495 2753 1561 4496 4496 2754 1562 4497 4497 2755 1563 4498 4498 2756 1564 4499 4499 2754 1562 4500 4500 2756 1564 4501 4501 2757 1565 4502 4502 2758 1566 4503 4503 2759 1567 4504 4504 2760 1568 4505 4505 2758 1566 4506 4506 2760 1568 4507 4507 2761 1569 4508 4508 2762 1570 4509 4509 2763 1571 4510 4510 2764 1572 4511 4511 2762 1570 4512 4512 2764 1572 4513 4513 2765 1573 4514 4514 2766 1574 4515 4515 2767 1575 4516 4516 2768 1576 4517 4517 2761 1569 4518 4518 2760 1568 4519 4519 2773 1577 4520 4520 2761 1569 4521 4521 2773 1577 4522 4522 2774 1578 4523 4523 2782 1579 4524 4524 2783 888 4525 4525 2784 1580 4526 4526 2782 1579 4527 4527 2784 1580 4528 4528 2785 1581 4529 4529 2786 911 4530 4530 2787 912 4531 4531 2788 913 4532 4532 2786 911 4533 4533 2788 913 4534 4534 2789 914 4535 4535 2790 228 4536 4536 2791 228 4537 4537 2792 228 4538 4538 2790 228 4539 4539 2792 228 4540 4540 2793 228 4541 4541 2794 907 4542 4542 2795 908 4543 4543 2796 909 4544 4544 2794 907 4545 4545 2796 909 4546 4546 2797 910 4547 4547 2798 903 4548 4548 2799 904 4549 4549 2800 905 4550 4550 2798 903 4551 4551 2800 905 4552 4552 2801 906 4553 4553 2802 1579 4554 4554 2803 888 4555 4555 2804 1580 4556 4556 2802 1579 4557 4557 2804 1580 4558 4558 2805 1581 4559 4559 2806 1582 4560 4560 2807 1582 4561 4561 2808 1582 4562 4562 2806 635 4563 4563 2808 635 4564 4564 2809 635 4565 4565 2810 1583 4566 4566 2811 1583 4567 4567 2812 1583 4568 4568 2810 1584 4569 4569 2812 1584 4570 4570 2813 1584 4571 4571 2814 1585 4572 4572 2815 1585 4573 4573 2816 1585 4574 4574 2814 638 4575 4575 2816 638 4576 4576 2817 638 4577 4577 2818 1586 4578 4578 2819 671 4579 4579 2820 1587 4580 4580 2818 1586 4581 4581 2820 1587 4582 4582 2821 1588 4583 4583 2822 1589 4584 4584 2823 1590 4585 4585 2824 1591 4586 4586 2822 1589 4587 4587 2824 1591 4588 4588 2825 1592 4589 4589 2826 1593 4590 4590 2827 1594 4591 4591 2828 1595 4592 4592 2826 1593 4593 4593 2828 1595 4594 4594 2829 1596 4595 4595 2830 1597 4596 4596 2831 1598 4597 4597 2832 1599 4598 4598 2830 1597 4599 4599 2832 1599 4600 4600 2833 1600 4601 4601 2834 1601 4602 4602 1024 1601 4603 4603 1023 1601 4604 4604 2834 635 4605 4605 1023 635 4606 4606 2835 635 4607 4607 2836 1602 4608 4608 2837 1602 4609 4609 2838 1602 4610 4610 2836 635 4611 4611 2838 635 4612 4612 2839 635 4613 4613 2840 1603 4614 4614 2841 1603 4615 4615 2842 1603 4616 4616 2840 635 4617 4617 2842 635 4618 4618 2843 635 4619 4619 2822 1589 4620 4620 2825 1592 4621 4621 2827 1594 4622 4622 2822 1589 4623 4623 2827 1594 4624 4624 2826 1593 4625 4625 2844 1604 4626 4626 2845 1605 4627 4627 2829 1596 4628 4628 2844 1604 4629 4629 2829 1596 4630 4630 2828 1595 4631 4631 2846 638 4632 4632 2847 638 4633 4633 2848 638 4634 4634 2846 638 4635 4635 2848 638 4636 4636 2849 638 4637 4637 2850 681 4638 4638 2851 1606 4639 4639 2852 1607 4640 4640 2850 681 4641 4641 2852 1607 4642 4642 2853 1608 4643 4643 2851 1606 4644 4644 2821 1588 4645 4645 2820 1587 4646 4646 2851 1606 4647 4647 2820 1587 4648 4648 2852 1607 4649 4649 2854 638 4650 4650 2855 638 4651 4651 2856 638 4652 4652 2854 1609 4653 4653 2856 1609 4654 4654 2857 1609 4655 4655 2858 1610 4656 4656 2859 1611 4657 4657 2845 1605 4658 4658 2858 1610 4659 4659 2845 1605 4660 4660 2844 1604 4661 4661 2833 1600 4662 4662 2832 1599 4663 4663 2819 671 4664 4664 2833 1600 4665 4665 2819 671 4666 4666 2818 1586 4667 4667 2810 638 4668 4668 2813 638 4669 4669 2860 638 4670 4670 2810 1612 4671 4671 2860 1612 4672 4672 2861 1612 4673 4673 2862 1613 4674 4674 2863 1613 4675 4675 2864 1613 4676 4676 2862 1614 4677 4677 2864 1614 4678 4678 2865 1614 4679 4679 2866 1615 4680 4680 2867 1615 4681 4681 2868 1615 4682 4682 2866 1616 4683 4683 2868 1616 4684 4684 2869 1616 4685 4685 2870 638 4686 4686 2871 638 4687 4687 2872 638 4688 4688 2870 1617 4689 4689 2872 1617 4690 4690 2873 1617 4691 4691 2874 663 4692 4692 2875 663 4693 4693 2876 663 4694 4694 2874 635 4695 4695 2876 635 4696 4696 2877 635 4697 4697 2878 1618 4698 4698 2879 1619 4699 4699 2880 1620 4700 4700 2878 1618 4701 4701 2880 1620 4702 4702 2881 1621 4703 4703 2882 1622 4704 4704 2883 1622 4705 4705 2884 1622 4706 4706 2882 638 4707 4707 2884 638 4708 4708 2885 638 4709 4709 2886 1623 4710 4710 2887 1624 4711 4711 2888 1625 4712 4712 2886 1623 4713 4713 2888 1625 4714 4714 2889 1626 4715 4715 1034 672 4716 4716 1033 671 4717 4717 1045 679 4718 4718 1034 672 4719 4719 1045 679 4720 4720 1044 678 4721 4721 1026 635 4722 4722 1025 635 4723 4723 1060 635 4724 4724 1026 635 4725 4725 1060 635 4726 4726 1059 635 4727 4727 2890 638 4728 4728 2891 638 4729 4729 2892 638 4730 4730 2890 638 4731 4731 2892 638 4732 4732 2893 638 4733 4733 2894 1609 4734 4734 2895 1609 4735 4735 2896 1609 4736 4736 2894 638 4737 4737 2896 638 4738 4738 2897 638 4739 4739 2824 1591 4740 4740 2823 1590 4741 4741 2887 1624 4742 4742 2824 1591 4743 4743 2887 1624 4744 4744 2886 1623 4745 4745 2898 1627 4746 4746 2899 1628 4747 4747 2889 1626 4748 4748 2898 1627 4749 4749 2889 1626 4750 4750 2888 1625 4751 4751 2900 635 4752 4752 2901 635 4753 4753 2902 635 4754 4754 2900 1629 4755 4755 2902 1629 4756 4756 2903 1629 4757 4757 2904 651 4758 4758 2905 1630 4759 4759 2906 650 4760 4760 2904 651 4761 4761 2906 650 4762 4762 2907 1631 4763 4763 2905 1630 4764 4764 2881 1621 4765 4765 2880 1620 4766 4766 2905 1630 4767 4767 2880 1620 4768 4768 2906 650 4769 4769 2908 635 4770 4770 2909 635 4771 4771 2910 635 4772 4772 2908 1603 4773 4773 2910 1603 4774 4774 2911 1603 4775 4775 2912 1632 4776 4776 2913 643 4777 4777 2899 1628 4778 4778 2912 1632 4779 4779 2899 1628 4780 4780 2898 1627 4781 4781 2831 1598 4782 4782 2830 1597 4783 4783 2879 1619 4784 4784 2831 1598 4785 4785 2879 1619 4786 4786 2878 1618 4787 4787 2914 635 4788 4788 2915 635 4789 4789 2916 635 4790 4790 2914 635 4791 4791 2916 635 4792 4792 2917 635 4793 4793 2918 1633 4794 4794 2919 1633 4795 4795 2920 1633 4796 4796 2918 638 4797 4797 2920 638 4798 4798 2921 638 4799 4799 2922 228 4800 4800 2923 228 4801 4801 2924 228 4802 4802 2922 228 4803 4803 2924 228 4804 4804 2925 228 4805 4805 2926 224 4806 4806 2927 224 4807 4807 2928 224 4808 4808 2926 224 4809 4809 2928 224 4810 4810 2929 224 4811 4811 2930 224 4812 4812 2931 224 4813 4813 2932 224 4814 4814 2930 224 4815 4815 2932 224 4816 4816 2933 224 4817 4817 2934 638 4818 4818 2935 638 4819 4819 2936 638 4820 4820 2934 638 4821 4821 2936 638 4822 4822 2937 638 4823 4823 2938 638 4824 4824 2939 638 4825 4825 2940 638 4826 4826 2938 638 4827 4827 2940 638 4828 4828 2941 638 4829 4829 2942 1634 4830 4830 2943 1635 4831 4831 2944 1636 4832 4832 2942 1634 4833 4833 2944 1636 4834 4834 2945 1637 4835 4835 2946 635 4836 4836 2947 635 4837 4837 2948 1638 4838 4838 2946 635 4839 4839 2948 1638 4840 4840 2949 1639 4841 4841 412 233 4842 4842 406 233 4843 4843 2950 233 4844 4844 412 1640 4845 4845 2950 1640 4846 4846 2951 1640 4847 4847 413 1641 4848 4848 412 233 4849 4849 2952 1642 4850 4850 413 1641 4851 4851 2952 1642 4852 4852 2953 1643 4853 4853 409 228 4854 4854 414 228 4855 4855 419 228 4856 4856 409 228 4857 4857 419 228 4858 4858 2954 228 4859 4859 2955 1644 4860 4860 2956 1645 4861 4861 2943 1635 4862 4862 2955 1644 4863 4863 2943 1635 4864 4864 2942 1634 4865 4865 2957 228 4866 4866 2958 228 4867 4867 2959 228 4868 4868 2957 228 4869 4869 2959 228 4870 4870 2960 228 4871 4871 2961 223 4872 4872 2962 223 4873 4873 2963 223 4874 4874 2961 223 4875 4875 2963 223 4876 4876 2964 223 4877 4877 407 233 4878 4878 406 233 4879 4879 412 233 4880 4880 407 233 4881 4881 412 233 4882 4882 411 233 4883 4883 2965 1646 4884 4884 2966 1647 4885 4885 2967 1648 4886 4886 2965 1646 4887 4887 2967 1648 4888 4888 2968 1649 4889 4889 2969 1650 4890 4890 2970 1651 4891 4891 2971 1652 4892 4892 2969 1650 4893 4893 2971 1652 4894 4894 2972 1653 4895 4895 2972 1653 4896 4896 2971 1652 4897 4897 2973 1654 4898 4898 2972 1653 4899 4899 2973 1654 4900 4900 2974 1655 4901 4901 2975 1656 4902 4902 2976 1657 4903 4903 2977 1658 4904 4904 2975 1656 4905 4905 2977 1658 4906 4906 2978 1659 4907 4907 2978 1659 4908 4908 2977 1658 4909 4909 2979 1660 4910 4910 2978 1659 4911 4911 2979 1660 4912 4912 2980 1661 4913 4913 2981 1662 4914 4914 2982 1663 4915 4915 2983 1664 4916 4916 2981 1662 4917 4917 2983 1664 4918 4918 2984 1665 4919 4919 2985 1666 4920 4920 2986 1667 4921 4921 2987 1668 4922 4922 2985 1666 4923 4923 2987 1668 4924 4924 2988 1669 4925 4925 2989 1670 4926 4926 2990 1671 4927 4927 2966 1647 4928 4928 2989 1670 4929 4929 2966 1647 4930 4930 2965 1646 4931 4931 2993 1672 4932 4932 2994 1672 4933 4933 2995 1672 4934 4934 2993 1673 4935 4935 2995 1673 4936 4936 2996 1673 4937 4937 2999 1674 4938 4938 3000 1674 4939 4939 3001 1675 4940 4940 2999 1674 4941 4941 3001 1675 4942 4942 3002 1676 4943 4943 3002 1676 4944 4944 3001 1675 4945 4945 3003 1677 4946 4946 3002 1676 4947 4947 3003 1677 4948 4948 3004 1678 4949 4949 3005 1679 4950 4950 3006 1680 4951 4951 3007 1681 4952 4952 3005 1679 4953 4953 3007 1681 4954 4954 3008 1682 4955 4955 3008 1682 4956 4956 3007 1681 4957 4957 3009 1683 4958 4958 3008 1682 4959 4959 3009 1683 4960 4960 3010 1684 4961 4961 3011 1685 4962 4962 3012 1686 4963 4963 3013 1687 4964 4964 3011 1685 4965 4965 3013 1687 4966 4966 3014 1688 4967 4967 3014 1688 4968 4968 3013 1687 4969 4969 3015 1689 4970 4970 3014 1688 4971 4971 3015 1689 4972 4972 3016 1690 4973 4973 3017 224 4974 4974 3018 224 4975 4975 3019 224 4976 4976 3017 224 4977 4977 3019 224 4978 4978 3020 224 4979 4979 3021 228 4980 4980 3022 228 4981 4981 3023 228 4982 4982 3021 228 4983 4983 3023 228 4984 4984 3024 228 4985 4985 3025 223 4986 4986 3026 223 4987 4987 3027 223 4988 4988 3025 223 4989 4989 3027 223 4990 4990 3028 223 4991 4991 3029 233 4992 4992 3030 233 4993 4993 3031 233 4994 4994 3029 233 4995 4995 3031 233 4996 4996 3032 233 4997 4997 3033 224 4998 4998 3034 224 4999 4999 3035 224 5000 5000 3033 224 5001 5001 3035 224 5002 5002 3036 224 5003 5003 3037 228 5004 5004 3038 228 5005 5005 3039 228 5006 5006 3037 228 5007 5007 3039 228 5008 5008 3040 228 5009 5009 3041 223 5010 5010 3042 223 5011 5011 3043 223 5012 5012 3041 223 5013 5013 3043 223 5014 5014 3044 223 5015 5015 3045 233 5016 5016 3046 233 5017 5017 3047 233 5018 5018 3045 233 5019 5019 3047 233 5020 5020 3048 233 5021 5021 3049 224 5022 5022 3050 224 5023 5023 3051 224 5024 5024 3049 224 5025 5025 3051 224 5026 5026 3052 224 5027 5027 3053 228 5028 5028 3054 228 5029 5029 3055 228 5030 5030 3053 228 5031 5031 3055 228 5032 5032 3056 228 5033 5033 3057 223 5034 5034 3058 223 5035 5035 3059 223 5036 5036 3057 223 5037 5037 3059 223 5038 5038 3060 223 5039 5039 3061 233 5040 5040 3062 233 5041 5041 3063 233 5042 5042 3061 233 5043 5043 3063 233 5044 5044 3064 233 5045 5045 3065 224 5046 5046 3066 224 5047 5047 3067 224 5048 5048 3065 224 5049 5049 3067 224 5050 5050 3068 224 5051 5051 3069 228 5052 5052 3070 228 5053 5053 3071 228 5054 5054 3069 228 5055 5055 3071 228 5056 5056 3072 228 5057 5057 3073 223 5058 5058 3074 223 5059 5059 3075 223 5060 5060 3073 223 5061 5061 3075 223 5062 5062 3076 223 5063 5063 3077 233 5064 5064 3078 233 5065 5065 3079 233 5066 5066 3077 233 5067 5067 3079 233 5068 5068 3080 233 5069 5069 3081 224 5070 5070 3082 224 5071 5071 3083 224 5072 5072 3081 224 5073 5073 3083 224 5074 5074 3084 224 5075 5075 3085 228 5076 5076 3086 228 5077 5077 3087 228 5078 5078 3085 228 5079 5079 3087 228 5080 5080 3088 228 5081 5081 3089 223 5082 5082 3090 223 5083 5083 3091 223 5084 5084 3089 223 5085 5085 3091 223 5086 5086 3092 223 5087 5087 3093 233 5088 5088 3094 233 5089 5089 3095 233 5090 5090 3093 233 5091 5091 3095 233 5092 5092 3096 233 5093 5093 3097 1691 5094 5094 3098 577 5095 5095 3099 1692 5096 5096 3097 1691 5097 5097 3099 1692 5098 5098 3100 1693 5099 5099 3101 233 5100 5100 3102 233 5101 5101 3103 233 5102 5102 3101 1694 5103 5103 3103 1694 5104 5104 3104 1694 5105 5105 3105 1695 5106 5106 3106 1696 5107 5107 3107 1697 5108 5108 3105 1695 5109 5109 3107 1697 5110 5110 3108 1698 5111 5111 3109 1699 5112 5112 3110 1699 5113 5113 3111 1699 5114 5114 3109 1700 5115 5115 3111 1700 5116 5116 3112 1700 5117 5117 3113 1701 5118 5118 3114 1702 5119 5119 3115 1703 5120 5120 3113 1701 5121 5121 3115 1703 5122 5122 3116 1704 5123 5123 3117 1705 5124 5124 3118 1706 5125 5125 3106 1696 5126 5126 3117 1705 5127 5127 3106 1696 5128 5128 3105 1695 5129 5129 3119 1707 5130 5130 3120 1708 5131 5131 3114 1702 5132 5132 3119 1707 5133 5133 3114 1702 5134 5134 3113 1701 5135 5135 3122 1709 5136 5136 3120 1708 5137 5137 3119 1707 5138 5138 3101 1710 5139 5139 3123 1710 5140 5140 3124 1710 5141 5141 3101 233 5142 5142 3124 233 5143 5143 3102 233 5144 5144 3125 1711 5145 5145 3126 1711 5146 5146 3127 1711 5147 5147 3125 579 5148 5148 3127 579 5149 5149 3128 579 5150 5150 3108 1698 5151 5151 3107 1697 5152 5152 3100 1693 5153 5153 3108 1698 5154 5154 3100 1693 5155 5155 3099 1692 5156 5156 3116 1704 5157 5157 3115 1703 5158 5158 3129 1712 5159 5159 3116 1704 5160 5160 3129 1712 5161 5161 3130 1713 5162 5162 3124 233 5163 5163 3123 233 5164 5164 3131 233 5165 5165 3124 233 5166 5166 3131 233 5167 5167 3132 233 5168 5168 3104 1714 5169 5169 3103 1715 5170 5170 3133 1716 5171 5171 3104 1717 5172 5172 3133 1718 5173 5173 3134 1718 5174 5174 3130 1713 5175 5175 3129 1712 5176 5176 3135 1719 5177 5177 3130 1713 5178 5178 3135 1719 5179 5179 3136 588 5180 5180 3137 233 5181 5181 3138 233 5182 5182 3139 233 5183 5183 3137 233 5184 5184 3139 233 5185 5185 3140 233 5186 5186 3141 233 5187 5187 3142 233 5188 5188 3143 233 5189 5189 3141 233 5190 5190 3143 233 5191 5191 3144 233 5192 5192 3145 228 5193 5193 3146 228 5194 5194 3147 228 5195 5195 3145 228 5196 5196 3147 228 5197 5197 3148 228 5198 5198 3138 233 5199 5199 3137 233 5200 5200 3149 233 5201 5201 3138 233 5202 5202 3149 233 5203 5203 3150 233 5204 5204 3151 1720 5205 5205 3152 1720 5206 5206 3153 1720 5207 5207 3151 638 5208 5208 3153 638 5209 5209 3154 638 5210 5210 3155 224 5211 5211 3156 224 5212 5212 3157 224 5213 5213 3155 224 5214 5214 3157 224 5215 5215 3158 224 5216 5216 3159 1721 5217 5217 3160 1721 5218 5218 3161 1721 5219 5219 3159 1722 5220 5220 3161 1722 5221 5221 3162 1722 5222 5222 3163 1723 5223 5223 3164 1723 5224 5224 3165 1723 5225 5225 3163 1724 5226 5226 3165 1724 5227 5227 3166 1724 5228 5228 3167 228 5229 5229 3168 228 5230 5230 3169 228 5231 5231 3167 228 5232 5232 3169 228 5233 5233 3170 228 5234 5234 3171 228 5235 5235 3172 228 5236 5236 3173 228 5237 5237 3171 228 5238 5238 3173 228 5239 5239 3174 228 5240 5240 3142 233 5241 5241 3141 233 5242 5242 3175 233 5243 5243 3142 233 5244 5244 3175 233 5245 5245 3176 233 5246 5246 3177 1720 5247 5247 3178 1720 5248 5248 3179 1720 5249 5249 3177 638 5250 5250 3179 638 5251 5251 3180 638 5252 5252 3181 224 5253 5253 3182 224 5254 5254 3183 224 5255 5255 3181 224 5256 5256 3183 224 5257 5257 3184 224 5258 5258 3185 1721 5259 5259 3186 1721 5260 5260 3187 1721 5261 5261 3185 1722 5262 5262 3187 1722 5263 5263 3188 1722 5264 5264 3189 1723 5265 5265 3190 1723 5266 5266 3191 1723 5267 5267 3189 1724 5268 5268 3191 1724 5269 5269 3192 1724 5270 5270 3174 228 5271 5271 3173 228 5272 5272 3193 228 5273 5273 3174 228 5274 5274 3193 228 5275 5275 3194 228 5276 5276 3195 1725 5277 5277 3196 1726 5278 5278 3197 1727 5279 5279 3195 1725 5280 5280 3197 1727 5281 5281 3198 1728 5282 5282 3198 1728 5283 5283 3197 1727 5284 5284 3199 1729 5285 5285 3198 1728 5286 5286 3199 1729 5287 5287 3200 1730 5288 5288 3201 1731 5289 5289 3202 1732 5290 5290 3203 1733 5291 5291 3201 1731 5292 5292 3203 1733 5293 5293 3204 1734 5294 5294 3204 1734 5295 5295 3203 1733 5296 5296 3205 1735 5297 5297 3204 1734 5298 5298 3205 1735 5299 5299 3206 1736 5300 5300 3207 1737 5301 5301 3208 1738 5302 5302 3209 1739 5303 5303 3207 1737 5304 5304 3209 1739 5305 5305 3210 1740 5306 5306 3210 1740 5307 5307 3209 1739 5308 5308 3211 1741 5309 5309 3210 1740 5310 5310 3211 1741 5311 5311 3212 1742 5312 5312 3213 233 5313 5313 3214 233 5314 5314 3215 233 5315 5315 3213 233 5316 5316 3215 233 5317 5317 3216 233 5318 5318 3217 223 5319 5319 3218 223 5320 5320 3219 223 5321 5321 3217 223 5322 5322 3219 223 5323 5323 3220 223 5324 5324 3221 228 5325 5325 3222 228 5326 5326 3223 228 5327 5327 3221 228 5328 5328 3223 228 5329 5329 3224 228 5330 5330 3225 233 5331 5331 3226 233 5332 5332 3227 233 5333 5333 3225 233 5334 5334 3227 233 5335 5335 3228 233 5336 5336 3229 638 5337 5337 3230 638 5338 5338 3231 638 5339 5339 3229 638 5340 5340 3231 638 5341 5341 3232 638 5342 5342 3233 223 5343 5343 3234 223 5344 5344 3235 223 5345 5345 3233 223 5346 5346 3235 223 5347 5347 3236 223 5348 5348 3237 228 5349 5349 3238 228 5350 5350 3239 228 5351 5351 3237 228 5352 5352 3239 228 5353 5353 3240 228 5354 5354 3241 638 5355 5355 3242 638 5356 5356 3243 638 5357 5357 3241 638 5358 5358 3243 638 5359 5359 3244 638 5360 5360 538 1743 5361 5361 3248 1744 5362 5362 3249 1745 5363 5363 538 1743 5364 5364 3249 1745 5365 5365 539 1746 5366 5366 3250 1747 5367 5367 3251 1748 5368 5368 3252 1749 5369 5369 3250 1747 5370 5370 3252 1749 5371 5371 3253 1750 5372 5372 3254 1751 5373 5373 3255 1752 5374 5374 3256 1753 5375 5375 3254 1751 5376 5376 3256 1753 5377 5377 3257 1754 5378 5378 3258 1755 5379 5379 3259 1756 5380 5380 3260 1757 5381 5381 3258 1755 5382 5382 3260 1757 5383 5383 3261 1758 5384 5384 3262 1759 5385 5385 3263 1760 5386 5386 3264 1761 5387 5387 3262 1759 5388 5388 3264 1761 5389 5389 3265 1762 5390 5390 3279 1763 5391 5391 3286 1764 5392 5392 3287 1765 5393 5393 3279 1763 5394 5394 3287 1765 5395 5395 3280 1766 5396 5396 3292 1767 5397 5397 3293 1768 5398 5398 3294 1769 5399 5399 3292 1767 5400 5400 3294 1769 5401 5401 3295 1770 5402 5402 3286 1764 5403 5403 3296 1771 5404 5404 3297 1772 5405 5405 3286 1764 5406 5406 3297 1772 5407 5407 3287 1765 5408 5408 3288 1773 5409 5409 3298 1774 5410 5410 3289 1775 5411 5411 3290 1776 5412 5412 3299 1777 5413 5413 3291 1778 5414 5414 3302 1779 5415 5415 3303 1780 5416 5416 3304 1781 5417 5417 3302 1779 5418 5418 3304 1781 5419 5419 3305 1782 5420 5420 3318 1783 5421 5421 3320 1784 5422 5422 3321 1785 5423 5423 3318 1783 5424 5424 3321 1785 5425 5425 3319 1786 5426 5426 3320 1784 5427 5427 3322 1787 5428 5428 3323 1788 5429 5429 3320 1784 5430 5430 3323 1788 5431 5431 3321 1785 5432 5432 3322 1787 5433 5433 3324 1789 5434 5434 3325 1790 5435 5435 3322 1787 5436 5436 3325 1790 5437 5437 3323 1788 5438 5438 3324 1789 5439 5439 3326 1791 5440 5440 3327 1792 5441 5441 3324 1789 5442 5442 3327 1792 5443 5443 3325 1790 5444 5444 3326 1791 5445 5445 3328 1793 5446 5446 3329 1794 5447 5447 3326 1791 5448 5448 3329 1794 5449 5449 3327 1792 5450 5450 3330 224 5451 5451 3331 224 5452 5452 3332 224 5453 5453 3330 224 5454 5454 3332 224 5455 5455 3333 224 5456 5456 3334 224 5457 5457 3335 224 5458 5458 3336 224 5459 5459 3334 224 5460 5460 3336 224 5461 5461 3337 224 5462 5462 3338 638 5463 5463 3339 638 5464 5464 3340 638 5465 5465 3338 638 5466 5466 3340 638 5467 5467 3341 638 5468 5468 3342 638 5469 5469 3343 638 5470 5470 3344 638 5471 5471 3342 638 5472 5472 3344 638 5473 5473 3345 638 5474 5474 3346 1795 5475 5475 3347 1796 5476 5476 3348 1797 5477 5477 3346 1795 5478 5478 3348 1797 5479 5479 3349 1798 5480 5480 3350 635 5481 5481 3351 1638 5482 5482 3352 1639 5483 5483 3350 635 5484 5484 3352 1639 5485 5485 3353 635 5486 5486 3354 1799 5487 5487 3355 1799 5488 5488 3356 1799 5489 5489 3354 228 5490 5490 3356 228 5491 5491 821 228 5492 5492 833 1800 5493 5493 3357 1801 5494 5494 3358 1802 5495 5495 833 1800 5496 5496 3358 1802 5497 5497 3354 228 5498 5498 824 233 5499 5499 3359 233 5500 5500 834 233 5501 5501 824 233 5502 5502 834 233 5503 5503 828 233 5504 5504 3360 1803 5505 5505 3346 1795 5506 5506 3349 1798 5507 5507 3360 1803 5508 5508 3349 1798 5509 5509 3361 1804 5510 5510 824 233 5511 5511 828 233 5512 5512 830 233 5513 5513 824 233 5514 5514 830 233 5515 5515 822 233 5516 5516 3362 223 5517 5517 3363 223 5518 5518 3364 223 5519 5519 3362 223 5520 5520 3364 223 5521 5521 3365 223 5522 5522 3366 228 5523 5523 3367 228 5524 5524 3368 228 5525 5525 3366 228 5526 5526 3368 228 5527 5527 3369 228 5528 5528 3375 1805 5529 5529 3373 1805 5530 5530 3374 1805 5531 5531 3373 1806 5532 5532 3375 1806 5533 5533 3370 1806 5534 5534 3373 233 5535 5535 3370 233 5536 5536 3372 233 5537 5537 3372 1807 5538 5538 3370 1807 5539 5539 3371 1807 5540 5540 3378 233 5541 5541 3376 233 5542 5542 3377 233 5543 5543 3376 233 5544 5544 3378 233 5545 5545 3379 233 5546 5546 3376 233 5547 5547 3379 233 5548 5548 3381 233 5549 5549 3381 233 5550 5550 3379 233 5551 5551 3380 233 5552 5552 3384 233 5553 5553 3382 233 5554 5554 3383 233 5555 5555 3382 233 5556 5556 3384 233 5557 5557 3385 233 5558 5558 3382 233 5559 5559 3385 233 5560 5560 3387 233 5561 5561 3387 233 5562 5562 3385 233 5563 5563 3386 233 5564 5564 3394 228 5565 5565 3392 228 5566 5566 3393 228 5567 5567 3392 228 5568 5568 3394 228 5569 5569 3395 228 5570 5570 3392 228 5571 5571 3395 228 5572 5572 3391 228 5573 5573 3391 228 5574 5574 3395 228 5575 5575 3388 228 5576 5576 3391 228 5577 5577 3388 228 5578 5578 3390 228 5579 5579 3390 228 5580 5580 3388 228 5581 5581 3389 228 5582 5582 3401 233 5583 5583 3399 233 5584 5584 3400 233 5585 5585 3399 233 5586 5586 3401 233 5587 5587 3402 233 5588 5588 3399 233 5589 5589 3402 233 5590 5590 3398 233 5591 5591 3398 233 5592 5592 3402 233 5593 5593 3403 233 5594 5594 3398 233 5595 5595 3403 233 5596 5596 3397 233 5597 5597 3397 233 5598 5598 3403 233 5599 5599 3396 233 5600 5600 3408 1808 5601 5601 3406 1808 5602 5602 3407 1808 5603 5603 3406 1809 5604 5604 3408 1809 5605 5605 3405 1809 5606 5606 3405 1810 5607 5607 3408 1810 5608 5608 3409 1810 5609 5609 3405 1811 5610 5610 3409 1811 5611 5611 3404 1811 5612 5612 3413 228 5613 5613 3411 228 5614 5614 3412 228 5615 5615 3411 228 5616 5616 3413 228 5617 5617 3414 228 5618 5618 3411 228 5619 5619 3414 228 5620 5620 3410 228 5621 5621 3418 233 5622 5622 3416 233 5623 5623 3417 233 5624 5624 3416 233 5625 5625 3418 233 5626 5626 3419 233 5627 5627 3416 233 5628 5628 3419 233 5629 5629 3415 233 5630 5630 3415 233 5631 5631 3419 233 5632 5632 3420 233 5633 5633 3426 228 5634 5634 3424 228 5635 5635 3425 228 5636 5636 3424 228 5637 5637 3426 228 5638 5638 3421 228 5639 5639 3424 228 5640 5640 3421 228 5641 5641 3423 228 5642 5642 3423 228 5643 5643 3421 228 5644 5644 3422 228 5645 5645 3432 228 5646 5646 3430 228 5647 5647 3431 228 5648 5648 3430 228 5649 5649 3432 228 5650 5650 3427 228 5651 5651 3430 228 5652 5652 3427 228 5653 5653 3429 228 5654 5654 3429 228 5655 5655 3427 228 5656 5656 3428 228 5657 5657 3436 233 5658 5658 3437 233 5659 5659 3438 233 5660 5660 3436 233 5661 5661 3438 233 5662 5662 3435 233 5663 5663 3435 233 5664 5664 3438 233 5665 5665 3433 233 5666 5666 3435 233 5667 5667 3433 233 5668 5668 3434 233 5669 5669 3444 1812 5670 5670 3442 1812 5671 5671 3443 1812 5672 5672 3442 1813 5673 5673 3444 1813 5674 5674 3445 1813 5675 5675 3442 1814 5676 5676 3445 1814 5677 5677 3441 1814 5678 5678 3441 1815 5679 5679 3445 1815 5680 5680 3439 1815 5681 5681 3441 1816 5682 5682 3439 1816 5683 5683 3440 1816 5684 5684 3451 1817 5685 5685 3449 1818 5686 5686 3450 1819 5687 5687 3449 1818 5688 5688 3451 1817 5689 5689 3452 1820 5690 5690 3449 1818 5691 5691 3452 1820 5692 5692 3448 1821 5693 5693 3448 1821 5694 5694 3452 1820 5695 5695 3447 1822 5696 5696 3447 1823 5697 5697 3453 1824 5698 5698 3446 1825 5699 5699 3466 228 5700 5700 3464 228 5701 5701 3465 228 5702 5702 3464 228 5703 5703 3466 228 5704 5704 3461 228 5705 5705 3464 228 5706 5706 3461 228 5707 5707 3463 228 5708 5708 3463 228 5709 5709 3461 228 5710 5710 3462 228 5711 5711 3471 233 5712 5712 3469 233 5713 5713 3470 233 5714 5714 3469 233 5715 5715 3471 233 5716 5716 3472 233 5717 5717 3469 233 5718 5718 3472 233 5719 5719 3468 233 5720 5720 3468 233 5721 5721 3472 233 5722 5722 3467 233 5723 5723 3476 1826 5724 5724 3474 1826 5725 5725 3475 1826 5726 5726 3474 1827 5727 5727 3476 1827 5728 5728 3473 1827 5729 5729 3473 1828 5730 5730 3476 1828 5731 5731 3477 1828 5732 5732 3473 1829 5733 5733 3477 1829 5734 5734 3478 1829 5735 5735 3483 1830 5736 5736 3481 1830 5737 5737 3482 1830 5738 5738 3481 1831 5739 5739 3483 1831 5740 5740 3480 1831 5741 5741 3480 1832 5742 5742 3483 1832 5743 5743 3484 1832 5744 5744 3480 1833 5745 5745 3484 1833 5746 5746 3479 1833 5747 5747 3489 1834 5748 5748 3487 1834 5749 5749 3488 1834 5750 5750 3487 1835 5751 5751 3489 1835 5752 5752 3486 1835 5753 5753 3486 1836 5754 5754 3489 1836 5755 5755 3490 1836 5756 5756 3486 1837 5757 5757 3490 1837 5758 5758 3485 1837 5759 5759 3497 228 5760 5760 3495 228 5761 5761 3496 228 5762 5762 3495 228 5763 5763 3497 228 5764 5764 3498 228 5765 5765 3495 228 5766 5766 3498 228 5767 5767 3494 228 5768 5768 3494 228 5769 5769 3498 228 5770 5770 3491 228 5771 5771 3494 228 5772 5772 3491 228 5773 5773 3493 228 5774 5774 3493 228 5775 5775 3491 228 5776 5776 3492 228 5777 5777 3504 233 5778 5778 3502 233 5779 5779 3503 233 5780 5780 3502 233 5781 5781 3504 233 5782 5782 3505 233 5783 5783 3502 233 5784 5784 3505 233 5785 5785 3501 233 5786 5786 3501 233 5787 5787 3505 233 5788 5788 3506 233 5789 5789 3501 233 5790 5790 3506 233 5791 5791 3500 233 5792 5792 3500 233 5793 5793 3506 233 5794 5794 3499 233 5795 5795 3512 1838 5796 5796 3510 1838 5797 5797 3511 1838 5798 5798 3510 1839 5799 5799 3512 1839 5800 5800 3513 1839 5801 5801 3510 1840 5802 5802 3513 1840 5803 5803 3509 1840 5804 5804 3509 1841 5805 5805 3513 1841 5806 5806 3507 1841 5807 5807 3509 1842 5808 5808 3507 1842 5809 5809 3508 1842 5810 5810 3518 233 5811 5811 3516 233 5812 5812 3517 233 5813 5813 3516 233 5814 5814 3518 233 5815 5815 3519 233 5816 5816 3516 233 5817 5817 3519 233 5818 5818 3515 233 5819 5819 3515 233 5820 5820 3519 233 5821 5821 3520 233 5822 5822 3515 233 5823 5823 3520 233 5824 5824 3514 233 5825 5825 3524 1843 5826 5826 3522 1843 5827 5827 3523 1843 5828 5828 3522 1844 5829 5829 3524 1844 5830 5830 3521 1844 5831 5831 3521 228 5832 5832 3524 228 5833 5833 3525 228 5834 5834 3521 1845 5835 5835 3525 1845 5836 5836 3526 1845 5837 5837 3532 228 5838 5838 3530 228 5839 5839 3531 228 5840 5840 3530 228 5841 5841 3532 228 5842 5842 3533 228 5843 5843 3530 228 5844 5844 3533 228 5845 5845 3529 228 5846 5846 3529 228 5847 5847 3533 228 5848 5848 3527 228 5849 5849 3529 228 5850 5850 3527 228 5851 5851 3528 228 5852 5852 3538 233 5853 5853 3536 233 5854 5854 3537 233 5855 5855 3536 233 5856 5856 3538 233 5857 5857 3539 233 5858 5858 3536 233 5859 5859 3539 233 5860 5860 3535 233 5861 5861 3535 233 5862 5862 3539 233 5863 5863 3540 233 5864 5864 3535 233 5865 5865 3540 233 5866 5866 3534 233 5867 5867 3541 1846 5868 5868 768 474 5869 5869 770 476 5870 5870 768 474 5871 5871 3541 1846 5872 5872 3312 1847 5873 5873 768 474 5874 5874 3312 1847 5875 5875 3311 1848 5876 5876 3546 1849 5877 5877 3544 1850 5878 5878 3545 1851 5879 5879 3544 1850 5880 5880 3546 1849 5881 5881 3547 1852 5882 5882 3544 1850 5883 5883 3547 1852 5884 5884 3543 1853 5885 5885 3543 1853 5886 5886 3547 1852 5887 5887 3548 1854 5888 5888 3543 1853 5889 5889 3548 1854 5890 5890 3542 1855 5891 5891 3552 1856 5892 5892 3550 1857 5893 5893 3551 1858 5894 5894</p>
        </triangles>
      </mesh>
    </geometry>
  </library_geometries>
  <library_visual_scenes>
    <visual_scene id="Scene" name="Scene">
      <node id="Loader_car_Loader_car_Material_0_001" name="Loader_car_Loader_car_Material_0.001" type="NODE">
        <matrix sid="transform">-4.37114e-8 -1.19249e-8 -1 0 1 -5.21253e-16 -4.37114e-8 0 0 -1 1.19249e-8 0 0 0 0 1</matrix>
        <instance_geometry url="#Loader_car_Loader_car_Material_0_001-mesh" name="Loader_car_Loader_car_Material_0.001">
          <bind_material>
            <technique_common>
              <instance_material symbol="Loader_car_Material-material" target="#Loader_car_Material-material">
                <bind_vertex_input semantic="UVMap" input_semantic="TEXCOORD" input_set="0"/>
              </instance_material>
            </technique_common>
          </bind_material>
        </instance_geometry>
      </node>
      <node id="Sketchfab_model" name="Sketchfab_model" type="NODE">
        <matrix sid="transform">1 0 0 0 0 -1.34359e-7 1 0 0 -1 -1.34359e-7 0 0 0 0 1</matrix>
        <node id="Loader_car_fbx" name="Loader_car.fbx" type="NODE">
          <matrix sid="transform">1 0 0 0 0 -1.34359e-7 -1 0 0 1 -1.34359e-7 0 0 0 0 1</matrix>
          <node id="RootNode" name="RootNode" type="NODE">
            <matrix sid="transform">1 0 0 0 0 1 0 0 0 0 1 0 0 0 0 1</matrix>
            <node id="Loader_car" name="Loader_car" type="NODE">
              <matrix sid="transform">1 0 0 0.003193973 0 -3.02946e-7 0.9999999 39.97567 0 -0.9999999 -3.02946e-7 0.3859854 0 0 0 1</matrix>
              <node id="Loader_car_Loader_car_Material_0" name="Loader_car_Loader_car_Material_0" type="NODE">
                <matrix sid="transform">1 0 0 -2.32831e-10 0 1 2.84217e-14 1.90621e-8 0 -2.84217e-14 1 0 0 0 0 1</matrix>
                <instance_geometry url="#Loader_car_Loader_car_Material_0-mesh" name="Loader_car_Loader_car_Material_0">
                  <bind_material>
                    <technique_common>
                      <instance_material symbol="Loader_car_Material-material" target="#Loader_car_Material-material">
                        <bind_vertex_input semantic="UVMap" input_semantic="TEXCOORD" input_set="0"/>
                      </instance_material>
                    </technique_common>
                  </bind_material>
                </instance_geometry>
              </node>
            </node>
          </node>
        </node>
      </node>
      <node id="Camera" name="Camera" type="NODE">
        <matrix sid="transform">0.6859207 -0.3240135 0.6515582 7.358891 0.7276763 0.3054208 -0.6141704 -6.925791 0 0.8953956 0.4452714 4.958309 0 0 0 1</matrix>
        <instance_camera url="#Camera-camera"/>
      </node>
      <node id="Light" name="Light" type="NODE">
        <matrix sid="transform">-0.2908646 -0.7711008 0.5663932 4.076245 0.9551712 -0.1998834 0.2183912 1.005454 -0.05518906 0.6045247 0.7946723 5.903862 0 0 0 1</matrix>
        <instance_light url="#Light-light"/>
      </node>
    </visual_scene>
  </library_visual_scenes>
  <scene>
    <instance_visual_scene url="#Scene"/>
  </scene>
</COLLADA>