<?xml version="1.0" encoding="utf-8"?>
<COLLADA xmlns="http://www.collada.org/2005/11/COLLADASchema" version="1.4.1" xmlns:xsi="http://www.w3.org/2001/XMLSchema-instance">
  <asset>
    <contributor>
      <author>Blender User</author>
      <authoring_tool>Blender 4.4.0 commit date:2025-03-17, commit time:17:00, hash:05377985c527</authoring_tool>
    </contributor>
    <created>2025-03-31T13:39:21</created>
    <modified>2025-03-31T13:39:21</modified>
    <unit name="meter" meter="1"/>
    <up_axis>Z_UP</up_axis>
  </asset>
  <library_cameras>
    <camera id="Camera-camera" name="Camera">
      <optics>
        <technique_common>
          <perspective>
            <xfov sid="xfov">39.59775</xfov>
            <aspect_ratio>1.777778</aspect_ratio>
            <znear sid="znear">0.1</znear>
            <zfar sid="zfar">100</zfar>
          </perspective>
        </technique_common>
      </optics>
      <extra>
        <technique profile="blender">
          <shiftx sid="shiftx" type="float">0</shiftx>
          <shifty sid="shifty" type="float">0</shifty>
          <dof_distance sid="dof_distance" type="float">10</dof_distance>
        </technique>
      </extra>
    </camera>
  </library_cameras>
  <library_lights>
    <light id="Light-light" name="Light">
      <technique_common>
        <directional>
          <color sid="color">1000 1000 1000</color>
        </directional>
      </technique_common>
      <extra>
        <technique profile="blender">
          <type sid="type" type="int">1</type>
          <flag sid="flag" type="int">0</flag>
          <mode sid="mode" type="int">2097153</mode>
          <red sid="red" type="float">1</red>
          <green sid="green" type="float">1</green>
          <blue sid="blue" type="float">1</blue>
          <energy sid="blender_energy" type="float">1000</energy>
          <spotsize sid="spotsize" type="float">75</spotsize>
          <spotblend sid="spotblend" type="float">0.15</spotblend>
          <clipsta sid="clipsta" type="float">0.04999995</clipsta>
          <clipend sid="clipend" type="float">40</clipend>
          <radius sid="radius" type="float">0.1</radius>
          <area_shape sid="area_shape" type="int">1</area_shape>
          <area_size sid="area_size" type="float">0.1</area_size>
          <area_sizey sid="area_sizey" type="float">0.1</area_sizey>
          <area_sizez sid="area_sizez" type="float">1</area_sizez>
        </technique>
      </extra>
    </light>
  </library_lights>
  <library_effects>
    <effect id="mat_2_001-effect">
      <profile_COMMON>
        <newparam sid="Image_004-surface">
          <surface type="2D">
            <init_from>Image_004</init_from>
          </surface>
        </newparam>
        <newparam sid="Image_004-sampler">
          <sampler2D>
            <source>Image_004-surface</source>
          </sampler2D>
        </newparam>
        <technique sid="common">
          <lambert>
            <emission>
              <color sid="emission">0 0 0 1</color>
            </emission>
            <diffuse>
              <texture texture="Image_004-sampler" texcoord="UVMap"/>
            </diffuse>
            <index_of_refraction>
              <float sid="ior">1.5</float>
            </index_of_refraction>
          </lambert>
        </technique>
      </profile_COMMON>
    </effect>
    <effect id="mat_1_001-effect">
      <profile_COMMON>
        <newparam sid="Image_002-surface">
          <surface type="2D">
            <init_from>Image_002</init_from>
          </surface>
        </newparam>
        <newparam sid="Image_002-sampler">
          <sampler2D>
            <source>Image_002-surface</source>
          </sampler2D>
        </newparam>
        <technique sid="common">
          <lambert>
            <emission>
              <color sid="emission">0 0 0 1</color>
            </emission>
            <diffuse>
              <texture texture="Image_002-sampler" texcoord="UVMap"/>
            </diffuse>
            <index_of_refraction>
              <float sid="ior">1.5</float>
            </index_of_refraction>
          </lambert>
        </technique>
      </profile_COMMON>
    </effect>
    <effect id="mat_0_001-effect">
      <profile_COMMON>
        <newparam sid="Image-surface">
          <surface type="2D">
            <init_from>Image</init_from>
          </surface>
        </newparam>
        <newparam sid="Image-sampler">
          <sampler2D>
            <source>Image-surface</source>
          </sampler2D>
        </newparam>
        <technique sid="common">
          <lambert>
            <emission>
              <color sid="emission">0 0 0 1</color>
            </emission>
            <diffuse>
              <texture texture="Image-sampler" texcoord="UVMap"/>
            </diffuse>
            <index_of_refraction>
              <float sid="ior">1.5</float>
            </index_of_refraction>
          </lambert>
        </technique>
      </profile_COMMON>
    </effect>
    <effect id="mat_6-effect">
      <profile_COMMON>
        <newparam sid="__jpg-surface">
          <surface type="2D">
            <init_from>__jpg</init_from>
          </surface>
        </newparam>
        <newparam sid="__jpg-sampler">
          <sampler2D>
            <source>__jpg-surface</source>
          </sampler2D>
        </newparam>
        <technique sid="common">
          <lambert>
            <emission>
              <color sid="emission">0 0 0 1</color>
            </emission>
            <diffuse>
              <texture texture="__jpg-sampler" texcoord="UVMap"/>
            </diffuse>
            <index_of_refraction>
              <float sid="ior">1.5</float>
            </index_of_refraction>
          </lambert>
        </technique>
      </profile_COMMON>
    </effect>
    <effect id="mat_4-effect">
      <profile_COMMON>
        <newparam sid="__png-surface">
          <surface type="2D">
            <init_from>__png</init_from>
          </surface>
        </newparam>
        <newparam sid="__png-sampler">
          <sampler2D>
            <source>__png-surface</source>
          </sampler2D>
        </newparam>
        <technique sid="common">
          <lambert>
            <emission>
              <color sid="emission">0 0 0 1</color>
            </emission>
            <diffuse>
              <texture texture="__png-sampler" texcoord="UVMap"/>
            </diffuse>
            <index_of_refraction>
              <float sid="ior">1.5</float>
            </index_of_refraction>
          </lambert>
        </technique>
      </profile_COMMON>
    </effect>
    <effect id="mat_3-effect">
      <profile_COMMON>
        <newparam sid="__png2-surface">
          <surface type="2D">
            <init_from>__png2</init_from>
          </surface>
        </newparam>
        <newparam sid="__png2-sampler">
          <sampler2D>
            <source>__png2-surface</source>
          </sampler2D>
        </newparam>
        <technique sid="common">
          <lambert>
            <emission>
              <color sid="emission">0 0 0 1</color>
            </emission>
            <diffuse>
              <texture texture="__png2-sampler" texcoord="UVMap"/>
            </diffuse>
            <index_of_refraction>
              <float sid="ior">1.5</float>
            </index_of_refraction>
          </lambert>
        </technique>
      </profile_COMMON>
    </effect>
    <effect id="mat_2-effect">
      <profile_COMMON>
        <newparam sid="__png3-surface">
          <surface type="2D">
            <init_from>__png3</init_from>
          </surface>
        </newparam>
        <newparam sid="__png3-sampler">
          <sampler2D>
            <source>__png3-surface</source>
          </sampler2D>
        </newparam>
        <technique sid="common">
          <lambert>
            <emission>
              <color sid="emission">0 0 0 1</color>
            </emission>
            <diffuse>
              <texture texture="__png3-sampler" texcoord="UVMap"/>
            </diffuse>
            <index_of_refraction>
              <float sid="ior">1.5</float>
            </index_of_refraction>
          </lambert>
        </technique>
      </profile_COMMON>
    </effect>
    <effect id="mat_1-effect">
      <profile_COMMON>
        <newparam sid="__png4-surface">
          <surface type="2D">
            <init_from>__png4</init_from>
          </surface>
        </newparam>
        <newparam sid="__png4-sampler">
          <sampler2D>
            <source>__png4-surface</source>
          </sampler2D>
        </newparam>
        <technique sid="common">
          <lambert>
            <emission>
              <color sid="emission">0 0 0 1</color>
            </emission>
            <diffuse>
              <texture texture="__png4-sampler" texcoord="UVMap"/>
            </diffuse>
            <index_of_refraction>
              <float sid="ior">1.5</float>
            </index_of_refraction>
          </lambert>
        </technique>
      </profile_COMMON>
    </effect>
  </library_effects>
  <library_images>
    <image id="Image" name="Image">
      <init_from>Image.jpg</init_from>
    </image>
    <image id="Image_002" name="Image_002">
      <init_from>Image.002.png</init_from>
    </image>
    <image id="Image_004" name="Image_004">
      <init_from>Image.004.png</init_from>
    </image>
    <image id="__jpg" name="__jpg">
      <init_from>6.jpg</init_from>
    </image>
    <image id="__png" name="__png">
      <init_from>4.png</init_from>
    </image>
    <image id="__png2" name="__png2">
      <init_from>3.png</init_from>
    </image>
    <image id="__png3" name="__png3">
      <init_from>2.png</init_from>
    </image>
    <image id="__png4" name="__png4">
      <init_from>1.png</init_from>
    </image>
  </library_images>
  <library_materials>
    <material id="mat_2_001-material" name="mat_2.001">
      <instance_effect url="#mat_2_001-effect"/>
    </material>
    <material id="mat_1_001-material" name="mat_1.001">
      <instance_effect url="#mat_1_001-effect"/>
    </material>
    <material id="mat_0_001-material" name="mat_0.001">
      <instance_effect url="#mat_0_001-effect"/>
    </material>
    <material id="mat_6-material" name="mat_6">
      <instance_effect url="#mat_6-effect"/>
    </material>
    <material id="mat_4-material" name="mat_4">
      <instance_effect url="#mat_4-effect"/>
    </material>
    <material id="mat_3-material" name="mat_3">
      <instance_effect url="#mat_3-effect"/>
    </material>
    <material id="mat_2-material" name="mat_2">
      <instance_effect url="#mat_2-effect"/>
    </material>
    <material id="mat_1-material" name="mat_1">
      <instance_effect url="#mat_1-effect"/>
    </material>
  </library_materials>
  <library_geometries>
    <geometry id="Material2_011-mesh" name="Material2.011">
      <mesh>
        <source id="Material2_011-mesh-positions">
          <float_array id="Material2_011-mesh-positions-array" count="384">-20.18642 0 -49.69708 -20.18642 -114.4375 -49.19708 -20.18642 -114.4375 -49.69708 -20.18642 0 -49.19708 -20.18642 0 -49.19708 -20.18642 0 -49.69708 -20.18642 -114.4375 -49.19708 -20.18642 -114.4375 -49.69708 -20.18642 -114.4375 -49.69708 -22.18642 0 -49.69708 -20.18642 0 -49.69708 -22.18642 -114.4375 -49.69708 -22.18642 -114.4375 -49.69708 -20.18642 -114.4375 -49.69708 -22.18642 0 -49.69708 -20.18642 0 -49.69708 -22.18642 0 -47.69708 -22.18642 -114.4375 -49.69708 -22.18642 -114.4375 -47.69708 -22.18642 0 -49.69708 -22.18642 0 -49.69708 -22.18642 0 -47.69708 -22.18642 -114.4375 -49.69708 -22.18642 -114.4375 -47.69708 -22.18642 0 -47.69708 -21.68642 -114.4375 -47.69708 -21.68642 0 -47.69708 -22.18642 -114.4375 -47.69708 -22.18642 -114.4375 -47.69708 -22.18642 0 -47.69708 -21.68642 -114.4375 -47.69708 -21.68642 0 -47.69708 12.68858 0 -49.19708 12.68858 0 -49.69708 12.68858 -114.4375 -49.19708 12.68858 -114.4375 -49.69708 12.68858 0 -49.69708 12.68858 -114.4375 -49.19708 12.68858 -114.4375 -49.69708 12.68858 0 -49.19708 14.68858 -114.4375 -49.69708 12.68858 -114.4375 -49.69708 14.68858 0 -49.69708 12.68858 0 -49.69708 12.68858 -114.4375 -49.69708 14.68858 0 -49.69708 12.68858 0 -49.69708 14.68858 -114.4375 -49.69708 14.68858 0 -49.69708 14.68858 0 -47.69708 14.68858 -114.4375 -49.69708 14.68858 -114.4375 -47.69708 14.68858 0 -47.69708 14.68858 -114.4375 -49.69708 14.68858 -114.4375 -47.69708 14.68858 0 -49.69708 14.68858 -114.4375 -47.69708 14.68858 0 -47.69708 14.18858 -114.4375 -47.69708 14.18858 0 -47.69708 14.68858 0 -47.69708 14.18858 -114.4375 -47.69708 14.18858 0 -47.69708 14.68858 -114.4375 -47.69708 -20.18642 0 41.55292 -20.18642 0 42.05292 -20.18642 -114.4375 41.55292 -20.18642 -114.4375 42.05292 -20.18642 0 42.05292 -20.18642 -114.4375 41.55292 -20.18642 -114.4375 42.05292 -20.18642 0 41.55292 -22.18642 -114.4375 42.05292 -20.18642 -114.4375 42.05292 -22.18642 0 42.05292 -20.18642 0 42.05292 -20.18642 -114.4375 42.05292 -22.18642 0 42.05292 -20.18642 0 42.05292 -22.18642 -114.4375 42.05292 -22.18642 0 42.05292 -22.18642 0 40.05292 -22.18642 -114.4375 42.05292 -22.18642 -114.4375 40.05292 -22.18642 0 40.05292 -22.18642 -114.4375 42.05292 -22.18642 -114.4375 40.05292 -22.18642 0 42.05292 -22.18642 -114.4375 40.05292 -22.18642 0 40.05292 -21.68642 -114.4375 40.05292 -21.68642 0 40.05292 -22.18642 0 40.05292 -21.68642 -114.4375 40.05292 -21.68642 0 40.05292 -22.18642 -114.4375 40.05292 12.68858 0 42.05292 12.68858 -114.4375 41.55292 12.68858 -114.4375 42.05292 12.68858 0 41.55292 12.68858 0 41.55292 12.68858 0 42.05292 12.68858 -114.4375 41.55292 12.68858 -114.4375 42.05292 12.68858 -114.4375 42.05292 14.68858 0 42.05292 12.68858 0 42.05292 14.68858 -114.4375 42.05292 14.68858 -114.4375 42.05292 12.68858 -114.4375 42.05292 14.68858 0 42.05292 12.68858 0 42.05292 14.68858 0 40.05292 14.68858 -114.4375 42.05292 14.68858 -114.4375 40.05292 14.68858 0 42.05292 14.68858 0 42.05292 14.68858 0 40.05292 14.68858 -114.4375 42.05292 14.68858 -114.4375 40.05292 14.68858 0 40.05292 14.18858 -114.4375 40.05292 14.18858 0 40.05292 14.68858 -114.4375 40.05292 14.68858 -114.4375 40.05292 14.68858 0 40.05292 14.18858 -114.4375 40.05292 14.18858 0 40.05292</float_array>
          <technique_common>
            <accessor source="#Material2_011-mesh-positions-array" count="128" stride="3">
              <param name="X" type="float"/>
              <param name="Y" type="float"/>
              <param name="Z" type="float"/>
            </accessor>
          </technique_common>
        </source>
        <source id="Material2_011-mesh-normals">
          <float_array id="Material2_011-mesh-normals-array" count="24">1 0 0 -1 0 0 0 0 -1 0 0 -1 0 0 1 0 0 1 0 0 -1 0 0 1</float_array>
          <technique_common>
            <accessor source="#Material2_011-mesh-normals-array" count="8" stride="3">
              <param name="X" type="float"/>
              <param name="Y" type="float"/>
              <param name="Z" type="float"/>
            </accessor>
          </technique_common>
        </source>
        <source id="Material2_011-mesh-map-0">
          <float_array id="Material2_011-mesh-map-0-array" count="384">1 0.0926041 0 -0.00821805 0 0.0926041 0 -0.00821805 1 0.0926041 1 -0.00821805 1 -0.00821805 1 0.0926041 0 -0.00821805 0 0.0926041 0 -0.00821805 1 0.0926041 0 0.0926041 1 0.4958912 1 0.0926041 1 0.4958912 0 0.0926041 0 0.4958912 0 0.4958912 0 0.0926041 1 0.4958912 1 0.0926041 1 0.4958912 0 0.0926041 1 0.8991782 0 0.4958912 0 0.8991782 0 0.4958912 1 0.8991782 1 0.4958912 1 0.4958912 1 0.8991782 0 0.4958912 0 0.8991782 0 0.4958912 1 0.8991782 1 0.8991782 0 1 1 1 0 1 1 0.8991782 0 0.8991782 0 0.8991782 1 0.8991782 0 1 1 1 0 1 1 0.8991782 1 -0.00821805 1 0.0926041 0 -0.00821805 0 0.0926041 0 -0.00821805 1 0.0926041 1 0.0926041 0 -0.00821805 0 0.0926041 0 -0.00821805 1 0.0926041 1 -0.00821805 0 0.4958912 0 0.0926041 1 0.4958912 1 0.0926041 1 0.4958912 0 0.0926041 0 0.0926041 1 0.4958912 1 0.0926041 1 0.4958912 0 0.0926041 0 0.4958912 1 0.4958912 1 0.8991782 0 0.4958912 0 0.8991782 0 0.4958912 1 0.8991782 1 0.8991782 0 0.4958912 0 0.8991782 0 0.4958912 1 0.8991782 1 0.4958912 0 0.8991782 1 0.8991782 0 1 1 1 0 1 1 0.8991782 1 0.8991782 0 1 1 1 0 1 1 0.8991782 0 0.8991782 1 -0.00821805 1 0.0926041 0 -0.00821805 0 0.0926041 0 -0.00821805 1 0.0926041 1 0.0926041 0 -0.00821805 0 0.0926041 0 -0.00821805 1 0.0926041 1 -0.00821805 0 0.4958912 0 0.0926041 1 0.4958912 1 0.0926041 1 0.4958912 0 0.0926041 0 0.0926041 1 0.4958912 1 0.0926041 1 0.4958912 0 0.0926041 0 0.4958912 1 0.4958912 1 0.8991782 0 0.4958912 0 0.8991782 0 0.4958912 1 0.8991782 1 0.8991782 0 0.4958912 0 0.8991782 0 0.4958912 1 0.8991782 1 0.4958912 0 0.8991782 1 0.8991782 0 1 1 1 0 1 1 0.8991782 1 0.8991782 0 1 1 1 0 1 1 0.8991782 0 0.8991782 1 0.0926041 0 -0.00821805 0 0.0926041 0 -0.00821805 1 0.0926041 1 -0.00821805 1 -0.00821805 1 0.0926041 0 -0.00821805 0 0.0926041 0 -0.00821805 1 0.0926041 0 0.0926041 1 0.4958912 1 0.0926041 1 0.4958912 0 0.0926041 0 0.4958912 0 0.4958912 0 0.0926041 1 0.4958912 1 0.0926041 1 0.4958912 0 0.0926041 1 0.8991782 0 0.4958912 0 0.8991782 0 0.4958912 1 0.8991782 1 0.4958912 1 0.4958912 1 0.8991782 0 0.4958912 0 0.8991782 0 0.4958912 1 0.8991782 1 0.8991782 0 1 1 1 0 1 1 0.8991782 0 0.8991782 0 0.8991782 1 0.8991782 0 1 1 1 0 1 1 0.8991782</float_array>
          <technique_common>
            <accessor source="#Material2_011-mesh-map-0-array" count="192" stride="2">
              <param name="S" type="float"/>
              <param name="T" type="float"/>
            </accessor>
          </technique_common>
        </source>
        <vertices id="Material2_011-mesh-vertices">
          <input semantic="POSITION" source="#Material2_011-mesh-positions"/>
        </vertices>
        <triangles material="mat_2_001-material" count="64">
          <input semantic="VERTEX" source="#Material2_011-mesh-vertices" offset="0"/>
          <input semantic="NORMAL" source="#Material2_011-mesh-normals" offset="1"/>
          <input semantic="TEXCOORD" source="#Material2_011-mesh-map-0" offset="2" set="0"/>
          <p>0 0 0 1 0 1 2 0 2 1 0 3 0 0 4 3 0 5 4 1 6 5 1 7 6 1 8 7 1 9 6 1 10 5 1 11 8 2 12 9 2 13 10 2 14 9 3 15 8 3 16 11 3 17 12 4 18 13 4 19 14 4 20 15 4 21 14 4 22 13 4 23 16 1 24 17 1 25 18 1 26 17 1 27 16 1 28 19 1 29 20 0 30 21 0 31 22 0 32 23 0 33 22 0 34 21 0 35 24 4 36 25 4 37 26 4 38 25 4 39 24 4 40 27 4 41 28 3 42 29 3 43 30 3 44 31 3 45 30 3 46 29 3 47 32 1 48 33 1 49 34 1 50 35 1 51 34 1 52 33 1 53 36 0 54 37 0 55 38 0 56 37 0 57 36 0 58 39 0 59 40 3 60 41 3 61 42 3 62 43 3 63 42 3 64 41 3 65 44 5 66 45 5 67 46 5 68 45 4 69 44 4 70 47 4 71 48 0 72 49 0 73 50 0 74 51 0 75 50 0 76 49 0 77 52 1 78 53 1 79 54 1 80 53 1 81 52 1 82 55 1 83 56 4 84 57 4 85 58 4 86 59 4 87 58 4 88 57 4 89 60 3 90 61 3 91 62 3 92 61 3 93 60 3 94 63 3 95 64 0 96 65 0 97 66 0 98 67 0 99 66 0 100 65 0 101 68 1 102 69 1 103 70 1 104 69 1 105 68 1 106 71 1 107 72 4 108 73 4 109 74 4 110 75 4 111 74 4 112 73 4 113 76 6 114 77 6 115 78 6 116 77 3 117 76 3 118 79 3 119 80 1 120 81 1 121 82 1 122 83 1 123 82 1 124 81 1 125 84 0 126 85 0 127 86 0 128 85 0 129 84 0 130 87 0 131 88 3 132 89 3 133 90 3 134 91 3 135 90 3 136 89 3 137 92 4 138 93 4 139 94 4 140 93 4 141 92 4 142 95 4 143 96 1 144 97 1 145 98 1 146 97 1 147 96 1 148 99 1 149 100 0 150 101 0 151 102 0 152 103 0 153 102 0 154 101 0 155 104 7 156 105 7 157 106 7 158 105 4 159 104 4 160 107 4 161 108 3 162 109 3 163 110 3 164 111 3 165 110 3 166 109 3 167 112 0 168 113 0 169 114 0 170 113 0 171 112 0 172 115 0 173 116 1 174 117 1 175 118 1 176 119 1 177 118 1 178 117 1 179 120 3 180 121 3 181 122 3 182 121 3 183 120 3 184 123 3 185 124 4 186 125 4 187 126 4 188 127 4 189 126 4 190 125 4 191</p>
        </triangles>
      </mesh>
    </geometry>
    <geometry id="Material2_010-mesh" name="Material2.010">
      <mesh>
        <source id="Material2_010-mesh-positions">
          <float_array id="Material2_010-mesh-positions-array" count="600">-21.68642 -111.8125 -49.19708 14.18858 -109.5625 -49.19708 -21.68642 -109.5625 -49.19708 14.18858 -111.8125 -49.19708 14.18858 -111.8125 -49.19708 -21.68642 -111.8125 -49.19708 14.18858 -109.5625 -49.19708 -21.68642 -109.5625 -49.19708 -21.68642 -109.5625 41.55292 -21.68642 -111.8125 -49.19708 -21.68642 -109.5625 -49.19708 -21.68642 -111.8125 41.55292 -21.68642 -111.8125 41.55292 -21.68642 -109.5625 41.55292 -21.68642 -111.8125 -49.19708 -21.68642 -109.5625 -49.19708 -21.68642 -111.8125 41.55292 14.18858 -111.8125 -49.19708 -21.68642 -111.8125 -49.19708 14.18858 -111.8125 41.55292 14.18858 -111.8125 41.55292 -21.68642 -111.8125 41.55292 14.18858 -111.8125 -49.19708 -21.68642 -111.8125 -49.19708 14.18858 -111.8125 41.55292 14.18858 -109.5625 -49.19708 14.18858 -111.8125 -49.19708 14.18858 -109.5625 41.55292 14.18858 -109.5625 41.55292 14.18858 -111.8125 41.55292 14.18858 -109.5625 -49.19708 14.18858 -111.8125 -49.19708 14.18858 -109.5625 41.55292 -21.68642 -111.8125 41.55292 -21.68642 -109.5625 41.55292 14.18858 -111.8125 41.55292 14.18858 -111.8125 41.55292 14.18858 -109.5625 41.55292 -21.68642 -111.8125 41.55292 -21.68642 -109.5625 41.55292 14.18858 -85.8125 41.55292 -21.68642 -85.8125 41.55292 14.18858 -83.5625 41.55292 -21.68642 -83.5625 41.55292 -21.68642 -85.8125 41.55292 14.18858 -83.5625 41.55292 -21.68642 -83.5625 41.55292 14.18858 -85.8125 41.55292 -21.68642 -85.8125 -49.19708 -21.68642 -83.5625 -49.19708 -21.68642 -85.8125 41.55292 -21.68642 -83.5625 41.55292 -21.68642 -83.5625 -49.19708 -21.68642 -85.8125 41.55292 -21.68642 -83.5625 41.55292 -21.68642 -85.8125 -49.19708 14.18858 -85.8125 -49.19708 -21.68642 -85.8125 -49.19708 14.18858 -85.8125 41.55292 -21.68642 -85.8125 41.55292 -21.68642 -85.8125 -49.19708 14.18858 -85.8125 41.55292 -21.68642 -85.8125 41.55292 14.18858 -85.8125 -49.19708 14.18858 -83.5625 -49.19708 14.18858 -85.8125 -49.19708 14.18858 -83.5625 41.55292 14.18858 -85.8125 41.55292 14.18858 -85.8125 -49.19708 14.18858 -83.5625 41.55292 14.18858 -85.8125 41.55292 14.18858 -83.5625 -49.19708 14.18858 -85.8125 -49.19708 14.18858 -83.5625 -49.19708 -21.68642 -85.8125 -49.19708 -21.68642 -83.5625 -49.19708 14.18858 -83.5625 -49.19708 -21.68642 -85.8125 -49.19708 -21.68642 -83.5625 -49.19708 14.18858 -85.8125 -49.19708 -21.68642 -59.8125 -49.19708 14.18858 -57.5625 -49.19708 -21.68642 -57.5625 -49.19708 14.18858 -59.8125 -49.19708 14.18858 -59.8125 -49.19708 -21.68642 -59.8125 -49.19708 14.18858 -57.5625 -49.19708 -21.68642 -57.5625 -49.19708 -21.68642 -57.5625 41.55292 -21.68642 -59.8125 -49.19708 -21.68642 -57.5625 -49.19708 -21.68642 -59.8125 41.55292 -21.68642 -59.8125 41.55292 -21.68642 -57.5625 41.55292 -21.68642 -59.8125 -49.19708 -21.68642 -57.5625 -49.19708 -21.68642 -59.8125 41.55292 14.18858 -59.8125 -49.19708 -21.68642 -59.8125 -49.19708 14.18858 -59.8125 41.55292 14.18858 -59.8125 41.55292 -21.68642 -59.8125 41.55292 14.18858 -59.8125 -49.19708 -21.68642 -59.8125 -49.19708 14.18858 -59.8125 41.55292 14.18858 -57.5625 -49.19708 14.18858 -59.8125 -49.19708 14.18858 -57.5625 41.55292 14.18858 -57.5625 41.55292 14.18858 -59.8125 41.55292 14.18858 -57.5625 -49.19708 14.18858 -59.8125 -49.19708 14.18858 -57.5625 41.55292 -21.68642 -59.8125 41.55292 -21.68642 -57.5625 41.55292 14.18858 -59.8125 41.55292 14.18858 -59.8125 41.55292 14.18858 -57.5625 41.55292 -21.68642 -59.8125 41.55292 -21.68642 -57.5625 41.55292 -21.68642 -33.8125 -49.19708 14.18858 -33.8125 -49.19708 -21.68642 -31.5625 -49.19708 14.18858 -31.5625 -49.19708 14.18858 -33.8125 -49.19708 -21.68642 -31.5625 -49.19708 14.18858 -31.5625 -49.19708 -21.68642 -33.8125 -49.19708 14.18858 -33.8125 41.55292 14.18858 -31.5625 41.55292 14.18858 -33.8125 -49.19708 14.18858 -31.5625 -49.19708 14.18858 -31.5625 41.55292 14.18858 -33.8125 -49.19708 14.18858 -31.5625 -49.19708 14.18858 -33.8125 41.55292 -21.68642 -33.8125 41.55292 14.18858 -33.8125 41.55292 -21.68642 -33.8125 -49.19708 14.18858 -33.8125 -49.19708 14.18858 -33.8125 41.55292 -21.68642 -33.8125 -49.19708 14.18858 -33.8125 -49.19708 -21.68642 -33.8125 41.55292 -21.68642 -31.5625 41.55292 -21.68642 -33.8125 41.55292 -21.68642 -31.5625 -49.19708 -21.68642 -33.8125 -49.19708 -21.68642 -33.8125 41.55292 -21.68642 -31.5625 -49.19708 -21.68642 -33.8125 -49.19708 -21.68642 -31.5625 41.55292 -21.68642 -33.8125 41.55292 -21.68642 -31.5625 41.55292 14.18858 -33.8125 41.55292 14.18858 -31.5625 41.55292 -21.68642 -31.5625 41.55292 14.18858 -33.8125 41.55292 14.18858 -31.5625 41.55292 -21.68642 -33.8125 41.55292 14.18858 -7.8125 41.55292 -21.68642 -7.8125 41.55292 14.18858 -5.5625 41.55292 -21.68642 -5.5625 41.55292 -21.68642 -7.8125 41.55292 14.18858 -5.5625 41.55292 -21.68642 -5.5625 41.55292 14.18858 -7.8125 41.55292 -21.68642 -7.8125 -49.19708 -21.68642 -5.5625 -49.19708 -21.68642 -7.8125 41.55292 -21.68642 -5.5625 41.55292 -21.68642 -5.5625 -49.19708 -21.68642 -7.8125 41.55292 -21.68642 -5.5625 41.55292 -21.68642 -7.8125 -49.19708 14.18858 -7.8125 -49.19708 -21.68642 -7.8125 -49.19708 14.18858 -7.8125 41.55292 -21.68642 -7.8125 41.55292 -21.68642 -7.8125 -49.19708 14.18858 -7.8125 41.55292 -21.68642 -7.8125 41.55292 14.18858 -7.8125 -49.19708 14.18858 -5.5625 -49.19708 14.18858 -7.8125 -49.19708 14.18858 -5.5625 41.55292 14.18858 -7.8125 41.55292 14.18858 -7.8125 -49.19708 14.18858 -5.5625 41.55292 14.18858 -7.8125 41.55292 14.18858 -5.5625 -49.19708 14.18858 -7.8125 -49.19708 14.18858 -5.5625 -49.19708 -21.68642 -7.8125 -49.19708 -21.68642 -5.5625 -49.19708 14.18858 -5.5625 -49.19708 -21.68642 -7.8125 -49.19708 -21.68642 -5.5625 -49.19708 14.18858 -7.8125 -49.19708</float_array>
          <technique_common>
            <accessor source="#Material2_010-mesh-positions-array" count="200" stride="3">
              <param name="X" type="float"/>
              <param name="Y" type="float"/>
              <param name="Z" type="float"/>
            </accessor>
          </technique_common>
        </source>
        <source id="Material2_010-mesh-normals">
          <float_array id="Material2_010-mesh-normals-array" count="18">0 0 1 0 0 -1 1 0 0 -1 0 0 0 1 0 0 -1 0</float_array>
          <technique_common>
            <accessor source="#Material2_010-mesh-normals-array" count="6" stride="3">
              <param name="X" type="float"/>
              <param name="Y" type="float"/>
              <param name="Z" type="float"/>
            </accessor>
          </technique_common>
        </source>
        <source id="Material2_010-mesh-map-0">
          <float_array id="Material2_010-mesh-map-0-array" count="600">0.9762663 0.0557276 0.9998856 0.9442725 0.9998856 0.0557276 0.9998856 0.9442725 0.9762663 0.0557276 0.9762663 0.9442725 0.9762663 0.9442725 0.9762663 0.0557276 0.9998856 0.9442725 0.9998856 0.0557276 0.9998856 0.9442725 0.9762663 0.0557276 0.02361935 0 0.9762663 0.0557276 0.9762663 0 0.9762663 0.0557276 0.02361935 0 0.02361935 0.0557276 0.02361935 0.0557276 0.02361935 0 0.9762663 0.0557276 0.9762663 0 0.9762663 0.0557276 0.02361935 0 0.02361935 0.0557276 0.9762663 0.9442725 0.9762663 0.0557276 0.9762663 0.9442725 0.02361935 0.0557276 0.02361935 0.9442725 0.02361935 0.9442725 0.02361935 0.0557276 0.9762663 0.9442725 0.9762663 0.0557276 0.9762663 0.9442725 0.02361935 0.0557276 0.02361935 0.9442725 0.9762663 1 0.9762663 0.9442725 0.9762663 1 0.02361935 0.9442725 0.02361935 1 0.02361935 1 0.02361935 0.9442725 0.9762663 1 0.9762663 0.9442725 0.9762663 1 0.02361935 0.9442725 0 0.9442725 0.02361935 0.0557276 0 0.0557276 0.02361935 0.0557276 0 0.9442725 0.02361935 0.9442725 0.02361935 0.9442725 0 0.9442725 0.02361935 0.0557276 0 0.0557276 0.02361935 0.0557276 0 0.9442725 0.9762663 0.9442725 0.9762663 0.0557276 0.9998856 0.9442725 0.9998856 0.0557276 0.9998856 0.9442725 0.9762663 0.0557276 0.9762663 0.0557276 0.9998856 0.9442725 0.9998856 0.0557276 0.9998856 0.9442725 0.9762663 0.0557276 0.9762663 0.9442725 0.02361935 0.0557276 0.02361935 0 0.9762663 0.0557276 0.9762663 0 0.9762663 0.0557276 0.02361935 0 0.02361935 0 0.9762663 0.0557276 0.9762663 0 0.9762663 0.0557276 0.02361935 0 0.02361935 0.0557276 0.02361935 0.9442725 0.02361935 0.0557276 0.9762663 0.9442725 0.9762663 0.0557276 0.9762663 0.9442725 0.02361935 0.0557276 0.02361935 0.0557276 0.9762663 0.9442725 0.9762663 0.0557276 0.9762663 0.9442725 0.02361935 0.0557276 0.02361935 0.9442725 0.02361935 1 0.02361935 0.9442725 0.9762663 1 0.9762663 0.9442725 0.9762663 1 0.02361935 0.9442725 0.02361935 0.9442725 0.9762663 1 0.9762663 0.9442725 0.9762663 1 0.02361935 0.9442725 0.02361935 1 0.02361935 0.9442725 0 0.9442725 0.02361935 0.0557276 0 0.0557276 0.02361935 0.0557276 0 0.9442725 0 0.9442725 0.02361935 0.0557276 0 0.0557276 0.02361935 0.0557276 0 0.9442725 0.02361935 0.9442725 0.9762663 0.0557276 0.9998856 0.9442725 0.9998856 0.0557276 0.9998856 0.9442725 0.9762663 0.0557276 0.9762663 0.9442725 0.9762663 0.9442725 0.9762663 0.0557276 0.9998856 0.9442725 0.9998856 0.0557276 0.9998856 0.9442725 0.9762663 0.0557276 0.02361935 0 0.9762663 0.0557276 0.9762663 0 0.9762663 0.0557276 0.02361935 0 0.02361935 0.0557276 0.02361935 0.0557276 0.02361935 0 0.9762663 0.0557276 0.9762663 0 0.9762663 0.0557276 0.02361935 0 0.02361935 0.0557276 0.9762663 0.9442725 0.9762663 0.0557276 0.9762663 0.9442725 0.02361935 0.0557276 0.02361935 0.9442725 0.02361935 0.9442725 0.02361935 0.0557276 0.9762663 0.9442725 0.9762663 0.0557276 0.9762663 0.9442725 0.02361935 0.0557276 0.02361935 0.9442725 0.9762663 1 0.9762663 0.9442725 0.9762663 1 0.02361935 0.9442725 0.02361935 1 0.02361935 1 0.02361935 0.9442725 0.9762663 1 0.9762663 0.9442725 0.9762663 1 0.02361935 0.9442725 0 0.9442725 0.02361935 0.0557276 0 0.0557276 0.02361935 0.0557276 0 0.9442725 0.02361935 0.9442725 0.02361935 0.9442725 0 0.9442725 0.02361935 0.0557276 0 0.0557276 0.02361935 0.0557276 0 0.9442725 0.9762663 0.9442725 0.9762663 0.0557276 0.9998856 0.9442725 0.9998856 0.0557276 0.9998856 0.9442725 0.9762663 0.0557276 0.9762663 0.0557276 0.9998856 0.9442725 0.9998856 0.0557276 0.9998856 0.9442725 0.9762663 0.0557276 0.9762663 0.9442725 0.02361935 0.0557276 0.02361935 0 0.9762663 0.0557276 0.9762663 0 0.9762663 0.0557276 0.02361935 0 0.02361935 0 0.9762663 0.0557276 0.9762663 0 0.9762663 0.0557276 0.02361935 0 0.02361935 0.0557276 0.02361935 0.9442725 0.02361935 0.0557276 0.9762663 0.9442725 0.9762663 0.0557276 0.9762663 0.9442725 0.02361935 0.0557276 0.02361935 0.0557276 0.9762663 0.9442725 0.9762663 0.0557276 0.9762663 0.9442725 0.02361935 0.0557276 0.02361935 0.9442725 0.02361935 1 0.02361935 0.9442725 0.9762663 1 0.9762663 0.9442725 0.9762663 1 0.02361935 0.9442725 0.02361935 0.9442725 0.9762663 1 0.9762663 0.9442725 0.9762663 1 0.02361935 0.9442725 0.02361935 1 0.02361935 0.9442725 0 0.9442725 0.02361935 0.0557276 0 0.0557276 0.02361935 0.0557276 0 0.9442725 0 0.9442725 0.02361935 0.0557276 0 0.0557276 0.02361935 0.0557276 0 0.9442725 0.02361935 0.9442725 0.9762663 0.9442725 0.9762663 0.0557276 0.9998856 0.9442725 0.9998856 0.0557276 0.9998856 0.9442725 0.9762663 0.0557276 0.9762663 0.0557276 0.9998856 0.9442725 0.9998856 0.0557276 0.9998856 0.9442725 0.9762663 0.0557276 0.9762663 0.9442725 0.02361935 0.0557276 0.02361935 0 0.9762663 0.0557276 0.9762663 0 0.9762663 0.0557276 0.02361935 0 0.02361935 0 0.9762663 0.0557276 0.9762663 0 0.9762663 0.0557276 0.02361935 0 0.02361935 0.0557276 0.02361935 0.9442725 0.02361935 0.0557276 0.9762663 0.9442725 0.9762663 0.0557276 0.9762663 0.9442725 0.02361935 0.0557276 0.02361935 0.0557276 0.9762663 0.9442725 0.9762663 0.0557276 0.9762663 0.9442725 0.02361935 0.0557276 0.02361935 0.9442725 0.02361935 1 0.02361935 0.9442725 0.9762663 1 0.9762663 0.9442725 0.9762663 1 0.02361935 0.9442725 0.02361935 0.9442725 0.9762663 1 0.9762663 0.9442725 0.9762663 1 0.02361935 0.9442725 0.02361935 1 0.02361935 0.9442725 0 0.9442725 0.02361935 0.0557276 0 0.0557276 0.02361935 0.0557276 0 0.9442725 0 0.9442725 0.02361935 0.0557276 0 0.0557276 0.02361935 0.0557276 0 0.9442725 0.02361935 0.9442725</float_array>
          <technique_common>
            <accessor source="#Material2_010-mesh-map-0-array" count="300" stride="2">
              <param name="S" type="float"/>
              <param name="T" type="float"/>
            </accessor>
          </technique_common>
        </source>
        <vertices id="Material2_010-mesh-vertices">
          <input semantic="POSITION" source="#Material2_010-mesh-positions"/>
        </vertices>
        <triangles material="mat_1_001-material" count="100">
          <input semantic="VERTEX" source="#Material2_010-mesh-vertices" offset="0"/>
          <input semantic="NORMAL" source="#Material2_010-mesh-normals" offset="1"/>
          <input semantic="TEXCOORD" source="#Material2_010-mesh-map-0" offset="2" set="0"/>
          <p>0 0 0 1 0 1 2 0 2 1 0 3 0 0 4 3 0 5 4 1 6 5 1 7 6 1 8 7 1 9 6 1 10 5 1 11 8 2 12 9 2 13 10 2 14 9 2 15 8 2 16 11 2 17 12 3 18 13 3 19 14 3 20 15 3 21 14 3 22 13 3 23 16 4 24 17 4 25 18 4 26 17 4 27 16 4 28 19 4 29 20 5 30 21 5 31 22 5 32 23 5 33 22 5 34 21 5 35 24 3 36 25 3 37 26 3 38 25 3 39 24 3 40 27 3 41 28 2 42 29 2 43 30 2 44 31 2 45 30 2 46 29 2 47 32 1 48 33 1 49 34 1 50 33 1 51 32 1 52 35 1 53 36 0 54 37 0 55 38 0 56 39 0 57 38 0 58 37 0 59 40 1 60 41 1 61 42 1 62 43 1 63 42 1 64 41 1 65 44 0 66 45 0 67 46 0 68 45 0 69 44 0 70 47 0 71 48 2 72 49 2 73 50 2 74 51 2 75 50 2 76 49 2 77 52 3 78 53 3 79 54 3 80 53 3 81 52 3 82 55 3 83 56 4 84 57 4 85 58 4 86 59 4 87 58 4 88 57 4 89 60 5 90 61 5 91 62 5 92 61 5 93 60 5 94 63 5 95 64 3 96 65 3 97 66 3 98 67 3 99 66 3 100 65 3 101 68 2 102 69 2 103 70 2 104 69 2 105 68 2 106 71 2 107 72 0 108 73 0 109 74 0 110 75 0 111 74 0 112 73 0 113 76 1 114 77 1 115 78 1 116 77 1 117 76 1 118 79 1 119 80 0 120 81 0 121 82 0 122 81 0 123 80 0 124 83 0 125 84 1 126 85 1 127 86 1 128 87 1 129 86 1 130 85 1 131 88 2 132 89 2 133 90 2 134 89 2 135 88 2 136 91 2 137 92 3 138 93 3 139 94 3 140 95 3 141 94 3 142 93 3 143 96 4 144 97 4 145 98 4 146 97 4 147 96 4 148 99 4 149 100 5 150 101 5 151 102 5 152 103 5 153 102 5 154 101 5 155 104 3 156 105 3 157 106 3 158 105 3 159 104 3 160 107 3 161 108 2 162 109 2 163 110 2 164 111 2 165 110 2 166 109 2 167 112 1 168 113 1 169 114 1 170 113 1 171 112 1 172 115 1 173 116 0 174 117 0 175 118 0 176 119 0 177 118 0 178 117 0 179 120 0 180 121 0 181 122 0 182 123 0 183 122 0 184 121 0 185 124 1 186 125 1 187 126 1 188 125 1 189 124 1 190 127 1 191 128 3 192 129 3 193 130 3 194 131 3 195 130 3 196 129 3 197 132 2 198 133 2 199 134 2 200 133 2 201 132 2 202 135 2 203 136 4 204 137 4 205 138 4 206 139 4 207 138 4 208 137 4 209 140 5 210 141 5 211 142 5 212 141 5 213 140 5 214 143 5 215 144 2 216 145 2 217 146 2 218 147 2 219 146 2 220 145 2 221 148 3 222 149 3 223 150 3 224 149 3 225 148 3 226 151 3 227 152 1 228 153 1 229 154 1 230 155 1 231 154 1 232 153 1 233 156 0 234 157 0 235 158 0 236 157 0 237 156 0 238 159 0 239 160 1 240 161 1 241 162 1 242 163 1 243 162 1 244 161 1 245 164 0 246 165 0 247 166 0 248 165 0 249 164 0 250 167 0 251 168 2 252 169 2 253 170 2 254 171 2 255 170 2 256 169 2 257 172 3 258 173 3 259 174 3 260 173 3 261 172 3 262 175 3 263 176 4 264 177 4 265 178 4 266 179 4 267 178 4 268 177 4 269 180 5 270 181 5 271 182 5 272 181 5 273 180 5 274 183 5 275 184 3 276 185 3 277 186 3 278 187 3 279 186 3 280 185 3 281 188 2 282 189 2 283 190 2 284 189 2 285 188 2 286 191 2 287 192 0 288 193 0 289 194 0 290 195 0 291 194 0 292 193 0 293 196 1 294 197 1 295 198 1 296 197 1 297 196 1 298 199 1 299</p>
        </triangles>
      </mesh>
    </geometry>
    <geometry id="Material2_009-mesh" name="Material2.009">
      <mesh>
        <source id="Material2_009-mesh-positions">
          <float_array id="Material2_009-mesh-positions-array" count="1560">14.18858 -29.25 10.48382 -16.49892 -29.25 35.98382 -16.49892 -29.25 10.48382 14.18858 -29.25 35.98382 14.18858 -29.25 35.98382 14.18858 -29.25 10.48382 -16.49892 -29.25 35.98382 -16.49892 -29.25 10.48382 14.18858 -7.8125 10.48382 14.18858 -29.25 35.98382 14.18858 -29.25 10.48382 14.18858 -7.8125 35.98382 14.18858 -7.8125 35.98382 14.18858 -7.8125 10.48382 14.18858 -29.25 35.98382 14.18858 -29.25 10.48382 -16.49892 -29.25 35.98382 14.18858 -7.8125 35.98382 -16.49892 -7.8125 35.98382 14.18858 -29.25 35.98382 14.18858 -29.25 35.98382 -16.49892 -29.25 35.98382 14.18858 -7.8125 35.98382 -16.49892 -7.8125 35.98382 -16.49892 -29.25 35.98382 -16.49892 -7.8125 10.48382 -16.49892 -29.25 10.48382 -16.49892 -7.8125 35.98382 -16.49892 -7.8125 35.98382 -16.49892 -29.25 35.98382 -16.49892 -7.8125 10.48382 -16.49892 -29.25 10.48382 14.18858 -29.25 10.48382 -16.49892 -7.8125 10.48382 14.18858 -7.8125 10.48382 -16.49892 -29.25 10.48382 -16.49892 -29.25 10.48382 14.18858 -29.25 10.48382 -16.49892 -7.8125 10.48382 14.18858 -7.8125 10.48382 11.96293 -133.25 -45.65584 -17.15824 -133.25 -18.38077 -18.67055 -133.25 -43.83588 13.47525 -133.25 -20.20073 13.47525 -133.25 -20.20073 11.96293 -133.25 -45.65584 -17.15824 -133.25 -18.38077 -18.67055 -133.25 -43.83588 11.96293 -111.8125 -45.65584 13.47525 -133.25 -20.20073 11.96293 -133.25 -45.65584 13.47525 -111.8125 -20.20073 13.47525 -111.8125 -20.20073 11.96293 -111.8125 -45.65584 13.47525 -133.25 -20.20073 11.96293 -133.25 -45.65584 -17.15824 -133.25 -18.38077 13.47525 -111.8125 -20.20073 -17.15824 -111.8125 -18.38077 13.47525 -133.25 -20.20073 13.47525 -133.25 -20.20073 -17.15824 -133.25 -18.38077 13.47525 -111.8125 -20.20073 -17.15824 -111.8125 -18.38077 -17.15824 -133.25 -18.38077 -18.67055 -111.8125 -43.83588 -18.67055 -133.25 -43.83588 -17.15824 -111.8125 -18.38077 -17.15824 -111.8125 -18.38077 -17.15824 -133.25 -18.38077 -18.67055 -111.8125 -43.83588 -18.67055 -133.25 -43.83588 11.96293 -133.25 -45.65584 -18.67055 -111.8125 -43.83588 11.96293 -111.8125 -45.65584 -18.67055 -133.25 -43.83588 -18.67055 -133.25 -43.83588 11.96293 -133.25 -45.65584 -18.67055 -111.8125 -43.83588 11.96293 -111.8125 -45.65584 11.50108 -133.25 12.48382 -19.18642 -133.25 37.98382 -19.18642 -133.25 12.48382 11.50108 -133.25 37.98382 11.50108 -133.25 37.98382 11.50108 -133.25 12.48382 -19.18642 -133.25 37.98382 -19.18642 -133.25 12.48382 11.50108 -111.8125 12.48382 11.50108 -133.25 37.98382 11.50108 -133.25 12.48382 11.50108 -111.8125 37.98382 11.50108 -111.8125 37.98382 11.50108 -111.8125 12.48382 11.50108 -133.25 37.98382 11.50108 -133.25 12.48382 -19.18642 -133.25 37.98382 11.50108 -111.8125 37.98382 -19.18642 -111.8125 37.98382 11.50108 -133.25 37.98382 11.50108 -133.25 37.98382 -19.18642 -133.25 37.98382 11.50108 -111.8125 37.98382 -19.18642 -111.8125 37.98382 -19.18642 -133.25 37.98382 -19.18642 -111.8125 12.48382 -19.18642 -133.25 12.48382 -19.18642 -111.8125 37.98382 -19.18642 -111.8125 37.98382 -19.18642 -133.25 37.98382 -19.18642 -111.8125 12.48382 -19.18642 -133.25 12.48382 11.50108 -133.25 12.48382 -19.18642 -111.8125 12.48382 11.50108 -111.8125 12.48382 -19.18642 -133.25 12.48382 -19.18642 -133.25 12.48382 11.50108 -133.25 12.48382 -19.18642 -111.8125 12.48382 11.50108 -111.8125 12.48382 10.12608 -133.25 -15.76618 -20.56142 -133.25 9.73382 -20.56142 -133.25 -15.76618 10.12608 -133.25 9.73382 10.12608 -133.25 9.73382 10.12608 -133.25 -15.76618 -20.56142 -133.25 9.73382 -20.56142 -133.25 -15.76618 10.12608 -111.8125 -15.76618 10.12608 -133.25 9.73382 10.12608 -133.25 -15.76618 10.12608 -111.8125 9.73382 10.12608 -111.8125 9.73382 10.12608 -111.8125 -15.76618 10.12608 -133.25 9.73382 10.12608 -133.25 -15.76618 -20.56142 -133.25 9.73382 10.12608 -111.8125 9.73382 -20.56142 -111.8125 9.73382 10.12608 -133.25 9.73382 10.12608 -133.25 9.73382 -20.56142 -133.25 9.73382 10.12608 -111.8125 9.73382 -20.56142 -111.8125 9.73382 -20.56142 -133.25 9.73382 -20.56142 -111.8125 -15.76618 -20.56142 -133.25 -15.76618 -20.56142 -111.8125 9.73382 -20.56142 -111.8125 9.73382 -20.56142 -133.25 9.73382 -20.56142 -111.8125 -15.76618 -20.56142 -133.25 -15.76618 10.12608 -133.25 -15.76618 -20.56142 -111.8125 -15.76618 10.12608 -111.8125 -15.76618 -20.56142 -133.25 -15.76618 -20.56142 -133.25 -15.76618 10.12608 -133.25 -15.76618 -20.56142 -111.8125 -15.76618 10.12608 -111.8125 -15.76618 14.18858 -107.25 -45.32868 -16.49892 -107.25 -19.82868 -16.49892 -107.25 -45.32868 14.18858 -107.25 -19.82868 14.18858 -107.25 -19.82868 14.18858 -107.25 -45.32868 -16.49892 -107.25 -19.82868 -16.49892 -107.25 -45.32868 14.18858 -85.8125 -45.32868 14.18858 -107.25 -19.82868 14.18858 -107.25 -45.32868 14.18858 -85.8125 -19.82868 14.18858 -85.8125 -19.82868 14.18858 -85.8125 -45.32868 14.18858 -107.25 -19.82868 14.18858 -107.25 -45.32868 -16.49892 -107.25 -19.82868 14.18858 -85.8125 -19.82868 -16.49892 -85.8125 -19.82868 14.18858 -107.25 -19.82868 14.18858 -107.25 -19.82868 -16.49892 -107.25 -19.82868 14.18858 -85.8125 -19.82868 -16.49892 -85.8125 -19.82868 -16.49892 -107.25 -19.82868 -16.49892 -85.8125 -45.32868 -16.49892 -107.25 -45.32868 -16.49892 -85.8125 -19.82868 -16.49892 -85.8125 -19.82868 -16.49892 -107.25 -19.82868 -16.49892 -85.8125 -45.32868 -16.49892 -107.25 -45.32868 14.18858 -107.25 -45.32868 -16.49892 -85.8125 -45.32868 14.18858 -85.8125 -45.32868 -16.49892 -107.25 -45.32868 -16.49892 -107.25 -45.32868 14.18858 -107.25 -45.32868 -16.49892 -85.8125 -45.32868 14.18858 -85.8125 -45.32868 10.43858 -107.25 -13.64118 -20.24892 -107.25 11.85882 -20.24892 -107.25 -13.64118 10.43858 -107.25 11.85882 10.43858 -107.25 11.85882 10.43858 -107.25 -13.64118 -20.24892 -107.25 11.85882 -20.24892 -107.25 -13.64118 10.43858 -85.8125 -13.64118 10.43858 -107.25 11.85882 10.43858 -107.25 -13.64118 10.43858 -85.8125 11.85882 10.43858 -85.8125 11.85882 10.43858 -85.8125 -13.64118 10.43858 -107.25 11.85882 10.43858 -107.25 -13.64118 -20.24892 -107.25 11.85882 10.43858 -85.8125 11.85882 -20.24892 -85.8125 11.85882 10.43858 -107.25 11.85882 10.43858 -107.25 11.85882 -20.24892 -107.25 11.85882 10.43858 -85.8125 11.85882 -20.24892 -85.8125 11.85882 -20.24892 -107.25 11.85882 -20.24892 -85.8125 -13.64118 -20.24892 -107.25 -13.64118 -20.24892 -85.8125 11.85882 -20.24892 -85.8125 11.85882 -20.24892 -107.25 11.85882 -20.24892 -85.8125 -13.64118 -20.24892 -107.25 -13.64118 10.43858 -107.25 -13.64118 -20.24892 -85.8125 -13.64118 10.43858 -85.8125 -13.64118 -20.24892 -107.25 -13.64118 -20.24892 -107.25 -13.64118 10.43858 -107.25 -13.64118 -20.24892 -85.8125 -13.64118 10.43858 -85.8125 -13.64118 14.18858 -81.25 -15.76618 -16.49892 -81.25 9.73382 -16.49892 -81.25 -15.76618 14.18858 -81.25 9.73382 14.18858 -81.25 9.73382 14.18858 -81.25 -15.76618 -16.49892 -81.25 9.73382 -16.49892 -81.25 -15.76618 14.18858 -59.8125 -15.76618 14.18858 -81.25 9.73382 14.18858 -81.25 -15.76618 14.18858 -59.8125 9.73382 14.18858 -59.8125 9.73382 14.18858 -59.8125 -15.76618 14.18858 -81.25 9.73382 14.18858 -81.25 -15.76618 -16.49892 -81.25 9.73382 14.18858 -59.8125 9.73382 -16.49892 -59.8125 9.73382 14.18858 -81.25 9.73382 14.18858 -81.25 9.73382 -16.49892 -81.25 9.73382 14.18858 -59.8125 9.73382 -16.49892 -59.8125 9.73382 -16.49892 -81.25 9.73382 -16.49892 -59.8125 -15.76618 -16.49892 -81.25 -15.76618 -16.49892 -59.8125 9.73382 -16.49892 -59.8125 9.73382 -16.49892 -81.25 9.73382 -16.49892 -59.8125 -15.76618 -16.49892 -81.25 -15.76618 14.18858 -81.25 -15.76618 -16.49892 -59.8125 -15.76618 14.18858 -59.8125 -15.76618 -16.49892 -81.25 -15.76618 -16.49892 -81.25 -15.76618 14.18858 -81.25 -15.76618 -16.49892 -59.8125 -15.76618 14.18858 -59.8125 -15.76618 10.43858 -81.25 -44.70368 -20.24892 -81.25 -19.20368 -20.24892 -81.25 -44.70368 10.43858 -81.25 -19.20368 10.43858 -81.25 -19.20368 10.43858 -81.25 -44.70368 -20.24892 -81.25 -19.20368 -20.24892 -81.25 -44.70368 10.43858 -59.8125 -44.70368 10.43858 -81.25 -19.20368 10.43858 -81.25 -44.70368 10.43858 -59.8125 -19.20368 10.43858 -59.8125 -19.20368 10.43858 -59.8125 -44.70368 10.43858 -81.25 -19.20368 10.43858 -81.25 -44.70368 -20.24892 -81.25 -19.20368 10.43858 -59.8125 -19.20368 -20.24892 -59.8125 -19.20368 10.43858 -81.25 -19.20368 10.43858 -81.25 -19.20368 -20.24892 -81.25 -19.20368 10.43858 -59.8125 -19.20368 -20.24892 -59.8125 -19.20368 -20.24892 -81.25 -19.20368 -20.24892 -59.8125 -44.70368 -20.24892 -81.25 -44.70368 -20.24892 -59.8125 -19.20368 -20.24892 -59.8125 -19.20368 -20.24892 -81.25 -19.20368 -20.24892 -59.8125 -44.70368 -20.24892 -81.25 -44.70368 10.43858 -81.25 -44.70368 -20.24892 -59.8125 -44.70368 10.43858 -59.8125 -44.70368 -20.24892 -81.25 -44.70368 -20.24892 -81.25 -44.70368 10.43858 -81.25 -44.70368 -20.24892 -59.8125 -44.70368 10.43858 -59.8125 -44.70368 11.50108 -81.25 12.92132 -19.18642 -81.25 38.42132 -19.18642 -81.25 12.92132 11.50108 -81.25 38.42132 11.50108 -81.25 38.42132 11.50108 -81.25 12.92132 -19.18642 -81.25 38.42132 -19.18642 -81.25 12.92132 11.50108 -59.8125 12.92132 11.50108 -81.25 38.42132 11.50108 -81.25 12.92132 11.50108 -59.8125 38.42132 11.50108 -59.8125 38.42132 11.50108 -59.8125 12.92132 11.50108 -81.25 38.42132 11.50108 -81.25 12.92132 -19.18642 -81.25 38.42132 11.50108 -59.8125 38.42132 -19.18642 -59.8125 38.42132 11.50108 -81.25 38.42132 11.50108 -81.25 38.42132 -19.18642 -81.25 38.42132 11.50108 -59.8125 38.42132 -19.18642 -59.8125 38.42132 -19.18642 -81.25 38.42132 -19.18642 -59.8125 12.92132 -19.18642 -81.25 12.92132 -19.18642 -59.8125 38.42132 -19.18642 -59.8125 38.42132 -19.18642 -81.25 38.42132 -19.18642 -59.8125 12.92132 -19.18642 -81.25 12.92132 11.50108 -81.25 12.92132 -19.18642 -59.8125 12.92132 11.50108 -59.8125 12.92132 -19.18642 -81.25 12.92132 -19.18642 -81.25 12.92132 11.50108 -81.25 12.92132 -19.18642 -59.8125 12.92132 11.50108 -59.8125 12.92132 12.06358 -55.25 13.73382 -18.62392 -55.25 39.23382 -18.62392 -55.25 13.73382 12.06358 -55.25 39.23382 12.06358 -55.25 39.23382 12.06358 -55.25 13.73382 -18.62392 -55.25 39.23382 -18.62392 -55.25 13.73382 12.06358 -33.8125 13.73382 12.06358 -55.25 39.23382 12.06358 -55.25 13.73382 12.06358 -33.8125 39.23382 12.06358 -33.8125 39.23382 12.06358 -33.8125 13.73382 12.06358 -55.25 39.23382 12.06358 -55.25 13.73382 -18.62392 -55.25 39.23382 12.06358 -33.8125 39.23382 -18.62392 -33.8125 39.23382 12.06358 -55.25 39.23382 12.06358 -55.25 39.23382 -18.62392 -55.25 39.23382 12.06358 -33.8125 39.23382 -18.62392 -33.8125 39.23382 -18.62392 -55.25 39.23382 -18.62392 -33.8125 13.73382 -18.62392 -55.25 13.73382 -18.62392 -33.8125 39.23382 -18.62392 -33.8125 39.23382 -18.62392 -55.25 39.23382 -18.62392 -33.8125 13.73382 -18.62392 -55.25 13.73382 12.06358 -55.25 13.73382 -18.62392 -33.8125 13.73382 12.06358 -33.8125 13.73382 -18.62392 -55.25 13.73382 -18.62392 -55.25 13.73382 12.06358 -55.25 13.73382 -18.62392 -33.8125 13.73382 12.06358 -33.8125 13.73382 10.11858 -55.25 -15.92809 -19.89089 -55.25 10.36648 -20.5584 -55.25 -15.12478 10.7861 -55.25 9.563177 10.7861 -55.25 9.563177 10.11858 -55.25 -15.92809 -19.89089 -55.25 10.36648 -20.5584 -55.25 -15.12478 10.11858 -33.8125 -15.92809 10.7861 -55.25 9.563177 10.11858 -55.25 -15.92809 10.7861 -33.8125 9.563177 10.7861 -33.8125 9.563177 10.11858 -33.8125 -15.92809 10.7861 -55.25 9.563177 10.11858 -55.25 -15.92809 -19.89089 -55.25 10.36648 10.7861 -33.8125 9.563177 -19.89089 -33.8125 10.36648 10.7861 -55.25 9.563177 10.7861 -55.25 9.563177 -19.89089 -55.25 10.36648 10.7861 -33.8125 9.563177 -19.89089 -33.8125 10.36648 -19.89089 -55.25 10.36648 -20.5584 -33.8125 -15.12478 -20.5584 -55.25 -15.12478 -19.89089 -33.8125 10.36648 -19.89089 -33.8125 10.36648 -19.89089 -55.25 10.36648 -20.5584 -33.8125 -15.12478 -20.5584 -55.25 -15.12478 10.11858 -55.25 -15.92809 -20.5584 -33.8125 -15.12478 10.11858 -33.8125 -15.92809 -20.5584 -55.25 -15.12478 -20.5584 -55.25 -15.12478 10.11858 -55.25 -15.92809 -20.5584 -33.8125 -15.12478 10.11858 -33.8125 -15.92809 11.73324 -29.25 -46.38612 -20.12141 -29.25 -22.36001 -18.92019 -29.25 -47.8317 10.53203 -29.25 -20.91443 10.53203 -29.25 -20.91443 11.73324 -29.25 -46.38612 -20.12141 -29.25 -22.36001 -18.92019 -29.25 -47.8317 11.73324 -7.8125 -46.38612 10.53203 -29.25 -20.91443 11.73324 -29.25 -46.38612 10.53203 -7.8125 -20.91443 10.53203 -7.8125 -20.91443 11.73324 -7.8125 -46.38612 10.53203 -29.25 -20.91443 11.73324 -29.25 -46.38612 -20.12141 -29.25 -22.36001 10.53203 -7.8125 -20.91443 -20.12141 -7.8125 -22.36001 10.53203 -29.25 -20.91443 10.53203 -29.25 -20.91443 -20.12141 -29.25 -22.36001 10.53203 -7.8125 -20.91443 -20.12141 -7.8125 -22.36001 -20.12141 -29.25 -22.36001 -18.92019 -7.8125 -47.8317 -18.92019 -29.25 -47.8317 -20.12141 -7.8125 -22.36001 -20.12141 -7.8125 -22.36001 -20.12141 -29.25 -22.36001 -18.92019 -7.8125 -47.8317 -18.92019 -29.25 -47.8317 11.73324 -29.25 -46.38612 -18.92019 -7.8125 -47.8317 11.73324 -7.8125 -46.38612 -18.92019 -29.25 -47.8317 -18.92019 -29.25 -47.8317 11.73324 -29.25 -46.38612 -18.92019 -7.8125 -47.8317 11.73324 -7.8125 -46.38612 11.50108 -29.25 -18.57868 -19.18642 -29.25 6.92132 -19.18642 -29.25 -18.57868 11.50108 -29.25 6.92132 11.50108 -29.25 6.92132 11.50108 -29.25 -18.57868 -19.18642 -29.25 6.92132 -19.18642 -29.25 -18.57868 11.50108 -7.8125 -18.57868 11.50108 -29.25 6.92132 11.50108 -29.25 -18.57868 11.50108 -7.8125 6.92132 11.50108 -7.8125 6.92132 11.50108 -7.8125 -18.57868 11.50108 -29.25 6.92132 11.50108 -29.25 -18.57868 -19.18642 -29.25 6.92132 11.50108 -7.8125 6.92132 -19.18642 -7.8125 6.92132 11.50108 -29.25 6.92132 11.50108 -29.25 6.92132 -19.18642 -29.25 6.92132 11.50108 -7.8125 6.92132 -19.18642 -7.8125 6.92132 -19.18642 -29.25 6.92132 -19.18642 -7.8125 -18.57868 -19.18642 -29.25 -18.57868 -19.18642 -7.8125 6.92132 -19.18642 -7.8125 6.92132 -19.18642 -29.25 6.92132 -19.18642 -7.8125 -18.57868 -19.18642 -29.25 -18.57868 11.50108 -29.25 -18.57868 -19.18642 -7.8125 -18.57868 11.50108 -7.8125 -18.57868 -19.18642 -29.25 -18.57868 -19.18642 -29.25 -18.57868 11.50108 -29.25 -18.57868 -19.18642 -7.8125 -18.57868 11.50108 -7.8125 -18.57868</float_array>
          <technique_common>
            <accessor source="#Material2_009-mesh-positions-array" count="520" stride="3">
              <param name="X" type="float"/>
              <param name="Y" type="float"/>
              <param name="Z" type="float"/>
            </accessor>
          </technique_common>
        </source>
        <source id="Material2_009-mesh-normals">
          <float_array id="Material2_009-mesh-normals-array" count="162">0 -1 0 0 1 0 1 0 0 -1 0 0 0 0 1 0 0 -1 0 -1 1.55994e-7 0.9982398 0 -0.05930632 0.9982399 0 -0.05930632 -0.9982399 0 0.05930632 -0.9982398 0 0.05930632 0.05930638 0 0.9982398 0.05930632 0 0.9982398 -0.05930632 0 -0.9982398 -0.05930638 0 -0.9982398 -0.9982399 0 0.05930632 0.9982399 0 -0.05930632 -0.05930614 0 -0.9982399 -0.05930656 0 -0.9982398 0.05930656 0 0.9982398 0.05930614 0 0.9982399 0 -1 0 0 -1 0 0.9996573 0 -0.02617692 -0.9996573 0 0.02617692 0.02617686 0 0.9996574 0.02617692 0 0.9996573 -0.02617692 0 -0.9996573 -0.02617686 0 -0.9996574 -0.9996573 0 0.02617686 -0.9996573 0 0.02617686 0.9996573 0 -0.02617686 0.9996573 0 -0.02617686 -0.02617698 0 -0.9996574 -0.02617698 0 -0.9996573 0.02617698 0 0.9996573 0.02617698 0 0.9996574 0 -1 0 0 -1 0 0 1 1.55994e-7 0.9988899 0 0.04710644 0.9988899 0 0.04710644 -0.9988899 0 -0.04710644 -0.9988899 0 -0.04710644 -0.04710644 0 0.9988899 -0.04710626 0 0.9988899 0.04710626 0 -0.9988899 0.04710644 0 -0.9988899 -0.9988899 0 -0.04710638 -0.9988899 0 -0.04710638 0.9988899 0 0.04710638 0.9988899 0 0.04710638 0.04710644 0 -0.9988899 -0.04710644 0 0.9988899</float_array>
          <technique_common>
            <accessor source="#Material2_009-mesh-normals-array" count="54" stride="3">
              <param name="X" type="float"/>
              <param name="Y" type="float"/>
              <param name="Z" type="float"/>
            </accessor>
          </technique_common>
        </source>
        <source id="Material2_009-mesh-map-0">
          <float_array id="Material2_009-mesh-map-0-array" count="1560">-0.7070465 0.3212041 -0.292 0.6878042 -0.292 0.3212041 -0.292 0.6878042 -0.7070465 0.3212041 -0.7070465 0.6878042 -0.7070465 0.6878042 -0.7070465 0.3212041 -0.292 0.6878042 -0.292 0.3212041 -0.292 0.6878042 -0.7070465 0.3212041 -0.9969873 0.3212041 -0.7070465 0.6878042 -0.7070465 0.3212041 -0.7070465 0.6878042 -0.9969873 0.3212041 -0.9969873 0.6878042 -0.9969873 0.6878042 -0.9969873 0.3212041 -0.7070465 0.6878042 -0.7070465 0.3212041 -0.7070465 0.6878042 -0.9969873 0.3212041 -0.292 0.6878042 -0.7070465 0.996 -0.292 0.996 -0.7070465 0.996 -0.292 0.6878042 -0.7070465 0.6878042 -0.7070465 0.6878042 -0.292 0.6878042 -0.7070465 0.996 -0.292 0.996 -0.7070465 0.996 -0.292 0.6878042 -0.292 0.6878042 -0.002059161 0.3212041 -0.292 0.3212041 -0.002059161 0.3212041 -0.292 0.6878042 -0.002059161 0.6878042 -0.002059161 0.6878042 -0.292 0.6878042 -0.002059161 0.3212041 -0.292 0.3212041 -0.002059161 0.3212041 -0.292 0.6878042 -0.7070465 0.3212041 -0.292 0.01300829 -0.7070465 0.01300829 -0.292 0.01300829 -0.7070465 0.3212041 -0.292 0.3212041 -0.292 0.3212041 -0.7070465 0.3212041 -0.292 0.01300829 -0.7070465 0.01300829 -0.292 0.01300829 -0.7070465 0.3212041 -0.7070465 0.3212041 -0.292 0.6878042 -0.292 0.3212041 -0.292 0.6878042 -0.7070465 0.3212041 -0.7070465 0.6878042 -0.7070465 0.6878042 -0.7070465 0.3212041 -0.292 0.6878042 -0.292 0.3212041 -0.292 0.6878042 -0.7070465 0.3212041 -0.9969873 0.3212041 -0.7070465 0.6878042 -0.7070465 0.3212041 -0.7070465 0.6878042 -0.9969873 0.3212041 -0.9969873 0.6878042 -0.9969873 0.6878042 -0.9969873 0.3212041 -0.7070465 0.6878042 -0.7070465 0.3212041 -0.7070465 0.6878042 -0.9969873 0.3212041 -0.292 0.6878042 -0.7070465 0.996 -0.292 0.996 -0.7070465 0.996 -0.292 0.6878042 -0.7070465 0.6878042 -0.7070465 0.6878042 -0.292 0.6878042 -0.7070465 0.996 -0.292 0.996 -0.7070465 0.996 -0.292 0.6878042 -0.292 0.6878042 -0.002059161 0.3212041 -0.292 0.3212041 -0.002059161 0.3212041 -0.292 0.6878042 -0.002059161 0.6878042 -0.002059161 0.6878042 -0.292 0.6878042 -0.002059161 0.3212041 -0.292 0.3212041 -0.002059161 0.3212041 -0.292 0.6878042 -0.7070465 0.3212041 -0.292 0.01300829 -0.7070465 0.01300829 -0.292 0.01300829 -0.7070465 0.3212041 -0.292 0.3212041 -0.292 0.3212041 -0.7070465 0.3212041 -0.292 0.01300829 -0.7070465 0.01300829 -0.292 0.01300829 -0.7070465 0.3212041 -0.7070465 0.3212041 -0.292 0.6878042 -0.292 0.3212041 -0.292 0.6878042 -0.7070465 0.3212041 -0.7070465 0.6878042 -0.7070465 0.6878042 -0.7070465 0.3212041 -0.292 0.6878042 -0.292 0.3212041 -0.292 0.6878042 -0.7070465 0.3212041 -0.9969873 0.3212041 -0.7070465 0.6878042 -0.7070465 0.3212041 -0.7070465 0.6878042 -0.9969873 0.3212041 -0.9969873 0.6878042 -0.9969873 0.6878042 -0.9969873 0.3212041 -0.7070465 0.6878042 -0.7070465 0.3212041 -0.7070465 0.6878042 -0.9969873 0.3212041 -0.292 0.6878042 -0.7070465 0.996 -0.292 0.996 -0.7070465 0.996 -0.292 0.6878042 -0.7070465 0.6878042 -0.7070465 0.6878042 -0.292 0.6878042 -0.7070465 0.996 -0.292 0.996 -0.7070465 0.996 -0.292 0.6878042 -0.292 0.6878042 -0.002059161 0.3212041 -0.292 0.3212041 -0.002059161 0.3212041 -0.292 0.6878042 -0.002059161 0.6878042 -0.002059161 0.6878042 -0.292 0.6878042 -0.002059161 0.3212041 -0.292 0.3212041 -0.002059161 0.3212041 -0.292 0.6878042 -0.7070465 0.3212041 -0.292 0.01300829 -0.7070465 0.01300829 -0.292 0.01300829 -0.7070465 0.3212041 -0.292 0.3212041 -0.292 0.3212041 -0.7070465 0.3212041 -0.292 0.01300829 -0.7070465 0.01300829 -0.292 0.01300829 -0.7070465 0.3212041 -0.7070465 0.3212041 -0.292 0.6878042 -0.292 0.3212041 -0.292 0.6878042 -0.7070465 0.3212041 -0.7070465 0.6878042 -0.7070465 0.6878042 -0.7070465 0.3212041 -0.292 0.6878042 -0.292 0.3212041 -0.292 0.6878042 -0.7070465 0.3212041 -0.9969873 0.3212041 -0.7070465 0.6878042 -0.7070465 0.3212041 -0.7070465 0.6878042 -0.9969873 0.3212041 -0.9969873 0.6878042 -0.9969873 0.6878042 -0.9969873 0.3212041 -0.7070465 0.6878042 -0.7070465 0.3212041 -0.7070465 0.6878042 -0.9969873 0.3212041 -0.292 0.6878042 -0.7070465 0.996 -0.292 0.996 -0.7070465 0.996 -0.292 0.6878042 -0.7070465 0.6878042 -0.7070465 0.6878042 -0.292 0.6878042 -0.7070465 0.996 -0.292 0.996 -0.7070465 0.996 -0.292 0.6878042 -0.292 0.6878042 -0.002059161 0.3212041 -0.292 0.3212041 -0.002059161 0.3212041 -0.292 0.6878042 -0.002059161 0.6878042 -0.002059161 0.6878042 -0.292 0.6878042 -0.002059161 0.3212041 -0.292 0.3212041 -0.002059161 0.3212041 -0.292 0.6878042 -0.7070465 0.3212041 -0.292 0.01300829 -0.7070465 0.01300829 -0.292 0.01300829 -0.7070465 0.3212041 -0.292 0.3212041 -0.292 0.3212041 -0.7070465 0.3212041 -0.292 0.01300829 -0.7070465 0.01300829 -0.292 0.01300829 -0.7070465 0.3212041 -0.7070465 0.3212041 -0.292 0.6878042 -0.292 0.3212041 -0.292 0.6878042 -0.7070465 0.3212041 -0.7070465 0.6878042 -0.7070465 0.6878042 -0.7070465 0.3212041 -0.292 0.6878042 -0.292 0.3212041 -0.292 0.6878042 -0.7070465 0.3212041 -0.9969873 0.3212041 -0.7070465 0.6878042 -0.7070465 0.3212041 -0.7070465 0.6878042 -0.9969873 0.3212041 -0.9969873 0.6878042 -0.9969873 0.6878042 -0.9969873 0.3212041 -0.7070465 0.6878042 -0.7070465 0.3212041 -0.7070465 0.6878042 -0.9969873 0.3212041 -0.292 0.6878042 -0.7070465 0.996 -0.292 0.996 -0.7070465 0.996 -0.292 0.6878042 -0.7070465 0.6878042 -0.7070465 0.6878042 -0.292 0.6878042 -0.7070465 0.996 -0.292 0.996 -0.7070465 0.996 -0.292 0.6878042 -0.292 0.6878042 -0.002059161 0.3212041 -0.292 0.3212041 -0.002059161 0.3212041 -0.292 0.6878042 -0.002059161 0.6878042 -0.002059161 0.6878042 -0.292 0.6878042 -0.002059161 0.3212041 -0.292 0.3212041 -0.002059161 0.3212041 -0.292 0.6878042 -0.7070465 0.3212041 -0.292 0.01300829 -0.7070465 0.01300829 -0.292 0.01300829 -0.7070465 0.3212041 -0.292 0.3212041 -0.292 0.3212041 -0.7070465 0.3212041 -0.292 0.01300829 -0.7070465 0.01300829 -0.292 0.01300829 -0.7070465 0.3212041 -0.7070465 0.3212041 -0.292 0.6878042 -0.292 0.3212041 -0.292 0.6878042 -0.7070465 0.3212041 -0.7070465 0.6878042 -0.7070465 0.6878042 -0.7070465 0.3212041 -0.292 0.6878042 -0.292 0.3212041 -0.292 0.6878042 -0.7070465 0.3212041 -0.9969873 0.3212041 -0.7070465 0.6878042 -0.7070465 0.3212041 -0.7070465 0.6878042 -0.9969873 0.3212041 -0.9969873 0.6878042 -0.9969873 0.6878042 -0.9969873 0.3212041 -0.7070465 0.6878042 -0.7070465 0.3212041 -0.7070465 0.6878042 -0.9969873 0.3212041 -0.292 0.6878042 -0.7070465 0.996 -0.292 0.996 -0.7070465 0.996 -0.292 0.6878042 -0.7070465 0.6878042 -0.7070465 0.6878042 -0.292 0.6878042 -0.7070465 0.996 -0.292 0.996 -0.7070465 0.996 -0.292 0.6878042 -0.292 0.6878042 -0.002059161 0.3212041 -0.292 0.3212041 -0.002059161 0.3212041 -0.292 0.6878042 -0.002059161 0.6878042 -0.002059161 0.6878042 -0.292 0.6878042 -0.002059161 0.3212041 -0.292 0.3212041 -0.002059161 0.3212041 -0.292 0.6878042 -0.7070465 0.3212041 -0.292 0.01300829 -0.7070465 0.01300829 -0.292 0.01300829 -0.7070465 0.3212041 -0.292 0.3212041 -0.292 0.3212041 -0.7070465 0.3212041 -0.292 0.01300829 -0.7070465 0.01300829 -0.292 0.01300829 -0.7070465 0.3212041 -0.7070465 0.3212041 -0.292 0.6878042 -0.292 0.3212041 -0.292 0.6878042 -0.7070465 0.3212041 -0.7070465 0.6878042 -0.7070465 0.6878042 -0.7070465 0.3212041 -0.292 0.6878042 -0.292 0.3212041 -0.292 0.6878042 -0.7070465 0.3212041 -0.9969873 0.3212041 -0.7070465 0.6878042 -0.7070465 0.3212041 -0.7070465 0.6878042 -0.9969873 0.3212041 -0.9969873 0.6878042 -0.9969873 0.6878042 -0.9969873 0.3212041 -0.7070465 0.6878042 -0.7070465 0.3212041 -0.7070465 0.6878042 -0.9969873 0.3212041 -0.292 0.6878042 -0.7070465 0.996 -0.292 0.996 -0.7070465 0.996 -0.292 0.6878042 -0.7070465 0.6878042 -0.7070465 0.6878042 -0.292 0.6878042 -0.7070465 0.996 -0.292 0.996 -0.7070465 0.996 -0.292 0.6878042 -0.292 0.6878042 -0.002059161 0.3212041 -0.292 0.3212041 -0.002059161 0.3212041 -0.292 0.6878042 -0.002059161 0.6878042 -0.002059161 0.6878042 -0.292 0.6878042 -0.002059161 0.3212041 -0.292 0.3212041 -0.002059161 0.3212041 -0.292 0.6878042 -0.7070465 0.3212041 -0.292 0.01300829 -0.7070465 0.01300829 -0.292 0.01300829 -0.7070465 0.3212041 -0.292 0.3212041 -0.292 0.3212041 -0.7070465 0.3212041 -0.292 0.01300829 -0.7070465 0.01300829 -0.292 0.01300829 -0.7070465 0.3212041 -0.7070465 0.3212041 -0.292 0.6878042 -0.292 0.3212041 -0.292 0.6878042 -0.7070465 0.3212041 -0.7070465 0.6878042 -0.7070465 0.6878042 -0.7070465 0.3212041 -0.292 0.6878042 -0.292 0.3212041 -0.292 0.6878042 -0.7070465 0.3212041 -0.9969873 0.3212041 -0.7070465 0.6878042 -0.7070465 0.3212041 -0.7070465 0.6878042 -0.9969873 0.3212041 -0.9969873 0.6878042 -0.9969873 0.6878042 -0.9969873 0.3212041 -0.7070465 0.6878042 -0.7070465 0.3212041 -0.7070465 0.6878042 -0.9969873 0.3212041 -0.292 0.6878042 -0.7070465 0.996 -0.292 0.996 -0.7070465 0.996 -0.292 0.6878042 -0.7070465 0.6878042 -0.7070465 0.6878042 -0.292 0.6878042 -0.7070465 0.996 -0.292 0.996 -0.7070465 0.996 -0.292 0.6878042 -0.292 0.6878042 -0.002059161 0.3212041 -0.292 0.3212041 -0.002059161 0.3212041 -0.292 0.6878042 -0.002059161 0.6878042 -0.002059161 0.6878042 -0.292 0.6878042 -0.002059161 0.3212041 -0.292 0.3212041 -0.002059161 0.3212041 -0.292 0.6878042 -0.7070465 0.3212041 -0.292 0.01300829 -0.7070465 0.01300829 -0.292 0.01300829 -0.7070465 0.3212041 -0.292 0.3212041 -0.292 0.3212041 -0.7070465 0.3212041 -0.292 0.01300829 -0.7070465 0.01300829 -0.292 0.01300829 -0.7070465 0.3212041 -0.7070465 0.3212041 -0.292 0.6878042 -0.292 0.3212041 -0.292 0.6878042 -0.7070465 0.3212041 -0.7070465 0.6878042 -0.7070465 0.6878042 -0.7070465 0.3212041 -0.292 0.6878042 -0.292 0.3212041 -0.292 0.6878042 -0.7070465 0.3212041 -0.9969873 0.3212041 -0.7070465 0.6878042 -0.7070465 0.3212041 -0.7070465 0.6878042 -0.9969873 0.3212041 -0.9969873 0.6878042 -0.9969873 0.6878042 -0.9969873 0.3212041 -0.7070465 0.6878042 -0.7070465 0.3212041 -0.7070465 0.6878042 -0.9969873 0.3212041 -0.292 0.6878042 -0.7070465 0.996 -0.292 0.996 -0.7070465 0.996 -0.292 0.6878042 -0.7070465 0.6878042 -0.7070465 0.6878042 -0.292 0.6878042 -0.7070465 0.996 -0.292 0.996 -0.7070465 0.996 -0.292 0.6878042 -0.292 0.6878042 -0.002059161 0.3212041 -0.292 0.3212041 -0.002059161 0.3212041 -0.292 0.6878042 -0.002059161 0.6878042 -0.002059161 0.6878042 -0.292 0.6878042 -0.002059161 0.3212041 -0.292 0.3212041 -0.002059161 0.3212041 -0.292 0.6878042 -0.7070465 0.3212041 -0.292 0.01300829 -0.7070465 0.01300829 -0.292 0.01300829 -0.7070465 0.3212041 -0.292 0.3212041 -0.292 0.3212041 -0.7070465 0.3212041 -0.292 0.01300829 -0.7070465 0.01300829 -0.292 0.01300829 -0.7070465 0.3212041 -0.7070465 0.3212041 -0.292 0.6878042 -0.292 0.3212041 -0.292 0.6878042 -0.7070465 0.3212041 -0.7070465 0.6878042 -0.7070465 0.6878042 -0.7070465 0.3212041 -0.292 0.6878042 -0.292 0.3212041 -0.292 0.6878042 -0.7070465 0.3212041 -0.9969873 0.3212041 -0.7070465 0.6878042 -0.7070465 0.3212041 -0.7070465 0.6878042 -0.9969873 0.3212041 -0.9969873 0.6878042 -0.9969873 0.6878042 -0.9969873 0.3212041 -0.7070465 0.6878042 -0.7070465 0.3212041 -0.7070465 0.6878042 -0.9969873 0.3212041 -0.292 0.6878042 -0.7070465 0.996 -0.292 0.996 -0.7070465 0.996 -0.292 0.6878042 -0.7070465 0.6878042 -0.7070465 0.6878042 -0.292 0.6878042 -0.7070465 0.996 -0.292 0.996 -0.7070465 0.996 -0.292 0.6878042 -0.292 0.6878042 -0.002059161 0.3212041 -0.292 0.3212041 -0.002059161 0.3212041 -0.292 0.6878042 -0.002059161 0.6878042 -0.002059161 0.6878042 -0.292 0.6878042 -0.002059161 0.3212041 -0.292 0.3212041 -0.002059161 0.3212041 -0.292 0.6878042 -0.7070465 0.3212041 -0.292 0.01300829 -0.7070465 0.01300829 -0.292 0.01300829 -0.7070465 0.3212041 -0.292 0.3212041 -0.292 0.3212041 -0.7070465 0.3212041 -0.292 0.01300829 -0.7070465 0.01300829 -0.292 0.01300829 -0.7070465 0.3212041 -0.7070465 0.3212041 -0.292 0.6878042 -0.292 0.3212041 -0.292 0.6878042 -0.7070465 0.3212041 -0.7070465 0.6878042 -0.7070465 0.6878042 -0.7070465 0.3212041 -0.292 0.6878042 -0.292 0.3212041 -0.292 0.6878042 -0.7070465 0.3212041 -0.9969873 0.3212041 -0.7070465 0.6878042 -0.7070465 0.3212041 -0.7070465 0.6878042 -0.9969873 0.3212041 -0.9969873 0.6878042 -0.9969873 0.6878042 -0.9969873 0.3212041 -0.7070465 0.6878042 -0.7070465 0.3212041 -0.7070465 0.6878042 -0.9969873 0.3212041 -0.292 0.6878042 -0.7070465 0.996 -0.292 0.996 -0.7070465 0.996 -0.292 0.6878042 -0.7070465 0.6878042 -0.7070465 0.6878042 -0.292 0.6878042 -0.7070465 0.996 -0.292 0.996 -0.7070465 0.996 -0.292 0.6878042 -0.292 0.6878042 -0.002059161 0.3212041 -0.292 0.3212041 -0.002059161 0.3212041 -0.292 0.6878042 -0.002059161 0.6878042 -0.002059161 0.6878042 -0.292 0.6878042 -0.002059161 0.3212041 -0.292 0.3212041 -0.002059161 0.3212041 -0.292 0.6878042 -0.7070465 0.3212041 -0.292 0.01300829 -0.7070465 0.01300829 -0.292 0.01300829 -0.7070465 0.3212041 -0.292 0.3212041 -0.292 0.3212041 -0.7070465 0.3212041 -0.292 0.01300829 -0.7070465 0.01300829 -0.292 0.01300829 -0.7070465 0.3212041 -0.7070465 0.3212041 -0.292 0.6878042 -0.292 0.3212041 -0.292 0.6878042 -0.7070465 0.3212041 -0.7070465 0.6878042 -0.7070465 0.6878042 -0.7070465 0.3212041 -0.292 0.6878042 -0.292 0.3212041 -0.292 0.6878042 -0.7070465 0.3212041 -0.9969873 0.3212041 -0.7070465 0.6878042 -0.7070465 0.3212041 -0.7070465 0.6878042 -0.9969873 0.3212041 -0.9969873 0.6878042 -0.9969873 0.6878042 -0.9969873 0.3212041 -0.7070465 0.6878042 -0.7070465 0.3212041 -0.7070465 0.6878042 -0.9969873 0.3212041 -0.292 0.6878042 -0.7070465 0.996 -0.292 0.996 -0.7070465 0.996 -0.292 0.6878042 -0.7070465 0.6878042 -0.7070465 0.6878042 -0.292 0.6878042 -0.7070465 0.996 -0.292 0.996 -0.7070465 0.996 -0.292 0.6878042 -0.292 0.6878042 -0.002059161 0.3212041 -0.292 0.3212041 -0.002059161 0.3212041 -0.292 0.6878042 -0.002059161 0.6878042 -0.002059161 0.6878042 -0.292 0.6878042 -0.002059161 0.3212041 -0.292 0.3212041 -0.002059161 0.3212041 -0.292 0.6878042 -0.7070465 0.3212041 -0.292 0.01300829 -0.7070465 0.01300829 -0.292 0.01300829 -0.7070465 0.3212041 -0.292 0.3212041 -0.292 0.3212041 -0.7070465 0.3212041 -0.292 0.01300829 -0.7070465 0.01300829 -0.292 0.01300829 -0.7070465 0.3212041 -0.7070465 0.3212041 -0.292 0.6878042 -0.292 0.3212041 -0.292 0.6878042 -0.7070465 0.3212041 -0.7070465 0.6878042 -0.7070465 0.6878042 -0.7070465 0.3212041 -0.292 0.6878042 -0.292 0.3212041 -0.292 0.6878042 -0.7070465 0.3212041 -0.9969873 0.3212041 -0.7070465 0.6878042 -0.7070465 0.3212041 -0.7070465 0.6878042 -0.9969873 0.3212041 -0.9969873 0.6878042 -0.9969873 0.6878042 -0.9969873 0.3212041 -0.7070465 0.6878042 -0.7070465 0.3212041 -0.7070465 0.6878042 -0.9969873 0.3212041 -0.292 0.6878042 -0.7070465 0.996 -0.292 0.996 -0.7070465 0.996 -0.292 0.6878042 -0.7070465 0.6878042 -0.7070465 0.6878042 -0.292 0.6878042 -0.7070465 0.996 -0.292 0.996 -0.7070465 0.996 -0.292 0.6878042 -0.292 0.6878042 -0.002059161 0.3212041 -0.292 0.3212041 -0.002059161 0.3212041 -0.292 0.6878042 -0.002059161 0.6878042 -0.002059161 0.6878042 -0.292 0.6878042 -0.002059161 0.3212041 -0.292 0.3212041 -0.002059161 0.3212041 -0.292 0.6878042 -0.7070465 0.3212041 -0.292 0.01300829 -0.7070465 0.01300829 -0.292 0.01300829 -0.7070465 0.3212041 -0.292 0.3212041 -0.292 0.3212041 -0.7070465 0.3212041 -0.292 0.01300829 -0.7070465 0.01300829 -0.292 0.01300829 -0.7070465 0.3212041</float_array>
          <technique_common>
            <accessor source="#Material2_009-mesh-map-0-array" count="780" stride="2">
              <param name="S" type="float"/>
              <param name="T" type="float"/>
            </accessor>
          </technique_common>
        </source>
        <vertices id="Material2_009-mesh-vertices">
          <input semantic="POSITION" source="#Material2_009-mesh-positions"/>
        </vertices>
        <triangles material="mat_0_001-material" count="260">
          <input semantic="VERTEX" source="#Material2_009-mesh-vertices" offset="0"/>
          <input semantic="NORMAL" source="#Material2_009-mesh-normals" offset="1"/>
          <input semantic="TEXCOORD" source="#Material2_009-mesh-map-0" offset="2" set="0"/>
          <p>0 0 0 1 0 1 2 0 2 1 0 3 0 0 4 3 0 5 4 1 6 5 1 7 6 1 8 7 1 9 6 1 10 5 1 11 8 2 12 9 2 13 10 2 14 9 2 15 8 2 16 11 2 17 12 3 18 13 3 19 14 3 20 15 3 21 14 3 22 13 3 23 16 4 24 17 4 25 18 4 26 17 4 27 16 4 28 19 4 29 20 5 30 21 5 31 22 5 32 23 5 33 22 5 34 21 5 35 24 3 36 25 3 37 26 3 38 25 3 39 24 3 40 27 3 41 28 2 42 29 2 43 30 2 44 31 2 45 30 2 46 29 2 47 32 5 48 33 5 49 34 5 50 33 5 51 32 5 52 35 5 53 36 4 54 37 4 55 38 4 56 39 4 57 38 4 58 37 4 59 40 6 60 41 6 61 42 6 62 41 6 63 40 6 64 43 6 65 44 1 66 45 1 67 46 1 68 47 1 69 46 1 70 45 1 71 48 7 72 49 7 73 50 7 74 49 8 75 48 8 76 51 8 77 52 9 78 53 9 79 54 9 80 55 10 81 54 10 82 53 10 83 56 11 84 57 11 85 58 11 86 57 12 87 56 12 88 59 12 89 60 13 90 61 13 91 62 13 92 63 14 93 62 14 94 61 14 95 64 10 96 65 10 97 66 10 98 65 15 99 64 15 100 67 15 101 68 16 102 69 16 103 70 16 104 71 7 105 70 7 106 69 7 107 72 17 108 73 17 109 74 17 110 73 18 111 72 18 112 75 18 113 76 19 114 77 19 115 78 19 116 79 20 117 78 20 118 77 20 119 80 0 120 81 0 121 82 0 122 81 0 123 80 0 124 83 0 125 84 1 126 85 1 127 86 1 128 87 1 129 86 1 130 85 1 131 88 2 132 89 2 133 90 2 134 89 2 135 88 2 136 91 2 137 92 3 138 93 3 139 94 3 140 95 3 141 94 3 142 93 3 143 96 4 144 97 4 145 98 4 146 97 4 147 96 4 148 99 4 149 100 5 150 101 5 151 102 5 152 103 5 153 102 5 154 101 5 155 104 3 156 105 3 157 106 3 158 105 3 159 104 3 160 107 3 161 108 2 162 109 2 163 110 2 164 111 2 165 110 2 166 109 2 167 112 5 168 113 5 169 114 5 170 113 5 171 112 5 172 115 5 173 116 4 174 117 4 175 118 4 176 119 4 177 118 4 178 117 4 179 120 0 180 121 0 181 122 0 182 121 0 183 120 0 184 123 0 185 124 1 186 125 1 187 126 1 188 127 1 189 126 1 190 125 1 191 128 2 192 129 2 193 130 2 194 129 2 195 128 2 196 131 2 197 132 3 198 133 3 199 134 3 200 135 3 201 134 3 202 133 3 203 136 4 204 137 4 205 138 4 206 137 4 207 136 4 208 139 4 209 140 5 210 141 5 211 142 5 212 143 5 213 142 5 214 141 5 215 144 3 216 145 3 217 146 3 218 145 3 219 144 3 220 147 3 221 148 2 222 149 2 223 150 2 224 151 2 225 150 2 226 149 2 227 152 5 228 153 5 229 154 5 230 153 5 231 152 5 232 155 5 233 156 4 234 157 4 235 158 4 236 159 4 237 158 4 238 157 4 239 160 0 240 161 0 241 162 0 242 161 0 243 160 0 244 163 0 245 164 1 246 165 1 247 166 1 248 167 1 249 166 1 250 165 1 251 168 2 252 169 2 253 170 2 254 169 2 255 168 2 256 171 2 257 172 3 258 173 3 259 174 3 260 175 3 261 174 3 262 173 3 263 176 4 264 177 4 265 178 4 266 177 4 267 176 4 268 179 4 269 180 5 270 181 5 271 182 5 272 183 5 273 182 5 274 181 5 275 184 3 276 185 3 277 186 3 278 185 3 279 184 3 280 187 3 281 188 2 282 189 2 283 190 2 284 191 2 285 190 2 286 189 2 287 192 5 288 193 5 289 194 5 290 193 5 291 192 5 292 195 5 293 196 4 294 197 4 295 198 4 296 199 4 297 198 4 298 197 4 299 200 0 300 201 0 301 202 0 302 201 0 303 200 0 304 203 0 305 204 1 306 205 1 307 206 1 308 207 1 309 206 1 310 205 1 311 208 2 312 209 2 313 210 2 314 209 2 315 208 2 316 211 2 317 212 3 318 213 3 319 214 3 320 215 3 321 214 3 322 213 3 323 216 4 324 217 4 325 218 4 326 217 4 327 216 4 328 219 4 329 220 5 330 221 5 331 222 5 332 223 5 333 222 5 334 221 5 335 224 3 336 225 3 337 226 3 338 225 3 339 224 3 340 227 3 341 228 2 342 229 2 343 230 2 344 231 2 345 230 2 346 229 2 347 232 5 348 233 5 349 234 5 350 233 5 351 232 5 352 235 5 353 236 4 354 237 4 355 238 4 356 239 4 357 238 4 358 237 4 359 240 0 360 241 0 361 242 0 362 241 0 363 240 0 364 243 0 365 244 1 366 245 1 367 246 1 368 247 1 369 246 1 370 245 1 371 248 2 372 249 2 373 250 2 374 249 2 375 248 2 376 251 2 377 252 3 378 253 3 379 254 3 380 255 3 381 254 3 382 253 3 383 256 4 384 257 4 385 258 4 386 257 4 387 256 4 388 259 4 389 260 5 390 261 5 391 262 5 392 263 5 393 262 5 394 261 5 395 264 3 396 265 3 397 266 3 398 265 3 399 264 3 400 267 3 401 268 2 402 269 2 403 270 2 404 271 2 405 270 2 406 269 2 407 272 5 408 273 5 409 274 5 410 273 5 411 272 5 412 275 5 413 276 4 414 277 4 415 278 4 416 279 4 417 278 4 418 277 4 419 280 0 420 281 0 421 282 0 422 281 0 423 280 0 424 283 0 425 284 1 426 285 1 427 286 1 428 287 1 429 286 1 430 285 1 431 288 2 432 289 2 433 290 2 434 289 2 435 288 2 436 291 2 437 292 3 438 293 3 439 294 3 440 295 3 441 294 3 442 293 3 443 296 4 444 297 4 445 298 4 446 297 4 447 296 4 448 299 4 449 300 5 450 301 5 451 302 5 452 303 5 453 302 5 454 301 5 455 304 3 456 305 3 457 306 3 458 305 3 459 304 3 460 307 3 461 308 2 462 309 2 463 310 2 464 311 2 465 310 2 466 309 2 467 312 5 468 313 5 469 314 5 470 313 5 471 312 5 472 315 5 473 316 4 474 317 4 475 318 4 476 319 4 477 318 4 478 317 4 479 320 0 480 321 0 481 322 0 482 321 0 483 320 0 484 323 0 485 324 1 486 325 1 487 326 1 488 327 1 489 326 1 490 325 1 491 328 2 492 329 2 493 330 2 494 329 2 495 328 2 496 331 2 497 332 3 498 333 3 499 334 3 500 335 3 501 334 3 502 333 3 503 336 4 504 337 4 505 338 4 506 337 4 507 336 4 508 339 4 509 340 5 510 341 5 511 342 5 512 343 5 513 342 5 514 341 5 515 344 3 516 345 3 517 346 3 518 345 3 519 344 3 520 347 3 521 348 2 522 349 2 523 350 2 524 351 2 525 350 2 526 349 2 527 352 5 528 353 5 529 354 5 530 353 5 531 352 5 532 355 5 533 356 4 534 357 4 535 358 4 536 359 4 537 358 4 538 357 4 539 360 0 540 361 0 541 362 0 542 361 0 543 360 0 544 363 0 545 364 1 546 365 1 547 366 1 548 367 1 549 366 1 550 365 1 551 368 2 552 369 2 553 370 2 554 369 2 555 368 2 556 371 2 557 372 3 558 373 3 559 374 3 560 375 3 561 374 3 562 373 3 563 376 4 564 377 4 565 378 4 566 377 4 567 376 4 568 379 4 569 380 5 570 381 5 571 382 5 572 383 5 573 382 5 574 381 5 575 384 3 576 385 3 577 386 3 578 385 3 579 384 3 580 387 3 581 388 2 582 389 2 583 390 2 584 391 2 585 390 2 586 389 2 587 392 5 588 393 5 589 394 5 590 393 5 591 392 5 592 395 5 593 396 4 594 397 4 595 398 4 596 399 4 597 398 4 598 397 4 599 400 21 600 401 21 601 402 21 602 401 22 603 400 22 604 403 22 605 404 1 606 405 1 607 406 1 608 407 1 609 406 1 610 405 1 611 408 23 612 409 23 613 410 23 614 409 23 615 408 23 616 411 23 617 412 24 618 413 24 619 414 24 620 415 24 621 414 24 622 413 24 623 416 25 624 417 25 625 418 25 626 417 26 627 416 26 628 419 26 629 420 27 630 421 27 631 422 27 632 423 28 633 422 28 634 421 28 635 424 29 636 425 29 637 426 29 638 425 30 639 424 30 640 427 30 641 428 31 642 429 31 643 430 31 644 431 32 645 430 32 646 429 32 647 432 33 648 433 33 649 434 33 650 433 34 651 432 34 652 435 34 653 436 35 654 437 35 655 438 35 656 439 36 657 438 36 658 437 36 659 440 37 660 441 37 661 442 37 662 441 38 663 440 38 664 443 38 665 444 39 666 445 39 667 446 39 668 447 1 669 446 1 670 445 1 671 448 40 672 449 40 673 450 40 674 449 41 675 448 41 676 451 41 677 452 42 678 453 42 679 454 42 680 455 43 681 454 43 682 453 43 683 456 44 684 457 44 685 458 44 686 457 45 687 456 45 688 459 45 689 460 46 690 461 46 691 462 46 692 463 47 693 462 47 694 461 47 695 464 48 696 465 48 697 466 48 698 465 49 699 464 49 700 467 49 701 468 50 702 469 50 703 470 50 704 471 51 705 470 51 706 469 51 707 472 47 708 473 47 709 474 47 710 473 52 711 472 52 712 475 52 713 476 53 714 477 53 715 478 53 716 479 44 717 478 44 718 477 44 719 480 0 720 481 0 721 482 0 722 481 0 723 480 0 724 483 0 725 484 1 726 485 1 727 486 1 728 487 1 729 486 1 730 485 1 731 488 2 732 489 2 733 490 2 734 489 2 735 488 2 736 491 2 737 492 3 738 493 3 739 494 3 740 495 3 741 494 3 742 493 3 743 496 4 744 497 4 745 498 4 746 497 4 747 496 4 748 499 4 749 500 5 750 501 5 751 502 5 752 503 5 753 502 5 754 501 5 755 504 3 756 505 3 757 506 3 758 505 3 759 504 3 760 507 3 761 508 2 762 509 2 763 510 2 764 511 2 765 510 2 766 509 2 767 512 5 768 513 5 769 514 5 770 513 5 771 512 5 772 515 5 773 516 4 774 517 4 775 518 4 776 519 4 777 518 4 778 517 4 779</p>
        </triangles>
      </mesh>
    </geometry>
    <geometry id="Material2_008-mesh" name="Material2.008">
      <mesh>
        <source id="Material2_008-mesh-positions">
          <float_array id="Material2_008-mesh-positions-array" count="384">-20.18642 0 -49.69708 -20.18642 -114.4375 -49.19708 -20.18642 -114.4375 -49.69708 -20.18642 0 -49.19708 -20.18642 0 -49.19708 -20.18642 0 -49.69708 -20.18642 -114.4375 -49.19708 -20.18642 -114.4375 -49.69708 -20.18642 -114.4375 -49.69708 -22.18642 0 -49.69708 -20.18642 0 -49.69708 -22.18642 -114.4375 -49.69708 -22.18642 -114.4375 -49.69708 -20.18642 -114.4375 -49.69708 -22.18642 0 -49.69708 -20.18642 0 -49.69708 -22.18642 0 -47.69708 -22.18642 -114.4375 -49.69708 -22.18642 -114.4375 -47.69708 -22.18642 0 -49.69708 -22.18642 0 -49.69708 -22.18642 0 -47.69708 -22.18642 -114.4375 -49.69708 -22.18642 -114.4375 -47.69708 -22.18642 0 -47.69708 -21.68642 -114.4375 -47.69708 -21.68642 0 -47.69708 -22.18642 -114.4375 -47.69708 -22.18642 -114.4375 -47.69708 -22.18642 0 -47.69708 -21.68642 -114.4375 -47.69708 -21.68642 0 -47.69708 12.68858 0 -49.19708 12.68858 0 -49.69708 12.68858 -114.4375 -49.19708 12.68858 -114.4375 -49.69708 12.68858 0 -49.69708 12.68858 -114.4375 -49.19708 12.68858 -114.4375 -49.69708 12.68858 0 -49.19708 14.68858 -114.4375 -49.69708 12.68858 -114.4375 -49.69708 14.68858 0 -49.69708 12.68858 0 -49.69708 12.68858 -114.4375 -49.69708 14.68858 0 -49.69708 12.68858 0 -49.69708 14.68858 -114.4375 -49.69708 14.68858 0 -49.69708 14.68858 0 -47.69708 14.68858 -114.4375 -49.69708 14.68858 -114.4375 -47.69708 14.68858 0 -47.69708 14.68858 -114.4375 -49.69708 14.68858 -114.4375 -47.69708 14.68858 0 -49.69708 14.68858 -114.4375 -47.69708 14.68858 0 -47.69708 14.18858 -114.4375 -47.69708 14.18858 0 -47.69708 14.68858 0 -47.69708 14.18858 -114.4375 -47.69708 14.18858 0 -47.69708 14.68858 -114.4375 -47.69708 -20.18642 0 41.55292 -20.18642 0 42.05292 -20.18642 -114.4375 41.55292 -20.18642 -114.4375 42.05292 -20.18642 0 42.05292 -20.18642 -114.4375 41.55292 -20.18642 -114.4375 42.05292 -20.18642 0 41.55292 -22.18642 -114.4375 42.05292 -20.18642 -114.4375 42.05292 -22.18642 0 42.05292 -20.18642 0 42.05292 -20.18642 -114.4375 42.05292 -22.18642 0 42.05292 -20.18642 0 42.05292 -22.18642 -114.4375 42.05292 -22.18642 0 42.05292 -22.18642 0 40.05292 -22.18642 -114.4375 42.05292 -22.18642 -114.4375 40.05292 -22.18642 0 40.05292 -22.18642 -114.4375 42.05292 -22.18642 -114.4375 40.05292 -22.18642 0 42.05292 -22.18642 -114.4375 40.05292 -22.18642 0 40.05292 -21.68642 -114.4375 40.05292 -21.68642 0 40.05292 -22.18642 0 40.05292 -21.68642 -114.4375 40.05292 -21.68642 0 40.05292 -22.18642 -114.4375 40.05292 12.68858 0 42.05292 12.68858 -114.4375 41.55292 12.68858 -114.4375 42.05292 12.68858 0 41.55292 12.68858 0 41.55292 12.68858 0 42.05292 12.68858 -114.4375 41.55292 12.68858 -114.4375 42.05292 12.68858 -114.4375 42.05292 14.68858 0 42.05292 12.68858 0 42.05292 14.68858 -114.4375 42.05292 14.68858 -114.4375 42.05292 12.68858 -114.4375 42.05292 14.68858 0 42.05292 12.68858 0 42.05292 14.68858 0 40.05292 14.68858 -114.4375 42.05292 14.68858 -114.4375 40.05292 14.68858 0 42.05292 14.68858 0 42.05292 14.68858 0 40.05292 14.68858 -114.4375 42.05292 14.68858 -114.4375 40.05292 14.68858 0 40.05292 14.18858 -114.4375 40.05292 14.18858 0 40.05292 14.68858 -114.4375 40.05292 14.68858 -114.4375 40.05292 14.68858 0 40.05292 14.18858 -114.4375 40.05292 14.18858 0 40.05292</float_array>
          <technique_common>
            <accessor source="#Material2_008-mesh-positions-array" count="128" stride="3">
              <param name="X" type="float"/>
              <param name="Y" type="float"/>
              <param name="Z" type="float"/>
            </accessor>
          </technique_common>
        </source>
        <source id="Material2_008-mesh-normals">
          <float_array id="Material2_008-mesh-normals-array" count="24">1 0 0 -1 0 0 0 0 -1 0 0 -1 0 0 1 0 0 1 0 0 -1 0 0 1</float_array>
          <technique_common>
            <accessor source="#Material2_008-mesh-normals-array" count="8" stride="3">
              <param name="X" type="float"/>
              <param name="Y" type="float"/>
              <param name="Z" type="float"/>
            </accessor>
          </technique_common>
        </source>
        <source id="Material2_008-mesh-map-0">
          <float_array id="Material2_008-mesh-map-0-array" count="384">1 0.0926041 0 -0.00821805 0 0.0926041 0 -0.00821805 1 0.0926041 1 -0.00821805 1 -0.00821805 1 0.0926041 0 -0.00821805 0 0.0926041 0 -0.00821805 1 0.0926041 0 0.0926041 1 0.4958912 1 0.0926041 1 0.4958912 0 0.0926041 0 0.4958912 0 0.4958912 0 0.0926041 1 0.4958912 1 0.0926041 1 0.4958912 0 0.0926041 1 0.8991782 0 0.4958912 0 0.8991782 0 0.4958912 1 0.8991782 1 0.4958912 1 0.4958912 1 0.8991782 0 0.4958912 0 0.8991782 0 0.4958912 1 0.8991782 1 0.8991782 0 1 1 1 0 1 1 0.8991782 0 0.8991782 0 0.8991782 1 0.8991782 0 1 1 1 0 1 1 0.8991782 1 -0.00821805 1 0.0926041 0 -0.00821805 0 0.0926041 0 -0.00821805 1 0.0926041 1 0.0926041 0 -0.00821805 0 0.0926041 0 -0.00821805 1 0.0926041 1 -0.00821805 0 0.4958912 0 0.0926041 1 0.4958912 1 0.0926041 1 0.4958912 0 0.0926041 0 0.0926041 1 0.4958912 1 0.0926041 1 0.4958912 0 0.0926041 0 0.4958912 1 0.4958912 1 0.8991782 0 0.4958912 0 0.8991782 0 0.4958912 1 0.8991782 1 0.8991782 0 0.4958912 0 0.8991782 0 0.4958912 1 0.8991782 1 0.4958912 0 0.8991782 1 0.8991782 0 1 1 1 0 1 1 0.8991782 1 0.8991782 0 1 1 1 0 1 1 0.8991782 0 0.8991782 1 -0.00821805 1 0.0926041 0 -0.00821805 0 0.0926041 0 -0.00821805 1 0.0926041 1 0.0926041 0 -0.00821805 0 0.0926041 0 -0.00821805 1 0.0926041 1 -0.00821805 0 0.4958912 0 0.0926041 1 0.4958912 1 0.0926041 1 0.4958912 0 0.0926041 0 0.0926041 1 0.4958912 1 0.0926041 1 0.4958912 0 0.0926041 0 0.4958912 1 0.4958912 1 0.8991782 0 0.4958912 0 0.8991782 0 0.4958912 1 0.8991782 1 0.8991782 0 0.4958912 0 0.8991782 0 0.4958912 1 0.8991782 1 0.4958912 0 0.8991782 1 0.8991782 0 1 1 1 0 1 1 0.8991782 1 0.8991782 0 1 1 1 0 1 1 0.8991782 0 0.8991782 1 0.0926041 0 -0.00821805 0 0.0926041 0 -0.00821805 1 0.0926041 1 -0.00821805 1 -0.00821805 1 0.0926041 0 -0.00821805 0 0.0926041 0 -0.00821805 1 0.0926041 0 0.0926041 1 0.4958912 1 0.0926041 1 0.4958912 0 0.0926041 0 0.4958912 0 0.4958912 0 0.0926041 1 0.4958912 1 0.0926041 1 0.4958912 0 0.0926041 1 0.8991782 0 0.4958912 0 0.8991782 0 0.4958912 1 0.8991782 1 0.4958912 1 0.4958912 1 0.8991782 0 0.4958912 0 0.8991782 0 0.4958912 1 0.8991782 1 0.8991782 0 1 1 1 0 1 1 0.8991782 0 0.8991782 0 0.8991782 1 0.8991782 0 1 1 1 0 1 1 0.8991782</float_array>
          <technique_common>
            <accessor source="#Material2_008-mesh-map-0-array" count="192" stride="2">
              <param name="S" type="float"/>
              <param name="T" type="float"/>
            </accessor>
          </technique_common>
        </source>
        <vertices id="Material2_008-mesh-vertices">
          <input semantic="POSITION" source="#Material2_008-mesh-positions"/>
        </vertices>
        <triangles material="mat_2_001-material" count="64">
          <input semantic="VERTEX" source="#Material2_008-mesh-vertices" offset="0"/>
          <input semantic="NORMAL" source="#Material2_008-mesh-normals" offset="1"/>
          <input semantic="TEXCOORD" source="#Material2_008-mesh-map-0" offset="2" set="0"/>
          <p>0 0 0 1 0 1 2 0 2 1 0 3 0 0 4 3 0 5 4 1 6 5 1 7 6 1 8 7 1 9 6 1 10 5 1 11 8 2 12 9 2 13 10 2 14 9 3 15 8 3 16 11 3 17 12 4 18 13 4 19 14 4 20 15 4 21 14 4 22 13 4 23 16 1 24 17 1 25 18 1 26 17 1 27 16 1 28 19 1 29 20 0 30 21 0 31 22 0 32 23 0 33 22 0 34 21 0 35 24 4 36 25 4 37 26 4 38 25 4 39 24 4 40 27 4 41 28 3 42 29 3 43 30 3 44 31 3 45 30 3 46 29 3 47 32 1 48 33 1 49 34 1 50 35 1 51 34 1 52 33 1 53 36 0 54 37 0 55 38 0 56 37 0 57 36 0 58 39 0 59 40 3 60 41 3 61 42 3 62 43 3 63 42 3 64 41 3 65 44 5 66 45 5 67 46 5 68 45 4 69 44 4 70 47 4 71 48 0 72 49 0 73 50 0 74 51 0 75 50 0 76 49 0 77 52 1 78 53 1 79 54 1 80 53 1 81 52 1 82 55 1 83 56 4 84 57 4 85 58 4 86 59 4 87 58 4 88 57 4 89 60 3 90 61 3 91 62 3 92 61 3 93 60 3 94 63 3 95 64 0 96 65 0 97 66 0 98 67 0 99 66 0 100 65 0 101 68 1 102 69 1 103 70 1 104 69 1 105 68 1 106 71 1 107 72 4 108 73 4 109 74 4 110 75 4 111 74 4 112 73 4 113 76 6 114 77 6 115 78 6 116 77 3 117 76 3 118 79 3 119 80 1 120 81 1 121 82 1 122 83 1 123 82 1 124 81 1 125 84 0 126 85 0 127 86 0 128 85 0 129 84 0 130 87 0 131 88 3 132 89 3 133 90 3 134 91 3 135 90 3 136 89 3 137 92 4 138 93 4 139 94 4 140 93 4 141 92 4 142 95 4 143 96 1 144 97 1 145 98 1 146 97 1 147 96 1 148 99 1 149 100 0 150 101 0 151 102 0 152 103 0 153 102 0 154 101 0 155 104 7 156 105 7 157 106 7 158 105 4 159 104 4 160 107 4 161 108 3 162 109 3 163 110 3 164 111 3 165 110 3 166 109 3 167 112 0 168 113 0 169 114 0 170 113 0 171 112 0 172 115 0 173 116 1 174 117 1 175 118 1 176 119 1 177 118 1 178 117 1 179 120 3 180 121 3 181 122 3 182 121 3 183 120 3 184 123 3 185 124 4 186 125 4 187 126 4 188 127 4 189 126 4 190 125 4 191</p>
        </triangles>
      </mesh>
    </geometry>
    <geometry id="Material2_007-mesh" name="Material2.007">
      <mesh>
        <source id="Material2_007-mesh-positions">
          <float_array id="Material2_007-mesh-positions-array" count="600">-21.68642 -111.8125 -49.19708 14.18858 -109.5625 -49.19708 -21.68642 -109.5625 -49.19708 14.18858 -111.8125 -49.19708 14.18858 -111.8125 -49.19708 -21.68642 -111.8125 -49.19708 14.18858 -109.5625 -49.19708 -21.68642 -109.5625 -49.19708 -21.68642 -109.5625 41.55292 -21.68642 -111.8125 -49.19708 -21.68642 -109.5625 -49.19708 -21.68642 -111.8125 41.55292 -21.68642 -111.8125 41.55292 -21.68642 -109.5625 41.55292 -21.68642 -111.8125 -49.19708 -21.68642 -109.5625 -49.19708 -21.68642 -111.8125 41.55292 14.18858 -111.8125 -49.19708 -21.68642 -111.8125 -49.19708 14.18858 -111.8125 41.55292 14.18858 -111.8125 41.55292 -21.68642 -111.8125 41.55292 14.18858 -111.8125 -49.19708 -21.68642 -111.8125 -49.19708 14.18858 -111.8125 41.55292 14.18858 -109.5625 -49.19708 14.18858 -111.8125 -49.19708 14.18858 -109.5625 41.55292 14.18858 -109.5625 41.55292 14.18858 -111.8125 41.55292 14.18858 -109.5625 -49.19708 14.18858 -111.8125 -49.19708 14.18858 -109.5625 41.55292 -21.68642 -111.8125 41.55292 -21.68642 -109.5625 41.55292 14.18858 -111.8125 41.55292 14.18858 -111.8125 41.55292 14.18858 -109.5625 41.55292 -21.68642 -111.8125 41.55292 -21.68642 -109.5625 41.55292 14.18858 -85.8125 41.55292 -21.68642 -85.8125 41.55292 14.18858 -83.5625 41.55292 -21.68642 -83.5625 41.55292 -21.68642 -85.8125 41.55292 14.18858 -83.5625 41.55292 -21.68642 -83.5625 41.55292 14.18858 -85.8125 41.55292 -21.68642 -85.8125 -49.19708 -21.68642 -83.5625 -49.19708 -21.68642 -85.8125 41.55292 -21.68642 -83.5625 41.55292 -21.68642 -83.5625 -49.19708 -21.68642 -85.8125 41.55292 -21.68642 -83.5625 41.55292 -21.68642 -85.8125 -49.19708 14.18858 -85.8125 -49.19708 -21.68642 -85.8125 -49.19708 14.18858 -85.8125 41.55292 -21.68642 -85.8125 41.55292 -21.68642 -85.8125 -49.19708 14.18858 -85.8125 41.55292 -21.68642 -85.8125 41.55292 14.18858 -85.8125 -49.19708 14.18858 -83.5625 -49.19708 14.18858 -85.8125 -49.19708 14.18858 -83.5625 41.55292 14.18858 -85.8125 41.55292 14.18858 -85.8125 -49.19708 14.18858 -83.5625 41.55292 14.18858 -85.8125 41.55292 14.18858 -83.5625 -49.19708 14.18858 -85.8125 -49.19708 14.18858 -83.5625 -49.19708 -21.68642 -85.8125 -49.19708 -21.68642 -83.5625 -49.19708 14.18858 -83.5625 -49.19708 -21.68642 -85.8125 -49.19708 -21.68642 -83.5625 -49.19708 14.18858 -85.8125 -49.19708 -21.68642 -59.8125 -49.19708 14.18858 -57.5625 -49.19708 -21.68642 -57.5625 -49.19708 14.18858 -59.8125 -49.19708 14.18858 -59.8125 -49.19708 -21.68642 -59.8125 -49.19708 14.18858 -57.5625 -49.19708 -21.68642 -57.5625 -49.19708 -21.68642 -57.5625 41.55292 -21.68642 -59.8125 -49.19708 -21.68642 -57.5625 -49.19708 -21.68642 -59.8125 41.55292 -21.68642 -59.8125 41.55292 -21.68642 -57.5625 41.55292 -21.68642 -59.8125 -49.19708 -21.68642 -57.5625 -49.19708 -21.68642 -59.8125 41.55292 14.18858 -59.8125 -49.19708 -21.68642 -59.8125 -49.19708 14.18858 -59.8125 41.55292 14.18858 -59.8125 41.55292 -21.68642 -59.8125 41.55292 14.18858 -59.8125 -49.19708 -21.68642 -59.8125 -49.19708 14.18858 -59.8125 41.55292 14.18858 -57.5625 -49.19708 14.18858 -59.8125 -49.19708 14.18858 -57.5625 41.55292 14.18858 -57.5625 41.55292 14.18858 -59.8125 41.55292 14.18858 -57.5625 -49.19708 14.18858 -59.8125 -49.19708 14.18858 -57.5625 41.55292 -21.68642 -59.8125 41.55292 -21.68642 -57.5625 41.55292 14.18858 -59.8125 41.55292 14.18858 -59.8125 41.55292 14.18858 -57.5625 41.55292 -21.68642 -59.8125 41.55292 -21.68642 -57.5625 41.55292 -21.68642 -33.8125 -49.19708 14.18858 -33.8125 -49.19708 -21.68642 -31.5625 -49.19708 14.18858 -31.5625 -49.19708 14.18858 -33.8125 -49.19708 -21.68642 -31.5625 -49.19708 14.18858 -31.5625 -49.19708 -21.68642 -33.8125 -49.19708 14.18858 -33.8125 41.55292 14.18858 -31.5625 41.55292 14.18858 -33.8125 -49.19708 14.18858 -31.5625 -49.19708 14.18858 -31.5625 41.55292 14.18858 -33.8125 -49.19708 14.18858 -31.5625 -49.19708 14.18858 -33.8125 41.55292 -21.68642 -33.8125 41.55292 14.18858 -33.8125 41.55292 -21.68642 -33.8125 -49.19708 14.18858 -33.8125 -49.19708 14.18858 -33.8125 41.55292 -21.68642 -33.8125 -49.19708 14.18858 -33.8125 -49.19708 -21.68642 -33.8125 41.55292 -21.68642 -31.5625 41.55292 -21.68642 -33.8125 41.55292 -21.68642 -31.5625 -49.19708 -21.68642 -33.8125 -49.19708 -21.68642 -33.8125 41.55292 -21.68642 -31.5625 -49.19708 -21.68642 -33.8125 -49.19708 -21.68642 -31.5625 41.55292 -21.68642 -33.8125 41.55292 -21.68642 -31.5625 41.55292 14.18858 -33.8125 41.55292 14.18858 -31.5625 41.55292 -21.68642 -31.5625 41.55292 14.18858 -33.8125 41.55292 14.18858 -31.5625 41.55292 -21.68642 -33.8125 41.55292 14.18858 -7.8125 41.55292 -21.68642 -7.8125 41.55292 14.18858 -5.5625 41.55292 -21.68642 -5.5625 41.55292 -21.68642 -7.8125 41.55292 14.18858 -5.5625 41.55292 -21.68642 -5.5625 41.55292 14.18858 -7.8125 41.55292 -21.68642 -7.8125 -49.19708 -21.68642 -5.5625 -49.19708 -21.68642 -7.8125 41.55292 -21.68642 -5.5625 41.55292 -21.68642 -5.5625 -49.19708 -21.68642 -7.8125 41.55292 -21.68642 -5.5625 41.55292 -21.68642 -7.8125 -49.19708 14.18858 -7.8125 -49.19708 -21.68642 -7.8125 -49.19708 14.18858 -7.8125 41.55292 -21.68642 -7.8125 41.55292 -21.68642 -7.8125 -49.19708 14.18858 -7.8125 41.55292 -21.68642 -7.8125 41.55292 14.18858 -7.8125 -49.19708 14.18858 -5.5625 -49.19708 14.18858 -7.8125 -49.19708 14.18858 -5.5625 41.55292 14.18858 -7.8125 41.55292 14.18858 -7.8125 -49.19708 14.18858 -5.5625 41.55292 14.18858 -7.8125 41.55292 14.18858 -5.5625 -49.19708 14.18858 -7.8125 -49.19708 14.18858 -5.5625 -49.19708 -21.68642 -7.8125 -49.19708 -21.68642 -5.5625 -49.19708 14.18858 -5.5625 -49.19708 -21.68642 -7.8125 -49.19708 -21.68642 -5.5625 -49.19708 14.18858 -7.8125 -49.19708</float_array>
          <technique_common>
            <accessor source="#Material2_007-mesh-positions-array" count="200" stride="3">
              <param name="X" type="float"/>
              <param name="Y" type="float"/>
              <param name="Z" type="float"/>
            </accessor>
          </technique_common>
        </source>
        <source id="Material2_007-mesh-normals">
          <float_array id="Material2_007-mesh-normals-array" count="18">0 0 1 0 0 -1 1 0 0 -1 0 0 0 1 0 0 -1 0</float_array>
          <technique_common>
            <accessor source="#Material2_007-mesh-normals-array" count="6" stride="3">
              <param name="X" type="float"/>
              <param name="Y" type="float"/>
              <param name="Z" type="float"/>
            </accessor>
          </technique_common>
        </source>
        <source id="Material2_007-mesh-map-0">
          <float_array id="Material2_007-mesh-map-0-array" count="600">0.9762663 0.0557276 0.9998856 0.9442725 0.9998856 0.0557276 0.9998856 0.9442725 0.9762663 0.0557276 0.9762663 0.9442725 0.9762663 0.9442725 0.9762663 0.0557276 0.9998856 0.9442725 0.9998856 0.0557276 0.9998856 0.9442725 0.9762663 0.0557276 0.02361935 0 0.9762663 0.0557276 0.9762663 0 0.9762663 0.0557276 0.02361935 0 0.02361935 0.0557276 0.02361935 0.0557276 0.02361935 0 0.9762663 0.0557276 0.9762663 0 0.9762663 0.0557276 0.02361935 0 0.02361935 0.0557276 0.9762663 0.9442725 0.9762663 0.0557276 0.9762663 0.9442725 0.02361935 0.0557276 0.02361935 0.9442725 0.02361935 0.9442725 0.02361935 0.0557276 0.9762663 0.9442725 0.9762663 0.0557276 0.9762663 0.9442725 0.02361935 0.0557276 0.02361935 0.9442725 0.9762663 1 0.9762663 0.9442725 0.9762663 1 0.02361935 0.9442725 0.02361935 1 0.02361935 1 0.02361935 0.9442725 0.9762663 1 0.9762663 0.9442725 0.9762663 1 0.02361935 0.9442725 0 0.9442725 0.02361935 0.0557276 0 0.0557276 0.02361935 0.0557276 0 0.9442725 0.02361935 0.9442725 0.02361935 0.9442725 0 0.9442725 0.02361935 0.0557276 0 0.0557276 0.02361935 0.0557276 0 0.9442725 0.9762663 0.9442725 0.9762663 0.0557276 0.9998856 0.9442725 0.9998856 0.0557276 0.9998856 0.9442725 0.9762663 0.0557276 0.9762663 0.0557276 0.9998856 0.9442725 0.9998856 0.0557276 0.9998856 0.9442725 0.9762663 0.0557276 0.9762663 0.9442725 0.02361935 0.0557276 0.02361935 0 0.9762663 0.0557276 0.9762663 0 0.9762663 0.0557276 0.02361935 0 0.02361935 0 0.9762663 0.0557276 0.9762663 0 0.9762663 0.0557276 0.02361935 0 0.02361935 0.0557276 0.02361935 0.9442725 0.02361935 0.0557276 0.9762663 0.9442725 0.9762663 0.0557276 0.9762663 0.9442725 0.02361935 0.0557276 0.02361935 0.0557276 0.9762663 0.9442725 0.9762663 0.0557276 0.9762663 0.9442725 0.02361935 0.0557276 0.02361935 0.9442725 0.02361935 1 0.02361935 0.9442725 0.9762663 1 0.9762663 0.9442725 0.9762663 1 0.02361935 0.9442725 0.02361935 0.9442725 0.9762663 1 0.9762663 0.9442725 0.9762663 1 0.02361935 0.9442725 0.02361935 1 0.02361935 0.9442725 0 0.9442725 0.02361935 0.0557276 0 0.0557276 0.02361935 0.0557276 0 0.9442725 0 0.9442725 0.02361935 0.0557276 0 0.0557276 0.02361935 0.0557276 0 0.9442725 0.02361935 0.9442725 0.9762663 0.0557276 0.9998856 0.9442725 0.9998856 0.0557276 0.9998856 0.9442725 0.9762663 0.0557276 0.9762663 0.9442725 0.9762663 0.9442725 0.9762663 0.0557276 0.9998856 0.9442725 0.9998856 0.0557276 0.9998856 0.9442725 0.9762663 0.0557276 0.02361935 0 0.9762663 0.0557276 0.9762663 0 0.9762663 0.0557276 0.02361935 0 0.02361935 0.0557276 0.02361935 0.0557276 0.02361935 0 0.9762663 0.0557276 0.9762663 0 0.9762663 0.0557276 0.02361935 0 0.02361935 0.0557276 0.9762663 0.9442725 0.9762663 0.0557276 0.9762663 0.9442725 0.02361935 0.0557276 0.02361935 0.9442725 0.02361935 0.9442725 0.02361935 0.0557276 0.9762663 0.9442725 0.9762663 0.0557276 0.9762663 0.9442725 0.02361935 0.0557276 0.02361935 0.9442725 0.9762663 1 0.9762663 0.9442725 0.9762663 1 0.02361935 0.9442725 0.02361935 1 0.02361935 1 0.02361935 0.9442725 0.9762663 1 0.9762663 0.9442725 0.9762663 1 0.02361935 0.9442725 0 0.9442725 0.02361935 0.0557276 0 0.0557276 0.02361935 0.0557276 0 0.9442725 0.02361935 0.9442725 0.02361935 0.9442725 0 0.9442725 0.02361935 0.0557276 0 0.0557276 0.02361935 0.0557276 0 0.9442725 0.9762663 0.9442725 0.9762663 0.0557276 0.9998856 0.9442725 0.9998856 0.0557276 0.9998856 0.9442725 0.9762663 0.0557276 0.9762663 0.0557276 0.9998856 0.9442725 0.9998856 0.0557276 0.9998856 0.9442725 0.9762663 0.0557276 0.9762663 0.9442725 0.02361935 0.0557276 0.02361935 0 0.9762663 0.0557276 0.9762663 0 0.9762663 0.0557276 0.02361935 0 0.02361935 0 0.9762663 0.0557276 0.9762663 0 0.9762663 0.0557276 0.02361935 0 0.02361935 0.0557276 0.02361935 0.9442725 0.02361935 0.0557276 0.9762663 0.9442725 0.9762663 0.0557276 0.9762663 0.9442725 0.02361935 0.0557276 0.02361935 0.0557276 0.9762663 0.9442725 0.9762663 0.0557276 0.9762663 0.9442725 0.02361935 0.0557276 0.02361935 0.9442725 0.02361935 1 0.02361935 0.9442725 0.9762663 1 0.9762663 0.9442725 0.9762663 1 0.02361935 0.9442725 0.02361935 0.9442725 0.9762663 1 0.9762663 0.9442725 0.9762663 1 0.02361935 0.9442725 0.02361935 1 0.02361935 0.9442725 0 0.9442725 0.02361935 0.0557276 0 0.0557276 0.02361935 0.0557276 0 0.9442725 0 0.9442725 0.02361935 0.0557276 0 0.0557276 0.02361935 0.0557276 0 0.9442725 0.02361935 0.9442725 0.9762663 0.9442725 0.9762663 0.0557276 0.9998856 0.9442725 0.9998856 0.0557276 0.9998856 0.9442725 0.9762663 0.0557276 0.9762663 0.0557276 0.9998856 0.9442725 0.9998856 0.0557276 0.9998856 0.9442725 0.9762663 0.0557276 0.9762663 0.9442725 0.02361935 0.0557276 0.02361935 0 0.9762663 0.0557276 0.9762663 0 0.9762663 0.0557276 0.02361935 0 0.02361935 0 0.9762663 0.0557276 0.9762663 0 0.9762663 0.0557276 0.02361935 0 0.02361935 0.0557276 0.02361935 0.9442725 0.02361935 0.0557276 0.9762663 0.9442725 0.9762663 0.0557276 0.9762663 0.9442725 0.02361935 0.0557276 0.02361935 0.0557276 0.9762663 0.9442725 0.9762663 0.0557276 0.9762663 0.9442725 0.02361935 0.0557276 0.02361935 0.9442725 0.02361935 1 0.02361935 0.9442725 0.9762663 1 0.9762663 0.9442725 0.9762663 1 0.02361935 0.9442725 0.02361935 0.9442725 0.9762663 1 0.9762663 0.9442725 0.9762663 1 0.02361935 0.9442725 0.02361935 1 0.02361935 0.9442725 0 0.9442725 0.02361935 0.0557276 0 0.0557276 0.02361935 0.0557276 0 0.9442725 0 0.9442725 0.02361935 0.0557276 0 0.0557276 0.02361935 0.0557276 0 0.9442725 0.02361935 0.9442725</float_array>
          <technique_common>
            <accessor source="#Material2_007-mesh-map-0-array" count="300" stride="2">
              <param name="S" type="float"/>
              <param name="T" type="float"/>
            </accessor>
          </technique_common>
        </source>
        <vertices id="Material2_007-mesh-vertices">
          <input semantic="POSITION" source="#Material2_007-mesh-positions"/>
        </vertices>
        <triangles material="mat_1_001-material" count="100">
          <input semantic="VERTEX" source="#Material2_007-mesh-vertices" offset="0"/>
          <input semantic="NORMAL" source="#Material2_007-mesh-normals" offset="1"/>
          <input semantic="TEXCOORD" source="#Material2_007-mesh-map-0" offset="2" set="0"/>
          <p>0 0 0 1 0 1 2 0 2 1 0 3 0 0 4 3 0 5 4 1 6 5 1 7 6 1 8 7 1 9 6 1 10 5 1 11 8 2 12 9 2 13 10 2 14 9 2 15 8 2 16 11 2 17 12 3 18 13 3 19 14 3 20 15 3 21 14 3 22 13 3 23 16 4 24 17 4 25 18 4 26 17 4 27 16 4 28 19 4 29 20 5 30 21 5 31 22 5 32 23 5 33 22 5 34 21 5 35 24 3 36 25 3 37 26 3 38 25 3 39 24 3 40 27 3 41 28 2 42 29 2 43 30 2 44 31 2 45 30 2 46 29 2 47 32 1 48 33 1 49 34 1 50 33 1 51 32 1 52 35 1 53 36 0 54 37 0 55 38 0 56 39 0 57 38 0 58 37 0 59 40 1 60 41 1 61 42 1 62 43 1 63 42 1 64 41 1 65 44 0 66 45 0 67 46 0 68 45 0 69 44 0 70 47 0 71 48 2 72 49 2 73 50 2 74 51 2 75 50 2 76 49 2 77 52 3 78 53 3 79 54 3 80 53 3 81 52 3 82 55 3 83 56 4 84 57 4 85 58 4 86 59 4 87 58 4 88 57 4 89 60 5 90 61 5 91 62 5 92 61 5 93 60 5 94 63 5 95 64 3 96 65 3 97 66 3 98 67 3 99 66 3 100 65 3 101 68 2 102 69 2 103 70 2 104 69 2 105 68 2 106 71 2 107 72 0 108 73 0 109 74 0 110 75 0 111 74 0 112 73 0 113 76 1 114 77 1 115 78 1 116 77 1 117 76 1 118 79 1 119 80 0 120 81 0 121 82 0 122 81 0 123 80 0 124 83 0 125 84 1 126 85 1 127 86 1 128 87 1 129 86 1 130 85 1 131 88 2 132 89 2 133 90 2 134 89 2 135 88 2 136 91 2 137 92 3 138 93 3 139 94 3 140 95 3 141 94 3 142 93 3 143 96 4 144 97 4 145 98 4 146 97 4 147 96 4 148 99 4 149 100 5 150 101 5 151 102 5 152 103 5 153 102 5 154 101 5 155 104 3 156 105 3 157 106 3 158 105 3 159 104 3 160 107 3 161 108 2 162 109 2 163 110 2 164 111 2 165 110 2 166 109 2 167 112 1 168 113 1 169 114 1 170 113 1 171 112 1 172 115 1 173 116 0 174 117 0 175 118 0 176 119 0 177 118 0 178 117 0 179 120 0 180 121 0 181 122 0 182 123 0 183 122 0 184 121 0 185 124 1 186 125 1 187 126 1 188 125 1 189 124 1 190 127 1 191 128 3 192 129 3 193 130 3 194 131 3 195 130 3 196 129 3 197 132 2 198 133 2 199 134 2 200 133 2 201 132 2 202 135 2 203 136 4 204 137 4 205 138 4 206 139 4 207 138 4 208 137 4 209 140 5 210 141 5 211 142 5 212 141 5 213 140 5 214 143 5 215 144 2 216 145 2 217 146 2 218 147 2 219 146 2 220 145 2 221 148 3 222 149 3 223 150 3 224 149 3 225 148 3 226 151 3 227 152 1 228 153 1 229 154 1 230 155 1 231 154 1 232 153 1 233 156 0 234 157 0 235 158 0 236 157 0 237 156 0 238 159 0 239 160 1 240 161 1 241 162 1 242 163 1 243 162 1 244 161 1 245 164 0 246 165 0 247 166 0 248 165 0 249 164 0 250 167 0 251 168 2 252 169 2 253 170 2 254 171 2 255 170 2 256 169 2 257 172 3 258 173 3 259 174 3 260 173 3 261 172 3 262 175 3 263 176 4 264 177 4 265 178 4 266 179 4 267 178 4 268 177 4 269 180 5 270 181 5 271 182 5 272 181 5 273 180 5 274 183 5 275 184 3 276 185 3 277 186 3 278 187 3 279 186 3 280 185 3 281 188 2 282 189 2 283 190 2 284 189 2 285 188 2 286 191 2 287 192 0 288 193 0 289 194 0 290 195 0 291 194 0 292 193 0 293 196 1 294 197 1 295 198 1 296 197 1 297 196 1 298 199 1 299</p>
        </triangles>
      </mesh>
    </geometry>
    <geometry id="Material2_006-mesh" name="Material2.006">
      <mesh>
        <source id="Material2_006-mesh-positions">
          <float_array id="Material2_006-mesh-positions-array" count="1560">14.18858 -29.25 10.48382 -16.49892 -29.25 35.98382 -16.49892 -29.25 10.48382 14.18858 -29.25 35.98382 14.18858 -29.25 35.98382 14.18858 -29.25 10.48382 -16.49892 -29.25 35.98382 -16.49892 -29.25 10.48382 14.18858 -7.8125 10.48382 14.18858 -29.25 35.98382 14.18858 -29.25 10.48382 14.18858 -7.8125 35.98382 14.18858 -7.8125 35.98382 14.18858 -7.8125 10.48382 14.18858 -29.25 35.98382 14.18858 -29.25 10.48382 -16.49892 -29.25 35.98382 14.18858 -7.8125 35.98382 -16.49892 -7.8125 35.98382 14.18858 -29.25 35.98382 14.18858 -29.25 35.98382 -16.49892 -29.25 35.98382 14.18858 -7.8125 35.98382 -16.49892 -7.8125 35.98382 -16.49892 -29.25 35.98382 -16.49892 -7.8125 10.48382 -16.49892 -29.25 10.48382 -16.49892 -7.8125 35.98382 -16.49892 -7.8125 35.98382 -16.49892 -29.25 35.98382 -16.49892 -7.8125 10.48382 -16.49892 -29.25 10.48382 14.18858 -29.25 10.48382 -16.49892 -7.8125 10.48382 14.18858 -7.8125 10.48382 -16.49892 -29.25 10.48382 -16.49892 -29.25 10.48382 14.18858 -29.25 10.48382 -16.49892 -7.8125 10.48382 14.18858 -7.8125 10.48382 11.96293 -133.25 -45.65584 -17.15824 -133.25 -18.38077 -18.67055 -133.25 -43.83588 13.47525 -133.25 -20.20073 13.47525 -133.25 -20.20073 11.96293 -133.25 -45.65584 -17.15824 -133.25 -18.38077 -18.67055 -133.25 -43.83588 11.96293 -111.8125 -45.65584 13.47525 -133.25 -20.20073 11.96293 -133.25 -45.65584 13.47525 -111.8125 -20.20073 13.47525 -111.8125 -20.20073 11.96293 -111.8125 -45.65584 13.47525 -133.25 -20.20073 11.96293 -133.25 -45.65584 -17.15824 -133.25 -18.38077 13.47525 -111.8125 -20.20073 -17.15824 -111.8125 -18.38077 13.47525 -133.25 -20.20073 13.47525 -133.25 -20.20073 -17.15824 -133.25 -18.38077 13.47525 -111.8125 -20.20073 -17.15824 -111.8125 -18.38077 -17.15824 -133.25 -18.38077 -18.67055 -111.8125 -43.83588 -18.67055 -133.25 -43.83588 -17.15824 -111.8125 -18.38077 -17.15824 -111.8125 -18.38077 -17.15824 -133.25 -18.38077 -18.67055 -111.8125 -43.83588 -18.67055 -133.25 -43.83588 11.96293 -133.25 -45.65584 -18.67055 -111.8125 -43.83588 11.96293 -111.8125 -45.65584 -18.67055 -133.25 -43.83588 -18.67055 -133.25 -43.83588 11.96293 -133.25 -45.65584 -18.67055 -111.8125 -43.83588 11.96293 -111.8125 -45.65584 11.50108 -133.25 12.48382 -19.18642 -133.25 37.98382 -19.18642 -133.25 12.48382 11.50108 -133.25 37.98382 11.50108 -133.25 37.98382 11.50108 -133.25 12.48382 -19.18642 -133.25 37.98382 -19.18642 -133.25 12.48382 11.50108 -111.8125 12.48382 11.50108 -133.25 37.98382 11.50108 -133.25 12.48382 11.50108 -111.8125 37.98382 11.50108 -111.8125 37.98382 11.50108 -111.8125 12.48382 11.50108 -133.25 37.98382 11.50108 -133.25 12.48382 -19.18642 -133.25 37.98382 11.50108 -111.8125 37.98382 -19.18642 -111.8125 37.98382 11.50108 -133.25 37.98382 11.50108 -133.25 37.98382 -19.18642 -133.25 37.98382 11.50108 -111.8125 37.98382 -19.18642 -111.8125 37.98382 -19.18642 -133.25 37.98382 -19.18642 -111.8125 12.48382 -19.18642 -133.25 12.48382 -19.18642 -111.8125 37.98382 -19.18642 -111.8125 37.98382 -19.18642 -133.25 37.98382 -19.18642 -111.8125 12.48382 -19.18642 -133.25 12.48382 11.50108 -133.25 12.48382 -19.18642 -111.8125 12.48382 11.50108 -111.8125 12.48382 -19.18642 -133.25 12.48382 -19.18642 -133.25 12.48382 11.50108 -133.25 12.48382 -19.18642 -111.8125 12.48382 11.50108 -111.8125 12.48382 10.12608 -133.25 -15.76618 -20.56142 -133.25 9.73382 -20.56142 -133.25 -15.76618 10.12608 -133.25 9.73382 10.12608 -133.25 9.73382 10.12608 -133.25 -15.76618 -20.56142 -133.25 9.73382 -20.56142 -133.25 -15.76618 10.12608 -111.8125 -15.76618 10.12608 -133.25 9.73382 10.12608 -133.25 -15.76618 10.12608 -111.8125 9.73382 10.12608 -111.8125 9.73382 10.12608 -111.8125 -15.76618 10.12608 -133.25 9.73382 10.12608 -133.25 -15.76618 -20.56142 -133.25 9.73382 10.12608 -111.8125 9.73382 -20.56142 -111.8125 9.73382 10.12608 -133.25 9.73382 10.12608 -133.25 9.73382 -20.56142 -133.25 9.73382 10.12608 -111.8125 9.73382 -20.56142 -111.8125 9.73382 -20.56142 -133.25 9.73382 -20.56142 -111.8125 -15.76618 -20.56142 -133.25 -15.76618 -20.56142 -111.8125 9.73382 -20.56142 -111.8125 9.73382 -20.56142 -133.25 9.73382 -20.56142 -111.8125 -15.76618 -20.56142 -133.25 -15.76618 10.12608 -133.25 -15.76618 -20.56142 -111.8125 -15.76618 10.12608 -111.8125 -15.76618 -20.56142 -133.25 -15.76618 -20.56142 -133.25 -15.76618 10.12608 -133.25 -15.76618 -20.56142 -111.8125 -15.76618 10.12608 -111.8125 -15.76618 14.18858 -107.25 -45.32868 -16.49892 -107.25 -19.82868 -16.49892 -107.25 -45.32868 14.18858 -107.25 -19.82868 14.18858 -107.25 -19.82868 14.18858 -107.25 -45.32868 -16.49892 -107.25 -19.82868 -16.49892 -107.25 -45.32868 14.18858 -85.8125 -45.32868 14.18858 -107.25 -19.82868 14.18858 -107.25 -45.32868 14.18858 -85.8125 -19.82868 14.18858 -85.8125 -19.82868 14.18858 -85.8125 -45.32868 14.18858 -107.25 -19.82868 14.18858 -107.25 -45.32868 -16.49892 -107.25 -19.82868 14.18858 -85.8125 -19.82868 -16.49892 -85.8125 -19.82868 14.18858 -107.25 -19.82868 14.18858 -107.25 -19.82868 -16.49892 -107.25 -19.82868 14.18858 -85.8125 -19.82868 -16.49892 -85.8125 -19.82868 -16.49892 -107.25 -19.82868 -16.49892 -85.8125 -45.32868 -16.49892 -107.25 -45.32868 -16.49892 -85.8125 -19.82868 -16.49892 -85.8125 -19.82868 -16.49892 -107.25 -19.82868 -16.49892 -85.8125 -45.32868 -16.49892 -107.25 -45.32868 14.18858 -107.25 -45.32868 -16.49892 -85.8125 -45.32868 14.18858 -85.8125 -45.32868 -16.49892 -107.25 -45.32868 -16.49892 -107.25 -45.32868 14.18858 -107.25 -45.32868 -16.49892 -85.8125 -45.32868 14.18858 -85.8125 -45.32868 10.43858 -107.25 -13.64118 -20.24892 -107.25 11.85882 -20.24892 -107.25 -13.64118 10.43858 -107.25 11.85882 10.43858 -107.25 11.85882 10.43858 -107.25 -13.64118 -20.24892 -107.25 11.85882 -20.24892 -107.25 -13.64118 10.43858 -85.8125 -13.64118 10.43858 -107.25 11.85882 10.43858 -107.25 -13.64118 10.43858 -85.8125 11.85882 10.43858 -85.8125 11.85882 10.43858 -85.8125 -13.64118 10.43858 -107.25 11.85882 10.43858 -107.25 -13.64118 -20.24892 -107.25 11.85882 10.43858 -85.8125 11.85882 -20.24892 -85.8125 11.85882 10.43858 -107.25 11.85882 10.43858 -107.25 11.85882 -20.24892 -107.25 11.85882 10.43858 -85.8125 11.85882 -20.24892 -85.8125 11.85882 -20.24892 -107.25 11.85882 -20.24892 -85.8125 -13.64118 -20.24892 -107.25 -13.64118 -20.24892 -85.8125 11.85882 -20.24892 -85.8125 11.85882 -20.24892 -107.25 11.85882 -20.24892 -85.8125 -13.64118 -20.24892 -107.25 -13.64118 10.43858 -107.25 -13.64118 -20.24892 -85.8125 -13.64118 10.43858 -85.8125 -13.64118 -20.24892 -107.25 -13.64118 -20.24892 -107.25 -13.64118 10.43858 -107.25 -13.64118 -20.24892 -85.8125 -13.64118 10.43858 -85.8125 -13.64118 14.18858 -81.25 -15.76618 -16.49892 -81.25 9.73382 -16.49892 -81.25 -15.76618 14.18858 -81.25 9.73382 14.18858 -81.25 9.73382 14.18858 -81.25 -15.76618 -16.49892 -81.25 9.73382 -16.49892 -81.25 -15.76618 14.18858 -59.8125 -15.76618 14.18858 -81.25 9.73382 14.18858 -81.25 -15.76618 14.18858 -59.8125 9.73382 14.18858 -59.8125 9.73382 14.18858 -59.8125 -15.76618 14.18858 -81.25 9.73382 14.18858 -81.25 -15.76618 -16.49892 -81.25 9.73382 14.18858 -59.8125 9.73382 -16.49892 -59.8125 9.73382 14.18858 -81.25 9.73382 14.18858 -81.25 9.73382 -16.49892 -81.25 9.73382 14.18858 -59.8125 9.73382 -16.49892 -59.8125 9.73382 -16.49892 -81.25 9.73382 -16.49892 -59.8125 -15.76618 -16.49892 -81.25 -15.76618 -16.49892 -59.8125 9.73382 -16.49892 -59.8125 9.73382 -16.49892 -81.25 9.73382 -16.49892 -59.8125 -15.76618 -16.49892 -81.25 -15.76618 14.18858 -81.25 -15.76618 -16.49892 -59.8125 -15.76618 14.18858 -59.8125 -15.76618 -16.49892 -81.25 -15.76618 -16.49892 -81.25 -15.76618 14.18858 -81.25 -15.76618 -16.49892 -59.8125 -15.76618 14.18858 -59.8125 -15.76618 10.43858 -81.25 -44.70368 -20.24892 -81.25 -19.20368 -20.24892 -81.25 -44.70368 10.43858 -81.25 -19.20368 10.43858 -81.25 -19.20368 10.43858 -81.25 -44.70368 -20.24892 -81.25 -19.20368 -20.24892 -81.25 -44.70368 10.43858 -59.8125 -44.70368 10.43858 -81.25 -19.20368 10.43858 -81.25 -44.70368 10.43858 -59.8125 -19.20368 10.43858 -59.8125 -19.20368 10.43858 -59.8125 -44.70368 10.43858 -81.25 -19.20368 10.43858 -81.25 -44.70368 -20.24892 -81.25 -19.20368 10.43858 -59.8125 -19.20368 -20.24892 -59.8125 -19.20368 10.43858 -81.25 -19.20368 10.43858 -81.25 -19.20368 -20.24892 -81.25 -19.20368 10.43858 -59.8125 -19.20368 -20.24892 -59.8125 -19.20368 -20.24892 -81.25 -19.20368 -20.24892 -59.8125 -44.70368 -20.24892 -81.25 -44.70368 -20.24892 -59.8125 -19.20368 -20.24892 -59.8125 -19.20368 -20.24892 -81.25 -19.20368 -20.24892 -59.8125 -44.70368 -20.24892 -81.25 -44.70368 10.43858 -81.25 -44.70368 -20.24892 -59.8125 -44.70368 10.43858 -59.8125 -44.70368 -20.24892 -81.25 -44.70368 -20.24892 -81.25 -44.70368 10.43858 -81.25 -44.70368 -20.24892 -59.8125 -44.70368 10.43858 -59.8125 -44.70368 11.50108 -81.25 12.92132 -19.18642 -81.25 38.42132 -19.18642 -81.25 12.92132 11.50108 -81.25 38.42132 11.50108 -81.25 38.42132 11.50108 -81.25 12.92132 -19.18642 -81.25 38.42132 -19.18642 -81.25 12.92132 11.50108 -59.8125 12.92132 11.50108 -81.25 38.42132 11.50108 -81.25 12.92132 11.50108 -59.8125 38.42132 11.50108 -59.8125 38.42132 11.50108 -59.8125 12.92132 11.50108 -81.25 38.42132 11.50108 -81.25 12.92132 -19.18642 -81.25 38.42132 11.50108 -59.8125 38.42132 -19.18642 -59.8125 38.42132 11.50108 -81.25 38.42132 11.50108 -81.25 38.42132 -19.18642 -81.25 38.42132 11.50108 -59.8125 38.42132 -19.18642 -59.8125 38.42132 -19.18642 -81.25 38.42132 -19.18642 -59.8125 12.92132 -19.18642 -81.25 12.92132 -19.18642 -59.8125 38.42132 -19.18642 -59.8125 38.42132 -19.18642 -81.25 38.42132 -19.18642 -59.8125 12.92132 -19.18642 -81.25 12.92132 11.50108 -81.25 12.92132 -19.18642 -59.8125 12.92132 11.50108 -59.8125 12.92132 -19.18642 -81.25 12.92132 -19.18642 -81.25 12.92132 11.50108 -81.25 12.92132 -19.18642 -59.8125 12.92132 11.50108 -59.8125 12.92132 12.06358 -55.25 13.73382 -18.62392 -55.25 39.23382 -18.62392 -55.25 13.73382 12.06358 -55.25 39.23382 12.06358 -55.25 39.23382 12.06358 -55.25 13.73382 -18.62392 -55.25 39.23382 -18.62392 -55.25 13.73382 12.06358 -33.8125 13.73382 12.06358 -55.25 39.23382 12.06358 -55.25 13.73382 12.06358 -33.8125 39.23382 12.06358 -33.8125 39.23382 12.06358 -33.8125 13.73382 12.06358 -55.25 39.23382 12.06358 -55.25 13.73382 -18.62392 -55.25 39.23382 12.06358 -33.8125 39.23382 -18.62392 -33.8125 39.23382 12.06358 -55.25 39.23382 12.06358 -55.25 39.23382 -18.62392 -55.25 39.23382 12.06358 -33.8125 39.23382 -18.62392 -33.8125 39.23382 -18.62392 -55.25 39.23382 -18.62392 -33.8125 13.73382 -18.62392 -55.25 13.73382 -18.62392 -33.8125 39.23382 -18.62392 -33.8125 39.23382 -18.62392 -55.25 39.23382 -18.62392 -33.8125 13.73382 -18.62392 -55.25 13.73382 12.06358 -55.25 13.73382 -18.62392 -33.8125 13.73382 12.06358 -33.8125 13.73382 -18.62392 -55.25 13.73382 -18.62392 -55.25 13.73382 12.06358 -55.25 13.73382 -18.62392 -33.8125 13.73382 12.06358 -33.8125 13.73382 10.11858 -55.25 -15.92809 -19.89089 -55.25 10.36648 -20.5584 -55.25 -15.12478 10.7861 -55.25 9.563177 10.7861 -55.25 9.563177 10.11858 -55.25 -15.92809 -19.89089 -55.25 10.36648 -20.5584 -55.25 -15.12478 10.11858 -33.8125 -15.92809 10.7861 -55.25 9.563177 10.11858 -55.25 -15.92809 10.7861 -33.8125 9.563177 10.7861 -33.8125 9.563177 10.11858 -33.8125 -15.92809 10.7861 -55.25 9.563177 10.11858 -55.25 -15.92809 -19.89089 -55.25 10.36648 10.7861 -33.8125 9.563177 -19.89089 -33.8125 10.36648 10.7861 -55.25 9.563177 10.7861 -55.25 9.563177 -19.89089 -55.25 10.36648 10.7861 -33.8125 9.563177 -19.89089 -33.8125 10.36648 -19.89089 -55.25 10.36648 -20.5584 -33.8125 -15.12478 -20.5584 -55.25 -15.12478 -19.89089 -33.8125 10.36648 -19.89089 -33.8125 10.36648 -19.89089 -55.25 10.36648 -20.5584 -33.8125 -15.12478 -20.5584 -55.25 -15.12478 10.11858 -55.25 -15.92809 -20.5584 -33.8125 -15.12478 10.11858 -33.8125 -15.92809 -20.5584 -55.25 -15.12478 -20.5584 -55.25 -15.12478 10.11858 -55.25 -15.92809 -20.5584 -33.8125 -15.12478 10.11858 -33.8125 -15.92809 11.73324 -29.25 -46.38612 -20.12141 -29.25 -22.36001 -18.92019 -29.25 -47.8317 10.53203 -29.25 -20.91443 10.53203 -29.25 -20.91443 11.73324 -29.25 -46.38612 -20.12141 -29.25 -22.36001 -18.92019 -29.25 -47.8317 11.73324 -7.8125 -46.38612 10.53203 -29.25 -20.91443 11.73324 -29.25 -46.38612 10.53203 -7.8125 -20.91443 10.53203 -7.8125 -20.91443 11.73324 -7.8125 -46.38612 10.53203 -29.25 -20.91443 11.73324 -29.25 -46.38612 -20.12141 -29.25 -22.36001 10.53203 -7.8125 -20.91443 -20.12141 -7.8125 -22.36001 10.53203 -29.25 -20.91443 10.53203 -29.25 -20.91443 -20.12141 -29.25 -22.36001 10.53203 -7.8125 -20.91443 -20.12141 -7.8125 -22.36001 -20.12141 -29.25 -22.36001 -18.92019 -7.8125 -47.8317 -18.92019 -29.25 -47.8317 -20.12141 -7.8125 -22.36001 -20.12141 -7.8125 -22.36001 -20.12141 -29.25 -22.36001 -18.92019 -7.8125 -47.8317 -18.92019 -29.25 -47.8317 11.73324 -29.25 -46.38612 -18.92019 -7.8125 -47.8317 11.73324 -7.8125 -46.38612 -18.92019 -29.25 -47.8317 -18.92019 -29.25 -47.8317 11.73324 -29.25 -46.38612 -18.92019 -7.8125 -47.8317 11.73324 -7.8125 -46.38612 11.50108 -29.25 -18.57868 -19.18642 -29.25 6.92132 -19.18642 -29.25 -18.57868 11.50108 -29.25 6.92132 11.50108 -29.25 6.92132 11.50108 -29.25 -18.57868 -19.18642 -29.25 6.92132 -19.18642 -29.25 -18.57868 11.50108 -7.8125 -18.57868 11.50108 -29.25 6.92132 11.50108 -29.25 -18.57868 11.50108 -7.8125 6.92132 11.50108 -7.8125 6.92132 11.50108 -7.8125 -18.57868 11.50108 -29.25 6.92132 11.50108 -29.25 -18.57868 -19.18642 -29.25 6.92132 11.50108 -7.8125 6.92132 -19.18642 -7.8125 6.92132 11.50108 -29.25 6.92132 11.50108 -29.25 6.92132 -19.18642 -29.25 6.92132 11.50108 -7.8125 6.92132 -19.18642 -7.8125 6.92132 -19.18642 -29.25 6.92132 -19.18642 -7.8125 -18.57868 -19.18642 -29.25 -18.57868 -19.18642 -7.8125 6.92132 -19.18642 -7.8125 6.92132 -19.18642 -29.25 6.92132 -19.18642 -7.8125 -18.57868 -19.18642 -29.25 -18.57868 11.50108 -29.25 -18.57868 -19.18642 -7.8125 -18.57868 11.50108 -7.8125 -18.57868 -19.18642 -29.25 -18.57868 -19.18642 -29.25 -18.57868 11.50108 -29.25 -18.57868 -19.18642 -7.8125 -18.57868 11.50108 -7.8125 -18.57868</float_array>
          <technique_common>
            <accessor source="#Material2_006-mesh-positions-array" count="520" stride="3">
              <param name="X" type="float"/>
              <param name="Y" type="float"/>
              <param name="Z" type="float"/>
            </accessor>
          </technique_common>
        </source>
        <source id="Material2_006-mesh-normals">
          <float_array id="Material2_006-mesh-normals-array" count="162">0 -1 0 0 1 0 1 0 0 -1 0 0 0 0 1 0 0 -1 0 -1 1.55994e-7 0.9982398 0 -0.05930632 0.9982399 0 -0.05930632 -0.9982399 0 0.05930632 -0.9982398 0 0.05930632 0.05930638 0 0.9982398 0.05930632 0 0.9982398 -0.05930632 0 -0.9982398 -0.05930638 0 -0.9982398 -0.9982399 0 0.05930632 0.9982399 0 -0.05930632 -0.05930614 0 -0.9982399 -0.05930656 0 -0.9982398 0.05930656 0 0.9982398 0.05930614 0 0.9982399 0 -1 0 0 -1 0 0.9996573 0 -0.02617692 -0.9996573 0 0.02617692 0.02617686 0 0.9996574 0.02617692 0 0.9996573 -0.02617692 0 -0.9996573 -0.02617686 0 -0.9996574 -0.9996573 0 0.02617686 -0.9996573 0 0.02617686 0.9996573 0 -0.02617686 0.9996573 0 -0.02617686 -0.02617698 0 -0.9996574 -0.02617698 0 -0.9996573 0.02617698 0 0.9996573 0.02617698 0 0.9996574 0 -1 0 0 -1 0 0 1 1.55994e-7 0.9988899 0 0.04710644 0.9988899 0 0.04710644 -0.9988899 0 -0.04710644 -0.9988899 0 -0.04710644 -0.04710644 0 0.9988899 -0.04710626 0 0.9988899 0.04710626 0 -0.9988899 0.04710644 0 -0.9988899 -0.9988899 0 -0.04710638 -0.9988899 0 -0.04710638 0.9988899 0 0.04710638 0.9988899 0 0.04710638 0.04710644 0 -0.9988899 -0.04710644 0 0.9988899</float_array>
          <technique_common>
            <accessor source="#Material2_006-mesh-normals-array" count="54" stride="3">
              <param name="X" type="float"/>
              <param name="Y" type="float"/>
              <param name="Z" type="float"/>
            </accessor>
          </technique_common>
        </source>
        <source id="Material2_006-mesh-map-0">
          <float_array id="Material2_006-mesh-map-0-array" count="1560">-0.7070465 0.3212041 -0.292 0.6878042 -0.292 0.3212041 -0.292 0.6878042 -0.7070465 0.3212041 -0.7070465 0.6878042 -0.7070465 0.6878042 -0.7070465 0.3212041 -0.292 0.6878042 -0.292 0.3212041 -0.292 0.6878042 -0.7070465 0.3212041 -0.9969873 0.3212041 -0.7070465 0.6878042 -0.7070465 0.3212041 -0.7070465 0.6878042 -0.9969873 0.3212041 -0.9969873 0.6878042 -0.9969873 0.6878042 -0.9969873 0.3212041 -0.7070465 0.6878042 -0.7070465 0.3212041 -0.7070465 0.6878042 -0.9969873 0.3212041 -0.292 0.6878042 -0.7070465 0.996 -0.292 0.996 -0.7070465 0.996 -0.292 0.6878042 -0.7070465 0.6878042 -0.7070465 0.6878042 -0.292 0.6878042 -0.7070465 0.996 -0.292 0.996 -0.7070465 0.996 -0.292 0.6878042 -0.292 0.6878042 -0.002059161 0.3212041 -0.292 0.3212041 -0.002059161 0.3212041 -0.292 0.6878042 -0.002059161 0.6878042 -0.002059161 0.6878042 -0.292 0.6878042 -0.002059161 0.3212041 -0.292 0.3212041 -0.002059161 0.3212041 -0.292 0.6878042 -0.7070465 0.3212041 -0.292 0.01300829 -0.7070465 0.01300829 -0.292 0.01300829 -0.7070465 0.3212041 -0.292 0.3212041 -0.292 0.3212041 -0.7070465 0.3212041 -0.292 0.01300829 -0.7070465 0.01300829 -0.292 0.01300829 -0.7070465 0.3212041 -0.7070465 0.3212041 -0.292 0.6878042 -0.292 0.3212041 -0.292 0.6878042 -0.7070465 0.3212041 -0.7070465 0.6878042 -0.7070465 0.6878042 -0.7070465 0.3212041 -0.292 0.6878042 -0.292 0.3212041 -0.292 0.6878042 -0.7070465 0.3212041 -0.9969873 0.3212041 -0.7070465 0.6878042 -0.7070465 0.3212041 -0.7070465 0.6878042 -0.9969873 0.3212041 -0.9969873 0.6878042 -0.9969873 0.6878042 -0.9969873 0.3212041 -0.7070465 0.6878042 -0.7070465 0.3212041 -0.7070465 0.6878042 -0.9969873 0.3212041 -0.292 0.6878042 -0.7070465 0.996 -0.292 0.996 -0.7070465 0.996 -0.292 0.6878042 -0.7070465 0.6878042 -0.7070465 0.6878042 -0.292 0.6878042 -0.7070465 0.996 -0.292 0.996 -0.7070465 0.996 -0.292 0.6878042 -0.292 0.6878042 -0.002059161 0.3212041 -0.292 0.3212041 -0.002059161 0.3212041 -0.292 0.6878042 -0.002059161 0.6878042 -0.002059161 0.6878042 -0.292 0.6878042 -0.002059161 0.3212041 -0.292 0.3212041 -0.002059161 0.3212041 -0.292 0.6878042 -0.7070465 0.3212041 -0.292 0.01300829 -0.7070465 0.01300829 -0.292 0.01300829 -0.7070465 0.3212041 -0.292 0.3212041 -0.292 0.3212041 -0.7070465 0.3212041 -0.292 0.01300829 -0.7070465 0.01300829 -0.292 0.01300829 -0.7070465 0.3212041 -0.7070465 0.3212041 -0.292 0.6878042 -0.292 0.3212041 -0.292 0.6878042 -0.7070465 0.3212041 -0.7070465 0.6878042 -0.7070465 0.6878042 -0.7070465 0.3212041 -0.292 0.6878042 -0.292 0.3212041 -0.292 0.6878042 -0.7070465 0.3212041 -0.9969873 0.3212041 -0.7070465 0.6878042 -0.7070465 0.3212041 -0.7070465 0.6878042 -0.9969873 0.3212041 -0.9969873 0.6878042 -0.9969873 0.6878042 -0.9969873 0.3212041 -0.7070465 0.6878042 -0.7070465 0.3212041 -0.7070465 0.6878042 -0.9969873 0.3212041 -0.292 0.6878042 -0.7070465 0.996 -0.292 0.996 -0.7070465 0.996 -0.292 0.6878042 -0.7070465 0.6878042 -0.7070465 0.6878042 -0.292 0.6878042 -0.7070465 0.996 -0.292 0.996 -0.7070465 0.996 -0.292 0.6878042 -0.292 0.6878042 -0.002059161 0.3212041 -0.292 0.3212041 -0.002059161 0.3212041 -0.292 0.6878042 -0.002059161 0.6878042 -0.002059161 0.6878042 -0.292 0.6878042 -0.002059161 0.3212041 -0.292 0.3212041 -0.002059161 0.3212041 -0.292 0.6878042 -0.7070465 0.3212041 -0.292 0.01300829 -0.7070465 0.01300829 -0.292 0.01300829 -0.7070465 0.3212041 -0.292 0.3212041 -0.292 0.3212041 -0.7070465 0.3212041 -0.292 0.01300829 -0.7070465 0.01300829 -0.292 0.01300829 -0.7070465 0.3212041 -0.7070465 0.3212041 -0.292 0.6878042 -0.292 0.3212041 -0.292 0.6878042 -0.7070465 0.3212041 -0.7070465 0.6878042 -0.7070465 0.6878042 -0.7070465 0.3212041 -0.292 0.6878042 -0.292 0.3212041 -0.292 0.6878042 -0.7070465 0.3212041 -0.9969873 0.3212041 -0.7070465 0.6878042 -0.7070465 0.3212041 -0.7070465 0.6878042 -0.9969873 0.3212041 -0.9969873 0.6878042 -0.9969873 0.6878042 -0.9969873 0.3212041 -0.7070465 0.6878042 -0.7070465 0.3212041 -0.7070465 0.6878042 -0.9969873 0.3212041 -0.292 0.6878042 -0.7070465 0.996 -0.292 0.996 -0.7070465 0.996 -0.292 0.6878042 -0.7070465 0.6878042 -0.7070465 0.6878042 -0.292 0.6878042 -0.7070465 0.996 -0.292 0.996 -0.7070465 0.996 -0.292 0.6878042 -0.292 0.6878042 -0.002059161 0.3212041 -0.292 0.3212041 -0.002059161 0.3212041 -0.292 0.6878042 -0.002059161 0.6878042 -0.002059161 0.6878042 -0.292 0.6878042 -0.002059161 0.3212041 -0.292 0.3212041 -0.002059161 0.3212041 -0.292 0.6878042 -0.7070465 0.3212041 -0.292 0.01300829 -0.7070465 0.01300829 -0.292 0.01300829 -0.7070465 0.3212041 -0.292 0.3212041 -0.292 0.3212041 -0.7070465 0.3212041 -0.292 0.01300829 -0.7070465 0.01300829 -0.292 0.01300829 -0.7070465 0.3212041 -0.7070465 0.3212041 -0.292 0.6878042 -0.292 0.3212041 -0.292 0.6878042 -0.7070465 0.3212041 -0.7070465 0.6878042 -0.7070465 0.6878042 -0.7070465 0.3212041 -0.292 0.6878042 -0.292 0.3212041 -0.292 0.6878042 -0.7070465 0.3212041 -0.9969873 0.3212041 -0.7070465 0.6878042 -0.7070465 0.3212041 -0.7070465 0.6878042 -0.9969873 0.3212041 -0.9969873 0.6878042 -0.9969873 0.6878042 -0.9969873 0.3212041 -0.7070465 0.6878042 -0.7070465 0.3212041 -0.7070465 0.6878042 -0.9969873 0.3212041 -0.292 0.6878042 -0.7070465 0.996 -0.292 0.996 -0.7070465 0.996 -0.292 0.6878042 -0.7070465 0.6878042 -0.7070465 0.6878042 -0.292 0.6878042 -0.7070465 0.996 -0.292 0.996 -0.7070465 0.996 -0.292 0.6878042 -0.292 0.6878042 -0.002059161 0.3212041 -0.292 0.3212041 -0.002059161 0.3212041 -0.292 0.6878042 -0.002059161 0.6878042 -0.002059161 0.6878042 -0.292 0.6878042 -0.002059161 0.3212041 -0.292 0.3212041 -0.002059161 0.3212041 -0.292 0.6878042 -0.7070465 0.3212041 -0.292 0.01300829 -0.7070465 0.01300829 -0.292 0.01300829 -0.7070465 0.3212041 -0.292 0.3212041 -0.292 0.3212041 -0.7070465 0.3212041 -0.292 0.01300829 -0.7070465 0.01300829 -0.292 0.01300829 -0.7070465 0.3212041 -0.7070465 0.3212041 -0.292 0.6878042 -0.292 0.3212041 -0.292 0.6878042 -0.7070465 0.3212041 -0.7070465 0.6878042 -0.7070465 0.6878042 -0.7070465 0.3212041 -0.292 0.6878042 -0.292 0.3212041 -0.292 0.6878042 -0.7070465 0.3212041 -0.9969873 0.3212041 -0.7070465 0.6878042 -0.7070465 0.3212041 -0.7070465 0.6878042 -0.9969873 0.3212041 -0.9969873 0.6878042 -0.9969873 0.6878042 -0.9969873 0.3212041 -0.7070465 0.6878042 -0.7070465 0.3212041 -0.7070465 0.6878042 -0.9969873 0.3212041 -0.292 0.6878042 -0.7070465 0.996 -0.292 0.996 -0.7070465 0.996 -0.292 0.6878042 -0.7070465 0.6878042 -0.7070465 0.6878042 -0.292 0.6878042 -0.7070465 0.996 -0.292 0.996 -0.7070465 0.996 -0.292 0.6878042 -0.292 0.6878042 -0.002059161 0.3212041 -0.292 0.3212041 -0.002059161 0.3212041 -0.292 0.6878042 -0.002059161 0.6878042 -0.002059161 0.6878042 -0.292 0.6878042 -0.002059161 0.3212041 -0.292 0.3212041 -0.002059161 0.3212041 -0.292 0.6878042 -0.7070465 0.3212041 -0.292 0.01300829 -0.7070465 0.01300829 -0.292 0.01300829 -0.7070465 0.3212041 -0.292 0.3212041 -0.292 0.3212041 -0.7070465 0.3212041 -0.292 0.01300829 -0.7070465 0.01300829 -0.292 0.01300829 -0.7070465 0.3212041 -0.7070465 0.3212041 -0.292 0.6878042 -0.292 0.3212041 -0.292 0.6878042 -0.7070465 0.3212041 -0.7070465 0.6878042 -0.7070465 0.6878042 -0.7070465 0.3212041 -0.292 0.6878042 -0.292 0.3212041 -0.292 0.6878042 -0.7070465 0.3212041 -0.9969873 0.3212041 -0.7070465 0.6878042 -0.7070465 0.3212041 -0.7070465 0.6878042 -0.9969873 0.3212041 -0.9969873 0.6878042 -0.9969873 0.6878042 -0.9969873 0.3212041 -0.7070465 0.6878042 -0.7070465 0.3212041 -0.7070465 0.6878042 -0.9969873 0.3212041 -0.292 0.6878042 -0.7070465 0.996 -0.292 0.996 -0.7070465 0.996 -0.292 0.6878042 -0.7070465 0.6878042 -0.7070465 0.6878042 -0.292 0.6878042 -0.7070465 0.996 -0.292 0.996 -0.7070465 0.996 -0.292 0.6878042 -0.292 0.6878042 -0.002059161 0.3212041 -0.292 0.3212041 -0.002059161 0.3212041 -0.292 0.6878042 -0.002059161 0.6878042 -0.002059161 0.6878042 -0.292 0.6878042 -0.002059161 0.3212041 -0.292 0.3212041 -0.002059161 0.3212041 -0.292 0.6878042 -0.7070465 0.3212041 -0.292 0.01300829 -0.7070465 0.01300829 -0.292 0.01300829 -0.7070465 0.3212041 -0.292 0.3212041 -0.292 0.3212041 -0.7070465 0.3212041 -0.292 0.01300829 -0.7070465 0.01300829 -0.292 0.01300829 -0.7070465 0.3212041 -0.7070465 0.3212041 -0.292 0.6878042 -0.292 0.3212041 -0.292 0.6878042 -0.7070465 0.3212041 -0.7070465 0.6878042 -0.7070465 0.6878042 -0.7070465 0.3212041 -0.292 0.6878042 -0.292 0.3212041 -0.292 0.6878042 -0.7070465 0.3212041 -0.9969873 0.3212041 -0.7070465 0.6878042 -0.7070465 0.3212041 -0.7070465 0.6878042 -0.9969873 0.3212041 -0.9969873 0.6878042 -0.9969873 0.6878042 -0.9969873 0.3212041 -0.7070465 0.6878042 -0.7070465 0.3212041 -0.7070465 0.6878042 -0.9969873 0.3212041 -0.292 0.6878042 -0.7070465 0.996 -0.292 0.996 -0.7070465 0.996 -0.292 0.6878042 -0.7070465 0.6878042 -0.7070465 0.6878042 -0.292 0.6878042 -0.7070465 0.996 -0.292 0.996 -0.7070465 0.996 -0.292 0.6878042 -0.292 0.6878042 -0.002059161 0.3212041 -0.292 0.3212041 -0.002059161 0.3212041 -0.292 0.6878042 -0.002059161 0.6878042 -0.002059161 0.6878042 -0.292 0.6878042 -0.002059161 0.3212041 -0.292 0.3212041 -0.002059161 0.3212041 -0.292 0.6878042 -0.7070465 0.3212041 -0.292 0.01300829 -0.7070465 0.01300829 -0.292 0.01300829 -0.7070465 0.3212041 -0.292 0.3212041 -0.292 0.3212041 -0.7070465 0.3212041 -0.292 0.01300829 -0.7070465 0.01300829 -0.292 0.01300829 -0.7070465 0.3212041 -0.7070465 0.3212041 -0.292 0.6878042 -0.292 0.3212041 -0.292 0.6878042 -0.7070465 0.3212041 -0.7070465 0.6878042 -0.7070465 0.6878042 -0.7070465 0.3212041 -0.292 0.6878042 -0.292 0.3212041 -0.292 0.6878042 -0.7070465 0.3212041 -0.9969873 0.3212041 -0.7070465 0.6878042 -0.7070465 0.3212041 -0.7070465 0.6878042 -0.9969873 0.3212041 -0.9969873 0.6878042 -0.9969873 0.6878042 -0.9969873 0.3212041 -0.7070465 0.6878042 -0.7070465 0.3212041 -0.7070465 0.6878042 -0.9969873 0.3212041 -0.292 0.6878042 -0.7070465 0.996 -0.292 0.996 -0.7070465 0.996 -0.292 0.6878042 -0.7070465 0.6878042 -0.7070465 0.6878042 -0.292 0.6878042 -0.7070465 0.996 -0.292 0.996 -0.7070465 0.996 -0.292 0.6878042 -0.292 0.6878042 -0.002059161 0.3212041 -0.292 0.3212041 -0.002059161 0.3212041 -0.292 0.6878042 -0.002059161 0.6878042 -0.002059161 0.6878042 -0.292 0.6878042 -0.002059161 0.3212041 -0.292 0.3212041 -0.002059161 0.3212041 -0.292 0.6878042 -0.7070465 0.3212041 -0.292 0.01300829 -0.7070465 0.01300829 -0.292 0.01300829 -0.7070465 0.3212041 -0.292 0.3212041 -0.292 0.3212041 -0.7070465 0.3212041 -0.292 0.01300829 -0.7070465 0.01300829 -0.292 0.01300829 -0.7070465 0.3212041 -0.7070465 0.3212041 -0.292 0.6878042 -0.292 0.3212041 -0.292 0.6878042 -0.7070465 0.3212041 -0.7070465 0.6878042 -0.7070465 0.6878042 -0.7070465 0.3212041 -0.292 0.6878042 -0.292 0.3212041 -0.292 0.6878042 -0.7070465 0.3212041 -0.9969873 0.3212041 -0.7070465 0.6878042 -0.7070465 0.3212041 -0.7070465 0.6878042 -0.9969873 0.3212041 -0.9969873 0.6878042 -0.9969873 0.6878042 -0.9969873 0.3212041 -0.7070465 0.6878042 -0.7070465 0.3212041 -0.7070465 0.6878042 -0.9969873 0.3212041 -0.292 0.6878042 -0.7070465 0.996 -0.292 0.996 -0.7070465 0.996 -0.292 0.6878042 -0.7070465 0.6878042 -0.7070465 0.6878042 -0.292 0.6878042 -0.7070465 0.996 -0.292 0.996 -0.7070465 0.996 -0.292 0.6878042 -0.292 0.6878042 -0.002059161 0.3212041 -0.292 0.3212041 -0.002059161 0.3212041 -0.292 0.6878042 -0.002059161 0.6878042 -0.002059161 0.6878042 -0.292 0.6878042 -0.002059161 0.3212041 -0.292 0.3212041 -0.002059161 0.3212041 -0.292 0.6878042 -0.7070465 0.3212041 -0.292 0.01300829 -0.7070465 0.01300829 -0.292 0.01300829 -0.7070465 0.3212041 -0.292 0.3212041 -0.292 0.3212041 -0.7070465 0.3212041 -0.292 0.01300829 -0.7070465 0.01300829 -0.292 0.01300829 -0.7070465 0.3212041 -0.7070465 0.3212041 -0.292 0.6878042 -0.292 0.3212041 -0.292 0.6878042 -0.7070465 0.3212041 -0.7070465 0.6878042 -0.7070465 0.6878042 -0.7070465 0.3212041 -0.292 0.6878042 -0.292 0.3212041 -0.292 0.6878042 -0.7070465 0.3212041 -0.9969873 0.3212041 -0.7070465 0.6878042 -0.7070465 0.3212041 -0.7070465 0.6878042 -0.9969873 0.3212041 -0.9969873 0.6878042 -0.9969873 0.6878042 -0.9969873 0.3212041 -0.7070465 0.6878042 -0.7070465 0.3212041 -0.7070465 0.6878042 -0.9969873 0.3212041 -0.292 0.6878042 -0.7070465 0.996 -0.292 0.996 -0.7070465 0.996 -0.292 0.6878042 -0.7070465 0.6878042 -0.7070465 0.6878042 -0.292 0.6878042 -0.7070465 0.996 -0.292 0.996 -0.7070465 0.996 -0.292 0.6878042 -0.292 0.6878042 -0.002059161 0.3212041 -0.292 0.3212041 -0.002059161 0.3212041 -0.292 0.6878042 -0.002059161 0.6878042 -0.002059161 0.6878042 -0.292 0.6878042 -0.002059161 0.3212041 -0.292 0.3212041 -0.002059161 0.3212041 -0.292 0.6878042 -0.7070465 0.3212041 -0.292 0.01300829 -0.7070465 0.01300829 -0.292 0.01300829 -0.7070465 0.3212041 -0.292 0.3212041 -0.292 0.3212041 -0.7070465 0.3212041 -0.292 0.01300829 -0.7070465 0.01300829 -0.292 0.01300829 -0.7070465 0.3212041 -0.7070465 0.3212041 -0.292 0.6878042 -0.292 0.3212041 -0.292 0.6878042 -0.7070465 0.3212041 -0.7070465 0.6878042 -0.7070465 0.6878042 -0.7070465 0.3212041 -0.292 0.6878042 -0.292 0.3212041 -0.292 0.6878042 -0.7070465 0.3212041 -0.9969873 0.3212041 -0.7070465 0.6878042 -0.7070465 0.3212041 -0.7070465 0.6878042 -0.9969873 0.3212041 -0.9969873 0.6878042 -0.9969873 0.6878042 -0.9969873 0.3212041 -0.7070465 0.6878042 -0.7070465 0.3212041 -0.7070465 0.6878042 -0.9969873 0.3212041 -0.292 0.6878042 -0.7070465 0.996 -0.292 0.996 -0.7070465 0.996 -0.292 0.6878042 -0.7070465 0.6878042 -0.7070465 0.6878042 -0.292 0.6878042 -0.7070465 0.996 -0.292 0.996 -0.7070465 0.996 -0.292 0.6878042 -0.292 0.6878042 -0.002059161 0.3212041 -0.292 0.3212041 -0.002059161 0.3212041 -0.292 0.6878042 -0.002059161 0.6878042 -0.002059161 0.6878042 -0.292 0.6878042 -0.002059161 0.3212041 -0.292 0.3212041 -0.002059161 0.3212041 -0.292 0.6878042 -0.7070465 0.3212041 -0.292 0.01300829 -0.7070465 0.01300829 -0.292 0.01300829 -0.7070465 0.3212041 -0.292 0.3212041 -0.292 0.3212041 -0.7070465 0.3212041 -0.292 0.01300829 -0.7070465 0.01300829 -0.292 0.01300829 -0.7070465 0.3212041 -0.7070465 0.3212041 -0.292 0.6878042 -0.292 0.3212041 -0.292 0.6878042 -0.7070465 0.3212041 -0.7070465 0.6878042 -0.7070465 0.6878042 -0.7070465 0.3212041 -0.292 0.6878042 -0.292 0.3212041 -0.292 0.6878042 -0.7070465 0.3212041 -0.9969873 0.3212041 -0.7070465 0.6878042 -0.7070465 0.3212041 -0.7070465 0.6878042 -0.9969873 0.3212041 -0.9969873 0.6878042 -0.9969873 0.6878042 -0.9969873 0.3212041 -0.7070465 0.6878042 -0.7070465 0.3212041 -0.7070465 0.6878042 -0.9969873 0.3212041 -0.292 0.6878042 -0.7070465 0.996 -0.292 0.996 -0.7070465 0.996 -0.292 0.6878042 -0.7070465 0.6878042 -0.7070465 0.6878042 -0.292 0.6878042 -0.7070465 0.996 -0.292 0.996 -0.7070465 0.996 -0.292 0.6878042 -0.292 0.6878042 -0.002059161 0.3212041 -0.292 0.3212041 -0.002059161 0.3212041 -0.292 0.6878042 -0.002059161 0.6878042 -0.002059161 0.6878042 -0.292 0.6878042 -0.002059161 0.3212041 -0.292 0.3212041 -0.002059161 0.3212041 -0.292 0.6878042 -0.7070465 0.3212041 -0.292 0.01300829 -0.7070465 0.01300829 -0.292 0.01300829 -0.7070465 0.3212041 -0.292 0.3212041 -0.292 0.3212041 -0.7070465 0.3212041 -0.292 0.01300829 -0.7070465 0.01300829 -0.292 0.01300829 -0.7070465 0.3212041</float_array>
          <technique_common>
            <accessor source="#Material2_006-mesh-map-0-array" count="780" stride="2">
              <param name="S" type="float"/>
              <param name="T" type="float"/>
            </accessor>
          </technique_common>
        </source>
        <vertices id="Material2_006-mesh-vertices">
          <input semantic="POSITION" source="#Material2_006-mesh-positions"/>
        </vertices>
        <triangles material="mat_0_001-material" count="260">
          <input semantic="VERTEX" source="#Material2_006-mesh-vertices" offset="0"/>
          <input semantic="NORMAL" source="#Material2_006-mesh-normals" offset="1"/>
          <input semantic="TEXCOORD" source="#Material2_006-mesh-map-0" offset="2" set="0"/>
          <p>0 0 0 1 0 1 2 0 2 1 0 3 0 0 4 3 0 5 4 1 6 5 1 7 6 1 8 7 1 9 6 1 10 5 1 11 8 2 12 9 2 13 10 2 14 9 2 15 8 2 16 11 2 17 12 3 18 13 3 19 14 3 20 15 3 21 14 3 22 13 3 23 16 4 24 17 4 25 18 4 26 17 4 27 16 4 28 19 4 29 20 5 30 21 5 31 22 5 32 23 5 33 22 5 34 21 5 35 24 3 36 25 3 37 26 3 38 25 3 39 24 3 40 27 3 41 28 2 42 29 2 43 30 2 44 31 2 45 30 2 46 29 2 47 32 5 48 33 5 49 34 5 50 33 5 51 32 5 52 35 5 53 36 4 54 37 4 55 38 4 56 39 4 57 38 4 58 37 4 59 40 6 60 41 6 61 42 6 62 41 6 63 40 6 64 43 6 65 44 1 66 45 1 67 46 1 68 47 1 69 46 1 70 45 1 71 48 7 72 49 7 73 50 7 74 49 8 75 48 8 76 51 8 77 52 9 78 53 9 79 54 9 80 55 10 81 54 10 82 53 10 83 56 11 84 57 11 85 58 11 86 57 12 87 56 12 88 59 12 89 60 13 90 61 13 91 62 13 92 63 14 93 62 14 94 61 14 95 64 10 96 65 10 97 66 10 98 65 15 99 64 15 100 67 15 101 68 16 102 69 16 103 70 16 104 71 7 105 70 7 106 69 7 107 72 17 108 73 17 109 74 17 110 73 18 111 72 18 112 75 18 113 76 19 114 77 19 115 78 19 116 79 20 117 78 20 118 77 20 119 80 0 120 81 0 121 82 0 122 81 0 123 80 0 124 83 0 125 84 1 126 85 1 127 86 1 128 87 1 129 86 1 130 85 1 131 88 2 132 89 2 133 90 2 134 89 2 135 88 2 136 91 2 137 92 3 138 93 3 139 94 3 140 95 3 141 94 3 142 93 3 143 96 4 144 97 4 145 98 4 146 97 4 147 96 4 148 99 4 149 100 5 150 101 5 151 102 5 152 103 5 153 102 5 154 101 5 155 104 3 156 105 3 157 106 3 158 105 3 159 104 3 160 107 3 161 108 2 162 109 2 163 110 2 164 111 2 165 110 2 166 109 2 167 112 5 168 113 5 169 114 5 170 113 5 171 112 5 172 115 5 173 116 4 174 117 4 175 118 4 176 119 4 177 118 4 178 117 4 179 120 0 180 121 0 181 122 0 182 121 0 183 120 0 184 123 0 185 124 1 186 125 1 187 126 1 188 127 1 189 126 1 190 125 1 191 128 2 192 129 2 193 130 2 194 129 2 195 128 2 196 131 2 197 132 3 198 133 3 199 134 3 200 135 3 201 134 3 202 133 3 203 136 4 204 137 4 205 138 4 206 137 4 207 136 4 208 139 4 209 140 5 210 141 5 211 142 5 212 143 5 213 142 5 214 141 5 215 144 3 216 145 3 217 146 3 218 145 3 219 144 3 220 147 3 221 148 2 222 149 2 223 150 2 224 151 2 225 150 2 226 149 2 227 152 5 228 153 5 229 154 5 230 153 5 231 152 5 232 155 5 233 156 4 234 157 4 235 158 4 236 159 4 237 158 4 238 157 4 239 160 0 240 161 0 241 162 0 242 161 0 243 160 0 244 163 0 245 164 1 246 165 1 247 166 1 248 167 1 249 166 1 250 165 1 251 168 2 252 169 2 253 170 2 254 169 2 255 168 2 256 171 2 257 172 3 258 173 3 259 174 3 260 175 3 261 174 3 262 173 3 263 176 4 264 177 4 265 178 4 266 177 4 267 176 4 268 179 4 269 180 5 270 181 5 271 182 5 272 183 5 273 182 5 274 181 5 275 184 3 276 185 3 277 186 3 278 185 3 279 184 3 280 187 3 281 188 2 282 189 2 283 190 2 284 191 2 285 190 2 286 189 2 287 192 5 288 193 5 289 194 5 290 193 5 291 192 5 292 195 5 293 196 4 294 197 4 295 198 4 296 199 4 297 198 4 298 197 4 299 200 0 300 201 0 301 202 0 302 201 0 303 200 0 304 203 0 305 204 1 306 205 1 307 206 1 308 207 1 309 206 1 310 205 1 311 208 2 312 209 2 313 210 2 314 209 2 315 208 2 316 211 2 317 212 3 318 213 3 319 214 3 320 215 3 321 214 3 322 213 3 323 216 4 324 217 4 325 218 4 326 217 4 327 216 4 328 219 4 329 220 5 330 221 5 331 222 5 332 223 5 333 222 5 334 221 5 335 224 3 336 225 3 337 226 3 338 225 3 339 224 3 340 227 3 341 228 2 342 229 2 343 230 2 344 231 2 345 230 2 346 229 2 347 232 5 348 233 5 349 234 5 350 233 5 351 232 5 352 235 5 353 236 4 354 237 4 355 238 4 356 239 4 357 238 4 358 237 4 359 240 0 360 241 0 361 242 0 362 241 0 363 240 0 364 243 0 365 244 1 366 245 1 367 246 1 368 247 1 369 246 1 370 245 1 371 248 2 372 249 2 373 250 2 374 249 2 375 248 2 376 251 2 377 252 3 378 253 3 379 254 3 380 255 3 381 254 3 382 253 3 383 256 4 384 257 4 385 258 4 386 257 4 387 256 4 388 259 4 389 260 5 390 261 5 391 262 5 392 263 5 393 262 5 394 261 5 395 264 3 396 265 3 397 266 3 398 265 3 399 264 3 400 267 3 401 268 2 402 269 2 403 270 2 404 271 2 405 270 2 406 269 2 407 272 5 408 273 5 409 274 5 410 273 5 411 272 5 412 275 5 413 276 4 414 277 4 415 278 4 416 279 4 417 278 4 418 277 4 419 280 0 420 281 0 421 282 0 422 281 0 423 280 0 424 283 0 425 284 1 426 285 1 427 286 1 428 287 1 429 286 1 430 285 1 431 288 2 432 289 2 433 290 2 434 289 2 435 288 2 436 291 2 437 292 3 438 293 3 439 294 3 440 295 3 441 294 3 442 293 3 443 296 4 444 297 4 445 298 4 446 297 4 447 296 4 448 299 4 449 300 5 450 301 5 451 302 5 452 303 5 453 302 5 454 301 5 455 304 3 456 305 3 457 306 3 458 305 3 459 304 3 460 307 3 461 308 2 462 309 2 463 310 2 464 311 2 465 310 2 466 309 2 467 312 5 468 313 5 469 314 5 470 313 5 471 312 5 472 315 5 473 316 4 474 317 4 475 318 4 476 319 4 477 318 4 478 317 4 479 320 0 480 321 0 481 322 0 482 321 0 483 320 0 484 323 0 485 324 1 486 325 1 487 326 1 488 327 1 489 326 1 490 325 1 491 328 2 492 329 2 493 330 2 494 329 2 495 328 2 496 331 2 497 332 3 498 333 3 499 334 3 500 335 3 501 334 3 502 333 3 503 336 4 504 337 4 505 338 4 506 337 4 507 336 4 508 339 4 509 340 5 510 341 5 511 342 5 512 343 5 513 342 5 514 341 5 515 344 3 516 345 3 517 346 3 518 345 3 519 344 3 520 347 3 521 348 2 522 349 2 523 350 2 524 351 2 525 350 2 526 349 2 527 352 5 528 353 5 529 354 5 530 353 5 531 352 5 532 355 5 533 356 4 534 357 4 535 358 4 536 359 4 537 358 4 538 357 4 539 360 0 540 361 0 541 362 0 542 361 0 543 360 0 544 363 0 545 364 1 546 365 1 547 366 1 548 367 1 549 366 1 550 365 1 551 368 2 552 369 2 553 370 2 554 369 2 555 368 2 556 371 2 557 372 3 558 373 3 559 374 3 560 375 3 561 374 3 562 373 3 563 376 4 564 377 4 565 378 4 566 377 4 567 376 4 568 379 4 569 380 5 570 381 5 571 382 5 572 383 5 573 382 5 574 381 5 575 384 3 576 385 3 577 386 3 578 385 3 579 384 3 580 387 3 581 388 2 582 389 2 583 390 2 584 391 2 585 390 2 586 389 2 587 392 5 588 393 5 589 394 5 590 393 5 591 392 5 592 395 5 593 396 4 594 397 4 595 398 4 596 399 4 597 398 4 598 397 4 599 400 21 600 401 21 601 402 21 602 401 22 603 400 22 604 403 22 605 404 1 606 405 1 607 406 1 608 407 1 609 406 1 610 405 1 611 408 23 612 409 23 613 410 23 614 409 23 615 408 23 616 411 23 617 412 24 618 413 24 619 414 24 620 415 24 621 414 24 622 413 24 623 416 25 624 417 25 625 418 25 626 417 26 627 416 26 628 419 26 629 420 27 630 421 27 631 422 27 632 423 28 633 422 28 634 421 28 635 424 29 636 425 29 637 426 29 638 425 30 639 424 30 640 427 30 641 428 31 642 429 31 643 430 31 644 431 32 645 430 32 646 429 32 647 432 33 648 433 33 649 434 33 650 433 34 651 432 34 652 435 34 653 436 35 654 437 35 655 438 35 656 439 36 657 438 36 658 437 36 659 440 37 660 441 37 661 442 37 662 441 38 663 440 38 664 443 38 665 444 39 666 445 39 667 446 39 668 447 1 669 446 1 670 445 1 671 448 40 672 449 40 673 450 40 674 449 41 675 448 41 676 451 41 677 452 42 678 453 42 679 454 42 680 455 43 681 454 43 682 453 43 683 456 44 684 457 44 685 458 44 686 457 45 687 456 45 688 459 45 689 460 46 690 461 46 691 462 46 692 463 47 693 462 47 694 461 47 695 464 48 696 465 48 697 466 48 698 465 49 699 464 49 700 467 49 701 468 50 702 469 50 703 470 50 704 471 51 705 470 51 706 469 51 707 472 47 708 473 47 709 474 47 710 473 52 711 472 52 712 475 52 713 476 53 714 477 53 715 478 53 716 479 44 717 478 44 718 477 44 719 480 0 720 481 0 721 482 0 722 481 0 723 480 0 724 483 0 725 484 1 726 485 1 727 486 1 728 487 1 729 486 1 730 485 1 731 488 2 732 489 2 733 490 2 734 489 2 735 488 2 736 491 2 737 492 3 738 493 3 739 494 3 740 495 3 741 494 3 742 493 3 743 496 4 744 497 4 745 498 4 746 497 4 747 496 4 748 499 4 749 500 5 750 501 5 751 502 5 752 503 5 753 502 5 754 501 5 755 504 3 756 505 3 757 506 3 758 505 3 759 504 3 760 507 3 761 508 2 762 509 2 763 510 2 764 511 2 765 510 2 766 509 2 767 512 5 768 513 5 769 514 5 770 513 5 771 512 5 772 515 5 773 516 4 774 517 4 775 518 4 776 519 4 777 518 4 778 517 4 779</p>
        </triangles>
      </mesh>
    </geometry>
    <geometry id="Material2_005-mesh" name="Material2.005">
      <mesh>
        <source id="Material2_005-mesh-positions">
          <float_array id="Material2_005-mesh-positions-array" count="384">-20.18642 0 -49.69708 -20.18642 -114.4375 -49.19708 -20.18642 -114.4375 -49.69708 -20.18642 0 -49.19708 -20.18642 0 -49.19708 -20.18642 0 -49.69708 -20.18642 -114.4375 -49.19708 -20.18642 -114.4375 -49.69708 -20.18642 -114.4375 -49.69708 -22.18642 0 -49.69708 -20.18642 0 -49.69708 -22.18642 -114.4375 -49.69708 -22.18642 -114.4375 -49.69708 -20.18642 -114.4375 -49.69708 -22.18642 0 -49.69708 -20.18642 0 -49.69708 -22.18642 0 -47.69708 -22.18642 -114.4375 -49.69708 -22.18642 -114.4375 -47.69708 -22.18642 0 -49.69708 -22.18642 0 -49.69708 -22.18642 0 -47.69708 -22.18642 -114.4375 -49.69708 -22.18642 -114.4375 -47.69708 -22.18642 0 -47.69708 -21.68642 -114.4375 -47.69708 -21.68642 0 -47.69708 -22.18642 -114.4375 -47.69708 -22.18642 -114.4375 -47.69708 -22.18642 0 -47.69708 -21.68642 -114.4375 -47.69708 -21.68642 0 -47.69708 12.68858 0 -49.19708 12.68858 0 -49.69708 12.68858 -114.4375 -49.19708 12.68858 -114.4375 -49.69708 12.68858 0 -49.69708 12.68858 -114.4375 -49.19708 12.68858 -114.4375 -49.69708 12.68858 0 -49.19708 14.68858 -114.4375 -49.69708 12.68858 -114.4375 -49.69708 14.68858 0 -49.69708 12.68858 0 -49.69708 12.68858 -114.4375 -49.69708 14.68858 0 -49.69708 12.68858 0 -49.69708 14.68858 -114.4375 -49.69708 14.68858 0 -49.69708 14.68858 0 -47.69708 14.68858 -114.4375 -49.69708 14.68858 -114.4375 -47.69708 14.68858 0 -47.69708 14.68858 -114.4375 -49.69708 14.68858 -114.4375 -47.69708 14.68858 0 -49.69708 14.68858 -114.4375 -47.69708 14.68858 0 -47.69708 14.18858 -114.4375 -47.69708 14.18858 0 -47.69708 14.68858 0 -47.69708 14.18858 -114.4375 -47.69708 14.18858 0 -47.69708 14.68858 -114.4375 -47.69708 -20.18642 0 41.55292 -20.18642 0 42.05292 -20.18642 -114.4375 41.55292 -20.18642 -114.4375 42.05292 -20.18642 0 42.05292 -20.18642 -114.4375 41.55292 -20.18642 -114.4375 42.05292 -20.18642 0 41.55292 -22.18642 -114.4375 42.05292 -20.18642 -114.4375 42.05292 -22.18642 0 42.05292 -20.18642 0 42.05292 -20.18642 -114.4375 42.05292 -22.18642 0 42.05292 -20.18642 0 42.05292 -22.18642 -114.4375 42.05292 -22.18642 0 42.05292 -22.18642 0 40.05292 -22.18642 -114.4375 42.05292 -22.18642 -114.4375 40.05292 -22.18642 0 40.05292 -22.18642 -114.4375 42.05292 -22.18642 -114.4375 40.05292 -22.18642 0 42.05292 -22.18642 -114.4375 40.05292 -22.18642 0 40.05292 -21.68642 -114.4375 40.05292 -21.68642 0 40.05292 -22.18642 0 40.05292 -21.68642 -114.4375 40.05292 -21.68642 0 40.05292 -22.18642 -114.4375 40.05292 12.68858 0 42.05292 12.68858 -114.4375 41.55292 12.68858 -114.4375 42.05292 12.68858 0 41.55292 12.68858 0 41.55292 12.68858 0 42.05292 12.68858 -114.4375 41.55292 12.68858 -114.4375 42.05292 12.68858 -114.4375 42.05292 14.68858 0 42.05292 12.68858 0 42.05292 14.68858 -114.4375 42.05292 14.68858 -114.4375 42.05292 12.68858 -114.4375 42.05292 14.68858 0 42.05292 12.68858 0 42.05292 14.68858 0 40.05292 14.68858 -114.4375 42.05292 14.68858 -114.4375 40.05292 14.68858 0 42.05292 14.68858 0 42.05292 14.68858 0 40.05292 14.68858 -114.4375 42.05292 14.68858 -114.4375 40.05292 14.68858 0 40.05292 14.18858 -114.4375 40.05292 14.18858 0 40.05292 14.68858 -114.4375 40.05292 14.68858 -114.4375 40.05292 14.68858 0 40.05292 14.18858 -114.4375 40.05292 14.18858 0 40.05292</float_array>
          <technique_common>
            <accessor source="#Material2_005-mesh-positions-array" count="128" stride="3">
              <param name="X" type="float"/>
              <param name="Y" type="float"/>
              <param name="Z" type="float"/>
            </accessor>
          </technique_common>
        </source>
        <source id="Material2_005-mesh-normals">
          <float_array id="Material2_005-mesh-normals-array" count="24">1 0 0 -1 0 0 0 0 -1 0 0 -1 0 0 1 0 0 1 0 0 -1 0 0 1</float_array>
          <technique_common>
            <accessor source="#Material2_005-mesh-normals-array" count="8" stride="3">
              <param name="X" type="float"/>
              <param name="Y" type="float"/>
              <param name="Z" type="float"/>
            </accessor>
          </technique_common>
        </source>
        <source id="Material2_005-mesh-map-0">
          <float_array id="Material2_005-mesh-map-0-array" count="384">1 0.0926041 0 -0.00821805 0 0.0926041 0 -0.00821805 1 0.0926041 1 -0.00821805 1 -0.00821805 1 0.0926041 0 -0.00821805 0 0.0926041 0 -0.00821805 1 0.0926041 0 0.0926041 1 0.4958912 1 0.0926041 1 0.4958912 0 0.0926041 0 0.4958912 0 0.4958912 0 0.0926041 1 0.4958912 1 0.0926041 1 0.4958912 0 0.0926041 1 0.8991782 0 0.4958912 0 0.8991782 0 0.4958912 1 0.8991782 1 0.4958912 1 0.4958912 1 0.8991782 0 0.4958912 0 0.8991782 0 0.4958912 1 0.8991782 1 0.8991782 0 1 1 1 0 1 1 0.8991782 0 0.8991782 0 0.8991782 1 0.8991782 0 1 1 1 0 1 1 0.8991782 1 -0.00821805 1 0.0926041 0 -0.00821805 0 0.0926041 0 -0.00821805 1 0.0926041 1 0.0926041 0 -0.00821805 0 0.0926041 0 -0.00821805 1 0.0926041 1 -0.00821805 0 0.4958912 0 0.0926041 1 0.4958912 1 0.0926041 1 0.4958912 0 0.0926041 0 0.0926041 1 0.4958912 1 0.0926041 1 0.4958912 0 0.0926041 0 0.4958912 1 0.4958912 1 0.8991782 0 0.4958912 0 0.8991782 0 0.4958912 1 0.8991782 1 0.8991782 0 0.4958912 0 0.8991782 0 0.4958912 1 0.8991782 1 0.4958912 0 0.8991782 1 0.8991782 0 1 1 1 0 1 1 0.8991782 1 0.8991782 0 1 1 1 0 1 1 0.8991782 0 0.8991782 1 -0.00821805 1 0.0926041 0 -0.00821805 0 0.0926041 0 -0.00821805 1 0.0926041 1 0.0926041 0 -0.00821805 0 0.0926041 0 -0.00821805 1 0.0926041 1 -0.00821805 0 0.4958912 0 0.0926041 1 0.4958912 1 0.0926041 1 0.4958912 0 0.0926041 0 0.0926041 1 0.4958912 1 0.0926041 1 0.4958912 0 0.0926041 0 0.4958912 1 0.4958912 1 0.8991782 0 0.4958912 0 0.8991782 0 0.4958912 1 0.8991782 1 0.8991782 0 0.4958912 0 0.8991782 0 0.4958912 1 0.8991782 1 0.4958912 0 0.8991782 1 0.8991782 0 1 1 1 0 1 1 0.8991782 1 0.8991782 0 1 1 1 0 1 1 0.8991782 0 0.8991782 1 0.0926041 0 -0.00821805 0 0.0926041 0 -0.00821805 1 0.0926041 1 -0.00821805 1 -0.00821805 1 0.0926041 0 -0.00821805 0 0.0926041 0 -0.00821805 1 0.0926041 0 0.0926041 1 0.4958912 1 0.0926041 1 0.4958912 0 0.0926041 0 0.4958912 0 0.4958912 0 0.0926041 1 0.4958912 1 0.0926041 1 0.4958912 0 0.0926041 1 0.8991782 0 0.4958912 0 0.8991782 0 0.4958912 1 0.8991782 1 0.4958912 1 0.4958912 1 0.8991782 0 0.4958912 0 0.8991782 0 0.4958912 1 0.8991782 1 0.8991782 0 1 1 1 0 1 1 0.8991782 0 0.8991782 0 0.8991782 1 0.8991782 0 1 1 1 0 1 1 0.8991782</float_array>
          <technique_common>
            <accessor source="#Material2_005-mesh-map-0-array" count="192" stride="2">
              <param name="S" type="float"/>
              <param name="T" type="float"/>
            </accessor>
          </technique_common>
        </source>
        <vertices id="Material2_005-mesh-vertices">
          <input semantic="POSITION" source="#Material2_005-mesh-positions"/>
        </vertices>
        <triangles material="mat_2_001-material" count="64">
          <input semantic="VERTEX" source="#Material2_005-mesh-vertices" offset="0"/>
          <input semantic="NORMAL" source="#Material2_005-mesh-normals" offset="1"/>
          <input semantic="TEXCOORD" source="#Material2_005-mesh-map-0" offset="2" set="0"/>
          <p>0 0 0 1 0 1 2 0 2 1 0 3 0 0 4 3 0 5 4 1 6 5 1 7 6 1 8 7 1 9 6 1 10 5 1 11 8 2 12 9 2 13 10 2 14 9 3 15 8 3 16 11 3 17 12 4 18 13 4 19 14 4 20 15 4 21 14 4 22 13 4 23 16 1 24 17 1 25 18 1 26 17 1 27 16 1 28 19 1 29 20 0 30 21 0 31 22 0 32 23 0 33 22 0 34 21 0 35 24 4 36 25 4 37 26 4 38 25 4 39 24 4 40 27 4 41 28 3 42 29 3 43 30 3 44 31 3 45 30 3 46 29 3 47 32 1 48 33 1 49 34 1 50 35 1 51 34 1 52 33 1 53 36 0 54 37 0 55 38 0 56 37 0 57 36 0 58 39 0 59 40 3 60 41 3 61 42 3 62 43 3 63 42 3 64 41 3 65 44 5 66 45 5 67 46 5 68 45 4 69 44 4 70 47 4 71 48 0 72 49 0 73 50 0 74 51 0 75 50 0 76 49 0 77 52 1 78 53 1 79 54 1 80 53 1 81 52 1 82 55 1 83 56 4 84 57 4 85 58 4 86 59 4 87 58 4 88 57 4 89 60 3 90 61 3 91 62 3 92 61 3 93 60 3 94 63 3 95 64 0 96 65 0 97 66 0 98 67 0 99 66 0 100 65 0 101 68 1 102 69 1 103 70 1 104 69 1 105 68 1 106 71 1 107 72 4 108 73 4 109 74 4 110 75 4 111 74 4 112 73 4 113 76 6 114 77 6 115 78 6 116 77 3 117 76 3 118 79 3 119 80 1 120 81 1 121 82 1 122 83 1 123 82 1 124 81 1 125 84 0 126 85 0 127 86 0 128 85 0 129 84 0 130 87 0 131 88 3 132 89 3 133 90 3 134 91 3 135 90 3 136 89 3 137 92 4 138 93 4 139 94 4 140 93 4 141 92 4 142 95 4 143 96 1 144 97 1 145 98 1 146 97 1 147 96 1 148 99 1 149 100 0 150 101 0 151 102 0 152 103 0 153 102 0 154 101 0 155 104 7 156 105 7 157 106 7 158 105 4 159 104 4 160 107 4 161 108 3 162 109 3 163 110 3 164 111 3 165 110 3 166 109 3 167 112 0 168 113 0 169 114 0 170 113 0 171 112 0 172 115 0 173 116 1 174 117 1 175 118 1 176 119 1 177 118 1 178 117 1 179 120 3 180 121 3 181 122 3 182 121 3 183 120 3 184 123 3 185 124 4 186 125 4 187 126 4 188 127 4 189 126 4 190 125 4 191</p>
        </triangles>
      </mesh>
    </geometry>
    <geometry id="Material2_004-mesh" name="Material2.004">
      <mesh>
        <source id="Material2_004-mesh-positions">
          <float_array id="Material2_004-mesh-positions-array" count="600">-21.68642 -111.8125 -49.19708 14.18858 -109.5625 -49.19708 -21.68642 -109.5625 -49.19708 14.18858 -111.8125 -49.19708 14.18858 -111.8125 -49.19708 -21.68642 -111.8125 -49.19708 14.18858 -109.5625 -49.19708 -21.68642 -109.5625 -49.19708 -21.68642 -109.5625 41.55292 -21.68642 -111.8125 -49.19708 -21.68642 -109.5625 -49.19708 -21.68642 -111.8125 41.55292 -21.68642 -111.8125 41.55292 -21.68642 -109.5625 41.55292 -21.68642 -111.8125 -49.19708 -21.68642 -109.5625 -49.19708 -21.68642 -111.8125 41.55292 14.18858 -111.8125 -49.19708 -21.68642 -111.8125 -49.19708 14.18858 -111.8125 41.55292 14.18858 -111.8125 41.55292 -21.68642 -111.8125 41.55292 14.18858 -111.8125 -49.19708 -21.68642 -111.8125 -49.19708 14.18858 -111.8125 41.55292 14.18858 -109.5625 -49.19708 14.18858 -111.8125 -49.19708 14.18858 -109.5625 41.55292 14.18858 -109.5625 41.55292 14.18858 -111.8125 41.55292 14.18858 -109.5625 -49.19708 14.18858 -111.8125 -49.19708 14.18858 -109.5625 41.55292 -21.68642 -111.8125 41.55292 -21.68642 -109.5625 41.55292 14.18858 -111.8125 41.55292 14.18858 -111.8125 41.55292 14.18858 -109.5625 41.55292 -21.68642 -111.8125 41.55292 -21.68642 -109.5625 41.55292 14.18858 -85.8125 41.55292 -21.68642 -85.8125 41.55292 14.18858 -83.5625 41.55292 -21.68642 -83.5625 41.55292 -21.68642 -85.8125 41.55292 14.18858 -83.5625 41.55292 -21.68642 -83.5625 41.55292 14.18858 -85.8125 41.55292 -21.68642 -85.8125 -49.19708 -21.68642 -83.5625 -49.19708 -21.68642 -85.8125 41.55292 -21.68642 -83.5625 41.55292 -21.68642 -83.5625 -49.19708 -21.68642 -85.8125 41.55292 -21.68642 -83.5625 41.55292 -21.68642 -85.8125 -49.19708 14.18858 -85.8125 -49.19708 -21.68642 -85.8125 -49.19708 14.18858 -85.8125 41.55292 -21.68642 -85.8125 41.55292 -21.68642 -85.8125 -49.19708 14.18858 -85.8125 41.55292 -21.68642 -85.8125 41.55292 14.18858 -85.8125 -49.19708 14.18858 -83.5625 -49.19708 14.18858 -85.8125 -49.19708 14.18858 -83.5625 41.55292 14.18858 -85.8125 41.55292 14.18858 -85.8125 -49.19708 14.18858 -83.5625 41.55292 14.18858 -85.8125 41.55292 14.18858 -83.5625 -49.19708 14.18858 -85.8125 -49.19708 14.18858 -83.5625 -49.19708 -21.68642 -85.8125 -49.19708 -21.68642 -83.5625 -49.19708 14.18858 -83.5625 -49.19708 -21.68642 -85.8125 -49.19708 -21.68642 -83.5625 -49.19708 14.18858 -85.8125 -49.19708 -21.68642 -59.8125 -49.19708 14.18858 -57.5625 -49.19708 -21.68642 -57.5625 -49.19708 14.18858 -59.8125 -49.19708 14.18858 -59.8125 -49.19708 -21.68642 -59.8125 -49.19708 14.18858 -57.5625 -49.19708 -21.68642 -57.5625 -49.19708 -21.68642 -57.5625 41.55292 -21.68642 -59.8125 -49.19708 -21.68642 -57.5625 -49.19708 -21.68642 -59.8125 41.55292 -21.68642 -59.8125 41.55292 -21.68642 -57.5625 41.55292 -21.68642 -59.8125 -49.19708 -21.68642 -57.5625 -49.19708 -21.68642 -59.8125 41.55292 14.18858 -59.8125 -49.19708 -21.68642 -59.8125 -49.19708 14.18858 -59.8125 41.55292 14.18858 -59.8125 41.55292 -21.68642 -59.8125 41.55292 14.18858 -59.8125 -49.19708 -21.68642 -59.8125 -49.19708 14.18858 -59.8125 41.55292 14.18858 -57.5625 -49.19708 14.18858 -59.8125 -49.19708 14.18858 -57.5625 41.55292 14.18858 -57.5625 41.55292 14.18858 -59.8125 41.55292 14.18858 -57.5625 -49.19708 14.18858 -59.8125 -49.19708 14.18858 -57.5625 41.55292 -21.68642 -59.8125 41.55292 -21.68642 -57.5625 41.55292 14.18858 -59.8125 41.55292 14.18858 -59.8125 41.55292 14.18858 -57.5625 41.55292 -21.68642 -59.8125 41.55292 -21.68642 -57.5625 41.55292 -21.68642 -33.8125 -49.19708 14.18858 -33.8125 -49.19708 -21.68642 -31.5625 -49.19708 14.18858 -31.5625 -49.19708 14.18858 -33.8125 -49.19708 -21.68642 -31.5625 -49.19708 14.18858 -31.5625 -49.19708 -21.68642 -33.8125 -49.19708 14.18858 -33.8125 41.55292 14.18858 -31.5625 41.55292 14.18858 -33.8125 -49.19708 14.18858 -31.5625 -49.19708 14.18858 -31.5625 41.55292 14.18858 -33.8125 -49.19708 14.18858 -31.5625 -49.19708 14.18858 -33.8125 41.55292 -21.68642 -33.8125 41.55292 14.18858 -33.8125 41.55292 -21.68642 -33.8125 -49.19708 14.18858 -33.8125 -49.19708 14.18858 -33.8125 41.55292 -21.68642 -33.8125 -49.19708 14.18858 -33.8125 -49.19708 -21.68642 -33.8125 41.55292 -21.68642 -31.5625 41.55292 -21.68642 -33.8125 41.55292 -21.68642 -31.5625 -49.19708 -21.68642 -33.8125 -49.19708 -21.68642 -33.8125 41.55292 -21.68642 -31.5625 -49.19708 -21.68642 -33.8125 -49.19708 -21.68642 -31.5625 41.55292 -21.68642 -33.8125 41.55292 -21.68642 -31.5625 41.55292 14.18858 -33.8125 41.55292 14.18858 -31.5625 41.55292 -21.68642 -31.5625 41.55292 14.18858 -33.8125 41.55292 14.18858 -31.5625 41.55292 -21.68642 -33.8125 41.55292 14.18858 -7.8125 41.55292 -21.68642 -7.8125 41.55292 14.18858 -5.5625 41.55292 -21.68642 -5.5625 41.55292 -21.68642 -7.8125 41.55292 14.18858 -5.5625 41.55292 -21.68642 -5.5625 41.55292 14.18858 -7.8125 41.55292 -21.68642 -7.8125 -49.19708 -21.68642 -5.5625 -49.19708 -21.68642 -7.8125 41.55292 -21.68642 -5.5625 41.55292 -21.68642 -5.5625 -49.19708 -21.68642 -7.8125 41.55292 -21.68642 -5.5625 41.55292 -21.68642 -7.8125 -49.19708 14.18858 -7.8125 -49.19708 -21.68642 -7.8125 -49.19708 14.18858 -7.8125 41.55292 -21.68642 -7.8125 41.55292 -21.68642 -7.8125 -49.19708 14.18858 -7.8125 41.55292 -21.68642 -7.8125 41.55292 14.18858 -7.8125 -49.19708 14.18858 -5.5625 -49.19708 14.18858 -7.8125 -49.19708 14.18858 -5.5625 41.55292 14.18858 -7.8125 41.55292 14.18858 -7.8125 -49.19708 14.18858 -5.5625 41.55292 14.18858 -7.8125 41.55292 14.18858 -5.5625 -49.19708 14.18858 -7.8125 -49.19708 14.18858 -5.5625 -49.19708 -21.68642 -7.8125 -49.19708 -21.68642 -5.5625 -49.19708 14.18858 -5.5625 -49.19708 -21.68642 -7.8125 -49.19708 -21.68642 -5.5625 -49.19708 14.18858 -7.8125 -49.19708</float_array>
          <technique_common>
            <accessor source="#Material2_004-mesh-positions-array" count="200" stride="3">
              <param name="X" type="float"/>
              <param name="Y" type="float"/>
              <param name="Z" type="float"/>
            </accessor>
          </technique_common>
        </source>
        <source id="Material2_004-mesh-normals">
          <float_array id="Material2_004-mesh-normals-array" count="18">0 0 1 0 0 -1 1 0 0 -1 0 0 0 1 0 0 -1 0</float_array>
          <technique_common>
            <accessor source="#Material2_004-mesh-normals-array" count="6" stride="3">
              <param name="X" type="float"/>
              <param name="Y" type="float"/>
              <param name="Z" type="float"/>
            </accessor>
          </technique_common>
        </source>
        <source id="Material2_004-mesh-map-0">
          <float_array id="Material2_004-mesh-map-0-array" count="600">0.9762663 0.0557276 0.9998856 0.9442725 0.9998856 0.0557276 0.9998856 0.9442725 0.9762663 0.0557276 0.9762663 0.9442725 0.9762663 0.9442725 0.9762663 0.0557276 0.9998856 0.9442725 0.9998856 0.0557276 0.9998856 0.9442725 0.9762663 0.0557276 0.02361935 0 0.9762663 0.0557276 0.9762663 0 0.9762663 0.0557276 0.02361935 0 0.02361935 0.0557276 0.02361935 0.0557276 0.02361935 0 0.9762663 0.0557276 0.9762663 0 0.9762663 0.0557276 0.02361935 0 0.02361935 0.0557276 0.9762663 0.9442725 0.9762663 0.0557276 0.9762663 0.9442725 0.02361935 0.0557276 0.02361935 0.9442725 0.02361935 0.9442725 0.02361935 0.0557276 0.9762663 0.9442725 0.9762663 0.0557276 0.9762663 0.9442725 0.02361935 0.0557276 0.02361935 0.9442725 0.9762663 1 0.9762663 0.9442725 0.9762663 1 0.02361935 0.9442725 0.02361935 1 0.02361935 1 0.02361935 0.9442725 0.9762663 1 0.9762663 0.9442725 0.9762663 1 0.02361935 0.9442725 0 0.9442725 0.02361935 0.0557276 0 0.0557276 0.02361935 0.0557276 0 0.9442725 0.02361935 0.9442725 0.02361935 0.9442725 0 0.9442725 0.02361935 0.0557276 0 0.0557276 0.02361935 0.0557276 0 0.9442725 0.9762663 0.9442725 0.9762663 0.0557276 0.9998856 0.9442725 0.9998856 0.0557276 0.9998856 0.9442725 0.9762663 0.0557276 0.9762663 0.0557276 0.9998856 0.9442725 0.9998856 0.0557276 0.9998856 0.9442725 0.9762663 0.0557276 0.9762663 0.9442725 0.02361935 0.0557276 0.02361935 0 0.9762663 0.0557276 0.9762663 0 0.9762663 0.0557276 0.02361935 0 0.02361935 0 0.9762663 0.0557276 0.9762663 0 0.9762663 0.0557276 0.02361935 0 0.02361935 0.0557276 0.02361935 0.9442725 0.02361935 0.0557276 0.9762663 0.9442725 0.9762663 0.0557276 0.9762663 0.9442725 0.02361935 0.0557276 0.02361935 0.0557276 0.9762663 0.9442725 0.9762663 0.0557276 0.9762663 0.9442725 0.02361935 0.0557276 0.02361935 0.9442725 0.02361935 1 0.02361935 0.9442725 0.9762663 1 0.9762663 0.9442725 0.9762663 1 0.02361935 0.9442725 0.02361935 0.9442725 0.9762663 1 0.9762663 0.9442725 0.9762663 1 0.02361935 0.9442725 0.02361935 1 0.02361935 0.9442725 0 0.9442725 0.02361935 0.0557276 0 0.0557276 0.02361935 0.0557276 0 0.9442725 0 0.9442725 0.02361935 0.0557276 0 0.0557276 0.02361935 0.0557276 0 0.9442725 0.02361935 0.9442725 0.9762663 0.0557276 0.9998856 0.9442725 0.9998856 0.0557276 0.9998856 0.9442725 0.9762663 0.0557276 0.9762663 0.9442725 0.9762663 0.9442725 0.9762663 0.0557276 0.9998856 0.9442725 0.9998856 0.0557276 0.9998856 0.9442725 0.9762663 0.0557276 0.02361935 0 0.9762663 0.0557276 0.9762663 0 0.9762663 0.0557276 0.02361935 0 0.02361935 0.0557276 0.02361935 0.0557276 0.02361935 0 0.9762663 0.0557276 0.9762663 0 0.9762663 0.0557276 0.02361935 0 0.02361935 0.0557276 0.9762663 0.9442725 0.9762663 0.0557276 0.9762663 0.9442725 0.02361935 0.0557276 0.02361935 0.9442725 0.02361935 0.9442725 0.02361935 0.0557276 0.9762663 0.9442725 0.9762663 0.0557276 0.9762663 0.9442725 0.02361935 0.0557276 0.02361935 0.9442725 0.9762663 1 0.9762663 0.9442725 0.9762663 1 0.02361935 0.9442725 0.02361935 1 0.02361935 1 0.02361935 0.9442725 0.9762663 1 0.9762663 0.9442725 0.9762663 1 0.02361935 0.9442725 0 0.9442725 0.02361935 0.0557276 0 0.0557276 0.02361935 0.0557276 0 0.9442725 0.02361935 0.9442725 0.02361935 0.9442725 0 0.9442725 0.02361935 0.0557276 0 0.0557276 0.02361935 0.0557276 0 0.9442725 0.9762663 0.9442725 0.9762663 0.0557276 0.9998856 0.9442725 0.9998856 0.0557276 0.9998856 0.9442725 0.9762663 0.0557276 0.9762663 0.0557276 0.9998856 0.9442725 0.9998856 0.0557276 0.9998856 0.9442725 0.9762663 0.0557276 0.9762663 0.9442725 0.02361935 0.0557276 0.02361935 0 0.9762663 0.0557276 0.9762663 0 0.9762663 0.0557276 0.02361935 0 0.02361935 0 0.9762663 0.0557276 0.9762663 0 0.9762663 0.0557276 0.02361935 0 0.02361935 0.0557276 0.02361935 0.9442725 0.02361935 0.0557276 0.9762663 0.9442725 0.9762663 0.0557276 0.9762663 0.9442725 0.02361935 0.0557276 0.02361935 0.0557276 0.9762663 0.9442725 0.9762663 0.0557276 0.9762663 0.9442725 0.02361935 0.0557276 0.02361935 0.9442725 0.02361935 1 0.02361935 0.9442725 0.9762663 1 0.9762663 0.9442725 0.9762663 1 0.02361935 0.9442725 0.02361935 0.9442725 0.9762663 1 0.9762663 0.9442725 0.9762663 1 0.02361935 0.9442725 0.02361935 1 0.02361935 0.9442725 0 0.9442725 0.02361935 0.0557276 0 0.0557276 0.02361935 0.0557276 0 0.9442725 0 0.9442725 0.02361935 0.0557276 0 0.0557276 0.02361935 0.0557276 0 0.9442725 0.02361935 0.9442725 0.9762663 0.9442725 0.9762663 0.0557276 0.9998856 0.9442725 0.9998856 0.0557276 0.9998856 0.9442725 0.9762663 0.0557276 0.9762663 0.0557276 0.9998856 0.9442725 0.9998856 0.0557276 0.9998856 0.9442725 0.9762663 0.0557276 0.9762663 0.9442725 0.02361935 0.0557276 0.02361935 0 0.9762663 0.0557276 0.9762663 0 0.9762663 0.0557276 0.02361935 0 0.02361935 0 0.9762663 0.0557276 0.9762663 0 0.9762663 0.0557276 0.02361935 0 0.02361935 0.0557276 0.02361935 0.9442725 0.02361935 0.0557276 0.9762663 0.9442725 0.9762663 0.0557276 0.9762663 0.9442725 0.02361935 0.0557276 0.02361935 0.0557276 0.9762663 0.9442725 0.9762663 0.0557276 0.9762663 0.9442725 0.02361935 0.0557276 0.02361935 0.9442725 0.02361935 1 0.02361935 0.9442725 0.9762663 1 0.9762663 0.9442725 0.9762663 1 0.02361935 0.9442725 0.02361935 0.9442725 0.9762663 1 0.9762663 0.9442725 0.9762663 1 0.02361935 0.9442725 0.02361935 1 0.02361935 0.9442725 0 0.9442725 0.02361935 0.0557276 0 0.0557276 0.02361935 0.0557276 0 0.9442725 0 0.9442725 0.02361935 0.0557276 0 0.0557276 0.02361935 0.0557276 0 0.9442725 0.02361935 0.9442725</float_array>
          <technique_common>
            <accessor source="#Material2_004-mesh-map-0-array" count="300" stride="2">
              <param name="S" type="float"/>
              <param name="T" type="float"/>
            </accessor>
          </technique_common>
        </source>
        <vertices id="Material2_004-mesh-vertices">
          <input semantic="POSITION" source="#Material2_004-mesh-positions"/>
        </vertices>
        <triangles material="mat_1_001-material" count="100">
          <input semantic="VERTEX" source="#Material2_004-mesh-vertices" offset="0"/>
          <input semantic="NORMAL" source="#Material2_004-mesh-normals" offset="1"/>
          <input semantic="TEXCOORD" source="#Material2_004-mesh-map-0" offset="2" set="0"/>
          <p>0 0 0 1 0 1 2 0 2 1 0 3 0 0 4 3 0 5 4 1 6 5 1 7 6 1 8 7 1 9 6 1 10 5 1 11 8 2 12 9 2 13 10 2 14 9 2 15 8 2 16 11 2 17 12 3 18 13 3 19 14 3 20 15 3 21 14 3 22 13 3 23 16 4 24 17 4 25 18 4 26 17 4 27 16 4 28 19 4 29 20 5 30 21 5 31 22 5 32 23 5 33 22 5 34 21 5 35 24 3 36 25 3 37 26 3 38 25 3 39 24 3 40 27 3 41 28 2 42 29 2 43 30 2 44 31 2 45 30 2 46 29 2 47 32 1 48 33 1 49 34 1 50 33 1 51 32 1 52 35 1 53 36 0 54 37 0 55 38 0 56 39 0 57 38 0 58 37 0 59 40 1 60 41 1 61 42 1 62 43 1 63 42 1 64 41 1 65 44 0 66 45 0 67 46 0 68 45 0 69 44 0 70 47 0 71 48 2 72 49 2 73 50 2 74 51 2 75 50 2 76 49 2 77 52 3 78 53 3 79 54 3 80 53 3 81 52 3 82 55 3 83 56 4 84 57 4 85 58 4 86 59 4 87 58 4 88 57 4 89 60 5 90 61 5 91 62 5 92 61 5 93 60 5 94 63 5 95 64 3 96 65 3 97 66 3 98 67 3 99 66 3 100 65 3 101 68 2 102 69 2 103 70 2 104 69 2 105 68 2 106 71 2 107 72 0 108 73 0 109 74 0 110 75 0 111 74 0 112 73 0 113 76 1 114 77 1 115 78 1 116 77 1 117 76 1 118 79 1 119 80 0 120 81 0 121 82 0 122 81 0 123 80 0 124 83 0 125 84 1 126 85 1 127 86 1 128 87 1 129 86 1 130 85 1 131 88 2 132 89 2 133 90 2 134 89 2 135 88 2 136 91 2 137 92 3 138 93 3 139 94 3 140 95 3 141 94 3 142 93 3 143 96 4 144 97 4 145 98 4 146 97 4 147 96 4 148 99 4 149 100 5 150 101 5 151 102 5 152 103 5 153 102 5 154 101 5 155 104 3 156 105 3 157 106 3 158 105 3 159 104 3 160 107 3 161 108 2 162 109 2 163 110 2 164 111 2 165 110 2 166 109 2 167 112 1 168 113 1 169 114 1 170 113 1 171 112 1 172 115 1 173 116 0 174 117 0 175 118 0 176 119 0 177 118 0 178 117 0 179 120 0 180 121 0 181 122 0 182 123 0 183 122 0 184 121 0 185 124 1 186 125 1 187 126 1 188 125 1 189 124 1 190 127 1 191 128 3 192 129 3 193 130 3 194 131 3 195 130 3 196 129 3 197 132 2 198 133 2 199 134 2 200 133 2 201 132 2 202 135 2 203 136 4 204 137 4 205 138 4 206 139 4 207 138 4 208 137 4 209 140 5 210 141 5 211 142 5 212 141 5 213 140 5 214 143 5 215 144 2 216 145 2 217 146 2 218 147 2 219 146 2 220 145 2 221 148 3 222 149 3 223 150 3 224 149 3 225 148 3 226 151 3 227 152 1 228 153 1 229 154 1 230 155 1 231 154 1 232 153 1 233 156 0 234 157 0 235 158 0 236 157 0 237 156 0 238 159 0 239 160 1 240 161 1 241 162 1 242 163 1 243 162 1 244 161 1 245 164 0 246 165 0 247 166 0 248 165 0 249 164 0 250 167 0 251 168 2 252 169 2 253 170 2 254 171 2 255 170 2 256 169 2 257 172 3 258 173 3 259 174 3 260 173 3 261 172 3 262 175 3 263 176 4 264 177 4 265 178 4 266 179 4 267 178 4 268 177 4 269 180 5 270 181 5 271 182 5 272 181 5 273 180 5 274 183 5 275 184 3 276 185 3 277 186 3 278 187 3 279 186 3 280 185 3 281 188 2 282 189 2 283 190 2 284 189 2 285 188 2 286 191 2 287 192 0 288 193 0 289 194 0 290 195 0 291 194 0 292 193 0 293 196 1 294 197 1 295 198 1 296 197 1 297 196 1 298 199 1 299</p>
        </triangles>
      </mesh>
    </geometry>
    <geometry id="Material2_003-mesh" name="Material2.003">
      <mesh>
        <source id="Material2_003-mesh-positions">
          <float_array id="Material2_003-mesh-positions-array" count="1560">14.18858 -29.25 10.48382 -16.49892 -29.25 35.98382 -16.49892 -29.25 10.48382 14.18858 -29.25 35.98382 14.18858 -29.25 35.98382 14.18858 -29.25 10.48382 -16.49892 -29.25 35.98382 -16.49892 -29.25 10.48382 14.18858 -7.8125 10.48382 14.18858 -29.25 35.98382 14.18858 -29.25 10.48382 14.18858 -7.8125 35.98382 14.18858 -7.8125 35.98382 14.18858 -7.8125 10.48382 14.18858 -29.25 35.98382 14.18858 -29.25 10.48382 -16.49892 -29.25 35.98382 14.18858 -7.8125 35.98382 -16.49892 -7.8125 35.98382 14.18858 -29.25 35.98382 14.18858 -29.25 35.98382 -16.49892 -29.25 35.98382 14.18858 -7.8125 35.98382 -16.49892 -7.8125 35.98382 -16.49892 -29.25 35.98382 -16.49892 -7.8125 10.48382 -16.49892 -29.25 10.48382 -16.49892 -7.8125 35.98382 -16.49892 -7.8125 35.98382 -16.49892 -29.25 35.98382 -16.49892 -7.8125 10.48382 -16.49892 -29.25 10.48382 14.18858 -29.25 10.48382 -16.49892 -7.8125 10.48382 14.18858 -7.8125 10.48382 -16.49892 -29.25 10.48382 -16.49892 -29.25 10.48382 14.18858 -29.25 10.48382 -16.49892 -7.8125 10.48382 14.18858 -7.8125 10.48382 11.96293 -133.25 -45.65584 -17.15824 -133.25 -18.38077 -18.67055 -133.25 -43.83588 13.47525 -133.25 -20.20073 13.47525 -133.25 -20.20073 11.96293 -133.25 -45.65584 -17.15824 -133.25 -18.38077 -18.67055 -133.25 -43.83588 11.96293 -111.8125 -45.65584 13.47525 -133.25 -20.20073 11.96293 -133.25 -45.65584 13.47525 -111.8125 -20.20073 13.47525 -111.8125 -20.20073 11.96293 -111.8125 -45.65584 13.47525 -133.25 -20.20073 11.96293 -133.25 -45.65584 -17.15824 -133.25 -18.38077 13.47525 -111.8125 -20.20073 -17.15824 -111.8125 -18.38077 13.47525 -133.25 -20.20073 13.47525 -133.25 -20.20073 -17.15824 -133.25 -18.38077 13.47525 -111.8125 -20.20073 -17.15824 -111.8125 -18.38077 -17.15824 -133.25 -18.38077 -18.67055 -111.8125 -43.83588 -18.67055 -133.25 -43.83588 -17.15824 -111.8125 -18.38077 -17.15824 -111.8125 -18.38077 -17.15824 -133.25 -18.38077 -18.67055 -111.8125 -43.83588 -18.67055 -133.25 -43.83588 11.96293 -133.25 -45.65584 -18.67055 -111.8125 -43.83588 11.96293 -111.8125 -45.65584 -18.67055 -133.25 -43.83588 -18.67055 -133.25 -43.83588 11.96293 -133.25 -45.65584 -18.67055 -111.8125 -43.83588 11.96293 -111.8125 -45.65584 11.50108 -133.25 12.48382 -19.18642 -133.25 37.98382 -19.18642 -133.25 12.48382 11.50108 -133.25 37.98382 11.50108 -133.25 37.98382 11.50108 -133.25 12.48382 -19.18642 -133.25 37.98382 -19.18642 -133.25 12.48382 11.50108 -111.8125 12.48382 11.50108 -133.25 37.98382 11.50108 -133.25 12.48382 11.50108 -111.8125 37.98382 11.50108 -111.8125 37.98382 11.50108 -111.8125 12.48382 11.50108 -133.25 37.98382 11.50108 -133.25 12.48382 -19.18642 -133.25 37.98382 11.50108 -111.8125 37.98382 -19.18642 -111.8125 37.98382 11.50108 -133.25 37.98382 11.50108 -133.25 37.98382 -19.18642 -133.25 37.98382 11.50108 -111.8125 37.98382 -19.18642 -111.8125 37.98382 -19.18642 -133.25 37.98382 -19.18642 -111.8125 12.48382 -19.18642 -133.25 12.48382 -19.18642 -111.8125 37.98382 -19.18642 -111.8125 37.98382 -19.18642 -133.25 37.98382 -19.18642 -111.8125 12.48382 -19.18642 -133.25 12.48382 11.50108 -133.25 12.48382 -19.18642 -111.8125 12.48382 11.50108 -111.8125 12.48382 -19.18642 -133.25 12.48382 -19.18642 -133.25 12.48382 11.50108 -133.25 12.48382 -19.18642 -111.8125 12.48382 11.50108 -111.8125 12.48382 10.12608 -133.25 -15.76618 -20.56142 -133.25 9.73382 -20.56142 -133.25 -15.76618 10.12608 -133.25 9.73382 10.12608 -133.25 9.73382 10.12608 -133.25 -15.76618 -20.56142 -133.25 9.73382 -20.56142 -133.25 -15.76618 10.12608 -111.8125 -15.76618 10.12608 -133.25 9.73382 10.12608 -133.25 -15.76618 10.12608 -111.8125 9.73382 10.12608 -111.8125 9.73382 10.12608 -111.8125 -15.76618 10.12608 -133.25 9.73382 10.12608 -133.25 -15.76618 -20.56142 -133.25 9.73382 10.12608 -111.8125 9.73382 -20.56142 -111.8125 9.73382 10.12608 -133.25 9.73382 10.12608 -133.25 9.73382 -20.56142 -133.25 9.73382 10.12608 -111.8125 9.73382 -20.56142 -111.8125 9.73382 -20.56142 -133.25 9.73382 -20.56142 -111.8125 -15.76618 -20.56142 -133.25 -15.76618 -20.56142 -111.8125 9.73382 -20.56142 -111.8125 9.73382 -20.56142 -133.25 9.73382 -20.56142 -111.8125 -15.76618 -20.56142 -133.25 -15.76618 10.12608 -133.25 -15.76618 -20.56142 -111.8125 -15.76618 10.12608 -111.8125 -15.76618 -20.56142 -133.25 -15.76618 -20.56142 -133.25 -15.76618 10.12608 -133.25 -15.76618 -20.56142 -111.8125 -15.76618 10.12608 -111.8125 -15.76618 14.18858 -107.25 -45.32868 -16.49892 -107.25 -19.82868 -16.49892 -107.25 -45.32868 14.18858 -107.25 -19.82868 14.18858 -107.25 -19.82868 14.18858 -107.25 -45.32868 -16.49892 -107.25 -19.82868 -16.49892 -107.25 -45.32868 14.18858 -85.8125 -45.32868 14.18858 -107.25 -19.82868 14.18858 -107.25 -45.32868 14.18858 -85.8125 -19.82868 14.18858 -85.8125 -19.82868 14.18858 -85.8125 -45.32868 14.18858 -107.25 -19.82868 14.18858 -107.25 -45.32868 -16.49892 -107.25 -19.82868 14.18858 -85.8125 -19.82868 -16.49892 -85.8125 -19.82868 14.18858 -107.25 -19.82868 14.18858 -107.25 -19.82868 -16.49892 -107.25 -19.82868 14.18858 -85.8125 -19.82868 -16.49892 -85.8125 -19.82868 -16.49892 -107.25 -19.82868 -16.49892 -85.8125 -45.32868 -16.49892 -107.25 -45.32868 -16.49892 -85.8125 -19.82868 -16.49892 -85.8125 -19.82868 -16.49892 -107.25 -19.82868 -16.49892 -85.8125 -45.32868 -16.49892 -107.25 -45.32868 14.18858 -107.25 -45.32868 -16.49892 -85.8125 -45.32868 14.18858 -85.8125 -45.32868 -16.49892 -107.25 -45.32868 -16.49892 -107.25 -45.32868 14.18858 -107.25 -45.32868 -16.49892 -85.8125 -45.32868 14.18858 -85.8125 -45.32868 10.43858 -107.25 -13.64118 -20.24892 -107.25 11.85882 -20.24892 -107.25 -13.64118 10.43858 -107.25 11.85882 10.43858 -107.25 11.85882 10.43858 -107.25 -13.64118 -20.24892 -107.25 11.85882 -20.24892 -107.25 -13.64118 10.43858 -85.8125 -13.64118 10.43858 -107.25 11.85882 10.43858 -107.25 -13.64118 10.43858 -85.8125 11.85882 10.43858 -85.8125 11.85882 10.43858 -85.8125 -13.64118 10.43858 -107.25 11.85882 10.43858 -107.25 -13.64118 -20.24892 -107.25 11.85882 10.43858 -85.8125 11.85882 -20.24892 -85.8125 11.85882 10.43858 -107.25 11.85882 10.43858 -107.25 11.85882 -20.24892 -107.25 11.85882 10.43858 -85.8125 11.85882 -20.24892 -85.8125 11.85882 -20.24892 -107.25 11.85882 -20.24892 -85.8125 -13.64118 -20.24892 -107.25 -13.64118 -20.24892 -85.8125 11.85882 -20.24892 -85.8125 11.85882 -20.24892 -107.25 11.85882 -20.24892 -85.8125 -13.64118 -20.24892 -107.25 -13.64118 10.43858 -107.25 -13.64118 -20.24892 -85.8125 -13.64118 10.43858 -85.8125 -13.64118 -20.24892 -107.25 -13.64118 -20.24892 -107.25 -13.64118 10.43858 -107.25 -13.64118 -20.24892 -85.8125 -13.64118 10.43858 -85.8125 -13.64118 14.18858 -81.25 -15.76618 -16.49892 -81.25 9.73382 -16.49892 -81.25 -15.76618 14.18858 -81.25 9.73382 14.18858 -81.25 9.73382 14.18858 -81.25 -15.76618 -16.49892 -81.25 9.73382 -16.49892 -81.25 -15.76618 14.18858 -59.8125 -15.76618 14.18858 -81.25 9.73382 14.18858 -81.25 -15.76618 14.18858 -59.8125 9.73382 14.18858 -59.8125 9.73382 14.18858 -59.8125 -15.76618 14.18858 -81.25 9.73382 14.18858 -81.25 -15.76618 -16.49892 -81.25 9.73382 14.18858 -59.8125 9.73382 -16.49892 -59.8125 9.73382 14.18858 -81.25 9.73382 14.18858 -81.25 9.73382 -16.49892 -81.25 9.73382 14.18858 -59.8125 9.73382 -16.49892 -59.8125 9.73382 -16.49892 -81.25 9.73382 -16.49892 -59.8125 -15.76618 -16.49892 -81.25 -15.76618 -16.49892 -59.8125 9.73382 -16.49892 -59.8125 9.73382 -16.49892 -81.25 9.73382 -16.49892 -59.8125 -15.76618 -16.49892 -81.25 -15.76618 14.18858 -81.25 -15.76618 -16.49892 -59.8125 -15.76618 14.18858 -59.8125 -15.76618 -16.49892 -81.25 -15.76618 -16.49892 -81.25 -15.76618 14.18858 -81.25 -15.76618 -16.49892 -59.8125 -15.76618 14.18858 -59.8125 -15.76618 10.43858 -81.25 -44.70368 -20.24892 -81.25 -19.20368 -20.24892 -81.25 -44.70368 10.43858 -81.25 -19.20368 10.43858 -81.25 -19.20368 10.43858 -81.25 -44.70368 -20.24892 -81.25 -19.20368 -20.24892 -81.25 -44.70368 10.43858 -59.8125 -44.70368 10.43858 -81.25 -19.20368 10.43858 -81.25 -44.70368 10.43858 -59.8125 -19.20368 10.43858 -59.8125 -19.20368 10.43858 -59.8125 -44.70368 10.43858 -81.25 -19.20368 10.43858 -81.25 -44.70368 -20.24892 -81.25 -19.20368 10.43858 -59.8125 -19.20368 -20.24892 -59.8125 -19.20368 10.43858 -81.25 -19.20368 10.43858 -81.25 -19.20368 -20.24892 -81.25 -19.20368 10.43858 -59.8125 -19.20368 -20.24892 -59.8125 -19.20368 -20.24892 -81.25 -19.20368 -20.24892 -59.8125 -44.70368 -20.24892 -81.25 -44.70368 -20.24892 -59.8125 -19.20368 -20.24892 -59.8125 -19.20368 -20.24892 -81.25 -19.20368 -20.24892 -59.8125 -44.70368 -20.24892 -81.25 -44.70368 10.43858 -81.25 -44.70368 -20.24892 -59.8125 -44.70368 10.43858 -59.8125 -44.70368 -20.24892 -81.25 -44.70368 -20.24892 -81.25 -44.70368 10.43858 -81.25 -44.70368 -20.24892 -59.8125 -44.70368 10.43858 -59.8125 -44.70368 11.50108 -81.25 12.92132 -19.18642 -81.25 38.42132 -19.18642 -81.25 12.92132 11.50108 -81.25 38.42132 11.50108 -81.25 38.42132 11.50108 -81.25 12.92132 -19.18642 -81.25 38.42132 -19.18642 -81.25 12.92132 11.50108 -59.8125 12.92132 11.50108 -81.25 38.42132 11.50108 -81.25 12.92132 11.50108 -59.8125 38.42132 11.50108 -59.8125 38.42132 11.50108 -59.8125 12.92132 11.50108 -81.25 38.42132 11.50108 -81.25 12.92132 -19.18642 -81.25 38.42132 11.50108 -59.8125 38.42132 -19.18642 -59.8125 38.42132 11.50108 -81.25 38.42132 11.50108 -81.25 38.42132 -19.18642 -81.25 38.42132 11.50108 -59.8125 38.42132 -19.18642 -59.8125 38.42132 -19.18642 -81.25 38.42132 -19.18642 -59.8125 12.92132 -19.18642 -81.25 12.92132 -19.18642 -59.8125 38.42132 -19.18642 -59.8125 38.42132 -19.18642 -81.25 38.42132 -19.18642 -59.8125 12.92132 -19.18642 -81.25 12.92132 11.50108 -81.25 12.92132 -19.18642 -59.8125 12.92132 11.50108 -59.8125 12.92132 -19.18642 -81.25 12.92132 -19.18642 -81.25 12.92132 11.50108 -81.25 12.92132 -19.18642 -59.8125 12.92132 11.50108 -59.8125 12.92132 12.06358 -55.25 13.73382 -18.62392 -55.25 39.23382 -18.62392 -55.25 13.73382 12.06358 -55.25 39.23382 12.06358 -55.25 39.23382 12.06358 -55.25 13.73382 -18.62392 -55.25 39.23382 -18.62392 -55.25 13.73382 12.06358 -33.8125 13.73382 12.06358 -55.25 39.23382 12.06358 -55.25 13.73382 12.06358 -33.8125 39.23382 12.06358 -33.8125 39.23382 12.06358 -33.8125 13.73382 12.06358 -55.25 39.23382 12.06358 -55.25 13.73382 -18.62392 -55.25 39.23382 12.06358 -33.8125 39.23382 -18.62392 -33.8125 39.23382 12.06358 -55.25 39.23382 12.06358 -55.25 39.23382 -18.62392 -55.25 39.23382 12.06358 -33.8125 39.23382 -18.62392 -33.8125 39.23382 -18.62392 -55.25 39.23382 -18.62392 -33.8125 13.73382 -18.62392 -55.25 13.73382 -18.62392 -33.8125 39.23382 -18.62392 -33.8125 39.23382 -18.62392 -55.25 39.23382 -18.62392 -33.8125 13.73382 -18.62392 -55.25 13.73382 12.06358 -55.25 13.73382 -18.62392 -33.8125 13.73382 12.06358 -33.8125 13.73382 -18.62392 -55.25 13.73382 -18.62392 -55.25 13.73382 12.06358 -55.25 13.73382 -18.62392 -33.8125 13.73382 12.06358 -33.8125 13.73382 10.11858 -55.25 -15.92809 -19.89089 -55.25 10.36648 -20.5584 -55.25 -15.12478 10.7861 -55.25 9.563177 10.7861 -55.25 9.563177 10.11858 -55.25 -15.92809 -19.89089 -55.25 10.36648 -20.5584 -55.25 -15.12478 10.11858 -33.8125 -15.92809 10.7861 -55.25 9.563177 10.11858 -55.25 -15.92809 10.7861 -33.8125 9.563177 10.7861 -33.8125 9.563177 10.11858 -33.8125 -15.92809 10.7861 -55.25 9.563177 10.11858 -55.25 -15.92809 -19.89089 -55.25 10.36648 10.7861 -33.8125 9.563177 -19.89089 -33.8125 10.36648 10.7861 -55.25 9.563177 10.7861 -55.25 9.563177 -19.89089 -55.25 10.36648 10.7861 -33.8125 9.563177 -19.89089 -33.8125 10.36648 -19.89089 -55.25 10.36648 -20.5584 -33.8125 -15.12478 -20.5584 -55.25 -15.12478 -19.89089 -33.8125 10.36648 -19.89089 -33.8125 10.36648 -19.89089 -55.25 10.36648 -20.5584 -33.8125 -15.12478 -20.5584 -55.25 -15.12478 10.11858 -55.25 -15.92809 -20.5584 -33.8125 -15.12478 10.11858 -33.8125 -15.92809 -20.5584 -55.25 -15.12478 -20.5584 -55.25 -15.12478 10.11858 -55.25 -15.92809 -20.5584 -33.8125 -15.12478 10.11858 -33.8125 -15.92809 11.73324 -29.25 -46.38612 -20.12141 -29.25 -22.36001 -18.92019 -29.25 -47.8317 10.53203 -29.25 -20.91443 10.53203 -29.25 -20.91443 11.73324 -29.25 -46.38612 -20.12141 -29.25 -22.36001 -18.92019 -29.25 -47.8317 11.73324 -7.8125 -46.38612 10.53203 -29.25 -20.91443 11.73324 -29.25 -46.38612 10.53203 -7.8125 -20.91443 10.53203 -7.8125 -20.91443 11.73324 -7.8125 -46.38612 10.53203 -29.25 -20.91443 11.73324 -29.25 -46.38612 -20.12141 -29.25 -22.36001 10.53203 -7.8125 -20.91443 -20.12141 -7.8125 -22.36001 10.53203 -29.25 -20.91443 10.53203 -29.25 -20.91443 -20.12141 -29.25 -22.36001 10.53203 -7.8125 -20.91443 -20.12141 -7.8125 -22.36001 -20.12141 -29.25 -22.36001 -18.92019 -7.8125 -47.8317 -18.92019 -29.25 -47.8317 -20.12141 -7.8125 -22.36001 -20.12141 -7.8125 -22.36001 -20.12141 -29.25 -22.36001 -18.92019 -7.8125 -47.8317 -18.92019 -29.25 -47.8317 11.73324 -29.25 -46.38612 -18.92019 -7.8125 -47.8317 11.73324 -7.8125 -46.38612 -18.92019 -29.25 -47.8317 -18.92019 -29.25 -47.8317 11.73324 -29.25 -46.38612 -18.92019 -7.8125 -47.8317 11.73324 -7.8125 -46.38612 11.50108 -29.25 -18.57868 -19.18642 -29.25 6.92132 -19.18642 -29.25 -18.57868 11.50108 -29.25 6.92132 11.50108 -29.25 6.92132 11.50108 -29.25 -18.57868 -19.18642 -29.25 6.92132 -19.18642 -29.25 -18.57868 11.50108 -7.8125 -18.57868 11.50108 -29.25 6.92132 11.50108 -29.25 -18.57868 11.50108 -7.8125 6.92132 11.50108 -7.8125 6.92132 11.50108 -7.8125 -18.57868 11.50108 -29.25 6.92132 11.50108 -29.25 -18.57868 -19.18642 -29.25 6.92132 11.50108 -7.8125 6.92132 -19.18642 -7.8125 6.92132 11.50108 -29.25 6.92132 11.50108 -29.25 6.92132 -19.18642 -29.25 6.92132 11.50108 -7.8125 6.92132 -19.18642 -7.8125 6.92132 -19.18642 -29.25 6.92132 -19.18642 -7.8125 -18.57868 -19.18642 -29.25 -18.57868 -19.18642 -7.8125 6.92132 -19.18642 -7.8125 6.92132 -19.18642 -29.25 6.92132 -19.18642 -7.8125 -18.57868 -19.18642 -29.25 -18.57868 11.50108 -29.25 -18.57868 -19.18642 -7.8125 -18.57868 11.50108 -7.8125 -18.57868 -19.18642 -29.25 -18.57868 -19.18642 -29.25 -18.57868 11.50108 -29.25 -18.57868 -19.18642 -7.8125 -18.57868 11.50108 -7.8125 -18.57868</float_array>
          <technique_common>
            <accessor source="#Material2_003-mesh-positions-array" count="520" stride="3">
              <param name="X" type="float"/>
              <param name="Y" type="float"/>
              <param name="Z" type="float"/>
            </accessor>
          </technique_common>
        </source>
        <source id="Material2_003-mesh-normals">
          <float_array id="Material2_003-mesh-normals-array" count="162">0 -1 0 0 1 0 1 0 0 -1 0 0 0 0 1 0 0 -1 0 -1 1.55994e-7 0.9982398 0 -0.05930632 0.9982399 0 -0.05930632 -0.9982399 0 0.05930632 -0.9982398 0 0.05930632 0.05930638 0 0.9982398 0.05930632 0 0.9982398 -0.05930632 0 -0.9982398 -0.05930638 0 -0.9982398 -0.9982399 0 0.05930632 0.9982399 0 -0.05930632 -0.05930614 0 -0.9982399 -0.05930656 0 -0.9982398 0.05930656 0 0.9982398 0.05930614 0 0.9982399 0 -1 0 0 -1 0 0.9996573 0 -0.02617692 -0.9996573 0 0.02617692 0.02617686 0 0.9996574 0.02617692 0 0.9996573 -0.02617692 0 -0.9996573 -0.02617686 0 -0.9996574 -0.9996573 0 0.02617686 -0.9996573 0 0.02617686 0.9996573 0 -0.02617686 0.9996573 0 -0.02617686 -0.02617698 0 -0.9996574 -0.02617698 0 -0.9996573 0.02617698 0 0.9996573 0.02617698 0 0.9996574 0 -1 0 0 -1 0 0 1 1.55994e-7 0.9988899 0 0.04710644 0.9988899 0 0.04710644 -0.9988899 0 -0.04710644 -0.9988899 0 -0.04710644 -0.04710644 0 0.9988899 -0.04710626 0 0.9988899 0.04710626 0 -0.9988899 0.04710644 0 -0.9988899 -0.9988899 0 -0.04710638 -0.9988899 0 -0.04710638 0.9988899 0 0.04710638 0.9988899 0 0.04710638 0.04710644 0 -0.9988899 -0.04710644 0 0.9988899</float_array>
          <technique_common>
            <accessor source="#Material2_003-mesh-normals-array" count="54" stride="3">
              <param name="X" type="float"/>
              <param name="Y" type="float"/>
              <param name="Z" type="float"/>
            </accessor>
          </technique_common>
        </source>
        <source id="Material2_003-mesh-map-0">
          <float_array id="Material2_003-mesh-map-0-array" count="1560">-0.7070465 0.3212041 -0.292 0.6878042 -0.292 0.3212041 -0.292 0.6878042 -0.7070465 0.3212041 -0.7070465 0.6878042 -0.7070465 0.6878042 -0.7070465 0.3212041 -0.292 0.6878042 -0.292 0.3212041 -0.292 0.6878042 -0.7070465 0.3212041 -0.9969873 0.3212041 -0.7070465 0.6878042 -0.7070465 0.3212041 -0.7070465 0.6878042 -0.9969873 0.3212041 -0.9969873 0.6878042 -0.9969873 0.6878042 -0.9969873 0.3212041 -0.7070465 0.6878042 -0.7070465 0.3212041 -0.7070465 0.6878042 -0.9969873 0.3212041 -0.292 0.6878042 -0.7070465 0.996 -0.292 0.996 -0.7070465 0.996 -0.292 0.6878042 -0.7070465 0.6878042 -0.7070465 0.6878042 -0.292 0.6878042 -0.7070465 0.996 -0.292 0.996 -0.7070465 0.996 -0.292 0.6878042 -0.292 0.6878042 -0.002059161 0.3212041 -0.292 0.3212041 -0.002059161 0.3212041 -0.292 0.6878042 -0.002059161 0.6878042 -0.002059161 0.6878042 -0.292 0.6878042 -0.002059161 0.3212041 -0.292 0.3212041 -0.002059161 0.3212041 -0.292 0.6878042 -0.7070465 0.3212041 -0.292 0.01300829 -0.7070465 0.01300829 -0.292 0.01300829 -0.7070465 0.3212041 -0.292 0.3212041 -0.292 0.3212041 -0.7070465 0.3212041 -0.292 0.01300829 -0.7070465 0.01300829 -0.292 0.01300829 -0.7070465 0.3212041 -0.7070465 0.3212041 -0.292 0.6878042 -0.292 0.3212041 -0.292 0.6878042 -0.7070465 0.3212041 -0.7070465 0.6878042 -0.7070465 0.6878042 -0.7070465 0.3212041 -0.292 0.6878042 -0.292 0.3212041 -0.292 0.6878042 -0.7070465 0.3212041 -0.9969873 0.3212041 -0.7070465 0.6878042 -0.7070465 0.3212041 -0.7070465 0.6878042 -0.9969873 0.3212041 -0.9969873 0.6878042 -0.9969873 0.6878042 -0.9969873 0.3212041 -0.7070465 0.6878042 -0.7070465 0.3212041 -0.7070465 0.6878042 -0.9969873 0.3212041 -0.292 0.6878042 -0.7070465 0.996 -0.292 0.996 -0.7070465 0.996 -0.292 0.6878042 -0.7070465 0.6878042 -0.7070465 0.6878042 -0.292 0.6878042 -0.7070465 0.996 -0.292 0.996 -0.7070465 0.996 -0.292 0.6878042 -0.292 0.6878042 -0.002059161 0.3212041 -0.292 0.3212041 -0.002059161 0.3212041 -0.292 0.6878042 -0.002059161 0.6878042 -0.002059161 0.6878042 -0.292 0.6878042 -0.002059161 0.3212041 -0.292 0.3212041 -0.002059161 0.3212041 -0.292 0.6878042 -0.7070465 0.3212041 -0.292 0.01300829 -0.7070465 0.01300829 -0.292 0.01300829 -0.7070465 0.3212041 -0.292 0.3212041 -0.292 0.3212041 -0.7070465 0.3212041 -0.292 0.01300829 -0.7070465 0.01300829 -0.292 0.01300829 -0.7070465 0.3212041 -0.7070465 0.3212041 -0.292 0.6878042 -0.292 0.3212041 -0.292 0.6878042 -0.7070465 0.3212041 -0.7070465 0.6878042 -0.7070465 0.6878042 -0.7070465 0.3212041 -0.292 0.6878042 -0.292 0.3212041 -0.292 0.6878042 -0.7070465 0.3212041 -0.9969873 0.3212041 -0.7070465 0.6878042 -0.7070465 0.3212041 -0.7070465 0.6878042 -0.9969873 0.3212041 -0.9969873 0.6878042 -0.9969873 0.6878042 -0.9969873 0.3212041 -0.7070465 0.6878042 -0.7070465 0.3212041 -0.7070465 0.6878042 -0.9969873 0.3212041 -0.292 0.6878042 -0.7070465 0.996 -0.292 0.996 -0.7070465 0.996 -0.292 0.6878042 -0.7070465 0.6878042 -0.7070465 0.6878042 -0.292 0.6878042 -0.7070465 0.996 -0.292 0.996 -0.7070465 0.996 -0.292 0.6878042 -0.292 0.6878042 -0.002059161 0.3212041 -0.292 0.3212041 -0.002059161 0.3212041 -0.292 0.6878042 -0.002059161 0.6878042 -0.002059161 0.6878042 -0.292 0.6878042 -0.002059161 0.3212041 -0.292 0.3212041 -0.002059161 0.3212041 -0.292 0.6878042 -0.7070465 0.3212041 -0.292 0.01300829 -0.7070465 0.01300829 -0.292 0.01300829 -0.7070465 0.3212041 -0.292 0.3212041 -0.292 0.3212041 -0.7070465 0.3212041 -0.292 0.01300829 -0.7070465 0.01300829 -0.292 0.01300829 -0.7070465 0.3212041 -0.7070465 0.3212041 -0.292 0.6878042 -0.292 0.3212041 -0.292 0.6878042 -0.7070465 0.3212041 -0.7070465 0.6878042 -0.7070465 0.6878042 -0.7070465 0.3212041 -0.292 0.6878042 -0.292 0.3212041 -0.292 0.6878042 -0.7070465 0.3212041 -0.9969873 0.3212041 -0.7070465 0.6878042 -0.7070465 0.3212041 -0.7070465 0.6878042 -0.9969873 0.3212041 -0.9969873 0.6878042 -0.9969873 0.6878042 -0.9969873 0.3212041 -0.7070465 0.6878042 -0.7070465 0.3212041 -0.7070465 0.6878042 -0.9969873 0.3212041 -0.292 0.6878042 -0.7070465 0.996 -0.292 0.996 -0.7070465 0.996 -0.292 0.6878042 -0.7070465 0.6878042 -0.7070465 0.6878042 -0.292 0.6878042 -0.7070465 0.996 -0.292 0.996 -0.7070465 0.996 -0.292 0.6878042 -0.292 0.6878042 -0.002059161 0.3212041 -0.292 0.3212041 -0.002059161 0.3212041 -0.292 0.6878042 -0.002059161 0.6878042 -0.002059161 0.6878042 -0.292 0.6878042 -0.002059161 0.3212041 -0.292 0.3212041 -0.002059161 0.3212041 -0.292 0.6878042 -0.7070465 0.3212041 -0.292 0.01300829 -0.7070465 0.01300829 -0.292 0.01300829 -0.7070465 0.3212041 -0.292 0.3212041 -0.292 0.3212041 -0.7070465 0.3212041 -0.292 0.01300829 -0.7070465 0.01300829 -0.292 0.01300829 -0.7070465 0.3212041 -0.7070465 0.3212041 -0.292 0.6878042 -0.292 0.3212041 -0.292 0.6878042 -0.7070465 0.3212041 -0.7070465 0.6878042 -0.7070465 0.6878042 -0.7070465 0.3212041 -0.292 0.6878042 -0.292 0.3212041 -0.292 0.6878042 -0.7070465 0.3212041 -0.9969873 0.3212041 -0.7070465 0.6878042 -0.7070465 0.3212041 -0.7070465 0.6878042 -0.9969873 0.3212041 -0.9969873 0.6878042 -0.9969873 0.6878042 -0.9969873 0.3212041 -0.7070465 0.6878042 -0.7070465 0.3212041 -0.7070465 0.6878042 -0.9969873 0.3212041 -0.292 0.6878042 -0.7070465 0.996 -0.292 0.996 -0.7070465 0.996 -0.292 0.6878042 -0.7070465 0.6878042 -0.7070465 0.6878042 -0.292 0.6878042 -0.7070465 0.996 -0.292 0.996 -0.7070465 0.996 -0.292 0.6878042 -0.292 0.6878042 -0.002059161 0.3212041 -0.292 0.3212041 -0.002059161 0.3212041 -0.292 0.6878042 -0.002059161 0.6878042 -0.002059161 0.6878042 -0.292 0.6878042 -0.002059161 0.3212041 -0.292 0.3212041 -0.002059161 0.3212041 -0.292 0.6878042 -0.7070465 0.3212041 -0.292 0.01300829 -0.7070465 0.01300829 -0.292 0.01300829 -0.7070465 0.3212041 -0.292 0.3212041 -0.292 0.3212041 -0.7070465 0.3212041 -0.292 0.01300829 -0.7070465 0.01300829 -0.292 0.01300829 -0.7070465 0.3212041 -0.7070465 0.3212041 -0.292 0.6878042 -0.292 0.3212041 -0.292 0.6878042 -0.7070465 0.3212041 -0.7070465 0.6878042 -0.7070465 0.6878042 -0.7070465 0.3212041 -0.292 0.6878042 -0.292 0.3212041 -0.292 0.6878042 -0.7070465 0.3212041 -0.9969873 0.3212041 -0.7070465 0.6878042 -0.7070465 0.3212041 -0.7070465 0.6878042 -0.9969873 0.3212041 -0.9969873 0.6878042 -0.9969873 0.6878042 -0.9969873 0.3212041 -0.7070465 0.6878042 -0.7070465 0.3212041 -0.7070465 0.6878042 -0.9969873 0.3212041 -0.292 0.6878042 -0.7070465 0.996 -0.292 0.996 -0.7070465 0.996 -0.292 0.6878042 -0.7070465 0.6878042 -0.7070465 0.6878042 -0.292 0.6878042 -0.7070465 0.996 -0.292 0.996 -0.7070465 0.996 -0.292 0.6878042 -0.292 0.6878042 -0.002059161 0.3212041 -0.292 0.3212041 -0.002059161 0.3212041 -0.292 0.6878042 -0.002059161 0.6878042 -0.002059161 0.6878042 -0.292 0.6878042 -0.002059161 0.3212041 -0.292 0.3212041 -0.002059161 0.3212041 -0.292 0.6878042 -0.7070465 0.3212041 -0.292 0.01300829 -0.7070465 0.01300829 -0.292 0.01300829 -0.7070465 0.3212041 -0.292 0.3212041 -0.292 0.3212041 -0.7070465 0.3212041 -0.292 0.01300829 -0.7070465 0.01300829 -0.292 0.01300829 -0.7070465 0.3212041 -0.7070465 0.3212041 -0.292 0.6878042 -0.292 0.3212041 -0.292 0.6878042 -0.7070465 0.3212041 -0.7070465 0.6878042 -0.7070465 0.6878042 -0.7070465 0.3212041 -0.292 0.6878042 -0.292 0.3212041 -0.292 0.6878042 -0.7070465 0.3212041 -0.9969873 0.3212041 -0.7070465 0.6878042 -0.7070465 0.3212041 -0.7070465 0.6878042 -0.9969873 0.3212041 -0.9969873 0.6878042 -0.9969873 0.6878042 -0.9969873 0.3212041 -0.7070465 0.6878042 -0.7070465 0.3212041 -0.7070465 0.6878042 -0.9969873 0.3212041 -0.292 0.6878042 -0.7070465 0.996 -0.292 0.996 -0.7070465 0.996 -0.292 0.6878042 -0.7070465 0.6878042 -0.7070465 0.6878042 -0.292 0.6878042 -0.7070465 0.996 -0.292 0.996 -0.7070465 0.996 -0.292 0.6878042 -0.292 0.6878042 -0.002059161 0.3212041 -0.292 0.3212041 -0.002059161 0.3212041 -0.292 0.6878042 -0.002059161 0.6878042 -0.002059161 0.6878042 -0.292 0.6878042 -0.002059161 0.3212041 -0.292 0.3212041 -0.002059161 0.3212041 -0.292 0.6878042 -0.7070465 0.3212041 -0.292 0.01300829 -0.7070465 0.01300829 -0.292 0.01300829 -0.7070465 0.3212041 -0.292 0.3212041 -0.292 0.3212041 -0.7070465 0.3212041 -0.292 0.01300829 -0.7070465 0.01300829 -0.292 0.01300829 -0.7070465 0.3212041 -0.7070465 0.3212041 -0.292 0.6878042 -0.292 0.3212041 -0.292 0.6878042 -0.7070465 0.3212041 -0.7070465 0.6878042 -0.7070465 0.6878042 -0.7070465 0.3212041 -0.292 0.6878042 -0.292 0.3212041 -0.292 0.6878042 -0.7070465 0.3212041 -0.9969873 0.3212041 -0.7070465 0.6878042 -0.7070465 0.3212041 -0.7070465 0.6878042 -0.9969873 0.3212041 -0.9969873 0.6878042 -0.9969873 0.6878042 -0.9969873 0.3212041 -0.7070465 0.6878042 -0.7070465 0.3212041 -0.7070465 0.6878042 -0.9969873 0.3212041 -0.292 0.6878042 -0.7070465 0.996 -0.292 0.996 -0.7070465 0.996 -0.292 0.6878042 -0.7070465 0.6878042 -0.7070465 0.6878042 -0.292 0.6878042 -0.7070465 0.996 -0.292 0.996 -0.7070465 0.996 -0.292 0.6878042 -0.292 0.6878042 -0.002059161 0.3212041 -0.292 0.3212041 -0.002059161 0.3212041 -0.292 0.6878042 -0.002059161 0.6878042 -0.002059161 0.6878042 -0.292 0.6878042 -0.002059161 0.3212041 -0.292 0.3212041 -0.002059161 0.3212041 -0.292 0.6878042 -0.7070465 0.3212041 -0.292 0.01300829 -0.7070465 0.01300829 -0.292 0.01300829 -0.7070465 0.3212041 -0.292 0.3212041 -0.292 0.3212041 -0.7070465 0.3212041 -0.292 0.01300829 -0.7070465 0.01300829 -0.292 0.01300829 -0.7070465 0.3212041 -0.7070465 0.3212041 -0.292 0.6878042 -0.292 0.3212041 -0.292 0.6878042 -0.7070465 0.3212041 -0.7070465 0.6878042 -0.7070465 0.6878042 -0.7070465 0.3212041 -0.292 0.6878042 -0.292 0.3212041 -0.292 0.6878042 -0.7070465 0.3212041 -0.9969873 0.3212041 -0.7070465 0.6878042 -0.7070465 0.3212041 -0.7070465 0.6878042 -0.9969873 0.3212041 -0.9969873 0.6878042 -0.9969873 0.6878042 -0.9969873 0.3212041 -0.7070465 0.6878042 -0.7070465 0.3212041 -0.7070465 0.6878042 -0.9969873 0.3212041 -0.292 0.6878042 -0.7070465 0.996 -0.292 0.996 -0.7070465 0.996 -0.292 0.6878042 -0.7070465 0.6878042 -0.7070465 0.6878042 -0.292 0.6878042 -0.7070465 0.996 -0.292 0.996 -0.7070465 0.996 -0.292 0.6878042 -0.292 0.6878042 -0.002059161 0.3212041 -0.292 0.3212041 -0.002059161 0.3212041 -0.292 0.6878042 -0.002059161 0.6878042 -0.002059161 0.6878042 -0.292 0.6878042 -0.002059161 0.3212041 -0.292 0.3212041 -0.002059161 0.3212041 -0.292 0.6878042 -0.7070465 0.3212041 -0.292 0.01300829 -0.7070465 0.01300829 -0.292 0.01300829 -0.7070465 0.3212041 -0.292 0.3212041 -0.292 0.3212041 -0.7070465 0.3212041 -0.292 0.01300829 -0.7070465 0.01300829 -0.292 0.01300829 -0.7070465 0.3212041 -0.7070465 0.3212041 -0.292 0.6878042 -0.292 0.3212041 -0.292 0.6878042 -0.7070465 0.3212041 -0.7070465 0.6878042 -0.7070465 0.6878042 -0.7070465 0.3212041 -0.292 0.6878042 -0.292 0.3212041 -0.292 0.6878042 -0.7070465 0.3212041 -0.9969873 0.3212041 -0.7070465 0.6878042 -0.7070465 0.3212041 -0.7070465 0.6878042 -0.9969873 0.3212041 -0.9969873 0.6878042 -0.9969873 0.6878042 -0.9969873 0.3212041 -0.7070465 0.6878042 -0.7070465 0.3212041 -0.7070465 0.6878042 -0.9969873 0.3212041 -0.292 0.6878042 -0.7070465 0.996 -0.292 0.996 -0.7070465 0.996 -0.292 0.6878042 -0.7070465 0.6878042 -0.7070465 0.6878042 -0.292 0.6878042 -0.7070465 0.996 -0.292 0.996 -0.7070465 0.996 -0.292 0.6878042 -0.292 0.6878042 -0.002059161 0.3212041 -0.292 0.3212041 -0.002059161 0.3212041 -0.292 0.6878042 -0.002059161 0.6878042 -0.002059161 0.6878042 -0.292 0.6878042 -0.002059161 0.3212041 -0.292 0.3212041 -0.002059161 0.3212041 -0.292 0.6878042 -0.7070465 0.3212041 -0.292 0.01300829 -0.7070465 0.01300829 -0.292 0.01300829 -0.7070465 0.3212041 -0.292 0.3212041 -0.292 0.3212041 -0.7070465 0.3212041 -0.292 0.01300829 -0.7070465 0.01300829 -0.292 0.01300829 -0.7070465 0.3212041 -0.7070465 0.3212041 -0.292 0.6878042 -0.292 0.3212041 -0.292 0.6878042 -0.7070465 0.3212041 -0.7070465 0.6878042 -0.7070465 0.6878042 -0.7070465 0.3212041 -0.292 0.6878042 -0.292 0.3212041 -0.292 0.6878042 -0.7070465 0.3212041 -0.9969873 0.3212041 -0.7070465 0.6878042 -0.7070465 0.3212041 -0.7070465 0.6878042 -0.9969873 0.3212041 -0.9969873 0.6878042 -0.9969873 0.6878042 -0.9969873 0.3212041 -0.7070465 0.6878042 -0.7070465 0.3212041 -0.7070465 0.6878042 -0.9969873 0.3212041 -0.292 0.6878042 -0.7070465 0.996 -0.292 0.996 -0.7070465 0.996 -0.292 0.6878042 -0.7070465 0.6878042 -0.7070465 0.6878042 -0.292 0.6878042 -0.7070465 0.996 -0.292 0.996 -0.7070465 0.996 -0.292 0.6878042 -0.292 0.6878042 -0.002059161 0.3212041 -0.292 0.3212041 -0.002059161 0.3212041 -0.292 0.6878042 -0.002059161 0.6878042 -0.002059161 0.6878042 -0.292 0.6878042 -0.002059161 0.3212041 -0.292 0.3212041 -0.002059161 0.3212041 -0.292 0.6878042 -0.7070465 0.3212041 -0.292 0.01300829 -0.7070465 0.01300829 -0.292 0.01300829 -0.7070465 0.3212041 -0.292 0.3212041 -0.292 0.3212041 -0.7070465 0.3212041 -0.292 0.01300829 -0.7070465 0.01300829 -0.292 0.01300829 -0.7070465 0.3212041 -0.7070465 0.3212041 -0.292 0.6878042 -0.292 0.3212041 -0.292 0.6878042 -0.7070465 0.3212041 -0.7070465 0.6878042 -0.7070465 0.6878042 -0.7070465 0.3212041 -0.292 0.6878042 -0.292 0.3212041 -0.292 0.6878042 -0.7070465 0.3212041 -0.9969873 0.3212041 -0.7070465 0.6878042 -0.7070465 0.3212041 -0.7070465 0.6878042 -0.9969873 0.3212041 -0.9969873 0.6878042 -0.9969873 0.6878042 -0.9969873 0.3212041 -0.7070465 0.6878042 -0.7070465 0.3212041 -0.7070465 0.6878042 -0.9969873 0.3212041 -0.292 0.6878042 -0.7070465 0.996 -0.292 0.996 -0.7070465 0.996 -0.292 0.6878042 -0.7070465 0.6878042 -0.7070465 0.6878042 -0.292 0.6878042 -0.7070465 0.996 -0.292 0.996 -0.7070465 0.996 -0.292 0.6878042 -0.292 0.6878042 -0.002059161 0.3212041 -0.292 0.3212041 -0.002059161 0.3212041 -0.292 0.6878042 -0.002059161 0.6878042 -0.002059161 0.6878042 -0.292 0.6878042 -0.002059161 0.3212041 -0.292 0.3212041 -0.002059161 0.3212041 -0.292 0.6878042 -0.7070465 0.3212041 -0.292 0.01300829 -0.7070465 0.01300829 -0.292 0.01300829 -0.7070465 0.3212041 -0.292 0.3212041 -0.292 0.3212041 -0.7070465 0.3212041 -0.292 0.01300829 -0.7070465 0.01300829 -0.292 0.01300829 -0.7070465 0.3212041 -0.7070465 0.3212041 -0.292 0.6878042 -0.292 0.3212041 -0.292 0.6878042 -0.7070465 0.3212041 -0.7070465 0.6878042 -0.7070465 0.6878042 -0.7070465 0.3212041 -0.292 0.6878042 -0.292 0.3212041 -0.292 0.6878042 -0.7070465 0.3212041 -0.9969873 0.3212041 -0.7070465 0.6878042 -0.7070465 0.3212041 -0.7070465 0.6878042 -0.9969873 0.3212041 -0.9969873 0.6878042 -0.9969873 0.6878042 -0.9969873 0.3212041 -0.7070465 0.6878042 -0.7070465 0.3212041 -0.7070465 0.6878042 -0.9969873 0.3212041 -0.292 0.6878042 -0.7070465 0.996 -0.292 0.996 -0.7070465 0.996 -0.292 0.6878042 -0.7070465 0.6878042 -0.7070465 0.6878042 -0.292 0.6878042 -0.7070465 0.996 -0.292 0.996 -0.7070465 0.996 -0.292 0.6878042 -0.292 0.6878042 -0.002059161 0.3212041 -0.292 0.3212041 -0.002059161 0.3212041 -0.292 0.6878042 -0.002059161 0.6878042 -0.002059161 0.6878042 -0.292 0.6878042 -0.002059161 0.3212041 -0.292 0.3212041 -0.002059161 0.3212041 -0.292 0.6878042 -0.7070465 0.3212041 -0.292 0.01300829 -0.7070465 0.01300829 -0.292 0.01300829 -0.7070465 0.3212041 -0.292 0.3212041 -0.292 0.3212041 -0.7070465 0.3212041 -0.292 0.01300829 -0.7070465 0.01300829 -0.292 0.01300829 -0.7070465 0.3212041</float_array>
          <technique_common>
            <accessor source="#Material2_003-mesh-map-0-array" count="780" stride="2">
              <param name="S" type="float"/>
              <param name="T" type="float"/>
            </accessor>
          </technique_common>
        </source>
        <vertices id="Material2_003-mesh-vertices">
          <input semantic="POSITION" source="#Material2_003-mesh-positions"/>
        </vertices>
        <triangles material="mat_0_001-material" count="260">
          <input semantic="VERTEX" source="#Material2_003-mesh-vertices" offset="0"/>
          <input semantic="NORMAL" source="#Material2_003-mesh-normals" offset="1"/>
          <input semantic="TEXCOORD" source="#Material2_003-mesh-map-0" offset="2" set="0"/>
          <p>0 0 0 1 0 1 2 0 2 1 0 3 0 0 4 3 0 5 4 1 6 5 1 7 6 1 8 7 1 9 6 1 10 5 1 11 8 2 12 9 2 13 10 2 14 9 2 15 8 2 16 11 2 17 12 3 18 13 3 19 14 3 20 15 3 21 14 3 22 13 3 23 16 4 24 17 4 25 18 4 26 17 4 27 16 4 28 19 4 29 20 5 30 21 5 31 22 5 32 23 5 33 22 5 34 21 5 35 24 3 36 25 3 37 26 3 38 25 3 39 24 3 40 27 3 41 28 2 42 29 2 43 30 2 44 31 2 45 30 2 46 29 2 47 32 5 48 33 5 49 34 5 50 33 5 51 32 5 52 35 5 53 36 4 54 37 4 55 38 4 56 39 4 57 38 4 58 37 4 59 40 6 60 41 6 61 42 6 62 41 6 63 40 6 64 43 6 65 44 1 66 45 1 67 46 1 68 47 1 69 46 1 70 45 1 71 48 7 72 49 7 73 50 7 74 49 8 75 48 8 76 51 8 77 52 9 78 53 9 79 54 9 80 55 10 81 54 10 82 53 10 83 56 11 84 57 11 85 58 11 86 57 12 87 56 12 88 59 12 89 60 13 90 61 13 91 62 13 92 63 14 93 62 14 94 61 14 95 64 10 96 65 10 97 66 10 98 65 15 99 64 15 100 67 15 101 68 16 102 69 16 103 70 16 104 71 7 105 70 7 106 69 7 107 72 17 108 73 17 109 74 17 110 73 18 111 72 18 112 75 18 113 76 19 114 77 19 115 78 19 116 79 20 117 78 20 118 77 20 119 80 0 120 81 0 121 82 0 122 81 0 123 80 0 124 83 0 125 84 1 126 85 1 127 86 1 128 87 1 129 86 1 130 85 1 131 88 2 132 89 2 133 90 2 134 89 2 135 88 2 136 91 2 137 92 3 138 93 3 139 94 3 140 95 3 141 94 3 142 93 3 143 96 4 144 97 4 145 98 4 146 97 4 147 96 4 148 99 4 149 100 5 150 101 5 151 102 5 152 103 5 153 102 5 154 101 5 155 104 3 156 105 3 157 106 3 158 105 3 159 104 3 160 107 3 161 108 2 162 109 2 163 110 2 164 111 2 165 110 2 166 109 2 167 112 5 168 113 5 169 114 5 170 113 5 171 112 5 172 115 5 173 116 4 174 117 4 175 118 4 176 119 4 177 118 4 178 117 4 179 120 0 180 121 0 181 122 0 182 121 0 183 120 0 184 123 0 185 124 1 186 125 1 187 126 1 188 127 1 189 126 1 190 125 1 191 128 2 192 129 2 193 130 2 194 129 2 195 128 2 196 131 2 197 132 3 198 133 3 199 134 3 200 135 3 201 134 3 202 133 3 203 136 4 204 137 4 205 138 4 206 137 4 207 136 4 208 139 4 209 140 5 210 141 5 211 142 5 212 143 5 213 142 5 214 141 5 215 144 3 216 145 3 217 146 3 218 145 3 219 144 3 220 147 3 221 148 2 222 149 2 223 150 2 224 151 2 225 150 2 226 149 2 227 152 5 228 153 5 229 154 5 230 153 5 231 152 5 232 155 5 233 156 4 234 157 4 235 158 4 236 159 4 237 158 4 238 157 4 239 160 0 240 161 0 241 162 0 242 161 0 243 160 0 244 163 0 245 164 1 246 165 1 247 166 1 248 167 1 249 166 1 250 165 1 251 168 2 252 169 2 253 170 2 254 169 2 255 168 2 256 171 2 257 172 3 258 173 3 259 174 3 260 175 3 261 174 3 262 173 3 263 176 4 264 177 4 265 178 4 266 177 4 267 176 4 268 179 4 269 180 5 270 181 5 271 182 5 272 183 5 273 182 5 274 181 5 275 184 3 276 185 3 277 186 3 278 185 3 279 184 3 280 187 3 281 188 2 282 189 2 283 190 2 284 191 2 285 190 2 286 189 2 287 192 5 288 193 5 289 194 5 290 193 5 291 192 5 292 195 5 293 196 4 294 197 4 295 198 4 296 199 4 297 198 4 298 197 4 299 200 0 300 201 0 301 202 0 302 201 0 303 200 0 304 203 0 305 204 1 306 205 1 307 206 1 308 207 1 309 206 1 310 205 1 311 208 2 312 209 2 313 210 2 314 209 2 315 208 2 316 211 2 317 212 3 318 213 3 319 214 3 320 215 3 321 214 3 322 213 3 323 216 4 324 217 4 325 218 4 326 217 4 327 216 4 328 219 4 329 220 5 330 221 5 331 222 5 332 223 5 333 222 5 334 221 5 335 224 3 336 225 3 337 226 3 338 225 3 339 224 3 340 227 3 341 228 2 342 229 2 343 230 2 344 231 2 345 230 2 346 229 2 347 232 5 348 233 5 349 234 5 350 233 5 351 232 5 352 235 5 353 236 4 354 237 4 355 238 4 356 239 4 357 238 4 358 237 4 359 240 0 360 241 0 361 242 0 362 241 0 363 240 0 364 243 0 365 244 1 366 245 1 367 246 1 368 247 1 369 246 1 370 245 1 371 248 2 372 249 2 373 250 2 374 249 2 375 248 2 376 251 2 377 252 3 378 253 3 379 254 3 380 255 3 381 254 3 382 253 3 383 256 4 384 257 4 385 258 4 386 257 4 387 256 4 388 259 4 389 260 5 390 261 5 391 262 5 392 263 5 393 262 5 394 261 5 395 264 3 396 265 3 397 266 3 398 265 3 399 264 3 400 267 3 401 268 2 402 269 2 403 270 2 404 271 2 405 270 2 406 269 2 407 272 5 408 273 5 409 274 5 410 273 5 411 272 5 412 275 5 413 276 4 414 277 4 415 278 4 416 279 4 417 278 4 418 277 4 419 280 0 420 281 0 421 282 0 422 281 0 423 280 0 424 283 0 425 284 1 426 285 1 427 286 1 428 287 1 429 286 1 430 285 1 431 288 2 432 289 2 433 290 2 434 289 2 435 288 2 436 291 2 437 292 3 438 293 3 439 294 3 440 295 3 441 294 3 442 293 3 443 296 4 444 297 4 445 298 4 446 297 4 447 296 4 448 299 4 449 300 5 450 301 5 451 302 5 452 303 5 453 302 5 454 301 5 455 304 3 456 305 3 457 306 3 458 305 3 459 304 3 460 307 3 461 308 2 462 309 2 463 310 2 464 311 2 465 310 2 466 309 2 467 312 5 468 313 5 469 314 5 470 313 5 471 312 5 472 315 5 473 316 4 474 317 4 475 318 4 476 319 4 477 318 4 478 317 4 479 320 0 480 321 0 481 322 0 482 321 0 483 320 0 484 323 0 485 324 1 486 325 1 487 326 1 488 327 1 489 326 1 490 325 1 491 328 2 492 329 2 493 330 2 494 329 2 495 328 2 496 331 2 497 332 3 498 333 3 499 334 3 500 335 3 501 334 3 502 333 3 503 336 4 504 337 4 505 338 4 506 337 4 507 336 4 508 339 4 509 340 5 510 341 5 511 342 5 512 343 5 513 342 5 514 341 5 515 344 3 516 345 3 517 346 3 518 345 3 519 344 3 520 347 3 521 348 2 522 349 2 523 350 2 524 351 2 525 350 2 526 349 2 527 352 5 528 353 5 529 354 5 530 353 5 531 352 5 532 355 5 533 356 4 534 357 4 535 358 4 536 359 4 537 358 4 538 357 4 539 360 0 540 361 0 541 362 0 542 361 0 543 360 0 544 363 0 545 364 1 546 365 1 547 366 1 548 367 1 549 366 1 550 365 1 551 368 2 552 369 2 553 370 2 554 369 2 555 368 2 556 371 2 557 372 3 558 373 3 559 374 3 560 375 3 561 374 3 562 373 3 563 376 4 564 377 4 565 378 4 566 377 4 567 376 4 568 379 4 569 380 5 570 381 5 571 382 5 572 383 5 573 382 5 574 381 5 575 384 3 576 385 3 577 386 3 578 385 3 579 384 3 580 387 3 581 388 2 582 389 2 583 390 2 584 391 2 585 390 2 586 389 2 587 392 5 588 393 5 589 394 5 590 393 5 591 392 5 592 395 5 593 396 4 594 397 4 595 398 4 596 399 4 597 398 4 598 397 4 599 400 21 600 401 21 601 402 21 602 401 22 603 400 22 604 403 22 605 404 1 606 405 1 607 406 1 608 407 1 609 406 1 610 405 1 611 408 23 612 409 23 613 410 23 614 409 23 615 408 23 616 411 23 617 412 24 618 413 24 619 414 24 620 415 24 621 414 24 622 413 24 623 416 25 624 417 25 625 418 25 626 417 26 627 416 26 628 419 26 629 420 27 630 421 27 631 422 27 632 423 28 633 422 28 634 421 28 635 424 29 636 425 29 637 426 29 638 425 30 639 424 30 640 427 30 641 428 31 642 429 31 643 430 31 644 431 32 645 430 32 646 429 32 647 432 33 648 433 33 649 434 33 650 433 34 651 432 34 652 435 34 653 436 35 654 437 35 655 438 35 656 439 36 657 438 36 658 437 36 659 440 37 660 441 37 661 442 37 662 441 38 663 440 38 664 443 38 665 444 39 666 445 39 667 446 39 668 447 1 669 446 1 670 445 1 671 448 40 672 449 40 673 450 40 674 449 41 675 448 41 676 451 41 677 452 42 678 453 42 679 454 42 680 455 43 681 454 43 682 453 43 683 456 44 684 457 44 685 458 44 686 457 45 687 456 45 688 459 45 689 460 46 690 461 46 691 462 46 692 463 47 693 462 47 694 461 47 695 464 48 696 465 48 697 466 48 698 465 49 699 464 49 700 467 49 701 468 50 702 469 50 703 470 50 704 471 51 705 470 51 706 469 51 707 472 47 708 473 47 709 474 47 710 473 52 711 472 52 712 475 52 713 476 53 714 477 53 715 478 53 716 479 44 717 478 44 718 477 44 719 480 0 720 481 0 721 482 0 722 481 0 723 480 0 724 483 0 725 484 1 726 485 1 727 486 1 728 487 1 729 486 1 730 485 1 731 488 2 732 489 2 733 490 2 734 489 2 735 488 2 736 491 2 737 492 3 738 493 3 739 494 3 740 495 3 741 494 3 742 493 3 743 496 4 744 497 4 745 498 4 746 497 4 747 496 4 748 499 4 749 500 5 750 501 5 751 502 5 752 503 5 753 502 5 754 501 5 755 504 3 756 505 3 757 506 3 758 505 3 759 504 3 760 507 3 761 508 2 762 509 2 763 510 2 764 511 2 765 510 2 766 509 2 767 512 5 768 513 5 769 514 5 770 513 5 771 512 5 772 515 5 773 516 4 774 517 4 775 518 4 776 519 4 777 518 4 778 517 4 779</p>
        </triangles>
      </mesh>
    </geometry>
    <geometry id="Material2_002-mesh" name="Material2.002">
      <mesh>
        <source id="Material2_002-mesh-positions">
          <float_array id="Material2_002-mesh-positions-array" count="384">-20.18642 0 -49.69708 -20.18642 -114.4375 -49.19708 -20.18642 -114.4375 -49.69708 -20.18642 0 -49.19708 -20.18642 0 -49.19708 -20.18642 0 -49.69708 -20.18642 -114.4375 -49.19708 -20.18642 -114.4375 -49.69708 -20.18642 -114.4375 -49.69708 -22.18642 0 -49.69708 -20.18642 0 -49.69708 -22.18642 -114.4375 -49.69708 -22.18642 -114.4375 -49.69708 -20.18642 -114.4375 -49.69708 -22.18642 0 -49.69708 -20.18642 0 -49.69708 -22.18642 0 -47.69708 -22.18642 -114.4375 -49.69708 -22.18642 -114.4375 -47.69708 -22.18642 0 -49.69708 -22.18642 0 -49.69708 -22.18642 0 -47.69708 -22.18642 -114.4375 -49.69708 -22.18642 -114.4375 -47.69708 -22.18642 0 -47.69708 -21.68642 -114.4375 -47.69708 -21.68642 0 -47.69708 -22.18642 -114.4375 -47.69708 -22.18642 -114.4375 -47.69708 -22.18642 0 -47.69708 -21.68642 -114.4375 -47.69708 -21.68642 0 -47.69708 12.68858 0 -49.19708 12.68858 0 -49.69708 12.68858 -114.4375 -49.19708 12.68858 -114.4375 -49.69708 12.68858 0 -49.69708 12.68858 -114.4375 -49.19708 12.68858 -114.4375 -49.69708 12.68858 0 -49.19708 14.68858 -114.4375 -49.69708 12.68858 -114.4375 -49.69708 14.68858 0 -49.69708 12.68858 0 -49.69708 12.68858 -114.4375 -49.69708 14.68858 0 -49.69708 12.68858 0 -49.69708 14.68858 -114.4375 -49.69708 14.68858 0 -49.69708 14.68858 0 -47.69708 14.68858 -114.4375 -49.69708 14.68858 -114.4375 -47.69708 14.68858 0 -47.69708 14.68858 -114.4375 -49.69708 14.68858 -114.4375 -47.69708 14.68858 0 -49.69708 14.68858 -114.4375 -47.69708 14.68858 0 -47.69708 14.18858 -114.4375 -47.69708 14.18858 0 -47.69708 14.68858 0 -47.69708 14.18858 -114.4375 -47.69708 14.18858 0 -47.69708 14.68858 -114.4375 -47.69708 -20.18642 0 41.55292 -20.18642 0 42.05292 -20.18642 -114.4375 41.55292 -20.18642 -114.4375 42.05292 -20.18642 0 42.05292 -20.18642 -114.4375 41.55292 -20.18642 -114.4375 42.05292 -20.18642 0 41.55292 -22.18642 -114.4375 42.05292 -20.18642 -114.4375 42.05292 -22.18642 0 42.05292 -20.18642 0 42.05292 -20.18642 -114.4375 42.05292 -22.18642 0 42.05292 -20.18642 0 42.05292 -22.18642 -114.4375 42.05292 -22.18642 0 42.05292 -22.18642 0 40.05292 -22.18642 -114.4375 42.05292 -22.18642 -114.4375 40.05292 -22.18642 0 40.05292 -22.18642 -114.4375 42.05292 -22.18642 -114.4375 40.05292 -22.18642 0 42.05292 -22.18642 -114.4375 40.05292 -22.18642 0 40.05292 -21.68642 -114.4375 40.05292 -21.68642 0 40.05292 -22.18642 0 40.05292 -21.68642 -114.4375 40.05292 -21.68642 0 40.05292 -22.18642 -114.4375 40.05292 12.68858 0 42.05292 12.68858 -114.4375 41.55292 12.68858 -114.4375 42.05292 12.68858 0 41.55292 12.68858 0 41.55292 12.68858 0 42.05292 12.68858 -114.4375 41.55292 12.68858 -114.4375 42.05292 12.68858 -114.4375 42.05292 14.68858 0 42.05292 12.68858 0 42.05292 14.68858 -114.4375 42.05292 14.68858 -114.4375 42.05292 12.68858 -114.4375 42.05292 14.68858 0 42.05292 12.68858 0 42.05292 14.68858 0 40.05292 14.68858 -114.4375 42.05292 14.68858 -114.4375 40.05292 14.68858 0 42.05292 14.68858 0 42.05292 14.68858 0 40.05292 14.68858 -114.4375 42.05292 14.68858 -114.4375 40.05292 14.68858 0 40.05292 14.18858 -114.4375 40.05292 14.18858 0 40.05292 14.68858 -114.4375 40.05292 14.68858 -114.4375 40.05292 14.68858 0 40.05292 14.18858 -114.4375 40.05292 14.18858 0 40.05292</float_array>
          <technique_common>
            <accessor source="#Material2_002-mesh-positions-array" count="128" stride="3">
              <param name="X" type="float"/>
              <param name="Y" type="float"/>
              <param name="Z" type="float"/>
            </accessor>
          </technique_common>
        </source>
        <source id="Material2_002-mesh-normals">
          <float_array id="Material2_002-mesh-normals-array" count="24">1 0 0 -1 0 0 0 0 -1 0 0 -1 0 0 1 0 0 1 0 0 -1 0 0 1</float_array>
          <technique_common>
            <accessor source="#Material2_002-mesh-normals-array" count="8" stride="3">
              <param name="X" type="float"/>
              <param name="Y" type="float"/>
              <param name="Z" type="float"/>
            </accessor>
          </technique_common>
        </source>
        <source id="Material2_002-mesh-map-0">
          <float_array id="Material2_002-mesh-map-0-array" count="384">1 0.0926041 0 -0.00821805 0 0.0926041 0 -0.00821805 1 0.0926041 1 -0.00821805 1 -0.00821805 1 0.0926041 0 -0.00821805 0 0.0926041 0 -0.00821805 1 0.0926041 0 0.0926041 1 0.4958912 1 0.0926041 1 0.4958912 0 0.0926041 0 0.4958912 0 0.4958912 0 0.0926041 1 0.4958912 1 0.0926041 1 0.4958912 0 0.0926041 1 0.8991782 0 0.4958912 0 0.8991782 0 0.4958912 1 0.8991782 1 0.4958912 1 0.4958912 1 0.8991782 0 0.4958912 0 0.8991782 0 0.4958912 1 0.8991782 1 0.8991782 0 1 1 1 0 1 1 0.8991782 0 0.8991782 0 0.8991782 1 0.8991782 0 1 1 1 0 1 1 0.8991782 1 -0.00821805 1 0.0926041 0 -0.00821805 0 0.0926041 0 -0.00821805 1 0.0926041 1 0.0926041 0 -0.00821805 0 0.0926041 0 -0.00821805 1 0.0926041 1 -0.00821805 0 0.4958912 0 0.0926041 1 0.4958912 1 0.0926041 1 0.4958912 0 0.0926041 0 0.0926041 1 0.4958912 1 0.0926041 1 0.4958912 0 0.0926041 0 0.4958912 1 0.4958912 1 0.8991782 0 0.4958912 0 0.8991782 0 0.4958912 1 0.8991782 1 0.8991782 0 0.4958912 0 0.8991782 0 0.4958912 1 0.8991782 1 0.4958912 0 0.8991782 1 0.8991782 0 1 1 1 0 1 1 0.8991782 1 0.8991782 0 1 1 1 0 1 1 0.8991782 0 0.8991782 1 -0.00821805 1 0.0926041 0 -0.00821805 0 0.0926041 0 -0.00821805 1 0.0926041 1 0.0926041 0 -0.00821805 0 0.0926041 0 -0.00821805 1 0.0926041 1 -0.00821805 0 0.4958912 0 0.0926041 1 0.4958912 1 0.0926041 1 0.4958912 0 0.0926041 0 0.0926041 1 0.4958912 1 0.0926041 1 0.4958912 0 0.0926041 0 0.4958912 1 0.4958912 1 0.8991782 0 0.4958912 0 0.8991782 0 0.4958912 1 0.8991782 1 0.8991782 0 0.4958912 0 0.8991782 0 0.4958912 1 0.8991782 1 0.4958912 0 0.8991782 1 0.8991782 0 1 1 1 0 1 1 0.8991782 1 0.8991782 0 1 1 1 0 1 1 0.8991782 0 0.8991782 1 0.0926041 0 -0.00821805 0 0.0926041 0 -0.00821805 1 0.0926041 1 -0.00821805 1 -0.00821805 1 0.0926041 0 -0.00821805 0 0.0926041 0 -0.00821805 1 0.0926041 0 0.0926041 1 0.4958912 1 0.0926041 1 0.4958912 0 0.0926041 0 0.4958912 0 0.4958912 0 0.0926041 1 0.4958912 1 0.0926041 1 0.4958912 0 0.0926041 1 0.8991782 0 0.4958912 0 0.8991782 0 0.4958912 1 0.8991782 1 0.4958912 1 0.4958912 1 0.8991782 0 0.4958912 0 0.8991782 0 0.4958912 1 0.8991782 1 0.8991782 0 1 1 1 0 1 1 0.8991782 0 0.8991782 0 0.8991782 1 0.8991782 0 1 1 1 0 1 1 0.8991782</float_array>
          <technique_common>
            <accessor source="#Material2_002-mesh-map-0-array" count="192" stride="2">
              <param name="S" type="float"/>
              <param name="T" type="float"/>
            </accessor>
          </technique_common>
        </source>
        <vertices id="Material2_002-mesh-vertices">
          <input semantic="POSITION" source="#Material2_002-mesh-positions"/>
        </vertices>
        <triangles material="mat_2_001-material" count="64">
          <input semantic="VERTEX" source="#Material2_002-mesh-vertices" offset="0"/>
          <input semantic="NORMAL" source="#Material2_002-mesh-normals" offset="1"/>
          <input semantic="TEXCOORD" source="#Material2_002-mesh-map-0" offset="2" set="0"/>
          <p>0 0 0 1 0 1 2 0 2 1 0 3 0 0 4 3 0 5 4 1 6 5 1 7 6 1 8 7 1 9 6 1 10 5 1 11 8 2 12 9 2 13 10 2 14 9 3 15 8 3 16 11 3 17 12 4 18 13 4 19 14 4 20 15 4 21 14 4 22 13 4 23 16 1 24 17 1 25 18 1 26 17 1 27 16 1 28 19 1 29 20 0 30 21 0 31 22 0 32 23 0 33 22 0 34 21 0 35 24 4 36 25 4 37 26 4 38 25 4 39 24 4 40 27 4 41 28 3 42 29 3 43 30 3 44 31 3 45 30 3 46 29 3 47 32 1 48 33 1 49 34 1 50 35 1 51 34 1 52 33 1 53 36 0 54 37 0 55 38 0 56 37 0 57 36 0 58 39 0 59 40 3 60 41 3 61 42 3 62 43 3 63 42 3 64 41 3 65 44 5 66 45 5 67 46 5 68 45 4 69 44 4 70 47 4 71 48 0 72 49 0 73 50 0 74 51 0 75 50 0 76 49 0 77 52 1 78 53 1 79 54 1 80 53 1 81 52 1 82 55 1 83 56 4 84 57 4 85 58 4 86 59 4 87 58 4 88 57 4 89 60 3 90 61 3 91 62 3 92 61 3 93 60 3 94 63 3 95 64 0 96 65 0 97 66 0 98 67 0 99 66 0 100 65 0 101 68 1 102 69 1 103 70 1 104 69 1 105 68 1 106 71 1 107 72 4 108 73 4 109 74 4 110 75 4 111 74 4 112 73 4 113 76 6 114 77 6 115 78 6 116 77 3 117 76 3 118 79 3 119 80 1 120 81 1 121 82 1 122 83 1 123 82 1 124 81 1 125 84 0 126 85 0 127 86 0 128 85 0 129 84 0 130 87 0 131 88 3 132 89 3 133 90 3 134 91 3 135 90 3 136 89 3 137 92 4 138 93 4 139 94 4 140 93 4 141 92 4 142 95 4 143 96 1 144 97 1 145 98 1 146 97 1 147 96 1 148 99 1 149 100 0 150 101 0 151 102 0 152 103 0 153 102 0 154 101 0 155 104 7 156 105 7 157 106 7 158 105 4 159 104 4 160 107 4 161 108 3 162 109 3 163 110 3 164 111 3 165 110 3 166 109 3 167 112 0 168 113 0 169 114 0 170 113 0 171 112 0 172 115 0 173 116 1 174 117 1 175 118 1 176 119 1 177 118 1 178 117 1 179 120 3 180 121 3 181 122 3 182 121 3 183 120 3 184 123 3 185 124 4 186 125 4 187 126 4 188 127 4 189 126 4 190 125 4 191</p>
        </triangles>
      </mesh>
    </geometry>
    <geometry id="Material2_001-mesh" name="Material2.001">
      <mesh>
        <source id="Material2_001-mesh-positions">
          <float_array id="Material2_001-mesh-positions-array" count="600">-21.68642 -111.8125 -49.19708 14.18858 -109.5625 -49.19708 -21.68642 -109.5625 -49.19708 14.18858 -111.8125 -49.19708 14.18858 -111.8125 -49.19708 -21.68642 -111.8125 -49.19708 14.18858 -109.5625 -49.19708 -21.68642 -109.5625 -49.19708 -21.68642 -109.5625 41.55292 -21.68642 -111.8125 -49.19708 -21.68642 -109.5625 -49.19708 -21.68642 -111.8125 41.55292 -21.68642 -111.8125 41.55292 -21.68642 -109.5625 41.55292 -21.68642 -111.8125 -49.19708 -21.68642 -109.5625 -49.19708 -21.68642 -111.8125 41.55292 14.18858 -111.8125 -49.19708 -21.68642 -111.8125 -49.19708 14.18858 -111.8125 41.55292 14.18858 -111.8125 41.55292 -21.68642 -111.8125 41.55292 14.18858 -111.8125 -49.19708 -21.68642 -111.8125 -49.19708 14.18858 -111.8125 41.55292 14.18858 -109.5625 -49.19708 14.18858 -111.8125 -49.19708 14.18858 -109.5625 41.55292 14.18858 -109.5625 41.55292 14.18858 -111.8125 41.55292 14.18858 -109.5625 -49.19708 14.18858 -111.8125 -49.19708 14.18858 -109.5625 41.55292 -21.68642 -111.8125 41.55292 -21.68642 -109.5625 41.55292 14.18858 -111.8125 41.55292 14.18858 -111.8125 41.55292 14.18858 -109.5625 41.55292 -21.68642 -111.8125 41.55292 -21.68642 -109.5625 41.55292 14.18858 -85.8125 41.55292 -21.68642 -85.8125 41.55292 14.18858 -83.5625 41.55292 -21.68642 -83.5625 41.55292 -21.68642 -85.8125 41.55292 14.18858 -83.5625 41.55292 -21.68642 -83.5625 41.55292 14.18858 -85.8125 41.55292 -21.68642 -85.8125 -49.19708 -21.68642 -83.5625 -49.19708 -21.68642 -85.8125 41.55292 -21.68642 -83.5625 41.55292 -21.68642 -83.5625 -49.19708 -21.68642 -85.8125 41.55292 -21.68642 -83.5625 41.55292 -21.68642 -85.8125 -49.19708 14.18858 -85.8125 -49.19708 -21.68642 -85.8125 -49.19708 14.18858 -85.8125 41.55292 -21.68642 -85.8125 41.55292 -21.68642 -85.8125 -49.19708 14.18858 -85.8125 41.55292 -21.68642 -85.8125 41.55292 14.18858 -85.8125 -49.19708 14.18858 -83.5625 -49.19708 14.18858 -85.8125 -49.19708 14.18858 -83.5625 41.55292 14.18858 -85.8125 41.55292 14.18858 -85.8125 -49.19708 14.18858 -83.5625 41.55292 14.18858 -85.8125 41.55292 14.18858 -83.5625 -49.19708 14.18858 -85.8125 -49.19708 14.18858 -83.5625 -49.19708 -21.68642 -85.8125 -49.19708 -21.68642 -83.5625 -49.19708 14.18858 -83.5625 -49.19708 -21.68642 -85.8125 -49.19708 -21.68642 -83.5625 -49.19708 14.18858 -85.8125 -49.19708 -21.68642 -59.8125 -49.19708 14.18858 -57.5625 -49.19708 -21.68642 -57.5625 -49.19708 14.18858 -59.8125 -49.19708 14.18858 -59.8125 -49.19708 -21.68642 -59.8125 -49.19708 14.18858 -57.5625 -49.19708 -21.68642 -57.5625 -49.19708 -21.68642 -57.5625 41.55292 -21.68642 -59.8125 -49.19708 -21.68642 -57.5625 -49.19708 -21.68642 -59.8125 41.55292 -21.68642 -59.8125 41.55292 -21.68642 -57.5625 41.55292 -21.68642 -59.8125 -49.19708 -21.68642 -57.5625 -49.19708 -21.68642 -59.8125 41.55292 14.18858 -59.8125 -49.19708 -21.68642 -59.8125 -49.19708 14.18858 -59.8125 41.55292 14.18858 -59.8125 41.55292 -21.68642 -59.8125 41.55292 14.18858 -59.8125 -49.19708 -21.68642 -59.8125 -49.19708 14.18858 -59.8125 41.55292 14.18858 -57.5625 -49.19708 14.18858 -59.8125 -49.19708 14.18858 -57.5625 41.55292 14.18858 -57.5625 41.55292 14.18858 -59.8125 41.55292 14.18858 -57.5625 -49.19708 14.18858 -59.8125 -49.19708 14.18858 -57.5625 41.55292 -21.68642 -59.8125 41.55292 -21.68642 -57.5625 41.55292 14.18858 -59.8125 41.55292 14.18858 -59.8125 41.55292 14.18858 -57.5625 41.55292 -21.68642 -59.8125 41.55292 -21.68642 -57.5625 41.55292 -21.68642 -33.8125 -49.19708 14.18858 -33.8125 -49.19708 -21.68642 -31.5625 -49.19708 14.18858 -31.5625 -49.19708 14.18858 -33.8125 -49.19708 -21.68642 -31.5625 -49.19708 14.18858 -31.5625 -49.19708 -21.68642 -33.8125 -49.19708 14.18858 -33.8125 41.55292 14.18858 -31.5625 41.55292 14.18858 -33.8125 -49.19708 14.18858 -31.5625 -49.19708 14.18858 -31.5625 41.55292 14.18858 -33.8125 -49.19708 14.18858 -31.5625 -49.19708 14.18858 -33.8125 41.55292 -21.68642 -33.8125 41.55292 14.18858 -33.8125 41.55292 -21.68642 -33.8125 -49.19708 14.18858 -33.8125 -49.19708 14.18858 -33.8125 41.55292 -21.68642 -33.8125 -49.19708 14.18858 -33.8125 -49.19708 -21.68642 -33.8125 41.55292 -21.68642 -31.5625 41.55292 -21.68642 -33.8125 41.55292 -21.68642 -31.5625 -49.19708 -21.68642 -33.8125 -49.19708 -21.68642 -33.8125 41.55292 -21.68642 -31.5625 -49.19708 -21.68642 -33.8125 -49.19708 -21.68642 -31.5625 41.55292 -21.68642 -33.8125 41.55292 -21.68642 -31.5625 41.55292 14.18858 -33.8125 41.55292 14.18858 -31.5625 41.55292 -21.68642 -31.5625 41.55292 14.18858 -33.8125 41.55292 14.18858 -31.5625 41.55292 -21.68642 -33.8125 41.55292 14.18858 -7.8125 41.55292 -21.68642 -7.8125 41.55292 14.18858 -5.5625 41.55292 -21.68642 -5.5625 41.55292 -21.68642 -7.8125 41.55292 14.18858 -5.5625 41.55292 -21.68642 -5.5625 41.55292 14.18858 -7.8125 41.55292 -21.68642 -7.8125 -49.19708 -21.68642 -5.5625 -49.19708 -21.68642 -7.8125 41.55292 -21.68642 -5.5625 41.55292 -21.68642 -5.5625 -49.19708 -21.68642 -7.8125 41.55292 -21.68642 -5.5625 41.55292 -21.68642 -7.8125 -49.19708 14.18858 -7.8125 -49.19708 -21.68642 -7.8125 -49.19708 14.18858 -7.8125 41.55292 -21.68642 -7.8125 41.55292 -21.68642 -7.8125 -49.19708 14.18858 -7.8125 41.55292 -21.68642 -7.8125 41.55292 14.18858 -7.8125 -49.19708 14.18858 -5.5625 -49.19708 14.18858 -7.8125 -49.19708 14.18858 -5.5625 41.55292 14.18858 -7.8125 41.55292 14.18858 -7.8125 -49.19708 14.18858 -5.5625 41.55292 14.18858 -7.8125 41.55292 14.18858 -5.5625 -49.19708 14.18858 -7.8125 -49.19708 14.18858 -5.5625 -49.19708 -21.68642 -7.8125 -49.19708 -21.68642 -5.5625 -49.19708 14.18858 -5.5625 -49.19708 -21.68642 -7.8125 -49.19708 -21.68642 -5.5625 -49.19708 14.18858 -7.8125 -49.19708</float_array>
          <technique_common>
            <accessor source="#Material2_001-mesh-positions-array" count="200" stride="3">
              <param name="X" type="float"/>
              <param name="Y" type="float"/>
              <param name="Z" type="float"/>
            </accessor>
          </technique_common>
        </source>
        <source id="Material2_001-mesh-normals">
          <float_array id="Material2_001-mesh-normals-array" count="18">0 0 1 0 0 -1 1 0 0 -1 0 0 0 1 0 0 -1 0</float_array>
          <technique_common>
            <accessor source="#Material2_001-mesh-normals-array" count="6" stride="3">
              <param name="X" type="float"/>
              <param name="Y" type="float"/>
              <param name="Z" type="float"/>
            </accessor>
          </technique_common>
        </source>
        <source id="Material2_001-mesh-map-0">
          <float_array id="Material2_001-mesh-map-0-array" count="600">0.9762663 0.0557276 0.9998856 0.9442725 0.9998856 0.0557276 0.9998856 0.9442725 0.9762663 0.0557276 0.9762663 0.9442725 0.9762663 0.9442725 0.9762663 0.0557276 0.9998856 0.9442725 0.9998856 0.0557276 0.9998856 0.9442725 0.9762663 0.0557276 0.02361935 0 0.9762663 0.0557276 0.9762663 0 0.9762663 0.0557276 0.02361935 0 0.02361935 0.0557276 0.02361935 0.0557276 0.02361935 0 0.9762663 0.0557276 0.9762663 0 0.9762663 0.0557276 0.02361935 0 0.02361935 0.0557276 0.9762663 0.9442725 0.9762663 0.0557276 0.9762663 0.9442725 0.02361935 0.0557276 0.02361935 0.9442725 0.02361935 0.9442725 0.02361935 0.0557276 0.9762663 0.9442725 0.9762663 0.0557276 0.9762663 0.9442725 0.02361935 0.0557276 0.02361935 0.9442725 0.9762663 1 0.9762663 0.9442725 0.9762663 1 0.02361935 0.9442725 0.02361935 1 0.02361935 1 0.02361935 0.9442725 0.9762663 1 0.9762663 0.9442725 0.9762663 1 0.02361935 0.9442725 0 0.9442725 0.02361935 0.0557276 0 0.0557276 0.02361935 0.0557276 0 0.9442725 0.02361935 0.9442725 0.02361935 0.9442725 0 0.9442725 0.02361935 0.0557276 0 0.0557276 0.02361935 0.0557276 0 0.9442725 0.9762663 0.9442725 0.9762663 0.0557276 0.9998856 0.9442725 0.9998856 0.0557276 0.9998856 0.9442725 0.9762663 0.0557276 0.9762663 0.0557276 0.9998856 0.9442725 0.9998856 0.0557276 0.9998856 0.9442725 0.9762663 0.0557276 0.9762663 0.9442725 0.02361935 0.0557276 0.02361935 0 0.9762663 0.0557276 0.9762663 0 0.9762663 0.0557276 0.02361935 0 0.02361935 0 0.9762663 0.0557276 0.9762663 0 0.9762663 0.0557276 0.02361935 0 0.02361935 0.0557276 0.02361935 0.9442725 0.02361935 0.0557276 0.9762663 0.9442725 0.9762663 0.0557276 0.9762663 0.9442725 0.02361935 0.0557276 0.02361935 0.0557276 0.9762663 0.9442725 0.9762663 0.0557276 0.9762663 0.9442725 0.02361935 0.0557276 0.02361935 0.9442725 0.02361935 1 0.02361935 0.9442725 0.9762663 1 0.9762663 0.9442725 0.9762663 1 0.02361935 0.9442725 0.02361935 0.9442725 0.9762663 1 0.9762663 0.9442725 0.9762663 1 0.02361935 0.9442725 0.02361935 1 0.02361935 0.9442725 0 0.9442725 0.02361935 0.0557276 0 0.0557276 0.02361935 0.0557276 0 0.9442725 0 0.9442725 0.02361935 0.0557276 0 0.0557276 0.02361935 0.0557276 0 0.9442725 0.02361935 0.9442725 0.9762663 0.0557276 0.9998856 0.9442725 0.9998856 0.0557276 0.9998856 0.9442725 0.9762663 0.0557276 0.9762663 0.9442725 0.9762663 0.9442725 0.9762663 0.0557276 0.9998856 0.9442725 0.9998856 0.0557276 0.9998856 0.9442725 0.9762663 0.0557276 0.02361935 0 0.9762663 0.0557276 0.9762663 0 0.9762663 0.0557276 0.02361935 0 0.02361935 0.0557276 0.02361935 0.0557276 0.02361935 0 0.9762663 0.0557276 0.9762663 0 0.9762663 0.0557276 0.02361935 0 0.02361935 0.0557276 0.9762663 0.9442725 0.9762663 0.0557276 0.9762663 0.9442725 0.02361935 0.0557276 0.02361935 0.9442725 0.02361935 0.9442725 0.02361935 0.0557276 0.9762663 0.9442725 0.9762663 0.0557276 0.9762663 0.9442725 0.02361935 0.0557276 0.02361935 0.9442725 0.9762663 1 0.9762663 0.9442725 0.9762663 1 0.02361935 0.9442725 0.02361935 1 0.02361935 1 0.02361935 0.9442725 0.9762663 1 0.9762663 0.9442725 0.9762663 1 0.02361935 0.9442725 0 0.9442725 0.02361935 0.0557276 0 0.0557276 0.02361935 0.0557276 0 0.9442725 0.02361935 0.9442725 0.02361935 0.9442725 0 0.9442725 0.02361935 0.0557276 0 0.0557276 0.02361935 0.0557276 0 0.9442725 0.9762663 0.9442725 0.9762663 0.0557276 0.9998856 0.9442725 0.9998856 0.0557276 0.9998856 0.9442725 0.9762663 0.0557276 0.9762663 0.0557276 0.9998856 0.9442725 0.9998856 0.0557276 0.9998856 0.9442725 0.9762663 0.0557276 0.9762663 0.9442725 0.02361935 0.0557276 0.02361935 0 0.9762663 0.0557276 0.9762663 0 0.9762663 0.0557276 0.02361935 0 0.02361935 0 0.9762663 0.0557276 0.9762663 0 0.9762663 0.0557276 0.02361935 0 0.02361935 0.0557276 0.02361935 0.9442725 0.02361935 0.0557276 0.9762663 0.9442725 0.9762663 0.0557276 0.9762663 0.9442725 0.02361935 0.0557276 0.02361935 0.0557276 0.9762663 0.9442725 0.9762663 0.0557276 0.9762663 0.9442725 0.02361935 0.0557276 0.02361935 0.9442725 0.02361935 1 0.02361935 0.9442725 0.9762663 1 0.9762663 0.9442725 0.9762663 1 0.02361935 0.9442725 0.02361935 0.9442725 0.9762663 1 0.9762663 0.9442725 0.9762663 1 0.02361935 0.9442725 0.02361935 1 0.02361935 0.9442725 0 0.9442725 0.02361935 0.0557276 0 0.0557276 0.02361935 0.0557276 0 0.9442725 0 0.9442725 0.02361935 0.0557276 0 0.0557276 0.02361935 0.0557276 0 0.9442725 0.02361935 0.9442725 0.9762663 0.9442725 0.9762663 0.0557276 0.9998856 0.9442725 0.9998856 0.0557276 0.9998856 0.9442725 0.9762663 0.0557276 0.9762663 0.0557276 0.9998856 0.9442725 0.9998856 0.0557276 0.9998856 0.9442725 0.9762663 0.0557276 0.9762663 0.9442725 0.02361935 0.0557276 0.02361935 0 0.9762663 0.0557276 0.9762663 0 0.9762663 0.0557276 0.02361935 0 0.02361935 0 0.9762663 0.0557276 0.9762663 0 0.9762663 0.0557276 0.02361935 0 0.02361935 0.0557276 0.02361935 0.9442725 0.02361935 0.0557276 0.9762663 0.9442725 0.9762663 0.0557276 0.9762663 0.9442725 0.02361935 0.0557276 0.02361935 0.0557276 0.9762663 0.9442725 0.9762663 0.0557276 0.9762663 0.9442725 0.02361935 0.0557276 0.02361935 0.9442725 0.02361935 1 0.02361935 0.9442725 0.9762663 1 0.9762663 0.9442725 0.9762663 1 0.02361935 0.9442725 0.02361935 0.9442725 0.9762663 1 0.9762663 0.9442725 0.9762663 1 0.02361935 0.9442725 0.02361935 1 0.02361935 0.9442725 0 0.9442725 0.02361935 0.0557276 0 0.0557276 0.02361935 0.0557276 0 0.9442725 0 0.9442725 0.02361935 0.0557276 0 0.0557276 0.02361935 0.0557276 0 0.9442725 0.02361935 0.9442725</float_array>
          <technique_common>
            <accessor source="#Material2_001-mesh-map-0-array" count="300" stride="2">
              <param name="S" type="float"/>
              <param name="T" type="float"/>
            </accessor>
          </technique_common>
        </source>
        <vertices id="Material2_001-mesh-vertices">
          <input semantic="POSITION" source="#Material2_001-mesh-positions"/>
        </vertices>
        <triangles material="mat_1_001-material" count="100">
          <input semantic="VERTEX" source="#Material2_001-mesh-vertices" offset="0"/>
          <input semantic="NORMAL" source="#Material2_001-mesh-normals" offset="1"/>
          <input semantic="TEXCOORD" source="#Material2_001-mesh-map-0" offset="2" set="0"/>
          <p>0 0 0 1 0 1 2 0 2 1 0 3 0 0 4 3 0 5 4 1 6 5 1 7 6 1 8 7 1 9 6 1 10 5 1 11 8 2 12 9 2 13 10 2 14 9 2 15 8 2 16 11 2 17 12 3 18 13 3 19 14 3 20 15 3 21 14 3 22 13 3 23 16 4 24 17 4 25 18 4 26 17 4 27 16 4 28 19 4 29 20 5 30 21 5 31 22 5 32 23 5 33 22 5 34 21 5 35 24 3 36 25 3 37 26 3 38 25 3 39 24 3 40 27 3 41 28 2 42 29 2 43 30 2 44 31 2 45 30 2 46 29 2 47 32 1 48 33 1 49 34 1 50 33 1 51 32 1 52 35 1 53 36 0 54 37 0 55 38 0 56 39 0 57 38 0 58 37 0 59 40 1 60 41 1 61 42 1 62 43 1 63 42 1 64 41 1 65 44 0 66 45 0 67 46 0 68 45 0 69 44 0 70 47 0 71 48 2 72 49 2 73 50 2 74 51 2 75 50 2 76 49 2 77 52 3 78 53 3 79 54 3 80 53 3 81 52 3 82 55 3 83 56 4 84 57 4 85 58 4 86 59 4 87 58 4 88 57 4 89 60 5 90 61 5 91 62 5 92 61 5 93 60 5 94 63 5 95 64 3 96 65 3 97 66 3 98 67 3 99 66 3 100 65 3 101 68 2 102 69 2 103 70 2 104 69 2 105 68 2 106 71 2 107 72 0 108 73 0 109 74 0 110 75 0 111 74 0 112 73 0 113 76 1 114 77 1 115 78 1 116 77 1 117 76 1 118 79 1 119 80 0 120 81 0 121 82 0 122 81 0 123 80 0 124 83 0 125 84 1 126 85 1 127 86 1 128 87 1 129 86 1 130 85 1 131 88 2 132 89 2 133 90 2 134 89 2 135 88 2 136 91 2 137 92 3 138 93 3 139 94 3 140 95 3 141 94 3 142 93 3 143 96 4 144 97 4 145 98 4 146 97 4 147 96 4 148 99 4 149 100 5 150 101 5 151 102 5 152 103 5 153 102 5 154 101 5 155 104 3 156 105 3 157 106 3 158 105 3 159 104 3 160 107 3 161 108 2 162 109 2 163 110 2 164 111 2 165 110 2 166 109 2 167 112 1 168 113 1 169 114 1 170 113 1 171 112 1 172 115 1 173 116 0 174 117 0 175 118 0 176 119 0 177 118 0 178 117 0 179 120 0 180 121 0 181 122 0 182 123 0 183 122 0 184 121 0 185 124 1 186 125 1 187 126 1 188 125 1 189 124 1 190 127 1 191 128 3 192 129 3 193 130 3 194 131 3 195 130 3 196 129 3 197 132 2 198 133 2 199 134 2 200 133 2 201 132 2 202 135 2 203 136 4 204 137 4 205 138 4 206 139 4 207 138 4 208 137 4 209 140 5 210 141 5 211 142 5 212 141 5 213 140 5 214 143 5 215 144 2 216 145 2 217 146 2 218 147 2 219 146 2 220 145 2 221 148 3 222 149 3 223 150 3 224 149 3 225 148 3 226 151 3 227 152 1 228 153 1 229 154 1 230 155 1 231 154 1 232 153 1 233 156 0 234 157 0 235 158 0 236 157 0 237 156 0 238 159 0 239 160 1 240 161 1 241 162 1 242 163 1 243 162 1 244 161 1 245 164 0 246 165 0 247 166 0 248 165 0 249 164 0 250 167 0 251 168 2 252 169 2 253 170 2 254 171 2 255 170 2 256 169 2 257 172 3 258 173 3 259 174 3 260 173 3 261 172 3 262 175 3 263 176 4 264 177 4 265 178 4 266 179 4 267 178 4 268 177 4 269 180 5 270 181 5 271 182 5 272 181 5 273 180 5 274 183 5 275 184 3 276 185 3 277 186 3 278 187 3 279 186 3 280 185 3 281 188 2 282 189 2 283 190 2 284 189 2 285 188 2 286 191 2 287 192 0 288 193 0 289 194 0 290 195 0 291 194 0 292 193 0 293 196 1 294 197 1 295 198 1 296 197 1 297 196 1 298 199 1 299</p>
        </triangles>
      </mesh>
    </geometry>
    <geometry id="Material2-mesh" name="Material2">
      <mesh>
        <source id="Material2-mesh-positions">
          <float_array id="Material2-mesh-positions-array" count="1560">14.18858 -29.25 10.48382 -16.49892 -29.25 35.98382 -16.49892 -29.25 10.48382 14.18858 -29.25 35.98382 14.18858 -29.25 35.98382 14.18858 -29.25 10.48382 -16.49892 -29.25 35.98382 -16.49892 -29.25 10.48382 14.18858 -7.8125 10.48382 14.18858 -29.25 35.98382 14.18858 -29.25 10.48382 14.18858 -7.8125 35.98382 14.18858 -7.8125 35.98382 14.18858 -7.8125 10.48382 14.18858 -29.25 35.98382 14.18858 -29.25 10.48382 -16.49892 -29.25 35.98382 14.18858 -7.8125 35.98382 -16.49892 -7.8125 35.98382 14.18858 -29.25 35.98382 14.18858 -29.25 35.98382 -16.49892 -29.25 35.98382 14.18858 -7.8125 35.98382 -16.49892 -7.8125 35.98382 -16.49892 -29.25 35.98382 -16.49892 -7.8125 10.48382 -16.49892 -29.25 10.48382 -16.49892 -7.8125 35.98382 -16.49892 -7.8125 35.98382 -16.49892 -29.25 35.98382 -16.49892 -7.8125 10.48382 -16.49892 -29.25 10.48382 14.18858 -29.25 10.48382 -16.49892 -7.8125 10.48382 14.18858 -7.8125 10.48382 -16.49892 -29.25 10.48382 -16.49892 -29.25 10.48382 14.18858 -29.25 10.48382 -16.49892 -7.8125 10.48382 14.18858 -7.8125 10.48382 11.96293 -133.25 -45.65584 -17.15824 -133.25 -18.38077 -18.67055 -133.25 -43.83588 13.47525 -133.25 -20.20073 13.47525 -133.25 -20.20073 11.96293 -133.25 -45.65584 -17.15824 -133.25 -18.38077 -18.67055 -133.25 -43.83588 11.96293 -111.8125 -45.65584 13.47525 -133.25 -20.20073 11.96293 -133.25 -45.65584 13.47525 -111.8125 -20.20073 13.47525 -111.8125 -20.20073 11.96293 -111.8125 -45.65584 13.47525 -133.25 -20.20073 11.96293 -133.25 -45.65584 -17.15824 -133.25 -18.38077 13.47525 -111.8125 -20.20073 -17.15824 -111.8125 -18.38077 13.47525 -133.25 -20.20073 13.47525 -133.25 -20.20073 -17.15824 -133.25 -18.38077 13.47525 -111.8125 -20.20073 -17.15824 -111.8125 -18.38077 -17.15824 -133.25 -18.38077 -18.67055 -111.8125 -43.83588 -18.67055 -133.25 -43.83588 -17.15824 -111.8125 -18.38077 -17.15824 -111.8125 -18.38077 -17.15824 -133.25 -18.38077 -18.67055 -111.8125 -43.83588 -18.67055 -133.25 -43.83588 11.96293 -133.25 -45.65584 -18.67055 -111.8125 -43.83588 11.96293 -111.8125 -45.65584 -18.67055 -133.25 -43.83588 -18.67055 -133.25 -43.83588 11.96293 -133.25 -45.65584 -18.67055 -111.8125 -43.83588 11.96293 -111.8125 -45.65584 11.50108 -133.25 12.48382 -19.18642 -133.25 37.98382 -19.18642 -133.25 12.48382 11.50108 -133.25 37.98382 11.50108 -133.25 37.98382 11.50108 -133.25 12.48382 -19.18642 -133.25 37.98382 -19.18642 -133.25 12.48382 11.50108 -111.8125 12.48382 11.50108 -133.25 37.98382 11.50108 -133.25 12.48382 11.50108 -111.8125 37.98382 11.50108 -111.8125 37.98382 11.50108 -111.8125 12.48382 11.50108 -133.25 37.98382 11.50108 -133.25 12.48382 -19.18642 -133.25 37.98382 11.50108 -111.8125 37.98382 -19.18642 -111.8125 37.98382 11.50108 -133.25 37.98382 11.50108 -133.25 37.98382 -19.18642 -133.25 37.98382 11.50108 -111.8125 37.98382 -19.18642 -111.8125 37.98382 -19.18642 -133.25 37.98382 -19.18642 -111.8125 12.48382 -19.18642 -133.25 12.48382 -19.18642 -111.8125 37.98382 -19.18642 -111.8125 37.98382 -19.18642 -133.25 37.98382 -19.18642 -111.8125 12.48382 -19.18642 -133.25 12.48382 11.50108 -133.25 12.48382 -19.18642 -111.8125 12.48382 11.50108 -111.8125 12.48382 -19.18642 -133.25 12.48382 -19.18642 -133.25 12.48382 11.50108 -133.25 12.48382 -19.18642 -111.8125 12.48382 11.50108 -111.8125 12.48382 10.12608 -133.25 -15.76618 -20.56142 -133.25 9.73382 -20.56142 -133.25 -15.76618 10.12608 -133.25 9.73382 10.12608 -133.25 9.73382 10.12608 -133.25 -15.76618 -20.56142 -133.25 9.73382 -20.56142 -133.25 -15.76618 10.12608 -111.8125 -15.76618 10.12608 -133.25 9.73382 10.12608 -133.25 -15.76618 10.12608 -111.8125 9.73382 10.12608 -111.8125 9.73382 10.12608 -111.8125 -15.76618 10.12608 -133.25 9.73382 10.12608 -133.25 -15.76618 -20.56142 -133.25 9.73382 10.12608 -111.8125 9.73382 -20.56142 -111.8125 9.73382 10.12608 -133.25 9.73382 10.12608 -133.25 9.73382 -20.56142 -133.25 9.73382 10.12608 -111.8125 9.73382 -20.56142 -111.8125 9.73382 -20.56142 -133.25 9.73382 -20.56142 -111.8125 -15.76618 -20.56142 -133.25 -15.76618 -20.56142 -111.8125 9.73382 -20.56142 -111.8125 9.73382 -20.56142 -133.25 9.73382 -20.56142 -111.8125 -15.76618 -20.56142 -133.25 -15.76618 10.12608 -133.25 -15.76618 -20.56142 -111.8125 -15.76618 10.12608 -111.8125 -15.76618 -20.56142 -133.25 -15.76618 -20.56142 -133.25 -15.76618 10.12608 -133.25 -15.76618 -20.56142 -111.8125 -15.76618 10.12608 -111.8125 -15.76618 14.18858 -107.25 -45.32868 -16.49892 -107.25 -19.82868 -16.49892 -107.25 -45.32868 14.18858 -107.25 -19.82868 14.18858 -107.25 -19.82868 14.18858 -107.25 -45.32868 -16.49892 -107.25 -19.82868 -16.49892 -107.25 -45.32868 14.18858 -85.8125 -45.32868 14.18858 -107.25 -19.82868 14.18858 -107.25 -45.32868 14.18858 -85.8125 -19.82868 14.18858 -85.8125 -19.82868 14.18858 -85.8125 -45.32868 14.18858 -107.25 -19.82868 14.18858 -107.25 -45.32868 -16.49892 -107.25 -19.82868 14.18858 -85.8125 -19.82868 -16.49892 -85.8125 -19.82868 14.18858 -107.25 -19.82868 14.18858 -107.25 -19.82868 -16.49892 -107.25 -19.82868 14.18858 -85.8125 -19.82868 -16.49892 -85.8125 -19.82868 -16.49892 -107.25 -19.82868 -16.49892 -85.8125 -45.32868 -16.49892 -107.25 -45.32868 -16.49892 -85.8125 -19.82868 -16.49892 -85.8125 -19.82868 -16.49892 -107.25 -19.82868 -16.49892 -85.8125 -45.32868 -16.49892 -107.25 -45.32868 14.18858 -107.25 -45.32868 -16.49892 -85.8125 -45.32868 14.18858 -85.8125 -45.32868 -16.49892 -107.25 -45.32868 -16.49892 -107.25 -45.32868 14.18858 -107.25 -45.32868 -16.49892 -85.8125 -45.32868 14.18858 -85.8125 -45.32868 10.43858 -107.25 -13.64118 -20.24892 -107.25 11.85882 -20.24892 -107.25 -13.64118 10.43858 -107.25 11.85882 10.43858 -107.25 11.85882 10.43858 -107.25 -13.64118 -20.24892 -107.25 11.85882 -20.24892 -107.25 -13.64118 10.43858 -85.8125 -13.64118 10.43858 -107.25 11.85882 10.43858 -107.25 -13.64118 10.43858 -85.8125 11.85882 10.43858 -85.8125 11.85882 10.43858 -85.8125 -13.64118 10.43858 -107.25 11.85882 10.43858 -107.25 -13.64118 -20.24892 -107.25 11.85882 10.43858 -85.8125 11.85882 -20.24892 -85.8125 11.85882 10.43858 -107.25 11.85882 10.43858 -107.25 11.85882 -20.24892 -107.25 11.85882 10.43858 -85.8125 11.85882 -20.24892 -85.8125 11.85882 -20.24892 -107.25 11.85882 -20.24892 -85.8125 -13.64118 -20.24892 -107.25 -13.64118 -20.24892 -85.8125 11.85882 -20.24892 -85.8125 11.85882 -20.24892 -107.25 11.85882 -20.24892 -85.8125 -13.64118 -20.24892 -107.25 -13.64118 10.43858 -107.25 -13.64118 -20.24892 -85.8125 -13.64118 10.43858 -85.8125 -13.64118 -20.24892 -107.25 -13.64118 -20.24892 -107.25 -13.64118 10.43858 -107.25 -13.64118 -20.24892 -85.8125 -13.64118 10.43858 -85.8125 -13.64118 14.18858 -81.25 -15.76618 -16.49892 -81.25 9.73382 -16.49892 -81.25 -15.76618 14.18858 -81.25 9.73382 14.18858 -81.25 9.73382 14.18858 -81.25 -15.76618 -16.49892 -81.25 9.73382 -16.49892 -81.25 -15.76618 14.18858 -59.8125 -15.76618 14.18858 -81.25 9.73382 14.18858 -81.25 -15.76618 14.18858 -59.8125 9.73382 14.18858 -59.8125 9.73382 14.18858 -59.8125 -15.76618 14.18858 -81.25 9.73382 14.18858 -81.25 -15.76618 -16.49892 -81.25 9.73382 14.18858 -59.8125 9.73382 -16.49892 -59.8125 9.73382 14.18858 -81.25 9.73382 14.18858 -81.25 9.73382 -16.49892 -81.25 9.73382 14.18858 -59.8125 9.73382 -16.49892 -59.8125 9.73382 -16.49892 -81.25 9.73382 -16.49892 -59.8125 -15.76618 -16.49892 -81.25 -15.76618 -16.49892 -59.8125 9.73382 -16.49892 -59.8125 9.73382 -16.49892 -81.25 9.73382 -16.49892 -59.8125 -15.76618 -16.49892 -81.25 -15.76618 14.18858 -81.25 -15.76618 -16.49892 -59.8125 -15.76618 14.18858 -59.8125 -15.76618 -16.49892 -81.25 -15.76618 -16.49892 -81.25 -15.76618 14.18858 -81.25 -15.76618 -16.49892 -59.8125 -15.76618 14.18858 -59.8125 -15.76618 10.43858 -81.25 -44.70368 -20.24892 -81.25 -19.20368 -20.24892 -81.25 -44.70368 10.43858 -81.25 -19.20368 10.43858 -81.25 -19.20368 10.43858 -81.25 -44.70368 -20.24892 -81.25 -19.20368 -20.24892 -81.25 -44.70368 10.43858 -59.8125 -44.70368 10.43858 -81.25 -19.20368 10.43858 -81.25 -44.70368 10.43858 -59.8125 -19.20368 10.43858 -59.8125 -19.20368 10.43858 -59.8125 -44.70368 10.43858 -81.25 -19.20368 10.43858 -81.25 -44.70368 -20.24892 -81.25 -19.20368 10.43858 -59.8125 -19.20368 -20.24892 -59.8125 -19.20368 10.43858 -81.25 -19.20368 10.43858 -81.25 -19.20368 -20.24892 -81.25 -19.20368 10.43858 -59.8125 -19.20368 -20.24892 -59.8125 -19.20368 -20.24892 -81.25 -19.20368 -20.24892 -59.8125 -44.70368 -20.24892 -81.25 -44.70368 -20.24892 -59.8125 -19.20368 -20.24892 -59.8125 -19.20368 -20.24892 -81.25 -19.20368 -20.24892 -59.8125 -44.70368 -20.24892 -81.25 -44.70368 10.43858 -81.25 -44.70368 -20.24892 -59.8125 -44.70368 10.43858 -59.8125 -44.70368 -20.24892 -81.25 -44.70368 -20.24892 -81.25 -44.70368 10.43858 -81.25 -44.70368 -20.24892 -59.8125 -44.70368 10.43858 -59.8125 -44.70368 11.50108 -81.25 12.92132 -19.18642 -81.25 38.42132 -19.18642 -81.25 12.92132 11.50108 -81.25 38.42132 11.50108 -81.25 38.42132 11.50108 -81.25 12.92132 -19.18642 -81.25 38.42132 -19.18642 -81.25 12.92132 11.50108 -59.8125 12.92132 11.50108 -81.25 38.42132 11.50108 -81.25 12.92132 11.50108 -59.8125 38.42132 11.50108 -59.8125 38.42132 11.50108 -59.8125 12.92132 11.50108 -81.25 38.42132 11.50108 -81.25 12.92132 -19.18642 -81.25 38.42132 11.50108 -59.8125 38.42132 -19.18642 -59.8125 38.42132 11.50108 -81.25 38.42132 11.50108 -81.25 38.42132 -19.18642 -81.25 38.42132 11.50108 -59.8125 38.42132 -19.18642 -59.8125 38.42132 -19.18642 -81.25 38.42132 -19.18642 -59.8125 12.92132 -19.18642 -81.25 12.92132 -19.18642 -59.8125 38.42132 -19.18642 -59.8125 38.42132 -19.18642 -81.25 38.42132 -19.18642 -59.8125 12.92132 -19.18642 -81.25 12.92132 11.50108 -81.25 12.92132 -19.18642 -59.8125 12.92132 11.50108 -59.8125 12.92132 -19.18642 -81.25 12.92132 -19.18642 -81.25 12.92132 11.50108 -81.25 12.92132 -19.18642 -59.8125 12.92132 11.50108 -59.8125 12.92132 12.06358 -55.25 13.73382 -18.62392 -55.25 39.23382 -18.62392 -55.25 13.73382 12.06358 -55.25 39.23382 12.06358 -55.25 39.23382 12.06358 -55.25 13.73382 -18.62392 -55.25 39.23382 -18.62392 -55.25 13.73382 12.06358 -33.8125 13.73382 12.06358 -55.25 39.23382 12.06358 -55.25 13.73382 12.06358 -33.8125 39.23382 12.06358 -33.8125 39.23382 12.06358 -33.8125 13.73382 12.06358 -55.25 39.23382 12.06358 -55.25 13.73382 -18.62392 -55.25 39.23382 12.06358 -33.8125 39.23382 -18.62392 -33.8125 39.23382 12.06358 -55.25 39.23382 12.06358 -55.25 39.23382 -18.62392 -55.25 39.23382 12.06358 -33.8125 39.23382 -18.62392 -33.8125 39.23382 -18.62392 -55.25 39.23382 -18.62392 -33.8125 13.73382 -18.62392 -55.25 13.73382 -18.62392 -33.8125 39.23382 -18.62392 -33.8125 39.23382 -18.62392 -55.25 39.23382 -18.62392 -33.8125 13.73382 -18.62392 -55.25 13.73382 12.06358 -55.25 13.73382 -18.62392 -33.8125 13.73382 12.06358 -33.8125 13.73382 -18.62392 -55.25 13.73382 -18.62392 -55.25 13.73382 12.06358 -55.25 13.73382 -18.62392 -33.8125 13.73382 12.06358 -33.8125 13.73382 10.11858 -55.25 -15.92809 -19.89089 -55.25 10.36648 -20.5584 -55.25 -15.12478 10.7861 -55.25 9.563177 10.7861 -55.25 9.563177 10.11858 -55.25 -15.92809 -19.89089 -55.25 10.36648 -20.5584 -55.25 -15.12478 10.11858 -33.8125 -15.92809 10.7861 -55.25 9.563177 10.11858 -55.25 -15.92809 10.7861 -33.8125 9.563177 10.7861 -33.8125 9.563177 10.11858 -33.8125 -15.92809 10.7861 -55.25 9.563177 10.11858 -55.25 -15.92809 -19.89089 -55.25 10.36648 10.7861 -33.8125 9.563177 -19.89089 -33.8125 10.36648 10.7861 -55.25 9.563177 10.7861 -55.25 9.563177 -19.89089 -55.25 10.36648 10.7861 -33.8125 9.563177 -19.89089 -33.8125 10.36648 -19.89089 -55.25 10.36648 -20.5584 -33.8125 -15.12478 -20.5584 -55.25 -15.12478 -19.89089 -33.8125 10.36648 -19.89089 -33.8125 10.36648 -19.89089 -55.25 10.36648 -20.5584 -33.8125 -15.12478 -20.5584 -55.25 -15.12478 10.11858 -55.25 -15.92809 -20.5584 -33.8125 -15.12478 10.11858 -33.8125 -15.92809 -20.5584 -55.25 -15.12478 -20.5584 -55.25 -15.12478 10.11858 -55.25 -15.92809 -20.5584 -33.8125 -15.12478 10.11858 -33.8125 -15.92809 11.73324 -29.25 -46.38612 -20.12141 -29.25 -22.36001 -18.92019 -29.25 -47.8317 10.53203 -29.25 -20.91443 10.53203 -29.25 -20.91443 11.73324 -29.25 -46.38612 -20.12141 -29.25 -22.36001 -18.92019 -29.25 -47.8317 11.73324 -7.8125 -46.38612 10.53203 -29.25 -20.91443 11.73324 -29.25 -46.38612 10.53203 -7.8125 -20.91443 10.53203 -7.8125 -20.91443 11.73324 -7.8125 -46.38612 10.53203 -29.25 -20.91443 11.73324 -29.25 -46.38612 -20.12141 -29.25 -22.36001 10.53203 -7.8125 -20.91443 -20.12141 -7.8125 -22.36001 10.53203 -29.25 -20.91443 10.53203 -29.25 -20.91443 -20.12141 -29.25 -22.36001 10.53203 -7.8125 -20.91443 -20.12141 -7.8125 -22.36001 -20.12141 -29.25 -22.36001 -18.92019 -7.8125 -47.8317 -18.92019 -29.25 -47.8317 -20.12141 -7.8125 -22.36001 -20.12141 -7.8125 -22.36001 -20.12141 -29.25 -22.36001 -18.92019 -7.8125 -47.8317 -18.92019 -29.25 -47.8317 11.73324 -29.25 -46.38612 -18.92019 -7.8125 -47.8317 11.73324 -7.8125 -46.38612 -18.92019 -29.25 -47.8317 -18.92019 -29.25 -47.8317 11.73324 -29.25 -46.38612 -18.92019 -7.8125 -47.8317 11.73324 -7.8125 -46.38612 11.50108 -29.25 -18.57868 -19.18642 -29.25 6.92132 -19.18642 -29.25 -18.57868 11.50108 -29.25 6.92132 11.50108 -29.25 6.92132 11.50108 -29.25 -18.57868 -19.18642 -29.25 6.92132 -19.18642 -29.25 -18.57868 11.50108 -7.8125 -18.57868 11.50108 -29.25 6.92132 11.50108 -29.25 -18.57868 11.50108 -7.8125 6.92132 11.50108 -7.8125 6.92132 11.50108 -7.8125 -18.57868 11.50108 -29.25 6.92132 11.50108 -29.25 -18.57868 -19.18642 -29.25 6.92132 11.50108 -7.8125 6.92132 -19.18642 -7.8125 6.92132 11.50108 -29.25 6.92132 11.50108 -29.25 6.92132 -19.18642 -29.25 6.92132 11.50108 -7.8125 6.92132 -19.18642 -7.8125 6.92132 -19.18642 -29.25 6.92132 -19.18642 -7.8125 -18.57868 -19.18642 -29.25 -18.57868 -19.18642 -7.8125 6.92132 -19.18642 -7.8125 6.92132 -19.18642 -29.25 6.92132 -19.18642 -7.8125 -18.57868 -19.18642 -29.25 -18.57868 11.50108 -29.25 -18.57868 -19.18642 -7.8125 -18.57868 11.50108 -7.8125 -18.57868 -19.18642 -29.25 -18.57868 -19.18642 -29.25 -18.57868 11.50108 -29.25 -18.57868 -19.18642 -7.8125 -18.57868 11.50108 -7.8125 -18.57868</float_array>
          <technique_common>
            <accessor source="#Material2-mesh-positions-array" count="520" stride="3">
              <param name="X" type="float"/>
              <param name="Y" type="float"/>
              <param name="Z" type="float"/>
            </accessor>
          </technique_common>
        </source>
        <source id="Material2-mesh-normals">
          <float_array id="Material2-mesh-normals-array" count="162">0 -1 0 0 1 0 1 0 0 -1 0 0 0 0 1 0 0 -1 0 -1 1.55994e-7 0.9982398 0 -0.05930632 0.9982399 0 -0.05930632 -0.9982399 0 0.05930632 -0.9982398 0 0.05930632 0.05930638 0 0.9982398 0.05930632 0 0.9982398 -0.05930632 0 -0.9982398 -0.05930638 0 -0.9982398 -0.9982399 0 0.05930632 0.9982399 0 -0.05930632 -0.05930614 0 -0.9982399 -0.05930656 0 -0.9982398 0.05930656 0 0.9982398 0.05930614 0 0.9982399 0 -1 0 0 -1 0 0.9996573 0 -0.02617692 -0.9996573 0 0.02617692 0.02617686 0 0.9996574 0.02617692 0 0.9996573 -0.02617692 0 -0.9996573 -0.02617686 0 -0.9996574 -0.9996573 0 0.02617686 -0.9996573 0 0.02617686 0.9996573 0 -0.02617686 0.9996573 0 -0.02617686 -0.02617698 0 -0.9996574 -0.02617698 0 -0.9996573 0.02617698 0 0.9996573 0.02617698 0 0.9996574 0 -1 0 0 -1 0 0 1 1.55994e-7 0.9988899 0 0.04710644 0.9988899 0 0.04710644 -0.9988899 0 -0.04710644 -0.9988899 0 -0.04710644 -0.04710644 0 0.9988899 -0.04710626 0 0.9988899 0.04710626 0 -0.9988899 0.04710644 0 -0.9988899 -0.9988899 0 -0.04710638 -0.9988899 0 -0.04710638 0.9988899 0 0.04710638 0.9988899 0 0.04710638 0.04710644 0 -0.9988899 -0.04710644 0 0.9988899</float_array>
          <technique_common>
            <accessor source="#Material2-mesh-normals-array" count="54" stride="3">
              <param name="X" type="float"/>
              <param name="Y" type="float"/>
              <param name="Z" type="float"/>
            </accessor>
          </technique_common>
        </source>
        <source id="Material2-mesh-map-0">
          <float_array id="Material2-mesh-map-0-array" count="1560">-0.7070465 0.3212041 -0.292 0.6878042 -0.292 0.3212041 -0.292 0.6878042 -0.7070465 0.3212041 -0.7070465 0.6878042 -0.7070465 0.6878042 -0.7070465 0.3212041 -0.292 0.6878042 -0.292 0.3212041 -0.292 0.6878042 -0.7070465 0.3212041 -0.9969873 0.3212041 -0.7070465 0.6878042 -0.7070465 0.3212041 -0.7070465 0.6878042 -0.9969873 0.3212041 -0.9969873 0.6878042 -0.9969873 0.6878042 -0.9969873 0.3212041 -0.7070465 0.6878042 -0.7070465 0.3212041 -0.7070465 0.6878042 -0.9969873 0.3212041 -0.292 0.6878042 -0.7070465 0.996 -0.292 0.996 -0.7070465 0.996 -0.292 0.6878042 -0.7070465 0.6878042 -0.7070465 0.6878042 -0.292 0.6878042 -0.7070465 0.996 -0.292 0.996 -0.7070465 0.996 -0.292 0.6878042 -0.292 0.6878042 -0.002059161 0.3212041 -0.292 0.3212041 -0.002059161 0.3212041 -0.292 0.6878042 -0.002059161 0.6878042 -0.002059161 0.6878042 -0.292 0.6878042 -0.002059161 0.3212041 -0.292 0.3212041 -0.002059161 0.3212041 -0.292 0.6878042 -0.7070465 0.3212041 -0.292 0.01300829 -0.7070465 0.01300829 -0.292 0.01300829 -0.7070465 0.3212041 -0.292 0.3212041 -0.292 0.3212041 -0.7070465 0.3212041 -0.292 0.01300829 -0.7070465 0.01300829 -0.292 0.01300829 -0.7070465 0.3212041 -0.7070465 0.3212041 -0.292 0.6878042 -0.292 0.3212041 -0.292 0.6878042 -0.7070465 0.3212041 -0.7070465 0.6878042 -0.7070465 0.6878042 -0.7070465 0.3212041 -0.292 0.6878042 -0.292 0.3212041 -0.292 0.6878042 -0.7070465 0.3212041 -0.9969873 0.3212041 -0.7070465 0.6878042 -0.7070465 0.3212041 -0.7070465 0.6878042 -0.9969873 0.3212041 -0.9969873 0.6878042 -0.9969873 0.6878042 -0.9969873 0.3212041 -0.7070465 0.6878042 -0.7070465 0.3212041 -0.7070465 0.6878042 -0.9969873 0.3212041 -0.292 0.6878042 -0.7070465 0.996 -0.292 0.996 -0.7070465 0.996 -0.292 0.6878042 -0.7070465 0.6878042 -0.7070465 0.6878042 -0.292 0.6878042 -0.7070465 0.996 -0.292 0.996 -0.7070465 0.996 -0.292 0.6878042 -0.292 0.6878042 -0.002059161 0.3212041 -0.292 0.3212041 -0.002059161 0.3212041 -0.292 0.6878042 -0.002059161 0.6878042 -0.002059161 0.6878042 -0.292 0.6878042 -0.002059161 0.3212041 -0.292 0.3212041 -0.002059161 0.3212041 -0.292 0.6878042 -0.7070465 0.3212041 -0.292 0.01300829 -0.7070465 0.01300829 -0.292 0.01300829 -0.7070465 0.3212041 -0.292 0.3212041 -0.292 0.3212041 -0.7070465 0.3212041 -0.292 0.01300829 -0.7070465 0.01300829 -0.292 0.01300829 -0.7070465 0.3212041 -0.7070465 0.3212041 -0.292 0.6878042 -0.292 0.3212041 -0.292 0.6878042 -0.7070465 0.3212041 -0.7070465 0.6878042 -0.7070465 0.6878042 -0.7070465 0.3212041 -0.292 0.6878042 -0.292 0.3212041 -0.292 0.6878042 -0.7070465 0.3212041 -0.9969873 0.3212041 -0.7070465 0.6878042 -0.7070465 0.3212041 -0.7070465 0.6878042 -0.9969873 0.3212041 -0.9969873 0.6878042 -0.9969873 0.6878042 -0.9969873 0.3212041 -0.7070465 0.6878042 -0.7070465 0.3212041 -0.7070465 0.6878042 -0.9969873 0.3212041 -0.292 0.6878042 -0.7070465 0.996 -0.292 0.996 -0.7070465 0.996 -0.292 0.6878042 -0.7070465 0.6878042 -0.7070465 0.6878042 -0.292 0.6878042 -0.7070465 0.996 -0.292 0.996 -0.7070465 0.996 -0.292 0.6878042 -0.292 0.6878042 -0.002059161 0.3212041 -0.292 0.3212041 -0.002059161 0.3212041 -0.292 0.6878042 -0.002059161 0.6878042 -0.002059161 0.6878042 -0.292 0.6878042 -0.002059161 0.3212041 -0.292 0.3212041 -0.002059161 0.3212041 -0.292 0.6878042 -0.7070465 0.3212041 -0.292 0.01300829 -0.7070465 0.01300829 -0.292 0.01300829 -0.7070465 0.3212041 -0.292 0.3212041 -0.292 0.3212041 -0.7070465 0.3212041 -0.292 0.01300829 -0.7070465 0.01300829 -0.292 0.01300829 -0.7070465 0.3212041 -0.7070465 0.3212041 -0.292 0.6878042 -0.292 0.3212041 -0.292 0.6878042 -0.7070465 0.3212041 -0.7070465 0.6878042 -0.7070465 0.6878042 -0.7070465 0.3212041 -0.292 0.6878042 -0.292 0.3212041 -0.292 0.6878042 -0.7070465 0.3212041 -0.9969873 0.3212041 -0.7070465 0.6878042 -0.7070465 0.3212041 -0.7070465 0.6878042 -0.9969873 0.3212041 -0.9969873 0.6878042 -0.9969873 0.6878042 -0.9969873 0.3212041 -0.7070465 0.6878042 -0.7070465 0.3212041 -0.7070465 0.6878042 -0.9969873 0.3212041 -0.292 0.6878042 -0.7070465 0.996 -0.292 0.996 -0.7070465 0.996 -0.292 0.6878042 -0.7070465 0.6878042 -0.7070465 0.6878042 -0.292 0.6878042 -0.7070465 0.996 -0.292 0.996 -0.7070465 0.996 -0.292 0.6878042 -0.292 0.6878042 -0.002059161 0.3212041 -0.292 0.3212041 -0.002059161 0.3212041 -0.292 0.6878042 -0.002059161 0.6878042 -0.002059161 0.6878042 -0.292 0.6878042 -0.002059161 0.3212041 -0.292 0.3212041 -0.002059161 0.3212041 -0.292 0.6878042 -0.7070465 0.3212041 -0.292 0.01300829 -0.7070465 0.01300829 -0.292 0.01300829 -0.7070465 0.3212041 -0.292 0.3212041 -0.292 0.3212041 -0.7070465 0.3212041 -0.292 0.01300829 -0.7070465 0.01300829 -0.292 0.01300829 -0.7070465 0.3212041 -0.7070465 0.3212041 -0.292 0.6878042 -0.292 0.3212041 -0.292 0.6878042 -0.7070465 0.3212041 -0.7070465 0.6878042 -0.7070465 0.6878042 -0.7070465 0.3212041 -0.292 0.6878042 -0.292 0.3212041 -0.292 0.6878042 -0.7070465 0.3212041 -0.9969873 0.3212041 -0.7070465 0.6878042 -0.7070465 0.3212041 -0.7070465 0.6878042 -0.9969873 0.3212041 -0.9969873 0.6878042 -0.9969873 0.6878042 -0.9969873 0.3212041 -0.7070465 0.6878042 -0.7070465 0.3212041 -0.7070465 0.6878042 -0.9969873 0.3212041 -0.292 0.6878042 -0.7070465 0.996 -0.292 0.996 -0.7070465 0.996 -0.292 0.6878042 -0.7070465 0.6878042 -0.7070465 0.6878042 -0.292 0.6878042 -0.7070465 0.996 -0.292 0.996 -0.7070465 0.996 -0.292 0.6878042 -0.292 0.6878042 -0.002059161 0.3212041 -0.292 0.3212041 -0.002059161 0.3212041 -0.292 0.6878042 -0.002059161 0.6878042 -0.002059161 0.6878042 -0.292 0.6878042 -0.002059161 0.3212041 -0.292 0.3212041 -0.002059161 0.3212041 -0.292 0.6878042 -0.7070465 0.3212041 -0.292 0.01300829 -0.7070465 0.01300829 -0.292 0.01300829 -0.7070465 0.3212041 -0.292 0.3212041 -0.292 0.3212041 -0.7070465 0.3212041 -0.292 0.01300829 -0.7070465 0.01300829 -0.292 0.01300829 -0.7070465 0.3212041 -0.7070465 0.3212041 -0.292 0.6878042 -0.292 0.3212041 -0.292 0.6878042 -0.7070465 0.3212041 -0.7070465 0.6878042 -0.7070465 0.6878042 -0.7070465 0.3212041 -0.292 0.6878042 -0.292 0.3212041 -0.292 0.6878042 -0.7070465 0.3212041 -0.9969873 0.3212041 -0.7070465 0.6878042 -0.7070465 0.3212041 -0.7070465 0.6878042 -0.9969873 0.3212041 -0.9969873 0.6878042 -0.9969873 0.6878042 -0.9969873 0.3212041 -0.7070465 0.6878042 -0.7070465 0.3212041 -0.7070465 0.6878042 -0.9969873 0.3212041 -0.292 0.6878042 -0.7070465 0.996 -0.292 0.996 -0.7070465 0.996 -0.292 0.6878042 -0.7070465 0.6878042 -0.7070465 0.6878042 -0.292 0.6878042 -0.7070465 0.996 -0.292 0.996 -0.7070465 0.996 -0.292 0.6878042 -0.292 0.6878042 -0.002059161 0.3212041 -0.292 0.3212041 -0.002059161 0.3212041 -0.292 0.6878042 -0.002059161 0.6878042 -0.002059161 0.6878042 -0.292 0.6878042 -0.002059161 0.3212041 -0.292 0.3212041 -0.002059161 0.3212041 -0.292 0.6878042 -0.7070465 0.3212041 -0.292 0.01300829 -0.7070465 0.01300829 -0.292 0.01300829 -0.7070465 0.3212041 -0.292 0.3212041 -0.292 0.3212041 -0.7070465 0.3212041 -0.292 0.01300829 -0.7070465 0.01300829 -0.292 0.01300829 -0.7070465 0.3212041 -0.7070465 0.3212041 -0.292 0.6878042 -0.292 0.3212041 -0.292 0.6878042 -0.7070465 0.3212041 -0.7070465 0.6878042 -0.7070465 0.6878042 -0.7070465 0.3212041 -0.292 0.6878042 -0.292 0.3212041 -0.292 0.6878042 -0.7070465 0.3212041 -0.9969873 0.3212041 -0.7070465 0.6878042 -0.7070465 0.3212041 -0.7070465 0.6878042 -0.9969873 0.3212041 -0.9969873 0.6878042 -0.9969873 0.6878042 -0.9969873 0.3212041 -0.7070465 0.6878042 -0.7070465 0.3212041 -0.7070465 0.6878042 -0.9969873 0.3212041 -0.292 0.6878042 -0.7070465 0.996 -0.292 0.996 -0.7070465 0.996 -0.292 0.6878042 -0.7070465 0.6878042 -0.7070465 0.6878042 -0.292 0.6878042 -0.7070465 0.996 -0.292 0.996 -0.7070465 0.996 -0.292 0.6878042 -0.292 0.6878042 -0.002059161 0.3212041 -0.292 0.3212041 -0.002059161 0.3212041 -0.292 0.6878042 -0.002059161 0.6878042 -0.002059161 0.6878042 -0.292 0.6878042 -0.002059161 0.3212041 -0.292 0.3212041 -0.002059161 0.3212041 -0.292 0.6878042 -0.7070465 0.3212041 -0.292 0.01300829 -0.7070465 0.01300829 -0.292 0.01300829 -0.7070465 0.3212041 -0.292 0.3212041 -0.292 0.3212041 -0.7070465 0.3212041 -0.292 0.01300829 -0.7070465 0.01300829 -0.292 0.01300829 -0.7070465 0.3212041 -0.7070465 0.3212041 -0.292 0.6878042 -0.292 0.3212041 -0.292 0.6878042 -0.7070465 0.3212041 -0.7070465 0.6878042 -0.7070465 0.6878042 -0.7070465 0.3212041 -0.292 0.6878042 -0.292 0.3212041 -0.292 0.6878042 -0.7070465 0.3212041 -0.9969873 0.3212041 -0.7070465 0.6878042 -0.7070465 0.3212041 -0.7070465 0.6878042 -0.9969873 0.3212041 -0.9969873 0.6878042 -0.9969873 0.6878042 -0.9969873 0.3212041 -0.7070465 0.6878042 -0.7070465 0.3212041 -0.7070465 0.6878042 -0.9969873 0.3212041 -0.292 0.6878042 -0.7070465 0.996 -0.292 0.996 -0.7070465 0.996 -0.292 0.6878042 -0.7070465 0.6878042 -0.7070465 0.6878042 -0.292 0.6878042 -0.7070465 0.996 -0.292 0.996 -0.7070465 0.996 -0.292 0.6878042 -0.292 0.6878042 -0.002059161 0.3212041 -0.292 0.3212041 -0.002059161 0.3212041 -0.292 0.6878042 -0.002059161 0.6878042 -0.002059161 0.6878042 -0.292 0.6878042 -0.002059161 0.3212041 -0.292 0.3212041 -0.002059161 0.3212041 -0.292 0.6878042 -0.7070465 0.3212041 -0.292 0.01300829 -0.7070465 0.01300829 -0.292 0.01300829 -0.7070465 0.3212041 -0.292 0.3212041 -0.292 0.3212041 -0.7070465 0.3212041 -0.292 0.01300829 -0.7070465 0.01300829 -0.292 0.01300829 -0.7070465 0.3212041 -0.7070465 0.3212041 -0.292 0.6878042 -0.292 0.3212041 -0.292 0.6878042 -0.7070465 0.3212041 -0.7070465 0.6878042 -0.7070465 0.6878042 -0.7070465 0.3212041 -0.292 0.6878042 -0.292 0.3212041 -0.292 0.6878042 -0.7070465 0.3212041 -0.9969873 0.3212041 -0.7070465 0.6878042 -0.7070465 0.3212041 -0.7070465 0.6878042 -0.9969873 0.3212041 -0.9969873 0.6878042 -0.9969873 0.6878042 -0.9969873 0.3212041 -0.7070465 0.6878042 -0.7070465 0.3212041 -0.7070465 0.6878042 -0.9969873 0.3212041 -0.292 0.6878042 -0.7070465 0.996 -0.292 0.996 -0.7070465 0.996 -0.292 0.6878042 -0.7070465 0.6878042 -0.7070465 0.6878042 -0.292 0.6878042 -0.7070465 0.996 -0.292 0.996 -0.7070465 0.996 -0.292 0.6878042 -0.292 0.6878042 -0.002059161 0.3212041 -0.292 0.3212041 -0.002059161 0.3212041 -0.292 0.6878042 -0.002059161 0.6878042 -0.002059161 0.6878042 -0.292 0.6878042 -0.002059161 0.3212041 -0.292 0.3212041 -0.002059161 0.3212041 -0.292 0.6878042 -0.7070465 0.3212041 -0.292 0.01300829 -0.7070465 0.01300829 -0.292 0.01300829 -0.7070465 0.3212041 -0.292 0.3212041 -0.292 0.3212041 -0.7070465 0.3212041 -0.292 0.01300829 -0.7070465 0.01300829 -0.292 0.01300829 -0.7070465 0.3212041 -0.7070465 0.3212041 -0.292 0.6878042 -0.292 0.3212041 -0.292 0.6878042 -0.7070465 0.3212041 -0.7070465 0.6878042 -0.7070465 0.6878042 -0.7070465 0.3212041 -0.292 0.6878042 -0.292 0.3212041 -0.292 0.6878042 -0.7070465 0.3212041 -0.9969873 0.3212041 -0.7070465 0.6878042 -0.7070465 0.3212041 -0.7070465 0.6878042 -0.9969873 0.3212041 -0.9969873 0.6878042 -0.9969873 0.6878042 -0.9969873 0.3212041 -0.7070465 0.6878042 -0.7070465 0.3212041 -0.7070465 0.6878042 -0.9969873 0.3212041 -0.292 0.6878042 -0.7070465 0.996 -0.292 0.996 -0.7070465 0.996 -0.292 0.6878042 -0.7070465 0.6878042 -0.7070465 0.6878042 -0.292 0.6878042 -0.7070465 0.996 -0.292 0.996 -0.7070465 0.996 -0.292 0.6878042 -0.292 0.6878042 -0.002059161 0.3212041 -0.292 0.3212041 -0.002059161 0.3212041 -0.292 0.6878042 -0.002059161 0.6878042 -0.002059161 0.6878042 -0.292 0.6878042 -0.002059161 0.3212041 -0.292 0.3212041 -0.002059161 0.3212041 -0.292 0.6878042 -0.7070465 0.3212041 -0.292 0.01300829 -0.7070465 0.01300829 -0.292 0.01300829 -0.7070465 0.3212041 -0.292 0.3212041 -0.292 0.3212041 -0.7070465 0.3212041 -0.292 0.01300829 -0.7070465 0.01300829 -0.292 0.01300829 -0.7070465 0.3212041 -0.7070465 0.3212041 -0.292 0.6878042 -0.292 0.3212041 -0.292 0.6878042 -0.7070465 0.3212041 -0.7070465 0.6878042 -0.7070465 0.6878042 -0.7070465 0.3212041 -0.292 0.6878042 -0.292 0.3212041 -0.292 0.6878042 -0.7070465 0.3212041 -0.9969873 0.3212041 -0.7070465 0.6878042 -0.7070465 0.3212041 -0.7070465 0.6878042 -0.9969873 0.3212041 -0.9969873 0.6878042 -0.9969873 0.6878042 -0.9969873 0.3212041 -0.7070465 0.6878042 -0.7070465 0.3212041 -0.7070465 0.6878042 -0.9969873 0.3212041 -0.292 0.6878042 -0.7070465 0.996 -0.292 0.996 -0.7070465 0.996 -0.292 0.6878042 -0.7070465 0.6878042 -0.7070465 0.6878042 -0.292 0.6878042 -0.7070465 0.996 -0.292 0.996 -0.7070465 0.996 -0.292 0.6878042 -0.292 0.6878042 -0.002059161 0.3212041 -0.292 0.3212041 -0.002059161 0.3212041 -0.292 0.6878042 -0.002059161 0.6878042 -0.002059161 0.6878042 -0.292 0.6878042 -0.002059161 0.3212041 -0.292 0.3212041 -0.002059161 0.3212041 -0.292 0.6878042 -0.7070465 0.3212041 -0.292 0.01300829 -0.7070465 0.01300829 -0.292 0.01300829 -0.7070465 0.3212041 -0.292 0.3212041 -0.292 0.3212041 -0.7070465 0.3212041 -0.292 0.01300829 -0.7070465 0.01300829 -0.292 0.01300829 -0.7070465 0.3212041 -0.7070465 0.3212041 -0.292 0.6878042 -0.292 0.3212041 -0.292 0.6878042 -0.7070465 0.3212041 -0.7070465 0.6878042 -0.7070465 0.6878042 -0.7070465 0.3212041 -0.292 0.6878042 -0.292 0.3212041 -0.292 0.6878042 -0.7070465 0.3212041 -0.9969873 0.3212041 -0.7070465 0.6878042 -0.7070465 0.3212041 -0.7070465 0.6878042 -0.9969873 0.3212041 -0.9969873 0.6878042 -0.9969873 0.6878042 -0.9969873 0.3212041 -0.7070465 0.6878042 -0.7070465 0.3212041 -0.7070465 0.6878042 -0.9969873 0.3212041 -0.292 0.6878042 -0.7070465 0.996 -0.292 0.996 -0.7070465 0.996 -0.292 0.6878042 -0.7070465 0.6878042 -0.7070465 0.6878042 -0.292 0.6878042 -0.7070465 0.996 -0.292 0.996 -0.7070465 0.996 -0.292 0.6878042 -0.292 0.6878042 -0.002059161 0.3212041 -0.292 0.3212041 -0.002059161 0.3212041 -0.292 0.6878042 -0.002059161 0.6878042 -0.002059161 0.6878042 -0.292 0.6878042 -0.002059161 0.3212041 -0.292 0.3212041 -0.002059161 0.3212041 -0.292 0.6878042 -0.7070465 0.3212041 -0.292 0.01300829 -0.7070465 0.01300829 -0.292 0.01300829 -0.7070465 0.3212041 -0.292 0.3212041 -0.292 0.3212041 -0.7070465 0.3212041 -0.292 0.01300829 -0.7070465 0.01300829 -0.292 0.01300829 -0.7070465 0.3212041 -0.7070465 0.3212041 -0.292 0.6878042 -0.292 0.3212041 -0.292 0.6878042 -0.7070465 0.3212041 -0.7070465 0.6878042 -0.7070465 0.6878042 -0.7070465 0.3212041 -0.292 0.6878042 -0.292 0.3212041 -0.292 0.6878042 -0.7070465 0.3212041 -0.9969873 0.3212041 -0.7070465 0.6878042 -0.7070465 0.3212041 -0.7070465 0.6878042 -0.9969873 0.3212041 -0.9969873 0.6878042 -0.9969873 0.6878042 -0.9969873 0.3212041 -0.7070465 0.6878042 -0.7070465 0.3212041 -0.7070465 0.6878042 -0.9969873 0.3212041 -0.292 0.6878042 -0.7070465 0.996 -0.292 0.996 -0.7070465 0.996 -0.292 0.6878042 -0.7070465 0.6878042 -0.7070465 0.6878042 -0.292 0.6878042 -0.7070465 0.996 -0.292 0.996 -0.7070465 0.996 -0.292 0.6878042 -0.292 0.6878042 -0.002059161 0.3212041 -0.292 0.3212041 -0.002059161 0.3212041 -0.292 0.6878042 -0.002059161 0.6878042 -0.002059161 0.6878042 -0.292 0.6878042 -0.002059161 0.3212041 -0.292 0.3212041 -0.002059161 0.3212041 -0.292 0.6878042 -0.7070465 0.3212041 -0.292 0.01300829 -0.7070465 0.01300829 -0.292 0.01300829 -0.7070465 0.3212041 -0.292 0.3212041 -0.292 0.3212041 -0.7070465 0.3212041 -0.292 0.01300829 -0.7070465 0.01300829 -0.292 0.01300829 -0.7070465 0.3212041</float_array>
          <technique_common>
            <accessor source="#Material2-mesh-map-0-array" count="780" stride="2">
              <param name="S" type="float"/>
              <param name="T" type="float"/>
            </accessor>
          </technique_common>
        </source>
        <vertices id="Material2-mesh-vertices">
          <input semantic="POSITION" source="#Material2-mesh-positions"/>
        </vertices>
        <triangles material="mat_0_001-material" count="260">
          <input semantic="VERTEX" source="#Material2-mesh-vertices" offset="0"/>
          <input semantic="NORMAL" source="#Material2-mesh-normals" offset="1"/>
          <input semantic="TEXCOORD" source="#Material2-mesh-map-0" offset="2" set="0"/>
          <p>0 0 0 1 0 1 2 0 2 1 0 3 0 0 4 3 0 5 4 1 6 5 1 7 6 1 8 7 1 9 6 1 10 5 1 11 8 2 12 9 2 13 10 2 14 9 2 15 8 2 16 11 2 17 12 3 18 13 3 19 14 3 20 15 3 21 14 3 22 13 3 23 16 4 24 17 4 25 18 4 26 17 4 27 16 4 28 19 4 29 20 5 30 21 5 31 22 5 32 23 5 33 22 5 34 21 5 35 24 3 36 25 3 37 26 3 38 25 3 39 24 3 40 27 3 41 28 2 42 29 2 43 30 2 44 31 2 45 30 2 46 29 2 47 32 5 48 33 5 49 34 5 50 33 5 51 32 5 52 35 5 53 36 4 54 37 4 55 38 4 56 39 4 57 38 4 58 37 4 59 40 6 60 41 6 61 42 6 62 41 6 63 40 6 64 43 6 65 44 1 66 45 1 67 46 1 68 47 1 69 46 1 70 45 1 71 48 7 72 49 7 73 50 7 74 49 8 75 48 8 76 51 8 77 52 9 78 53 9 79 54 9 80 55 10 81 54 10 82 53 10 83 56 11 84 57 11 85 58 11 86 57 12 87 56 12 88 59 12 89 60 13 90 61 13 91 62 13 92 63 14 93 62 14 94 61 14 95 64 10 96 65 10 97 66 10 98 65 15 99 64 15 100 67 15 101 68 16 102 69 16 103 70 16 104 71 7 105 70 7 106 69 7 107 72 17 108 73 17 109 74 17 110 73 18 111 72 18 112 75 18 113 76 19 114 77 19 115 78 19 116 79 20 117 78 20 118 77 20 119 80 0 120 81 0 121 82 0 122 81 0 123 80 0 124 83 0 125 84 1 126 85 1 127 86 1 128 87 1 129 86 1 130 85 1 131 88 2 132 89 2 133 90 2 134 89 2 135 88 2 136 91 2 137 92 3 138 93 3 139 94 3 140 95 3 141 94 3 142 93 3 143 96 4 144 97 4 145 98 4 146 97 4 147 96 4 148 99 4 149 100 5 150 101 5 151 102 5 152 103 5 153 102 5 154 101 5 155 104 3 156 105 3 157 106 3 158 105 3 159 104 3 160 107 3 161 108 2 162 109 2 163 110 2 164 111 2 165 110 2 166 109 2 167 112 5 168 113 5 169 114 5 170 113 5 171 112 5 172 115 5 173 116 4 174 117 4 175 118 4 176 119 4 177 118 4 178 117 4 179 120 0 180 121 0 181 122 0 182 121 0 183 120 0 184 123 0 185 124 1 186 125 1 187 126 1 188 127 1 189 126 1 190 125 1 191 128 2 192 129 2 193 130 2 194 129 2 195 128 2 196 131 2 197 132 3 198 133 3 199 134 3 200 135 3 201 134 3 202 133 3 203 136 4 204 137 4 205 138 4 206 137 4 207 136 4 208 139 4 209 140 5 210 141 5 211 142 5 212 143 5 213 142 5 214 141 5 215 144 3 216 145 3 217 146 3 218 145 3 219 144 3 220 147 3 221 148 2 222 149 2 223 150 2 224 151 2 225 150 2 226 149 2 227 152 5 228 153 5 229 154 5 230 153 5 231 152 5 232 155 5 233 156 4 234 157 4 235 158 4 236 159 4 237 158 4 238 157 4 239 160 0 240 161 0 241 162 0 242 161 0 243 160 0 244 163 0 245 164 1 246 165 1 247 166 1 248 167 1 249 166 1 250 165 1 251 168 2 252 169 2 253 170 2 254 169 2 255 168 2 256 171 2 257 172 3 258 173 3 259 174 3 260 175 3 261 174 3 262 173 3 263 176 4 264 177 4 265 178 4 266 177 4 267 176 4 268 179 4 269 180 5 270 181 5 271 182 5 272 183 5 273 182 5 274 181 5 275 184 3 276 185 3 277 186 3 278 185 3 279 184 3 280 187 3 281 188 2 282 189 2 283 190 2 284 191 2 285 190 2 286 189 2 287 192 5 288 193 5 289 194 5 290 193 5 291 192 5 292 195 5 293 196 4 294 197 4 295 198 4 296 199 4 297 198 4 298 197 4 299 200 0 300 201 0 301 202 0 302 201 0 303 200 0 304 203 0 305 204 1 306 205 1 307 206 1 308 207 1 309 206 1 310 205 1 311 208 2 312 209 2 313 210 2 314 209 2 315 208 2 316 211 2 317 212 3 318 213 3 319 214 3 320 215 3 321 214 3 322 213 3 323 216 4 324 217 4 325 218 4 326 217 4 327 216 4 328 219 4 329 220 5 330 221 5 331 222 5 332 223 5 333 222 5 334 221 5 335 224 3 336 225 3 337 226 3 338 225 3 339 224 3 340 227 3 341 228 2 342 229 2 343 230 2 344 231 2 345 230 2 346 229 2 347 232 5 348 233 5 349 234 5 350 233 5 351 232 5 352 235 5 353 236 4 354 237 4 355 238 4 356 239 4 357 238 4 358 237 4 359 240 0 360 241 0 361 242 0 362 241 0 363 240 0 364 243 0 365 244 1 366 245 1 367 246 1 368 247 1 369 246 1 370 245 1 371 248 2 372 249 2 373 250 2 374 249 2 375 248 2 376 251 2 377 252 3 378 253 3 379 254 3 380 255 3 381 254 3 382 253 3 383 256 4 384 257 4 385 258 4 386 257 4 387 256 4 388 259 4 389 260 5 390 261 5 391 262 5 392 263 5 393 262 5 394 261 5 395 264 3 396 265 3 397 266 3 398 265 3 399 264 3 400 267 3 401 268 2 402 269 2 403 270 2 404 271 2 405 270 2 406 269 2 407 272 5 408 273 5 409 274 5 410 273 5 411 272 5 412 275 5 413 276 4 414 277 4 415 278 4 416 279 4 417 278 4 418 277 4 419 280 0 420 281 0 421 282 0 422 281 0 423 280 0 424 283 0 425 284 1 426 285 1 427 286 1 428 287 1 429 286 1 430 285 1 431 288 2 432 289 2 433 290 2 434 289 2 435 288 2 436 291 2 437 292 3 438 293 3 439 294 3 440 295 3 441 294 3 442 293 3 443 296 4 444 297 4 445 298 4 446 297 4 447 296 4 448 299 4 449 300 5 450 301 5 451 302 5 452 303 5 453 302 5 454 301 5 455 304 3 456 305 3 457 306 3 458 305 3 459 304 3 460 307 3 461 308 2 462 309 2 463 310 2 464 311 2 465 310 2 466 309 2 467 312 5 468 313 5 469 314 5 470 313 5 471 312 5 472 315 5 473 316 4 474 317 4 475 318 4 476 319 4 477 318 4 478 317 4 479 320 0 480 321 0 481 322 0 482 321 0 483 320 0 484 323 0 485 324 1 486 325 1 487 326 1 488 327 1 489 326 1 490 325 1 491 328 2 492 329 2 493 330 2 494 329 2 495 328 2 496 331 2 497 332 3 498 333 3 499 334 3 500 335 3 501 334 3 502 333 3 503 336 4 504 337 4 505 338 4 506 337 4 507 336 4 508 339 4 509 340 5 510 341 5 511 342 5 512 343 5 513 342 5 514 341 5 515 344 3 516 345 3 517 346 3 518 345 3 519 344 3 520 347 3 521 348 2 522 349 2 523 350 2 524 351 2 525 350 2 526 349 2 527 352 5 528 353 5 529 354 5 530 353 5 531 352 5 532 355 5 533 356 4 534 357 4 535 358 4 536 359 4 537 358 4 538 357 4 539 360 0 540 361 0 541 362 0 542 361 0 543 360 0 544 363 0 545 364 1 546 365 1 547 366 1 548 367 1 549 366 1 550 365 1 551 368 2 552 369 2 553 370 2 554 369 2 555 368 2 556 371 2 557 372 3 558 373 3 559 374 3 560 375 3 561 374 3 562 373 3 563 376 4 564 377 4 565 378 4 566 377 4 567 376 4 568 379 4 569 380 5 570 381 5 571 382 5 572 383 5 573 382 5 574 381 5 575 384 3 576 385 3 577 386 3 578 385 3 579 384 3 580 387 3 581 388 2 582 389 2 583 390 2 584 391 2 585 390 2 586 389 2 587 392 5 588 393 5 589 394 5 590 393 5 591 392 5 592 395 5 593 396 4 594 397 4 595 398 4 596 399 4 597 398 4 598 397 4 599 400 21 600 401 21 601 402 21 602 401 22 603 400 22 604 403 22 605 404 1 606 405 1 607 406 1 608 407 1 609 406 1 610 405 1 611 408 23 612 409 23 613 410 23 614 409 23 615 408 23 616 411 23 617 412 24 618 413 24 619 414 24 620 415 24 621 414 24 622 413 24 623 416 25 624 417 25 625 418 25 626 417 26 627 416 26 628 419 26 629 420 27 630 421 27 631 422 27 632 423 28 633 422 28 634 421 28 635 424 29 636 425 29 637 426 29 638 425 30 639 424 30 640 427 30 641 428 31 642 429 31 643 430 31 644 431 32 645 430 32 646 429 32 647 432 33 648 433 33 649 434 33 650 433 34 651 432 34 652 435 34 653 436 35 654 437 35 655 438 35 656 439 36 657 438 36 658 437 36 659 440 37 660 441 37 661 442 37 662 441 38 663 440 38 664 443 38 665 444 39 666 445 39 667 446 39 668 447 1 669 446 1 670 445 1 671 448 40 672 449 40 673 450 40 674 449 41 675 448 41 676 451 41 677 452 42 678 453 42 679 454 42 680 455 43 681 454 43 682 453 43 683 456 44 684 457 44 685 458 44 686 457 45 687 456 45 688 459 45 689 460 46 690 461 46 691 462 46 692 463 47 693 462 47 694 461 47 695 464 48 696 465 48 697 466 48 698 465 49 699 464 49 700 467 49 701 468 50 702 469 50 703 470 50 704 471 51 705 470 51 706 469 51 707 472 47 708 473 47 709 474 47 710 473 52 711 472 52 712 475 52 713 476 53 714 477 53 715 478 53 716 479 44 717 478 44 718 477 44 719 480 0 720 481 0 721 482 0 722 481 0 723 480 0 724 483 0 725 484 1 726 485 1 727 486 1 728 487 1 729 486 1 730 485 1 731 488 2 732 489 2 733 490 2 734 489 2 735 488 2 736 491 2 737 492 3 738 493 3 739 494 3 740 495 3 741 494 3 742 493 3 743 496 4 744 497 4 745 498 4 746 497 4 747 496 4 748 499 4 749 500 5 750 501 5 751 502 5 752 503 5 753 502 5 754 501 5 755 504 3 756 505 3 757 506 3 758 505 3 759 504 3 760 507 3 761 508 2 762 509 2 763 510 2 764 511 2 765 510 2 766 509 2 767 512 5 768 513 5 769 514 5 770 513 5 771 512 5 772 515 5 773 516 4 774 517 4 775 518 4 776 519 4 777 518 4 778 517 4 779</p>
        </triangles>
      </mesh>
    </geometry>
    <geometry id="Object001_20_-_Default_0-mesh" name="Object001_20 - Default_0">
      <mesh>
        <source id="Object001_20_-_Default_0-mesh-positions">
          <float_array id="Object001_20_-_Default_0-mesh-positions-array" count="1152">-1514.858 9.997148 -2144.25 -1514.858 9.997148 -713 -732.8267 9.997055 -713 -732.8267 9.997055 -2144.25 -1514.858 9.997148 -2144.25 -732.8267 9.997055 -713 -1514.858 -10.00285 -713 -1514.858 -10.00285 -2144.25 -732.8267 -10.00295 -2144.25 -732.8267 -10.00295 -713 -1514.858 -10.00285 -713 -732.8267 -10.00295 -2144.25 -1514.858 -10.00285 -2144.25 -1514.858 9.997148 -2144.25 -732.8267 9.997055 -2144.25 -732.8267 -10.00295 -2144.25 -1514.858 -10.00285 -2144.25 -732.8267 9.997055 -2144.25 -1514.858 9.997148 -713 -1514.858 -10.00285 -713 -732.8267 -10.00295 -713 -732.8267 9.997055 -713 -1514.858 9.997148 -713 -732.8267 -10.00295 -713 -1514.858 -10.00285 -713 -1514.858 9.997148 -713 -1514.858 9.997148 -2144.25 -1514.858 -10.00285 -2144.25 -732.8267 -10.00295 -2144.25 -732.8267 9.997055 -2144.25 -732.8267 9.997055 -713 -732.8267 -10.00295 -713 -1514.858 10.00005 753.75 -1514.858 10.00005 2185 -732.8267 9.999954 2185 -732.8267 9.999954 753.75 -1514.858 10.00005 753.75 -732.8267 9.999954 2185 -1514.858 -9.999954 2185 -1514.858 -9.999954 753.75 -732.8267 -10.00005 753.75 -732.8267 -10.00005 2185 -1514.858 -9.999954 2185 -732.8267 -10.00005 753.75 -1514.858 -9.999954 753.75 -1514.858 10.00005 753.75 -732.8267 9.999954 753.75 -732.8267 -10.00005 753.75 -1514.858 -9.999954 753.75 -732.8267 9.999954 753.75 -1514.858 10.00005 2185 -1514.858 -9.999954 2185 -732.8267 -10.00005 2185 -732.8267 9.999954 2185 -1514.858 10.00005 2185 -732.8267 -10.00005 2185 -1514.858 -9.999954 2185 -1514.858 10.00005 2185 -1514.858 10.00005 753.75 -1514.858 -9.999954 753.75 -732.8267 -10.00005 753.75 -732.8267 9.999954 753.75 -732.8267 9.999954 2185 -732.8267 -10.00005 2185 -1514.858 8.998679 -716.6132 -1514.858 8.998679 759.3632 -732.8267 8.998726 759.3632 -732.8267 8.998726 -716.6132 -1514.858 8.998679 -716.6132 -732.8267 8.998726 759.3632 -1514.858 -11.00132 759.3632 -1514.858 -11.00132 -716.6132 -732.8267 -11.00127 -716.6132 -732.8267 -11.00127 759.3632 -1514.858 -11.00132 759.3632 -732.8267 -11.00127 -716.6132 -1514.858 -11.00132 -716.6132 -1514.858 8.998679 -716.6132 -732.8267 8.998726 -716.6132 -732.8267 -11.00127 -716.6132 -1514.858 -11.00132 -716.6132 -732.8267 8.998726 -716.6132 -1514.858 8.998679 759.3632 -1514.858 -11.00132 759.3632 -732.8267 -11.00127 759.3632 -732.8267 8.998726 759.3632 -1514.858 8.998679 759.3632 -732.8267 -11.00127 759.3632 -1514.858 -11.00132 759.3632 -1514.858 8.998679 759.3632 -1514.858 8.998679 -716.6132 -1514.858 -11.00132 -716.6132 -732.8267 -11.00127 -716.6132 -732.8267 8.998726 -716.6132 -732.8267 8.998726 759.3632 -732.8267 -11.00127 759.3632 827.1421 9.998598 753.75 827.1421 9.998598 2185 1609.173 9.998504 2185 1609.173 9.998504 753.75 827.1421 9.998598 753.75 1609.173 9.998504 2185 827.1421 -10.0014 2185 827.1421 -10.0014 753.75 1609.173 -10.0015 753.75 1609.173 -10.0015 2185 827.1421 -10.0014 2185 1609.173 -10.0015 753.75 827.1421 -10.0014 753.75 827.1421 9.998598 753.75 1609.173 9.998504 753.75 1609.173 -10.0015 753.75 827.1421 -10.0014 753.75 1609.173 9.998504 753.75 827.1421 9.998598 2185 827.1421 -10.0014 2185 1609.173 -10.0015 2185 1609.173 9.998504 2185 827.1421 9.998598 2185 1609.173 -10.0015 2185 827.1421 -10.0014 2185 827.1421 9.998598 2185 827.1421 9.998598 753.75 827.1421 -10.0014 753.75 1609.173 -10.0015 753.75 1609.173 9.998504 753.75 1609.173 9.998504 2185 1609.173 -10.0015 2185 827.1421 9.998598 -2144.25 827.1421 9.998598 -713 1609.173 9.998504 -713 1609.173 9.998504 -2144.25 827.1421 9.998598 -2144.25 1609.173 9.998504 -713 827.1421 -10.0014 -713 827.1421 -10.0014 -2144.25 1609.173 -10.0015 -2144.25 1609.173 -10.0015 -713 827.1421 -10.0014 -713 1609.173 -10.0015 -2144.25 827.1421 -10.0014 -2144.25 827.1421 9.998598 -2144.25 1609.173 9.998504 -2144.25 1609.173 -10.0015 -2144.25 827.1421 -10.0014 -2144.25 1609.173 9.998504 -2144.25 827.1421 9.998598 -713 827.1421 -10.0014 -713 1609.173 -10.0015 -713 1609.173 9.998504 -713 827.1421 9.998598 -713 1609.173 -10.0015 -713 827.1421 -10.0014 -713 827.1421 9.998598 -713 827.1421 9.998598 -2144.25 827.1421 -10.0014 -2144.25 1609.173 -10.0015 -2144.25 1609.173 9.998504 -2144.25 1609.173 9.998504 -713 1609.173 -10.0015 -713 827.1421 8.99875 -716.6132 827.1421 8.99875 759.3632 1609.173 8.998657 759.3632 1609.173 8.998657 -716.6132 827.1421 8.99875 -716.6132 1609.173 8.998657 759.3632 827.1421 -11.00125 759.3632 827.1421 -11.00125 -716.6132 1609.173 -11.00134 -716.6132 1609.173 -11.00134 759.3632 827.1421 -11.00125 759.3632 1609.173 -11.00134 -716.6132 827.1421 -11.00125 -716.6132 827.1421 8.99875 -716.6132 1609.173 8.998657 -716.6132 1609.173 -11.00134 -716.6132 827.1421 -11.00125 -716.6132 1609.173 8.998657 -716.6132 827.1421 8.99875 759.3632 827.1421 -11.00125 759.3632 1609.173 -11.00134 759.3632 1609.173 8.998657 759.3632 827.1421 8.99875 759.3632 1609.173 -11.00134 759.3632 827.1421 -11.00125 759.3632 827.1421 8.99875 759.3632 827.1421 8.99875 -716.6132 827.1421 -11.00125 -716.6132 1609.173 -11.00134 -716.6132 1609.173 8.998657 -716.6132 1609.173 8.998657 759.3632 1609.173 -11.00134 759.3632 47.14209 9.998598 753.75 47.14209 9.998598 2185 829.1734 9.998504 2185 829.1734 9.998504 753.75 47.14209 9.998598 753.75 829.1734 9.998504 2185 47.14209 -10.0014 2185 47.14209 -10.0014 753.75 829.1734 -10.0015 753.75 829.1734 -10.0015 2185 47.14209 -10.0014 2185 829.1734 -10.0015 753.75 47.14209 -10.0014 753.75 47.14209 9.998598 753.75 829.1734 9.998504 753.75 829.1734 -10.0015 753.75 47.14209 -10.0014 753.75 829.1734 9.998504 753.75 47.14209 9.998598 2185 47.14209 -10.0014 2185 829.1734 -10.0015 2185 829.1734 9.998504 2185 47.14209 9.998598 2185 829.1734 -10.0015 2185 47.14209 -10.0014 2185 47.14209 9.998598 2185 47.14209 9.998598 753.75 47.14209 -10.0014 753.75 829.1734 -10.0015 753.75 829.1734 9.998504 753.75 829.1734 9.998504 2185 829.1734 -10.0015 2185 47.14209 9.998598 -2144.25 47.14209 9.998598 -713 829.1734 9.998504 -713 829.1734 9.998504 -2144.25 47.14209 9.998598 -2144.25 829.1734 9.998504 -713 47.14209 -10.0014 -713 47.14209 -10.0014 -2144.25 829.1734 -10.0015 -2144.25 829.1734 -10.0015 -713 47.14209 -10.0014 -713 829.1734 -10.0015 -2144.25 47.14209 -10.0014 -2144.25 47.14209 9.998598 -2144.25 829.1734 9.998504 -2144.25 829.1734 -10.0015 -2144.25 47.14209 -10.0014 -2144.25 829.1734 9.998504 -2144.25 47.14209 9.998598 -713 47.14209 -10.0014 -713 829.1734 -10.0015 -713 829.1734 9.998504 -713 47.14209 9.998598 -713 829.1734 -10.0015 -713 47.14209 -10.0014 -713 47.14209 9.998598 -713 47.14209 9.998598 -2144.25 47.14209 -10.0014 -2144.25 829.1734 -10.0015 -2144.25 829.1734 9.998504 -2144.25 829.1734 9.998504 -713 829.1734 -10.0015 -713 47.14218 8.99856 -716.6132 47.14218 8.99856 759.3632 829.1732 8.99884 759.3632 829.1732 8.99884 -716.6132 47.14218 8.99856 -716.6132 829.1732 8.99884 759.3632 47.14218 -11.00143 759.3632 47.14218 -11.00143 -716.6132 829.1732 -11.00115 -716.6132 829.1732 -11.00115 759.3632 47.14218 -11.00143 759.3632 829.1732 -11.00115 -716.6132 47.14218 -11.00143 -716.6132 47.14218 8.99856 -716.6132 829.1732 8.99884 -716.6132 829.1732 -11.00115 -716.6132 47.14218 8.99856 759.3632 47.14218 -11.00143 759.3632 829.1732 -11.00115 759.3632 829.1732 8.99884 759.3632 47.14218 -11.00143 759.3632 47.14218 8.99856 759.3632 47.14218 8.99856 -716.6132 47.14218 -11.00143 -716.6132 47.14218 -11.00143 759.3632 47.14218 8.99856 -716.6132 829.1732 -11.00115 -716.6132 829.1732 8.99884 -716.6132 829.1732 8.99884 759.3632 829.1732 -11.00115 759.3632 -731.8579 9.998598 753.75 -731.8579 9.998598 2185 50.17334 9.998504 2185 50.17334 9.998504 753.75 -731.8579 9.998598 753.75 50.17334 9.998504 2185 -731.8579 -10.0014 2185 -731.8579 -10.0014 753.75 50.17334 -10.0015 753.75 50.17334 -10.0015 2185 -731.8579 -10.0014 2185 50.17334 -10.0015 753.75 -731.8579 -10.0014 753.75 -731.8579 9.998598 753.75 50.17334 9.998504 753.75 50.17334 -10.0015 753.75 -731.8579 -10.0014 753.75 50.17334 9.998504 753.75 -731.8579 9.998598 2185 -731.8579 -10.0014 2185 50.17334 -10.0015 2185 50.17334 9.998504 2185 -731.8579 9.998598 2185 50.17334 -10.0015 2185 -731.8579 -10.0014 2185 -731.8579 9.998598 2185 -731.8579 9.998598 753.75 -731.8579 -10.0014 753.75 50.17334 -10.0015 753.75 50.17334 9.998504 753.75 50.17334 9.998504 2185 50.17334 -10.0015 2185 -730.8579 9.998598 -2144.25 -730.8579 9.998598 -713 51.17334 9.998504 -713 51.17334 9.998504 -2144.25 -730.8579 9.998598 -2144.25 51.17334 9.998504 -713 -730.8579 -10.0014 -713 -730.8579 -10.0014 -2144.25 51.17334 -10.0015 -2144.25 51.17334 -10.0015 -713 -730.8579 -10.0014 -713 51.17334 -10.0015 -2144.25 -730.8579 -10.0014 -2144.25 -730.8579 9.998598 -2144.25 51.17334 9.998504 -2144.25 51.17334 -10.0015 -2144.25 -730.8579 -10.0014 -2144.25 51.17334 9.998504 -2144.25 -730.8579 9.998598 -713 -730.8579 -10.0014 -713 51.17334 -10.0015 -713 51.17334 9.998504 -713 -730.8579 9.998598 -713 51.17334 -10.0015 -713 -730.8579 -10.0014 -713 -730.8579 9.998598 -713 -730.8579 9.998598 -2144.25 -730.8579 -10.0014 -2144.25 51.17334 -10.0015 -2144.25 51.17334 9.998504 -2144.25 51.17334 9.998504 -713 51.17334 -10.0015 -713 -731.8577 8.998418 -716.6132 -731.8577 8.998418 759.3632 50.17309 8.998977 759.3632 50.17309 8.998977 -716.6132 -731.8577 8.998418 -716.6132 50.17309 8.998977 759.3632 -731.8577 -11.00157 759.3632 -731.8577 -11.00157 -716.6132 50.1731 -11.00101 -716.6132 50.1731 -11.00101 759.3632 -731.8577 -11.00157 759.3632 50.1731 -11.00101 -716.6132 -731.8577 -11.00157 -716.6132 -731.8577 8.998418 -716.6132 50.17309 8.998977 -716.6132 50.1731 -11.00101 -716.6132 -731.8577 -11.00157 -716.6132 50.17309 8.998977 -716.6132 -731.8577 8.998418 759.3632 -731.8577 -11.00157 759.3632 50.1731 -11.00101 759.3632 50.17309 8.998977 759.3632 -731.8577 8.998418 759.3632 50.1731 -11.00101 759.3632 -731.8577 -11.00157 759.3632 -731.8577 8.998418 759.3632 -731.8577 8.998418 -716.6132 -731.8577 -11.00157 -716.6132 50.1731 -11.00101 -716.6132 50.17309 8.998977 -716.6132 50.17309 8.998977 759.3632 50.1731 -11.00101 759.3632 50.1731 -11.00101 -716.6132 50.17309 8.998977 759.3632</float_array>
          <technique_common>
            <accessor source="#Object001_20_-_Default_0-mesh-positions-array" count="384" stride="3">
              <param name="X" type="float"/>
              <param name="Y" type="float"/>
              <param name="Z" type="float"/>
            </accessor>
          </technique_common>
        </source>
        <source id="Object001_20_-_Default_0-mesh-normals">
          <float_array id="Object001_20_-_Default_0-mesh-normals-array" count="114">1.19509e-7 1 0 1.19509e-7 1 0 -1.19509e-7 -1 0 -1.19509e-7 -1 0 -1.51277e-7 0 -1 0 0 -1 0 0 1 0 0 1 -1 0 0 1 0 0 0 0 -1 1.38777e-7 0 1 0 1 0 0 1 0 0 -1 0 0 -1 0 0 0 -1 0 0 1 1.19509e-7 1 0 -1.19509e-7 -1 0 0 0 -1 0 0 1 -1.24875e-7 0 1 -3.57309e-7 1 0 3.58528e-7 -1 0 0 0 -1 1.24875e-7 0 -1 0 0 1 -1 -5.29311e-7 0 -1 -5.29311e-7 0 -7.14618e-7 1 0 -7.14618e-7 1 0 7.14618e-7 -1 0 7.14618e-7 -1 0 0 0 -1 0 0 1 1 5.29311e-7 0 1 1.05862e-6 0</float_array>
          <technique_common>
            <accessor source="#Object001_20_-_Default_0-mesh-normals-array" count="38" stride="3">
              <param name="X" type="float"/>
              <param name="Y" type="float"/>
              <param name="Z" type="float"/>
            </accessor>
          </technique_common>
        </source>
        <source id="Object001_20_-_Default_0-mesh-map-0">
          <float_array id="Object001_20_-_Default_0-mesh-map-0-array" count="864">5 0.9999987 5 -0.6530007 3.748362 -0.6530006 3.748363 0.9999989 5 0.9999987 3.748362 -0.6530006 2.98023e-7 -0.6530007 -2.98023e-7 0.9999987 1.251637 0.9999989 1.251638 -0.6530006 2.98023e-7 -0.6530007 1.251637 0.9999989 -2.98023e-7 -3.762228 -2.98023e-7 0.9993099 1.251637 0.9992877 1.251637 -3.762251 -2.98023e-7 -3.762228 1.251637 0.9992877 5 0.9993099 5 -3.762228 3.748362 -3.762251 3.748362 0.9992877 5 0.9993099 3.748362 -3.762251 3.346999 -3.762228 3.346999 0.9993099 4.999999 0.9993099 4.999999 -3.762228 3.346999 -3.762228 4.999999 0.9993099 1.04308e-6 -3.762251 1.04308e-6 0.9992877 1.653001 0.9992877 1.653001 -3.762251 1.04308e-6 -3.762251 1.653001 0.9992877 4.999999 -2.347001 4.999999 -4 3.748361 -4 3.748362 -2.347 4.999999 -2.347001 3.748361 -4 1.49012e-6 -4 8.9407e-7 -2.347001 1.251639 -2.347 1.251639 -4 1.49012e-6 -4 1.251639 -2.347 8.9407e-7 -3.761538 8.9407e-7 1 1.251639 0.999978 1.251639 -3.76156 8.9407e-7 -3.761538 1.251639 0.999978 4.999999 1 4.999999 -3.761538 3.748361 -3.76156 3.748361 0.999978 4.999999 1 3.748361 -3.76156 2.98023e-7 -3.761538 2.98023e-7 1 1.652999 1 1.652999 -3.761538 2.98023e-7 -3.761538 1.652999 1 3.347 -3.76156 3.347 0.999978 5 0.999978 5 -3.76156 3.347 -3.76156 5 0.999978 5 -0.6488278 4.999999 -2.353483 3.748362 -2.353483 3.748362 -0.6488276 5 -0.6488278 3.748362 -2.353483 8.9407e-7 -2.353483 2.98023e-7 -0.6488278 1.251638 -0.6488276 1.251639 -2.353483 8.9407e-7 -2.353483 1.251638 -0.6488276 2.98023e-7 -3.99994 2.98023e-7 0.7615974 1.251638 0.7616087 1.251638 -3.999929 2.98023e-7 -3.99994 1.251638 0.7616087 4.999999 0.7615974 4.999999 -3.99994 3.748362 -3.999929 3.748362 0.7616087 4.999999 0.7615974 3.748362 -3.999929 1.646517 -3.99994 1.646517 0.7615974 3.351172 0.7615974 3.351172 -3.99994 1.646517 -3.99994 3.351172 0.7615974 1.648828 -3.999929 1.648828 0.7616087 3.353483 0.7616087 3.353483 -3.999929 1.648828 -3.999929 3.353483 0.7616087 1.251638 -2.347 1.251637 -3.999999 0 -3.999999 5.96046e-7 -2.347 1.251638 -2.347 0 -3.999999 3.748363 -3.999999 3.748362 -2.347 5 -2.347 5 -3.999999 3.748363 -3.999999 5 -2.347 3.748362 -3.761883 3.748362 0.999655 5 0.9996328 5 -3.761906 3.748362 -3.761883 5 0.9996328 1.251637 0.999655 1.251637 -3.761883 0 -3.761906 0 0.9996328 1.251637 0.999655 0 -3.761906 8.9407e-7 -3.761883 8.9407e-7 0.999655 1.653 0.999655 1.653 -3.761883 8.9407e-7 -3.761883 1.653 0.999655 3.347 -3.761906 3.347 0.9996328 4.999999 0.9996328 4.999999 -3.761906 3.347 -3.761906 4.999999 0.9996328 1.251639 0.9999994 1.251639 -0.6530001 1.19209e-6 -0.6529999 1.78814e-6 0.9999995 1.251639 0.9999994 1.19209e-6 -0.6529999 3.748362 -0.6530001 3.748361 0.9999994 4.999998 0.9999995 4.999999 -0.6529999 3.748362 -0.6530001 4.999998 0.9999995 3.748361 -3.761883 3.748361 0.999655 4.999998 0.9996328 4.999998 -3.761906 3.748361 -3.761883 4.999998 0.9996328 1.251639 0.999655 1.251639 -3.761883 1.19209e-6 -3.761906 1.19209e-6 0.9996328 1.251639 0.999655 1.19209e-6 -3.761906 3.347 -3.761883 3.347 0.999655 5 0.999655 5 -3.761883 3.347 -3.761883 5 0.999655 4.47035e-7 -3.761906 4.47035e-7 0.9996328 1.653 0.9996328 1.653 -3.761906 4.47035e-7 -3.761906 1.653 0.9996328 1.251639 -0.6488271 1.251638 -2.353483 5.96046e-7 -2.353482 1.19209e-6 -0.6488268 1.251639 -0.6488271 5.96046e-7 -2.353482 3.748362 -2.353483 3.748362 -0.6488271 4.999999 -0.6488268 5 -2.353482 3.748362 -2.353483 4.999999 -0.6488268 3.748362 -3.999924 3.748362 0.7616145 4.999999 0.7615922 4.999999 -3.999947 3.748362 -3.999924 4.999999 0.7615922 1.251638 0.7616145 1.251638 -3.999924 5.96046e-7 -3.999947 5.96046e-7 0.7615922 1.251638 0.7616145 5.96046e-7 -3.999947 1.646517 -3.999924 1.646517 0.7616145 3.351173 0.7616145 3.351173 -3.999924 1.646517 -3.999924 3.351173 0.7616145 1.648827 -3.999947 1.648827 0.7615922 3.353482 0.7615922 3.353482 -3.999947 1.648827 -3.999947 3.353482 0.7615922 2.500025 -2.347 2.500024 -4 1.248386 -3.999999 1.248387 -2.347 2.500025 -2.347 1.248386 -3.999999 2.499976 -4 2.499975 -2.347 3.751613 -2.347 3.751614 -3.999999 2.499976 -4 3.751613 -2.347 2.499975 -3.761883 2.499975 0.999655 3.751613 0.9996328 3.751613 -3.761906 2.499975 -3.761883 3.751613 0.9996328 2.500024 0.999655 2.500024 -3.761883 1.248386 -3.761906 1.248386 0.9996328 2.500024 0.999655 1.248386 -3.761906 5.96046e-7 -3.761883 5.96046e-7 0.999655 1.653 0.999655 1.653 -3.761883 5.96046e-7 -3.761883 1.653 0.999655 3.347 -3.761906 3.347 0.9996328 4.999999 0.9996328 4.999999 -3.761906 3.347 -3.761906 4.999999 0.9996328 2.500026 0.9999991 2.500025 -0.6530004 1.248388 -0.6530001 1.248388 0.9999994 2.500026 0.9999991 1.248388 -0.6530001 2.499975 -0.6530004 2.499974 0.9999991 3.751612 0.9999994 3.751612 -0.6530001 2.499975 -0.6530004 3.751612 0.9999994 2.499974 -3.761883 2.499974 0.999655 3.751612 0.9996328 3.751612 -3.761906 2.499974 -3.761883 3.751612 0.9996328 2.500025 0.999655 2.500025 -3.761883 1.248388 -3.761906 1.248388 0.9996328 2.500025 0.999655 1.248388 -3.761906 3.347 -3.761883 3.347 0.999655 4.999999 0.999655 4.999999 -3.761883 3.347 -3.761883 4.999999 0.999655 5.96046e-7 -3.761906 5.96046e-7 0.9996328 1.653 0.9996328 1.653 -3.761906 5.96046e-7 -3.761906 1.653 0.9996328 2.500025 -0.6488272 2.500024 -2.353483 1.248387 -2.353483 1.248388 -0.6488271 2.500025 -0.6488272 1.248387 -2.353483 2.499975 -2.353483 2.499975 -0.6488272 3.751612 -0.6488271 3.751613 -2.353483 2.499975 -2.353483 3.751612 -0.6488271 2.499975 -3.999968 2.499975 0.7615692 3.751612 0.761636 3.751612 -3.999901 2.499975 -3.999968 3.751612 0.761636 2.500024 0.7615692 2.500024 -3.999968 1.248387 -3.999901 1.248387 0.761636 2.500024 0.7615692 1.248387 -3.999901 1.646517 -3.999968 1.646517 0.7615692 3.351173 0.7615692 3.351173 -3.999968 1.646517 -3.999968 3.351173 0.7615692 1.648827 -3.999901 1.648827 0.761636 3.353483 0.761636 3.353483 -3.999901 1.648827 -3.999901 3.353483 0.761636 3.746811 -2.347 3.74681 -4 2.495172 -4 2.495173 -2.347 3.746811 -2.347 2.495172 -4 1.25319 -4 1.253189 -2.347 2.504827 -2.347 2.504827 -4 1.25319 -4 2.504827 -2.347 1.253189 -3.761883 1.253189 0.999655 2.504827 0.9996328 2.504827 -3.761906 1.253189 -3.761883 2.504827 0.9996328 3.74681 0.999655 3.74681 -3.761883 2.495172 -3.761906 2.495172 0.9996328 3.74681 0.999655 2.495172 -3.761906 2.98023e-7 -3.761883 2.98023e-7 0.999655 1.653 0.999655 1.653 -3.761883 2.98023e-7 -3.761883 1.653 0.999655 3.347 -3.761906 3.347 0.9996328 5 0.9996328 5 -3.761906 3.347 -3.761906 5 0.9996328 3.745211 0.9999989 3.745211 -0.6530006 2.493573 -0.6530004 2.493574 0.9999991 3.745211 0.9999989 2.493573 -0.6530004 1.254789 -0.6530006 1.254788 0.9999989 2.506426 0.9999991 2.506427 -0.6530004 1.254789 -0.6530006 2.506426 0.9999991 1.254788 -3.761883 1.254788 0.999655 2.506426 0.9996328 2.506426 -3.761906 1.254788 -3.761883 2.506426 0.9996328 3.745211 0.999655 3.745211 -3.761883 2.493573 -3.761906 2.493573 0.9996328 3.745211 0.999655 2.493573 -3.761906 3.346999 -3.761883 3.346999 0.999655 4.999999 0.999655 4.999999 -3.761883 3.346999 -3.761883 4.999999 0.999655 8.9407e-7 -3.761906 8.9407e-7 0.9996328 1.653 0.9996328 1.653 -3.761906 8.9407e-7 -3.761906 1.653 0.9996328 3.746811 -0.6488276 3.74681 -2.353483 2.495173 -2.353483 2.495174 -0.6488272 3.746811 -0.6488276 2.495173 -2.353483 1.253189 -2.353483 1.253189 -0.6488276 2.504826 -0.6488272 2.504827 -2.353483 1.253189 -2.353483 2.504826 -0.6488272 1.253189 -4 1.253189 0.7615354 2.504826 0.7616685 2.504826 -3.999867 1.253189 -4 2.504826 0.7616685 3.74681 0.7615354 3.74681 -4 2.495173 -3.999867 2.495173 0.7616685 3.74681 0.7615354 2.495173 -3.999867 1.646517 -4 1.646517 0.7615354 3.351172 0.7615354 3.351172 -4 1.646517 -4 3.351172 0.7615354 1.648827 -3.999867 1.648827 0.7616685 3.353483 0.7616685 3.353483 -3.999867 1.648827 -3.999867 3.353483 0.7616685</float_array>
          <technique_common>
            <accessor source="#Object001_20_-_Default_0-mesh-map-0-array" count="432" stride="2">
              <param name="S" type="float"/>
              <param name="T" type="float"/>
            </accessor>
          </technique_common>
        </source>
        <vertices id="Object001_20_-_Default_0-mesh-vertices">
          <input semantic="POSITION" source="#Object001_20_-_Default_0-mesh-positions"/>
        </vertices>
        <triangles material="mat_6-material" count="144">
          <input semantic="VERTEX" source="#Object001_20_-_Default_0-mesh-vertices" offset="0"/>
          <input semantic="NORMAL" source="#Object001_20_-_Default_0-mesh-normals" offset="1"/>
          <input semantic="TEXCOORD" source="#Object001_20_-_Default_0-mesh-map-0" offset="2" set="0"/>
          <p>0 0 0 1 0 1 2 0 2 3 1 3 4 1 4 5 1 5 6 2 6 7 2 7 8 2 8 9 3 9 10 3 10 11 3 11 12 4 12 13 4 13 14 4 14 15 5 15 16 5 16 17 5 17 18 6 18 19 6 19 20 6 20 21 7 21 22 7 22 23 7 23 24 8 24 25 8 25 26 8 26 27 8 27 24 8 28 26 8 29 28 9 30 29 9 31 30 9 32 31 9 33 28 9 34 30 9 35 32 0 36 33 0 37 34 0 38 35 1 39 36 1 40 37 1 41 38 2 42 39 2 43 40 2 44 41 3 45 42 3 46 43 3 47 44 10 48 45 10 49 46 10 50 47 5 51 48 5 52 49 5 53 50 11 54 51 11 55 52 11 56 53 7 57 54 7 58 55 7 59 56 8 60 57 8 61 58 8 62 59 8 63 56 8 64 58 8 65 60 9 66 61 9 67 62 9 68 63 9 69 60 9 70 62 9 71 64 12 72 65 12 73 66 12 74 67 13 75 68 13 76 69 13 77 70 14 78 71 14 79 72 14 80 73 15 81 74 15 82 75 15 83 76 16 84 77 16 85 78 16 86 79 5 87 80 5 88 81 5 89 82 17 90 83 17 91 84 17 92 85 7 93 86 7 94 87 7 95 88 8 96 89 8 97 90 8 98 91 8 99 88 8 100 90 8 101 92 9 102 93 9 103 94 9 104 95 9 105 92 9 106 94 9 107 96 1 108 97 1 109 98 1 110 99 18 111 100 18 112 101 18 113 102 3 114 103 3 115 104 3 116 105 19 117 106 19 118 107 19 119 108 10 120 109 10 121 110 10 122 111 5 123 112 5 124 113 5 125 114 11 126 115 11 127 116 11 128 117 7 129 118 7 130 119 7 131 120 8 132 121 8 133 122 8 134 123 8 135 120 8 136 122 8 137 124 9 138 125 9 139 126 9 140 127 9 141 124 9 142 126 9 143 128 1 144 129 1 145 130 1 146 131 18 147 132 18 148 133 18 149 134 3 150 135 3 151 136 3 152 137 19 153 138 19 154 139 19 155 140 4 156 141 4 157 142 4 158 143 5 159 144 5 160 145 5 161 146 6 162 147 6 163 148 6 164 149 7 165 150 7 166 151 7 167 152 8 168 153 8 169 154 8 170 155 8 171 152 8 172 154 8 173 156 9 174 157 9 175 158 9 176 159 9 177 156 9 178 158 9 179 160 1 180 161 1 181 162 1 182 163 1 183 164 1 184 165 1 185 166 3 186 167 3 187 168 3 188 169 3 189 170 3 190 171 3 191 172 20 192 173 20 193 174 20 194 175 5 195 176 5 196 177 5 197 178 21 198 179 21 199 180 21 200 181 22 201 182 22 202 183 22 203 184 8 204 185 8 205 186 8 206 187 8 207 184 8 208 186 8 209 188 9 210 189 9 211 190 9 212 191 9 213 188 9 214 190 9 215 192 1 216 193 1 217 194 1 218 195 1 219 196 1 220 197 1 221 198 3 222 199 3 223 200 3 224 201 3 225 202 3 226 203 3 227 204 10 228 205 10 229 206 10 230 207 5 231 208 5 232 209 5 233 210 11 234 211 11 235 212 11 236 213 7 237 214 7 238 215 7 239 216 8 240 217 8 241 218 8 242 219 8 243 216 8 244 218 8 245 220 9 246 221 9 247 222 9 248 223 9 249 220 9 250 222 9 251 224 1 252 225 1 253 226 1 254 227 1 255 228 1 256 229 1 257 230 3 258 231 3 259 232 3 260 233 3 261 234 3 262 235 3 263 236 4 264 237 4 265 238 4 266 239 5 267 240 5 268 241 5 269 242 6 270 243 6 271 244 6 272 245 7 273 246 7 274 247 7 275 248 8 276 249 8 277 250 8 278 251 8 279 248 8 280 250 8 281 252 9 282 253 9 283 254 9 284 255 9 285 252 9 286 254 9 287 256 23 288 257 23 289 258 23 290 259 23 291 260 23 292 261 23 293 262 24 294 263 24 295 264 24 296 265 24 297 266 24 298 267 24 299 268 25 300 269 25 301 270 25 302 271 26 303 268 26 304 270 26 305 272 27 306 273 27 307 274 27 308 275 7 309 272 7 310 274 7 311 276 28 312 277 28 313 278 28 314 279 29 315 280 29 316 281 29 317 282 9 318 283 9 319 284 9 320 285 9 321 282 9 322 284 9 323 286 1 324 287 1 325 288 1 326 289 1 327 290 1 328 291 1 329 292 3 330 293 3 331 294 3 332 295 3 333 296 3 334 297 3 335 298 10 336 299 10 337 300 10 338 301 5 339 302 5 340 303 5 341 304 11 342 305 11 343 306 11 344 307 7 345 308 7 346 309 7 347 310 8 348 311 8 349 312 8 350 313 8 351 310 8 352 312 8 353 314 9 354 315 9 355 316 9 356 317 9 357 314 9 358 316 9 359 318 1 360 319 1 361 320 1 362 321 1 363 322 1 364 323 1 365 324 3 366 325 3 367 326 3 368 327 3 369 328 3 370 329 3 371 330 4 372 331 4 373 332 4 374 333 5 375 334 5 376 335 5 377 336 6 378 337 6 379 338 6 380 339 7 381 340 7 382 341 7 383 342 8 384 343 8 385 344 8 386 345 8 387 342 8 388 344 8 389 346 9 390 347 9 391 348 9 392 349 9 393 346 9 394 348 9 395 350 30 396 351 30 397 352 30 398 353 31 399 354 31 400 355 31 401 356 32 402 357 32 403 358 32 404 359 33 405 360 33 406 361 33 407 362 34 408 363 34 409 364 34 410 365 5 411 366 5 412 367 5 413 368 35 414 369 35 415 370 35 416 371 7 417 372 7 418 373 7 419 374 8 420 375 8 421 376 8 422 377 8 423 374 8 424 376 8 425 378 36 426 379 36 427 380 36 428 381 37 429 382 37 430 383 37 431</p>
        </triangles>
      </mesh>
    </geometry>
    <geometry id="Factory002_WindowsIndustrial-front_Mat_0-mesh" name="Factory002_WindowsIndustrial-front_Mat_0">
      <mesh>
        <source id="Factory002_WindowsIndustrial-front_Mat_0-mesh-positions">
          <float_array id="Factory002_WindowsIndustrial-front_Mat_0-mesh-positions-array" count="345">-1522.092 -761.017 755.125 -1542.092 -761.017 755.125 -1542.092 -761.017 218.3331 -1522.092 -761.017 218.3331 -1542.092 -761.017 -150.4169 -1522.092 -761.017 -150.4169 -1542.092 -761.017 -719.875 -1522.092 -761.017 -719.875 -1522.092 21.01433 -719.875 -1542.092 21.01433 -719.875 -1542.092 21.01433 -214.5728 -1522.092 21.01433 -124.4692 -1522.092 21.01433 -205.302 -1542.092 21.01433 -124.4692 -1542.092 21.01433 183.7362 -1522.092 21.01433 183.7362 -1542.092 21.01433 239.541 -1522.092 21.01433 244.5169 -1542.092 21.01433 755.125 -1542.092 -761.017 755.125 -1522.092 -761.017 755.125 -1522.092 -370.0013 755.125 -1542.092 -370.0013 755.125 -1522.092 -252.1257 755.125 -1542.092 -252.1257 755.125 -1522.092 21.01433 755.125 -1542.092 21.01433 755.125 -1522.092 -761.017 -719.875 -1542.092 -761.017 -719.875 -1542.092 -370.0013 -719.875 -1522.092 -370.0013 -719.875 -1542.092 -252.1257 -719.875 -1522.092 -252.1257 -719.875 -1542.092 21.01433 -719.875 -1522.092 21.01433 -719.875 -1542.092 -539.4744 450.9882 -1542.092 -370.0013 755.125 -1542.092 -526.478 433.1467 -1542.092 -761.017 218.3331 -1542.092 -761.017 755.125 -1542.092 -546.065 218.3331 -1542.092 -544.347 51.40502 -1542.092 -544.0346 13.70639 -1542.092 -761.017 -150.4169 -1542.092 -761.017 -719.875 -1542.092 -542.6744 -150.4169 -1542.092 -370.0013 -719.875 -1542.092 -530.4113 -384.0311 -1542.092 -416.5057 -218.1439 -1542.092 -370.0013 -217.7643 -1542.092 -270.435 -216.9516 -1542.092 -252.1257 -719.875 -1542.092 -252.1257 -216.8022 -1542.092 -20.47568 -214.9114 -1542.092 21.01433 -719.875 -1522.092 -519.4161 423.4519 -1522.092 -761.017 218.3331 -1522.092 -517.5023 255.5608 -1522.092 -761.017 -150.4169 -1522.092 -761.017 -719.875 -1522.092 -528.2472 -380.8793 -1522.092 -370.0013 -719.875 -1542.092 -545.7305 218.3331 -1542.092 -542.9241 -120.2813 -1542.092 -530.3211 -219.0729 -1542.092 -545.0485 136.0532 -1522.092 -267.6694 156.7593 -1522.092 -261.2286 157.9313 -1522.092 -267.4652 156.8793 -1522.092 -267.7731 156.7404 -1522.092 -278.0406 150.6624 -1522.092 -278.2606 150.6324 -1522.092 -267.5629 156.8628 -1522.092 -260.0652 161.2294 -1522.092 -370.0013 96.60211 -1522.092 -369.3649 96.97621 -1522.092 -370.0013 97.20258 -1522.092 -369.2676 96.94158 -1542.092 -526.7423 248.5939 -1542.092 -526.7856 218.3331 -1542.092 -514.8949 417.2452 -1542.092 -391.5253 247.8816 -1542.092 -370.0013 247.7682 -1542.092 -265.2215 247.2162 -1542.092 -252.1257 755.125 -1542.092 -252.1257 246.865 -1542.092 -6.008348 240.2656 -1542.092 21.01433 755.125 -1542.092 21.01433 239.541 -1522.092 21.01433 755.125 -1522.092 -252.1257 755.125 -1522.092 21.01433 244.5169 -1522.092 21.01433 755.125 -1522.092 -8.411152 245.2921 -1522.092 -252.1257 251.7119 -1522.092 -370.0013 755.125 -1522.092 -266.2255 252.0834 -1522.092 -370.0013 254.817 -1522.092 -761.017 755.125 -1522.092 -397.0972 255.5307 -1522.092 -517.0779 218.3331 -1542.092 -531.0294 -219.0787 -1542.092 -531.2866 -150.4169 -1522.092 -527.0768 -209.4158 -1522.092 -526.6741 -150.4169 -1522.092 -409.9088 -208.5364 -1522.092 -370.0013 -208.2369 -1522.092 -268.5589 -207.4755 -1522.092 -252.1257 -719.875 -1522.092 -252.1257 -207.3521 -1522.092 -16.19554 -205.5813 -1522.092 21.01433 -719.875 -1522.092 21.01433 -205.302 -1542.092 -530.2836 -150.4169 -1542.092 21.01433 -214.5728</float_array>
          <technique_common>
            <accessor source="#Factory002_WindowsIndustrial-front_Mat_0-mesh-positions-array" count="115" stride="3">
              <param name="X" type="float"/>
              <param name="Y" type="float"/>
              <param name="Z" type="float"/>
            </accessor>
          </technique_common>
        </source>
        <source id="Factory002_WindowsIndustrial-front_Mat_0-mesh-normals">
          <float_array id="Factory002_WindowsIndustrial-front_Mat_0-mesh-normals-array" count="120">0 -1 0 0 1 0 0 0 1 0 0 -1 -1 0 0 -1 9.62604e-7 0 -1 -7.8113e-7 0 -1 9.63547e-7 0 -1 -7.08102e-7 0 -1 -7.45808e-7 0 1 1.90757e-7 0 1 4.71511e-7 0 1 0 0 -1 4.9836e-6 0 -1 -4.81137e-7 0 -1 -1.06819e-6 0 -1 -8.57404e-7 0 1 1.22277e-4 0 1 2.61011e-4 0 -1 1.16719e-6 0 -1 -1.64136e-5 0 -1 -1.14465e-5 0 -1 2.35136e-6 0 -1 -1.878e-5 0 -1 9.99267e-7 0 1 0 0 1 1.77199e-5 0 1 -7.8998e-7 0 1 -9.63842e-7 0 1 -3.77037e-7 0 -1 -3.26827e-6 0 -1 -6.55638e-5 0 1 2.06749e-6 0 1 -6.52837e-6 0 -1 1.58001e-4 0 -1 1.581e-4 0 -1 1.5805e-4 0 -1 -6.63927e-7 0 -1 4.30718e-6 0 -1 0 0</float_array>
          <technique_common>
            <accessor source="#Factory002_WindowsIndustrial-front_Mat_0-mesh-normals-array" count="40" stride="3">
              <param name="X" type="float"/>
              <param name="Y" type="float"/>
              <param name="Z" type="float"/>
            </accessor>
          </technique_common>
        </source>
        <source id="Factory002_WindowsIndustrial-front_Mat_0-mesh-map-0">
          <float_array id="Factory002_WindowsIndustrial-front_Mat_0-mesh-map-0-array" count="630">1.999023 -2 0 -2 0 -1.271484 1.999023 -1.271484 1.999023 -2 0 -1.271484 1.999023 -1.271484 0 -1.271484 0 -0.7719727 1.999023 -0.7719727 1.999023 -1.271484 0 -0.7719727 1.999023 -0.7719727 0 -0.7719727 0 0 1.999023 0 1.999023 -0.7719727 0 0 1.999023 -2 0 -2 0 -1.314601 1.999023 -1.192383 1.999023 -1.302026 0 -1.192383 1.999023 -1.192383 0 -1.192383 0 -0.7744141 1.999023 -0.7744141 1.999023 -1.192383 0 -0.7744141 1.999023 -0.7744141 0 -0.7744141 0 -0.6987808 1.999023 -0.6920368 1.999023 -0.7744141 0 0 0.2856445 -0.09521484 0 -0.09521484 0 -0.04760742 0.2856445 -0.04760742 0.2856445 -0.09521484 0 -0.04760742 0.2856445 -0.04760742 0 -0.04760742 0 -0.03323364 0.2856445 -0.03323364 0.2856445 -0.04760742 0 -0.03323364 0.2856445 -0.03323364 0 -0.03323364 0 0 0.2856445 0 0.2856445 -0.03323364 0 0 0.2856445 -0.09521484 0 -0.09521484 0 -0.04760742 0.2856445 -0.04760742 0.2856445 -0.09521484 0 -0.04760742 0.2856445 -0.04760742 0 -0.04760742 0 -0.03323364 0.2856445 -0.03323364 0.2856445 -0.04760742 0 -0.03323364 0.2856445 -0.03323364 0 -0.03323364 0 0 0.2856445 0 0.2856445 -0.03323364 0 0 0.2049987 -0.7216083 0 -0.503418 0.2170246 -0.7048761 0.3618164 -1.006836 0 -1.006836 0.3618164 -0.7300934 0.3618164 -1.006836 0.4743248 -0.7278814 0.4997335 -0.7274792 0.6103516 -1.006836 0.3618164 -1.006836 0.4997335 -0.7274792 0.9946289 -1.006836 0.6103516 -1.006836 0.6103516 -0.725728 0.9946289 -0.503418 0.7679973 -0.70994 0.6560546 -0.5632907 0.9946289 -0.503418 0.6557984 -0.503418 0.6551923 -0.3753558 0.9946289 -0.3518067 0.9946289 -0.503418 0.6551923 -0.3753558 0.9946289 -0.3518067 0.6550915 -0.3518067 0.6538153 -0.05343949 0.9946289 0 0.9946289 -0.3518067 0.6538153 -0.05343949 0.7707681 -0.695784 0.6323242 -1.006836 0.6574508 -0.6933199 0.3840332 -1.006836 0 -1.006836 0.2286131 -0.7071536 0 -1.006836 0 -0.503418 0.2286131 -0.7071536 0.3618164 -0.7296627 0.2049987 -0.7216083 0.2170246 -0.7048761 0.6103516 -1.006836 0.5900403 -0.7260497 0.6103516 -0.725728 0.7679973 -0.70994 0.6566814 -0.7098239 0.6560546 -0.5632907 0.3618164 -1.006836 0.3618164 -0.7300934 0.4172725 -0.7287847 0.6103516 -1.006836 0.4997335 -0.7274792 0.5900403 -0.7260497 0.3618164 -1.006836 0.4172725 -0.7287847 0.4743248 -0.7278814 0.591165 -0.3717986 0.5919731 -0.3635148 0.5912463 -0.3715361 0.591165 -0.3717986 0.5912463 -0.3715361 0.591152 -0.3719322 0.5870293 -0.3851382 0.591152 -0.3719322 0.5870085 -0.3854213 0.5870293 -0.3851382 0.591165 -0.3717986 0.591152 -0.3719322 0.5912463 -0.3715361 0.591235 -0.3716619 0.591152 -0.3719322 0.5912463 -0.3715361 0.5941972 -0.3620184 0.591235 -0.3716619 0.550359 -0.503418 0.5506127 -0.5025995 0.5507633 -0.503418 0.550359 -0.503418 0.5505897 -0.5024743 0.5506127 -0.5025995 0 -1.006836 0 -0.503418 0.2049987 -0.7216083 0.3618164 -0.7300934 0 -1.006836 0.2049987 -0.7216083 0.3618164 -0.7300934 0.2049987 -0.7216083 0.3618164 -0.7296627 0.3618164 -0.7300934 0.3618164 -0.7296627 0.4172725 -0.7287847 0.3618164 -0.7296627 0.3414195 -0.7052161 0.3618164 -0.7052717 0.2170246 -0.7048761 0 -0.503418 0.2277427 -0.6899632 0.3414195 -0.7052161 0.2170246 -0.7048761 0.2277427 -0.6899632 0.3618164 -0.7296627 0.2170246 -0.7048761 0.3414195 -0.7052161 0.3414195 -0.7052161 0.2277427 -0.6899632 0.3418997 -0.5311294 0.2277427 -0.6899632 0 -0.503418 0.3418997 -0.5311294 0.3418997 -0.5311294 0 -0.503418 0.3419761 -0.5034181 0.3419761 -0.5034181 0 -0.503418 0.342453 -0.3686504 0 -0.503418 0 -0.3518067 0.342453 -0.3686504 0.342453 -0.3686504 0 -0.3518067 0.3426898 -0.3518067 0.3426898 -0.3518067 0 -0.3518067 0.3471394 -0.03480541 0 -0.3518067 0 0 0.3471394 -0.03480541 0.3471394 -0.03480541 0 0 0.347628 0 1.999023 -0.7744141 0 -0.6987808 0 0 0.9946289 0 0.9946289 -0.3518067 0.6503559 0 1.999023 0 1.999023 -0.6920368 0 0 0.6503559 0 0.9946289 -0.3518067 0.6508786 -0.0379002 0.9946289 -0.3518067 0.6552071 -0.3518068 0.6508786 -0.0379002 0.9946289 -0.3518067 0.9946289 -0.503418 0.6552071 -0.3518068 0.6552071 -0.3518068 0.9946289 -0.503418 0.6554575 -0.3699417 0.9946289 -0.503418 0.6569488 -0.503418 0.6554575 -0.3699417 0.9946289 -0.503418 0.9946289 -1.006836 0.6569488 -0.503418 0.6569488 -0.503418 0.9946289 -1.006836 0.7707681 -0.695784 0.9946289 -1.006836 0.6323242 -1.006836 0.7707681 -0.695784 0.7707681 -0.695784 0.6574508 -0.6933199 0.6574305 -0.5383029 0.6569488 -0.503418 0.7707681 -0.695784 0.6574305 -0.5383029 0.6574508 -0.6933199 0.6323242 -1.006836 0.6323242 -0.6927736 0.7679973 -0.70994 0.9946289 -1.006836 0.6566854 -0.7107354 0.9946289 -1.006836 0.6103516 -0.725728 0.6103516 -0.7110666 0.9946289 -0.503418 0.9946289 -1.006836 0.7679973 -0.70994 0.7679973 -0.70994 0.6566854 -0.7107354 0.6566814 -0.7098239 0.3840332 -1.006836 0.3442453 -0.7056468 0.3840332 -0.7051282 0.3840332 -1.006836 0.2286131 -0.7071536 0.3442453 -0.7056468 0.3442453 -0.7056468 0.2286131 -0.7071536 0.3448384 -0.5547974 0.2286131 -0.7071536 0 -0.503418 0.3448384 -0.5547974 0.3448384 -0.5547974 0 -0.503418 0.3450404 -0.5034181 0.3450404 -0.5034181 0 -0.503418 0.3454121 -0.3729429 0 -0.503418 0 -0.3518067 0.3454121 -0.3729429 0.3454121 -0.3729429 0 -0.3518067 0.3454952 -0.3518067 0.3454952 -0.3518067 0 -0.3518067 0.3466889 -0.04792654 0 -0.3518067 0 0 0.3466889 -0.04792654 0.3466889 -0.04792654 0 0 0.3468772 0 1.999023 -1.302026 1.999023 -2 0 -1.192383 0.6566854 -0.7107354 0.6103516 -0.7110666 0.6103516 -0.7097753 0.6566854 -0.7107354 0.9946289 -1.006836 0.6103516 -0.7110666 0.6566814 -0.7098239 0.6566854 -0.7107354 0.6103516 -0.7097753 0.9946289 -0.503418 0.6560546 -0.5632907 0.6557984 -0.503418 0.9946289 -0.3518067 0.6551923 -0.3753558 0.6550915 -0.3518067 0.9946289 0 0.6538153 -0.05343949 0.6535868 0 1.999023 -2 0 -1.314601 0 -1.192383</float_array>
          <technique_common>
            <accessor source="#Factory002_WindowsIndustrial-front_Mat_0-mesh-map-0-array" count="315" stride="2">
              <param name="S" type="float"/>
              <param name="T" type="float"/>
            </accessor>
          </technique_common>
        </source>
        <vertices id="Factory002_WindowsIndustrial-front_Mat_0-mesh-vertices">
          <input semantic="POSITION" source="#Factory002_WindowsIndustrial-front_Mat_0-mesh-positions"/>
        </vertices>
        <triangles material="mat_4-material" count="105">
          <input semantic="VERTEX" source="#Factory002_WindowsIndustrial-front_Mat_0-mesh-vertices" offset="0"/>
          <input semantic="NORMAL" source="#Factory002_WindowsIndustrial-front_Mat_0-mesh-normals" offset="1"/>
          <input semantic="TEXCOORD" source="#Factory002_WindowsIndustrial-front_Mat_0-mesh-map-0" offset="2" set="0"/>
          <p>0 0 0 1 0 1 2 0 2 3 0 3 0 0 4 2 0 5 3 0 6 2 0 7 4 0 8 5 0 9 3 0 10 4 0 11 5 0 12 4 0 13 6 0 14 7 0 15 5 0 16 6 0 17 8 1 18 9 1 19 10 1 20 11 1 21 12 1 22 13 1 23 11 1 24 13 1 25 14 1 26 15 1 27 11 1 28 14 1 29 15 1 30 14 1 31 16 1 32 17 1 33 15 1 34 18 1 35 19 2 36 20 2 37 21 2 38 22 2 39 19 2 40 21 2 41 22 2 42 21 2 43 23 2 44 24 2 45 22 2 46 23 2 47 24 2 48 23 2 49 25 2 50 26 2 51 24 2 52 25 2 53 27 3 54 28 3 55 29 3 56 30 3 57 27 3 58 29 3 59 30 3 60 29 3 61 31 3 62 32 3 63 30 3 64 31 3 65 32 3 66 31 3 67 33 3 68 34 3 69 32 3 70 33 3 71 35 4 72 36 4 73 37 4 74 38 4 75 39 4 76 40 4 77 38 5 78 41 5 79 42 5 80 43 6 81 38 6 82 42 6 83 44 4 84 43 4 85 45 4 86 46 7 87 47 7 88 48 7 89 46 8 90 49 8 91 50 8 92 51 4 93 46 4 94 50 4 95 51 9 96 52 9 97 53 9 98 54 4 99 51 4 100 53 4 101 55 10 102 56 10 103 57 10 104 58 11 105 59 11 106 60 11 107 59 12 108 61 12 109 60 12 110 62 13 111 35 13 112 37 13 113 43 4 114 63 4 115 45 4 116 47 14 117 64 14 118 48 14 119 38 4 120 40 4 121 65 4 122 43 15 123 42 15 124 63 15 125 38 16 126 65 16 127 41 16 128 66 12 129 67 12 130 68 12 131 66 12 132 68 12 133 69 12 134 70 12 135 69 12 136 71 12 137 70 17 138 66 17 139 69 17 140 68 12 141 72 12 142 69 12 143 68 12 144 73 12 145 72 12 146 74 12 147 75 12 148 76 12 149 74 18 150 77 18 151 75 18 152 39 4 153 36 4 154 35 4 155 40 19 156 39 19 157 35 19 158 40 4 159 35 4 160 62 4 161 40 4 162 62 4 163 65 4 164 62 4 165 78 4 166 79 4 167 37 4 168 36 4 169 80 4 170 78 20 171 37 20 172 80 20 173 62 4 174 37 4 175 78 4 176 78 4 177 80 4 178 81 4 179 80 4 180 36 4 181 81 4 182 81 21 183 36 21 184 82 21 185 82 22 186 36 22 187 83 22 188 36 4 189 84 4 190 83 4 191 83 23 192 84 23 193 85 23 194 85 24 195 84 24 196 86 24 197 84 4 198 87 4 199 86 4 200 86 4 201 87 4 202 88 4 203 15 1 204 16 1 205 18 1 206 89 12 207 90 12 208 91 12 209 92 1 210 17 1 211 18 1 212 91 12 213 90 12 214 93 12 215 90 25 216 94 25 217 93 25 218 90 12 219 95 12 220 94 12 221 94 26 222 95 26 223 96 26 224 95 27 225 97 27 226 96 27 227 95 12 228 98 12 229 97 12 230 97 12 231 98 12 232 55 12 233 98 28 234 56 28 235 55 28 236 55 29 237 57 29 238 99 29 239 97 12 240 55 12 241 99 12 242 57 12 243 56 12 244 100 12 245 47 30 246 44 30 247 101 30 248 44 4 249 45 4 250 102 4 251 46 4 252 44 4 253 47 4 254 47 31 255 101 31 256 64 31 257 58 12 258 103 12 259 104 12 260 58 12 261 60 12 262 103 12 263 103 12 264 60 12 265 105 12 266 60 12 267 61 12 268 105 12 269 105 12 270 61 12 271 106 12 272 106 12 273 61 12 274 107 12 275 61 12 276 108 12 277 107 12 278 107 12 279 108 12 280 109 12 281 109 32 282 108 32 283 110 32 284 108 12 285 111 12 286 110 12 287 110 33 288 111 33 289 112 33 290 12 1 291 8 1 292 13 1 293 101 4 294 102 4 295 113 4 296 101 4 297 44 4 298 102 4 299 64 34 300 101 35 301 113 36 302 46 37 303 48 37 304 49 37 305 51 38 306 50 38 307 52 38 308 54 39 309 53 39 310 114 39 311 8 1 312 10 1 313 13 1 314</p>
        </triangles>
      </mesh>
    </geometry>
    <geometry id="Factory002_WindowsIndustrial-frontDoorOpen_Mat_0-mesh" name="Factory002_WindowsIndustrial-frontDoorOpen_Mat_0">
      <mesh>
        <source id="Factory002_WindowsIndustrial-frontDoorOpen_Mat_0-mesh-positions">
          <float_array id="Factory002_WindowsIndustrial-frontDoorOpen_Mat_0-mesh-positions-array" count="618">-1518.686 -761.017 2192.124 -394.6828 -761.017 2172.125 -378.0032 -761.017 2172.125 -378.0032 -761.017 2192.125 -51.59161 -761.017 2172.125 405.5905 -761.017 2192.125 405.5905 -761.017 2172.125 1615.689 -761.017 2172.126 1615.689 -761.017 2192.126 1615.689 21.01433 2192.126 505.2643 21.01433 2172.125 350.4517 21.01433 2172.125 -1518.686 -761.017 2172.124 -1518.686 -761.017 2192.124 -1518.686 -370.0013 2192.124 -1518.686 -370.0013 2172.124 -1518.686 -252.1257 2192.124 -1518.686 -252.1257 2172.124 -1518.686 21.01433 2192.124 -1518.686 21.01433 2172.124 1615.689 -761.017 2192.126 1615.689 -761.017 2172.126 1615.689 -370.0013 2172.126 1615.689 -370.0013 2192.126 1615.689 -252.1257 2172.126 1615.689 -252.1257 2192.126 1615.689 21.01433 2172.126 1615.689 21.01433 2192.126 -53.78644 -600.8375 2172.125 -378.0032 -761.017 2172.125 -55.44818 -600.061 2172.125 1615.689 -761.017 2172.126 405.5905 -761.017 2172.125 405.5905 -419.105 2172.125 1615.689 -370.0013 2172.126 568.2011 -422.5452 2172.125 508.7047 -370.0013 2172.125 505.2455 -266.5471 2172.125 1615.689 -252.1257 2172.126 505.2455 -266.5471 2172.125 1615.689 21.01433 2172.126 509.1979 -13.2559 2172.125 -1518.686 21.01433 2192.124 -1518.686 -252.1257 2192.124 -412.2769 -3.234009 2192.125 -410.6715 -252.1257 2192.125 -412.2769 -3.234009 2192.125 -1518.686 -370.0013 2192.124 -410.6051 -262.428 2192.125 -409.9114 -370.0013 2192.125 -410.6051 -262.428 2192.125 -1518.686 -761.017 2192.124 -534.5267 -423.6561 2192.125 -378.0032 -761.017 2192.125 -378.0032 -423.3422 2192.125 405.5905 -761.017 2192.125 -271.536 -423.1287 2192.125 405.5905 -421.7709 2192.125 -271.536 -423.1287 2192.125 1615.689 -761.017 2192.126 564.8165 -421.4516 2192.125 1615.689 -370.0013 2192.126 564.8165 -421.4516 2192.125 491.5054 -421.5986 2192.125 405.5905 -421.7709 2192.125 -271.536 -423.1287 2192.125 -378.0032 -423.3422 2192.125 -1518.686 -761.017 2192.124 -409.5669 -423.4055 2192.125 -534.5267 -423.6561 2192.125 -534.5267 -423.6561 2192.125 -409.5669 -423.4055 2192.125 -409.841 -380.915 2192.125 -1518.686 -370.0013 2192.124 -534.5267 -423.6561 2192.125 -409.841 -380.915 2192.125 -1518.686 -761.017 2192.124 -378.0032 -423.3422 2192.125 -409.5669 -423.4055 2192.125 -1518.686 -370.0013 2192.124 -409.841 -380.915 2192.125 -409.9114 -370.0013 2192.125 -1518.686 -252.1257 2192.124 -410.6051 -262.428 2192.125 -410.6715 -252.1257 2192.125 -1518.686 21.01433 2192.124 -412.2769 -3.234009 2192.125 -412.4332 21.01433 2192.125 564.8165 -421.4516 2192.125 491.3633 -397.7168 2192.125 564.8165 -421.4516 2192.125 1615.689 -370.0013 2192.126 491.3633 -397.7168 2192.125 491.3633 -397.7168 2192.125 1615.689 -370.0013 2192.126 491.1984 -370.0013 2192.125 491.1984 -370.0013 2192.125 1615.689 -370.0013 2192.126 490.5749 -265.1803 2192.125 1615.689 -370.0013 2192.126 1615.689 -252.1257 2192.126 490.5749 -265.1803 2192.125 490.5749 -265.1803 2192.125 1615.689 -252.1257 2192.126 490.4972 -252.1257 2192.125 490.4972 -252.1257 2192.125 1615.689 -252.1257 2192.126 489.0504 -8.906435 2192.125 1615.689 -252.1257 2192.126 1615.689 21.01433 2192.126 489.0504 -8.906435 2192.125 489.0504 -8.906435 2192.125 1615.689 21.01433 2192.126 488.8724 21.01433 2192.125 -1518.686 -761.017 2172.124 -393.355 -377.9635 2172.125 -1518.686 -761.017 2172.124 -393.3457 -375.2605 2172.125 -1518.686 -761.017 2172.124 -1518.686 -370.0013 2172.124 -393.3457 -375.2605 2172.125 -393.3457 -375.2605 2172.125 -1518.686 -370.0013 2172.124 -393.3274 -370.0013 2172.125 -393.3274 -370.0013 2172.125 -1518.686 -370.0013 2172.124 -392.9486 -260.7139 2172.125 -1518.686 -370.0013 2172.124 -1518.686 -252.1257 2172.124 -392.9486 -260.7139 2172.125 -392.9486 -260.7139 2172.125 -1518.686 -252.1257 2172.124 -392.9188 -252.1257 2172.125 -392.9188 -252.1257 2172.125 -1518.686 -252.1257 2172.124 -392.0404 1.318283 2172.125 297.9215 -423.7285 2172.125 405.5905 -419.105 2172.125 289.0008 -761.017 2172.125 289.0008 -761.017 2172.125 -378.0032 -761.017 2172.125 -378.0032 -420.5398 2172.125 -52.68851 -421.0236 2172.125 -394.6828 -761.017 2172.125 -379.857 -420.5371 2172.125 -393.499 -419.4915 2172.125 -394.6828 -761.017 2172.125 -1518.686 -761.017 2172.124 -393.499 -419.4915 2172.125 -378.0032 -761.017 2172.125 -52.68851 -421.0236 2172.125 -55.44818 -600.061 2172.125 -55.44818 -600.061 2172.125 -52.68851 -421.0236 2172.125 297.9215 -423.7285 2172.125 -53.78644 -600.8375 2172.125 -55.44818 -600.061 2172.125 297.9215 -423.7285 2172.125 -51.59161 -761.017 2172.125 -378.0032 -761.017 2172.125 -53.78644 -600.8375 2172.125 289.0008 -761.017 2172.125 -53.78644 -600.8375 2172.125 297.9215 -423.7285 2172.125 289.0008 -761.017 2172.125 -51.59161 -761.017 2172.125 -53.78644 -600.8375 2172.125 -378.0032 -420.5398 2172.125 -393.499 -419.4915 2172.125 -1518.686 -761.017 2172.124 -393.355 -377.9635 2172.125 1615.689 -761.017 2172.126 510.4208 -421.3228 2172.125 568.2011 -422.5452 2172.125 568.2011 -422.5452 2172.125 510.4208 -421.3228 2172.125 509.831 -403.6842 2172.125 1615.689 -370.0013 2172.126 568.2011 -422.5452 2172.125 509.831 -403.6842 2172.125 1615.689 -761.017 2172.126 405.5905 -419.105 2172.125 510.4208 -421.3228 2172.125 1615.689 -370.0013 2172.126 509.831 -403.6842 2172.125 508.7047 -370.0013 2172.125 507.4903 -252.1257 2172.125 505.2455 -266.5471 2172.125 504.7633 -252.1257 2172.125 1615.689 21.01433 2172.126 509.1979 -13.2559 2172.125 505.2643 21.01433 2172.125 1615.689 21.01433 2172.126 505.2643 21.01433 2172.125 509.1979 -13.2559 2172.125 505.5372 -12.46562 2172.125 506.6498 -149.0006 2172.125 1615.689 -252.1257 2172.126 506.6498 -149.0006 2172.125 509.1979 -13.2559 2172.125 1615.689 -252.1257 2172.126 507.4903 -252.1257 2172.125 506.6498 -149.0006 2172.125 1615.689 -252.1257 2172.126 505.2455 -266.5471 2172.125 507.4903 -252.1257 2172.125</float_array>
          <technique_common>
            <accessor source="#Factory002_WindowsIndustrial-frontDoorOpen_Mat_0-mesh-positions-array" count="206" stride="3">
              <param name="X" type="float"/>
              <param name="Y" type="float"/>
              <param name="Z" type="float"/>
            </accessor>
          </technique_common>
        </source>
        <source id="Factory002_WindowsIndustrial-frontDoorOpen_Mat_0-mesh-normals">
          <float_array id="Factory002_WindowsIndustrial-frontDoorOpen_Mat_0-mesh-normals-array" count="213">0 -1 -2.9275e-5 0 -1 0 0 1 0 -1 0 0 1 0 0 0 7.8325e-7 -1 6.04234e-7 0 -1 3.05188e-7 0 -1 2.72873e-7 0 -1 4.77485e-7 0 -1 2.06798e-7 0 -1 -4.13627e-7 0 1 -4.53267e-7 0 1 -7.17754e-7 0 1 -2.62001e-7 0 1 -6.49651e-7 0 1 -6.49047e-7 0 1 -4.72113e-7 1.96346e-7 1 -9.41649e-7 0 1 -3.04205e-7 1.89208e-7 1 -6.84461e-7 0 1 1.11197e-6 0 1 1.15615e-6 0 1 2.49326e-6 -1.45588e-6 1 0 0 1 -3.20486e-7 1.24875e-6 1 -5.39089e-7 -1.45588e-6 1 -3.22809e-7 0 1 -3.42205e-7 0 1 -2.91242e-7 0 1 0 0 1 -5.4402e-7 -1.24875e-6 1 -2.50675e-7 0 1 -5.30244e-7 0 1 -3.23991e-7 0 1 -5.31865e-7 0 1 -4.56757e-7 0 1 -4.062e-7 0 1 -4.63441e-7 0 1 0 0 -1 2.35249e-7 0 -1 3.29996e-7 0 -1 2.54091e-7 0 -1 4.70998e-7 0 -1 4.04029e-7 0 -1 4.38106e-7 0 -1 -5.83603e-7 0 -1 0 0 -1 0 -1 3.35051e-5 1.91323e-6 0 -1 1.45636e-5 0 -1 3.25626e-7 0 -1 0 0 -1 -1.55554e-7 0 -1 0 7.15006e-7 -1 0 0 -1 1.06795e-6 0 -1 0 0 -1 0 -1 -4.5876e-6 -9.59879e-5 0 -1 2.67795e-6 0 -1 4.48833e-6 -1.54367e-6 -1 -7.67106e-6 0 -1 1.0269e-6 1.24875e-6 -1 -1.85541e-6 -1.54367e-6 -1 4.19053e-7 0 -1 4.10595e-7 0 -1 1.21725e-4 0 -1 4.14432e-7 0 -1 2.73444e-7 0 -1 4.88841e-7 0 -1</float_array>
          <technique_common>
            <accessor source="#Factory002_WindowsIndustrial-frontDoorOpen_Mat_0-mesh-normals-array" count="71" stride="3">
              <param name="X" type="float"/>
              <param name="Y" type="float"/>
              <param name="Z" type="float"/>
            </accessor>
          </technique_common>
        </source>
        <source id="Factory002_WindowsIndustrial-frontDoorOpen_Mat_0-mesh-map-0">
          <float_array id="Factory002_WindowsIndustrial-frontDoorOpen_Mat_0-mesh-map-0-array" count="546">1.999023 -2 0 -1.282137 0 -1.271484 1.999023 -1.271484 1.999023 -2 0 -1.271484 1.999023 -1.271484 0 -1.271484 0 -1.063409 1.999023 -0.7719727 1.999023 -1.271484 0 -0.7719727 1.999023 -0.7719727 0 -0.7719727 0 0 1.999023 0 1.999023 -0.7719727 0 0 1.999023 -2 0 -1.291202 0 -1.192383 0.2856445 -0.09521484 0 -0.09521484 0 -0.04760742 0.2856445 -0.04760742 0.2856445 -0.09521484 0 -0.04760742 0.2856445 -0.04760742 0 -0.04760742 0 -0.03323364 0.2856445 -0.03323364 0.2856445 -0.04760742 0 -0.03323364 0.2856445 -0.03323364 0 -0.03323364 0 0 0.2856445 0 0.2856445 -0.03323364 0 0 0.2856445 -0.09521484 0 -0.09521484 0 -0.04760742 0.2856445 -0.04760742 0.2856445 -0.09521484 0 -0.04760742 0.2856445 -0.04760742 0 -0.04760742 0 -0.03323364 0.2856445 -0.03323364 0.2856445 -0.04760742 0 -0.03323364 0.2856445 -0.03323364 0 -0.03323364 0 0 0.2856445 0 0.2856445 -0.03323364 0 0 0.4646493 -0.8006109 0.3618164 -1.006836 0.4641223 -0.7996111 0.9946289 -1.006836 0.6103516 -1.006836 0.6103516 -0.5666372 0.9946289 -0.503418 0.9946289 -1.006836 0.66199 -0.5710663 0.9946289 -0.503418 0.6430964 -0.503418 0.6419379 -0.3703554 0.9946289 -0.3518067 0.9946289 -0.503418 0.6419379 -0.3703554 0.9946289 0 0.9946289 -0.3518067 0.6431933 -0.04414033 0.9946289 0 0.9946289 -0.3518067 0.6435764 -0.03123199 0.9946289 -0.3518067 0.643067 -0.3518067 0.6435764 -0.03123199 0.9946289 -0.3518067 0.9946289 -0.503418 0.6430459 -0.3650574 0.9946289 -0.503418 0.6424589 -0.503418 0.6430459 -0.3650574 0.9946289 -0.503418 0.9946289 -1.006836 0.6820394 -0.5724965 0.9946289 -1.006836 0.6323242 -1.006836 0.6323242 -0.5720924 0.6323242 -1.006836 0.3840332 -1.006836 0.5985888 -0.5718175 0.3840332 -1.006836 0.3840332 -0.5700693 0.5985888 -0.5718175 0.3840332 -1.006836 0 -1.006836 0.3335016 -0.5696583 0 -1.006836 0 -0.503418 0.3335016 -0.5696583 0.3840332 -1.006836 0.3567675 -0.5698476 0.3840332 -0.5700693 0.6323242 -1.006836 0.5985888 -0.5718175 0.6323242 -0.5720924 0.9946289 -1.006836 0.6423495 -0.572174 0.6820394 -0.5724965 0.6820394 -0.5724965 0.6423495 -0.572174 0.6424366 -0.5174689 0.9946289 -0.503418 0.6820394 -0.5724965 0.6424366 -0.5174689 0.9946289 -1.006836 0.6323242 -0.5720924 0.6423495 -0.572174 0.9946289 -0.503418 0.6424366 -0.5174689 0.6424589 -0.503418 0.9946289 -0.3518067 0.6430459 -0.3650574 0.643067 -0.3518067 0.9946289 0 0.6435764 -0.03123199 0.643626 0 0.3840332 -1.006836 0.3335016 -0.5696583 0.3567675 -0.5698476 0.3567675 -0.5698476 0.3335016 -0.5696583 0.3568126 -0.5391007 0.3335016 -0.5696583 0 -0.503418 0.3568126 -0.5391007 0.3568126 -0.5391007 0 -0.503418 0.3568649 -0.503418 0.3568649 -0.503418 0 -0.503418 0.3569163 -0.3685974 0 -0.503418 0 -0.3518067 0.3569163 -0.3685974 0.3569163 -0.3685974 0 -0.3518067 0.356941 -0.3518067 0.356941 -0.3518067 0 -0.3518067 0.3574 -0.03853821 0 -0.3518067 0 0 0.3574 -0.03853821 0.3574 -0.03853821 0 0 0.3574565 0 1.999023 -2 0 -2 0 -1.282137 0.3569469 -0.513669 0 -1.006836 0.3569499 -0.5101891 0 -1.006836 0 -0.503418 0.3569499 -0.5101891 0.3569499 -0.5101891 0 -0.503418 0.3569557 -0.5034179 0.3569557 -0.5034179 0 -0.503418 0.3571852 -0.3628527 0 -0.503418 0 -0.3518067 0.3571852 -0.3628527 0.3571852 -0.3628527 0 -0.3518067 0.3571946 -0.3518067 0.3571946 -0.3518067 0 -0.3518067 0.3574734 -0.02536869 0.6103516 -1.006836 0.5762018 -0.5725896 0.6103516 -0.5666372 0.6103516 -1.006836 0.5733724 -1.006836 0.5762018 -0.5725896 1.999023 -1.271484 0 -0.8462942 0 -0.7719727 0.3618164 -1.006836 0.3618164 -0.5684846 0.4649976 -0.5691072 0.3618164 -1.006836 0.3565258 -1.006836 0.3612284 -0.5684809 0.3565258 -1.006836 0.3569012 -0.5671347 0.3612284 -0.5684809 0.3565258 -1.006836 0 -1.006836 0.3569012 -0.5671347 0.3618164 -1.006836 0.4649976 -0.5691072 0.4641223 -0.7996111 0.4641223 -0.7996111 0.4649976 -0.5691072 0.5762018 -0.5725896 0.4646493 -0.8006109 0.4641223 -0.7996111 0.5762018 -0.5725896 0.4653455 -1.006836 0.3618164 -1.006836 0.4646493 -0.8006109 0.5733724 -1.006836 0.4646493 -0.8006109 0.5762018 -0.5725896 0.5733724 -1.006836 0.4653455 -1.006836 0.4646493 -0.8006109 1.999023 -1.271484 0 -1.063409 0 -0.8462942 0.3618164 -1.006836 0.3612284 -0.5684809 0.3618164 -0.5684846 0.3569012 -0.5671347 0 -1.006836 0.3569469 -0.513669 0.9946289 -1.006836 0.6436414 -0.5694926 0.66199 -0.5710663 0.66199 -0.5710663 0.6436414 -0.5694926 0.643454 -0.5467835 0.9946289 -0.503418 0.66199 -0.5710663 0.643454 -0.5467835 0.9946289 -1.006836 0.6103516 -0.5666372 0.6436414 -0.5694926 0.9946289 -0.503418 0.643454 -0.5467835 0.6430964 -0.503418 0.6426509 -0.3518067 0.6419379 -0.3703554 0.6417848 -0.3518067 0.9946289 0 0.6431933 -0.04414033 0.6419439 0 1.999023 -2 0 -2 0 -1.291202 0.6419439 0 0.6431933 -0.04414033 0.6420307 -0.04312252 0.6431933 -0.04414033 0.6423841 -0.2189805 0.6420307 -0.04312252 0.9946289 -0.3518067 0.6423841 -0.2189805 0.6431933 -0.04414033 0.9946289 -0.3518067 0.6426509 -0.3518067 0.6423841 -0.2189805 0.9946289 -0.3518067 0.6419379 -0.3703554 0.6426509 -0.3518067</float_array>
          <technique_common>
            <accessor source="#Factory002_WindowsIndustrial-frontDoorOpen_Mat_0-mesh-map-0-array" count="273" stride="2">
              <param name="S" type="float"/>
              <param name="T" type="float"/>
            </accessor>
          </technique_common>
        </source>
        <vertices id="Factory002_WindowsIndustrial-frontDoorOpen_Mat_0-mesh-vertices">
          <input semantic="POSITION" source="#Factory002_WindowsIndustrial-frontDoorOpen_Mat_0-mesh-positions"/>
        </vertices>
        <triangles material="mat_3-material" count="91">
          <input semantic="VERTEX" source="#Factory002_WindowsIndustrial-frontDoorOpen_Mat_0-mesh-vertices" offset="0"/>
          <input semantic="NORMAL" source="#Factory002_WindowsIndustrial-frontDoorOpen_Mat_0-mesh-normals" offset="1"/>
          <input semantic="TEXCOORD" source="#Factory002_WindowsIndustrial-frontDoorOpen_Mat_0-mesh-map-0" offset="2" set="0"/>
          <p>0 0 0 1 0 1 2 0 2 3 1 3 0 1 4 2 1 5 3 1 6 2 1 7 4 1 8 5 1 9 3 1 10 6 1 11 5 1 12 6 1 13 7 1 14 8 1 15 5 1 16 7 1 17 9 2 18 10 2 19 11 2 20 12 3 21 13 3 22 14 3 23 15 3 24 12 3 25 14 3 26 15 3 27 14 3 28 16 3 29 17 3 30 15 3 31 16 3 32 17 3 33 16 3 34 18 3 35 19 3 36 17 3 37 18 3 38 20 4 39 21 4 40 22 4 41 23 4 42 20 4 43 22 4 44 23 4 45 22 4 46 24 4 47 25 4 48 23 4 49 24 4 50 25 4 51 24 4 52 26 4 53 27 4 54 25 4 55 26 4 56 28 5 57 29 5 58 30 5 59 31 6 60 32 6 61 33 6 62 34 7 63 31 7 64 35 7 65 34 8 66 36 8 67 37 8 68 38 9 69 34 9 70 39 9 71 40 10 72 38 10 73 41 10 74 42 11 75 43 11 76 44 11 77 43 12 78 45 12 79 46 12 80 43 13 81 47 13 82 48 13 83 47 14 84 49 14 85 50 14 86 47 15 87 51 15 88 52 15 89 51 16 90 53 16 91 54 16 92 53 17 93 55 17 94 56 17 95 55 18 96 57 18 97 58 18 98 55 19 99 59 19 100 60 19 101 59 20 102 61 20 103 62 20 104 55 21 105 63 21 106 64 21 107 53 22 108 65 22 109 66 22 110 67 23 111 68 23 112 69 23 113 70 24 114 71 24 115 72 24 116 73 25 117 74 25 118 75 25 119 76 26 120 77 26 121 78 26 122 79 27 123 80 27 124 81 27 125 82 28 126 83 28 127 84 28 128 85 29 129 86 29 130 87 29 131 55 30 132 88 30 133 63 30 134 63 24 135 88 24 136 89 24 137 90 31 138 91 31 139 92 31 140 93 32 141 94 32 142 95 32 143 96 33 144 97 33 145 98 33 146 99 34 147 100 34 148 101 34 149 102 35 150 103 35 151 104 35 152 105 36 153 106 36 154 107 36 155 108 37 156 109 37 157 110 37 158 111 38 159 112 38 160 113 38 161 0 1 162 114 1 163 1 1 164 115 39 165 116 39 166 117 39 167 118 40 168 119 40 169 120 40 170 121 41 171 122 41 172 123 41 173 124 42 174 125 42 175 126 42 176 127 43 177 128 43 178 129 43 179 130 44 180 131 44 181 132 44 182 133 45 183 134 45 184 135 45 185 32 46 186 136 46 187 137 46 188 32 47 189 138 47 190 136 47 191 3 48 192 139 48 193 6 48 194 140 49 195 141 49 196 142 49 197 29 47 198 143 47 199 144 47 200 143 50 201 145 50 202 144 50 203 146 51 204 147 51 205 148 51 206 149 52 207 150 52 208 151 52 209 152 53 210 153 53 211 154 53 212 155 54 213 156 54 214 157 54 215 158 55 216 159 55 217 160 55 218 161 56 219 162 56 220 163 56 221 164 57 222 165 57 223 166 57 224 3 58 225 4 58 226 139 58 227 29 59 228 144 59 229 167 59 230 168 60 231 169 60 232 170 60 233 171 61 234 172 61 235 173 61 236 174 62 237 175 62 238 176 62 239 177 63 240 178 63 241 179 63 242 180 64 243 181 64 244 182 64 245 183 65 246 184 65 247 185 65 248 186 47 249 187 47 250 188 47 251 189 66 252 190 66 253 191 66 254 9 2 255 192 2 256 10 2 257 193 67 258 194 67 259 195 67 260 194 47 261 196 47 262 195 47 263 197 68 264 198 68 265 199 68 266 200 69 267 201 69 268 202 69 269 203 70 270 204 70 271 205 70 272</p>
        </triangles>
      </mesh>
    </geometry>
    <geometry id="Factory002_WindowsIndustrial-frontDoorclosed_Mat_0-mesh" name="Factory002_WindowsIndustrial-frontDoorclosed_Mat_0">
      <mesh>
        <source id="Factory002_WindowsIndustrial-frontDoorclosed_Mat_0-mesh-positions">
          <float_array id="Factory002_WindowsIndustrial-frontDoorclosed_Mat_0-mesh-positions-array" count="72">-66.85407 -751.017 -2140.625 -1542.831 -751.017 -2140.625 -1542.831 31.01434 -2140.625 -66.85407 31.01434 -2140.625 -1542.831 -751.017 -2120.625 -66.85407 -751.017 -2120.625 -66.85407 31.01434 -2120.625 -1542.831 31.01434 -2120.625 -66.85407 -751.017 -2120.625 -66.85407 -751.017 -2140.625 -66.85407 31.01434 -2140.625 -66.85407 31.01434 -2120.625 -1542.831 -751.017 -2140.625 -1542.831 -751.017 -2120.625 -1542.831 31.01434 -2120.625 -1542.831 31.01434 -2140.625 -1542.831 -751.017 -2120.625 -1542.831 -751.017 -2140.625 -66.85407 -751.017 -2140.625 -66.85407 -751.017 -2120.625 -66.85407 31.01434 -2120.625 -66.85407 31.01434 -2140.625 -1542.831 31.01434 -2140.625 -1542.831 31.01434 -2120.625</float_array>
          <technique_common>
            <accessor source="#Factory002_WindowsIndustrial-frontDoorclosed_Mat_0-mesh-positions-array" count="24" stride="3">
              <param name="X" type="float"/>
              <param name="Y" type="float"/>
              <param name="Z" type="float"/>
            </accessor>
          </technique_common>
        </source>
        <source id="Factory002_WindowsIndustrial-frontDoorclosed_Mat_0-mesh-normals">
          <float_array id="Factory002_WindowsIndustrial-frontDoorclosed_Mat_0-mesh-normals-array" count="18">0 0 -1 0 0 1 1 0 0 -1 0 0 0 -1 0 0 1 0</float_array>
          <technique_common>
            <accessor source="#Factory002_WindowsIndustrial-frontDoorclosed_Mat_0-mesh-normals-array" count="6" stride="3">
              <param name="X" type="float"/>
              <param name="Y" type="float"/>
              <param name="Z" type="float"/>
            </accessor>
          </technique_common>
        </source>
        <source id="Factory002_WindowsIndustrial-frontDoorclosed_Mat_0-mesh-map-0">
          <float_array id="Factory002_WindowsIndustrial-frontDoorclosed_Mat_0-mesh-map-0-array" count="72">0.9648438 -0.9853516 0 -0.9853516 0 0 0.9648438 0 0.9648438 -0.9853516 0 0 0.9648438 -0.9853516 0 -0.9853516 0 0 0.9648438 0 0.9648438 -0.9853516 0 0 1.999023 -2 0 -2 0 0 1.999023 0 1.999023 -2 0 0 1.999023 -2 0 -2 0 0 1.999023 0 1.999023 -2 0 0 1.999023 -2 0 -2 0 0 1.999023 0 1.999023 -2 0 0 1.999023 -2 0 -2 0 0 1.999023 0 1.999023 -2 0 0</float_array>
          <technique_common>
            <accessor source="#Factory002_WindowsIndustrial-frontDoorclosed_Mat_0-mesh-map-0-array" count="36" stride="2">
              <param name="S" type="float"/>
              <param name="T" type="float"/>
            </accessor>
          </technique_common>
        </source>
        <vertices id="Factory002_WindowsIndustrial-frontDoorclosed_Mat_0-mesh-vertices">
          <input semantic="POSITION" source="#Factory002_WindowsIndustrial-frontDoorclosed_Mat_0-mesh-positions"/>
        </vertices>
        <triangles material="mat_2-material" count="12">
          <input semantic="VERTEX" source="#Factory002_WindowsIndustrial-frontDoorclosed_Mat_0-mesh-vertices" offset="0"/>
          <input semantic="NORMAL" source="#Factory002_WindowsIndustrial-frontDoorclosed_Mat_0-mesh-normals" offset="1"/>
          <input semantic="TEXCOORD" source="#Factory002_WindowsIndustrial-frontDoorclosed_Mat_0-mesh-map-0" offset="2" set="0"/>
          <p>0 0 0 1 0 1 2 0 2 3 0 3 0 0 4 2 0 5 4 1 6 5 1 7 6 1 8 7 1 9 4 1 10 6 1 11 8 2 12 9 2 13 10 2 14 11 2 15 8 2 16 10 2 17 12 3 18 13 3 19 14 3 20 15 3 21 12 3 22 14 3 23 16 4 24 17 4 25 18 4 26 19 4 27 16 4 28 18 4 29 20 5 30 21 5 31 22 5 32 23 5 33 20 5 34 22 5 35</p>
        </triangles>
      </mesh>
    </geometry>
    <geometry id="Factory002_WindowsIndustrial-frontSolid_Mat_0-mesh" name="Factory002_WindowsIndustrial-frontSolid_Mat_0">
      <mesh>
        <source id="Factory002_WindowsIndustrial-frontSolid_Mat_0-mesh-positions">
          <float_array id="Factory002_WindowsIndustrial-frontSolid_Mat_0-mesh-positions-array" count="432">-1544.842 -751.017 755.75 -1544.842 -751.017 2187 -1544.842 31.01434 2187 -1544.842 31.01434 755.75 -1524.842 -751.017 2187 -1524.842 -751.017 755.75 -1524.842 31.01434 755.75 -1524.842 31.01434 2187 -1524.842 -751.017 755.75 -1544.842 -751.017 755.75 -1544.842 31.01434 755.75 -1524.842 31.01434 755.75 -1544.842 -751.017 2187 -1524.842 -751.017 2187 -1524.842 31.01434 2187 -1544.842 31.01434 2187 -1524.842 -751.017 2187 -1544.842 -751.017 2187 -1544.842 -751.017 755.75 -1524.842 -751.017 755.75 -1524.842 31.01434 755.75 -1544.842 31.01434 755.75 -1544.842 31.01434 2187 -1524.842 31.01434 2187 -1544.842 -751.017 -2142.25 -1544.842 -751.017 -711 -1544.842 31.01434 -711 -1544.842 31.01434 -2142.25 -1524.842 -751.017 -711 -1524.842 -751.017 -2142.25 -1524.842 31.01434 -2142.25 -1524.842 31.01434 -711 -1524.842 -751.017 -2142.25 -1544.842 -751.017 -2142.25 -1544.842 31.01434 -2142.25 -1524.842 31.01434 -2142.25 -1544.842 -751.017 -711 -1524.842 -751.017 -711 -1524.842 31.01434 -711 -1544.842 31.01434 -711 -1524.842 -751.017 -711 -1544.842 -751.017 -711 -1544.842 -751.017 -2142.25 -1524.842 -751.017 -2142.25 -1524.842 31.01434 -2142.25 -1544.842 31.01434 -2142.25 -1544.842 31.01434 -711 -1524.842 31.01434 -711 1602.158 -751.017 754.75 1602.158 -751.017 2186 1602.158 31.01434 2186 1602.158 31.01434 754.75 1622.158 -751.017 2186 1622.158 -751.017 754.75 1622.158 31.01434 754.75 1622.158 31.01434 2186 1622.158 -751.017 754.75 1602.158 -751.017 754.75 1602.158 31.01434 754.75 1622.158 31.01434 754.75 1602.158 -751.017 2186 1622.158 -751.017 2186 1622.158 31.01434 2186 1602.158 31.01434 2186 1622.158 -751.017 2186 1602.158 -751.017 2186 1602.158 -751.017 754.75 1622.158 -751.017 754.75 1622.158 31.01434 754.75 1602.158 31.01434 754.75 1602.158 31.01434 2186 1622.158 31.01434 2186 1602.158 -751.017 -2143.25 1602.158 -751.017 -712 1602.158 31.01434 -712 1602.158 31.01434 -2143.25 1622.158 -751.017 -712 1622.158 -751.017 -2143.25 1622.158 31.01434 -2143.25 1622.158 31.01434 -712 1622.158 -751.017 -2143.25 1602.158 -751.017 -2143.25 1602.158 31.01434 -2143.25 1622.158 31.01434 -2143.25 1602.158 -751.017 -712 1622.158 -751.017 -712 1622.158 31.01434 -712 1602.158 31.01434 -712 1622.158 -751.017 -712 1602.158 -751.017 -712 1602.158 -751.017 -2143.25 1622.158 -751.017 -2143.25 1622.158 31.01434 -2143.25 1602.158 31.01434 -2143.25 1602.158 31.01434 -712 1622.158 31.01434 -712 1603.158 -751.017 -715.6132 1603.158 -751.017 760.3632 1603.158 31.01434 760.3632 1603.158 31.01434 -715.6132 1623.158 -751.017 760.3632 1623.158 -751.017 -715.6132 1623.158 31.01434 -715.6132 1623.158 31.01434 760.3632 1623.158 -751.017 -715.6132 1603.158 -751.017 -715.6132 1603.158 31.01434 -715.6132 1623.158 31.01434 -715.6132 1603.158 -751.017 760.3632 1623.158 -751.017 760.3632 1623.158 31.01434 760.3632 1603.158 31.01434 760.3632 1623.158 -751.017 760.3632 1603.158 -751.017 760.3632 1603.158 -751.017 -715.6132 1623.158 -751.017 -715.6132 1623.158 31.01434 -715.6132 1603.158 31.01434 -715.6132 1603.158 31.01434 760.3632 1623.158 31.01434 760.3632 1597.962 -751.017 -2141.625 -101.6469 -751.017 -2141.625 -101.6469 31.01434 -2141.625 1597.962 31.01434 -2141.625 -101.6469 -751.017 -2121.625 1597.962 -751.017 -2121.625 1597.962 31.01434 -2121.625 -101.6469 31.01434 -2121.625 1597.962 -751.017 -2121.625 1597.962 -751.017 -2141.625 1597.962 31.01434 -2141.625 1597.962 31.01434 -2121.625 -101.6469 -751.017 -2141.625 -101.6469 -751.017 -2121.625 -101.6469 31.01434 -2121.625 -101.6469 31.01434 -2141.625 -101.6469 -751.017 -2121.625 -101.6469 -751.017 -2141.625 1597.962 -751.017 -2141.625 1597.962 -751.017 -2121.625 1597.962 31.01434 -2121.625 1597.962 31.01434 -2141.625 -101.6469 31.01434 -2141.625 -101.6469 31.01434 -2121.625</float_array>
          <technique_common>
            <accessor source="#Factory002_WindowsIndustrial-frontSolid_Mat_0-mesh-positions-array" count="144" stride="3">
              <param name="X" type="float"/>
              <param name="Y" type="float"/>
              <param name="Z" type="float"/>
            </accessor>
          </technique_common>
        </source>
        <source id="Factory002_WindowsIndustrial-frontSolid_Mat_0-mesh-normals">
          <float_array id="Factory002_WindowsIndustrial-frontSolid_Mat_0-mesh-normals-array" count="18">-1 0 0 1 0 0 0 0 -1 0 0 1 0 -1 0 0 1 0</float_array>
          <technique_common>
            <accessor source="#Factory002_WindowsIndustrial-frontSolid_Mat_0-mesh-normals-array" count="6" stride="3">
              <param name="X" type="float"/>
              <param name="Y" type="float"/>
              <param name="Z" type="float"/>
            </accessor>
          </technique_common>
        </source>
        <source id="Factory002_WindowsIndustrial-frontSolid_Mat_0-mesh-map-0">
          <float_array id="Factory002_WindowsIndustrial-frontSolid_Mat_0-mesh-map-0-array" count="432">0.9648438 -0.9853516 0 -0.9853516 0 0 0.9648438 0 0.9648438 -0.9853516 0 0 0.9648438 -0.9853516 0 -0.9853516 0 0 0.9648438 0 0.9648438 -0.9853516 0 0 1.999023 -2 0 -2 0 0 1.999023 0 1.999023 -2 0 0 1.999023 -2 0 -2 0 0 1.999023 0 1.999023 -2 0 0 1.999023 -2 0 -2 0 0 1.999023 0 1.999023 -2 0 0 1.999023 -2 0 -2 0 0 1.999023 0 1.999023 -2 0 0 0.9648438 -0.9853516 0 -0.9853516 0 0 0.9648438 0 0.9648438 -0.9853516 0 0 0.9648438 -0.9853516 0 -0.9853516 0 0 0.9648438 0 0.9648438 -0.9853516 0 0 1.999023 -2 0 -2 0 0 1.999023 0 1.999023 -2 0 0 1.999023 -2 0 -2 0 0 1.999023 0 1.999023 -2 0 0 1.999023 -2 0 -2 0 0 1.999023 0 1.999023 -2 0 0 1.999023 -2 0 -2 0 0 1.999023 0 1.999023 -2 0 0 0.9648438 -0.9853516 0 -0.9853516 0 0 0.9648438 0 0.9648438 -0.9853516 0 0 0.9648438 -0.9853516 0 -0.9853516 0 0 0.9648438 0 0.9648438 -0.9853516 0 0 1.999023 -2 0 -2 0 0 1.999023 0 1.999023 -2 0 0 1.999023 -2 0 -2 0 0 1.999023 0 1.999023 -2 0 0 1.999023 -2 0 -2 0 0 1.999023 0 1.999023 -2 0 0 1.999023 -2 0 -2 0 0 1.999023 0 1.999023 -2 0 0 0.9648438 -0.9853516 0 -0.9853516 0 0 0.9648438 0 0.9648438 -0.9853516 0 0 0.9648438 -0.9853516 0 -0.9853516 0 0 0.9648438 0 0.9648438 -0.9853516 0 0 1.999023 -2 0 -2 0 0 1.999023 0 1.999023 -2 0 0 1.999023 -2 0 -2 0 0 1.999023 0 1.999023 -2 0 0 1.999023 -2 0 -2 0 0 1.999023 0 1.999023 -2 0 0 1.999023 -2 0 -2 0 0 1.999023 0 1.999023 -2 0 0 0.9648438 -0.9853516 0 -0.9853516 0 0 0.9648438 0 0.9648438 -0.9853516 0 0 0.9648438 -0.9853516 0 -0.9853516 0 0 0.9648438 0 0.9648438 -0.9853516 0 0 1.999023 -2 0 -2 0 0 1.999023 0 1.999023 -2 0 0 1.999023 -2 0 -2 0 0 1.999023 0 1.999023 -2 0 0 1.999023 -2 0 -2 0 0 1.999023 0 1.999023 -2 0 0 1.999023 -2 0 -2 0 0 1.999023 0 1.999023 -2 0 0 0.9648438 -0.9853516 0 -0.9853516 0 0 0.9648438 0 0.9648438 -0.9853516 0 0 0.9648438 -0.9853516 0 -0.9853516 0 0 0.9648438 0 0.9648438 -0.9853516 0 0 1.999023 -2 0 -2 0 0 1.999023 0 1.999023 -2 0 0 1.999023 -2 0 -2 0 0 1.999023 0 1.999023 -2 0 0 1.999023 -2 0 -2 0 0 1.999023 0 1.999023 -2 0 0 1.999023 -2 0 -2 0 0 1.999023 0 1.999023 -2 0 0</float_array>
          <technique_common>
            <accessor source="#Factory002_WindowsIndustrial-frontSolid_Mat_0-mesh-map-0-array" count="216" stride="2">
              <param name="S" type="float"/>
              <param name="T" type="float"/>
            </accessor>
          </technique_common>
        </source>
        <vertices id="Factory002_WindowsIndustrial-frontSolid_Mat_0-mesh-vertices">
          <input semantic="POSITION" source="#Factory002_WindowsIndustrial-frontSolid_Mat_0-mesh-positions"/>
        </vertices>
        <triangles material="mat_1-material" count="72">
          <input semantic="VERTEX" source="#Factory002_WindowsIndustrial-frontSolid_Mat_0-mesh-vertices" offset="0"/>
          <input semantic="NORMAL" source="#Factory002_WindowsIndustrial-frontSolid_Mat_0-mesh-normals" offset="1"/>
          <input semantic="TEXCOORD" source="#Factory002_WindowsIndustrial-frontSolid_Mat_0-mesh-map-0" offset="2" set="0"/>
          <p>0 0 0 1 0 1 2 0 2 3 0 3 0 0 4 2 0 5 4 1 6 5 1 7 6 1 8 7 1 9 4 1 10 6 1 11 8 2 12 9 2 13 10 2 14 11 2 15 8 2 16 10 2 17 12 3 18 13 3 19 14 3 20 15 3 21 12 3 22 14 3 23 16 4 24 17 4 25 18 4 26 19 4 27 16 4 28 18 4 29 20 5 30 21 5 31 22 5 32 23 5 33 20 5 34 22 5 35 24 0 36 25 0 37 26 0 38 27 0 39 24 0 40 26 0 41 28 1 42 29 1 43 30 1 44 31 1 45 28 1 46 30 1 47 32 2 48 33 2 49 34 2 50 35 2 51 32 2 52 34 2 53 36 3 54 37 3 55 38 3 56 39 3 57 36 3 58 38 3 59 40 4 60 41 4 61 42 4 62 43 4 63 40 4 64 42 4 65 44 5 66 45 5 67 46 5 68 47 5 69 44 5 70 46 5 71 48 0 72 49 0 73 50 0 74 51 0 75 48 0 76 50 0 77 52 1 78 53 1 79 54 1 80 55 1 81 52 1 82 54 1 83 56 2 84 57 2 85 58 2 86 59 2 87 56 2 88 58 2 89 60 3 90 61 3 91 62 3 92 63 3 93 60 3 94 62 3 95 64 4 96 65 4 97 66 4 98 67 4 99 64 4 100 66 4 101 68 5 102 69 5 103 70 5 104 71 5 105 68 5 106 70 5 107 72 0 108 73 0 109 74 0 110 75 0 111 72 0 112 74 0 113 76 1 114 77 1 115 78 1 116 79 1 117 76 1 118 78 1 119 80 2 120 81 2 121 82 2 122 83 2 123 80 2 124 82 2 125 84 3 126 85 3 127 86 3 128 87 3 129 84 3 130 86 3 131 88 4 132 89 4 133 90 4 134 91 4 135 88 4 136 90 4 137 92 5 138 93 5 139 94 5 140 95 5 141 92 5 142 94 5 143 96 0 144 97 0 145 98 0 146 99 0 147 96 0 148 98 0 149 100 1 150 101 1 151 102 1 152 103 1 153 100 1 154 102 1 155 104 2 156 105 2 157 106 2 158 107 2 159 104 2 160 106 2 161 108 3 162 109 3 163 110 3 164 111 3 165 108 3 166 110 3 167 112 4 168 113 4 169 114 4 170 115 4 171 112 4 172 114 4 173 116 5 174 117 5 175 118 5 176 119 5 177 116 5 178 118 5 179 120 2 180 121 2 181 122 2 182 123 2 183 120 2 184 122 2 185 124 3 186 125 3 187 126 3 188 127 3 189 124 3 190 126 3 191 128 1 192 129 1 193 130 1 194 131 1 195 128 1 196 130 1 197 132 0 198 133 0 199 134 0 200 135 0 201 132 0 202 134 0 203 136 4 204 137 4 205 138 4 206 139 4 207 136 4 208 138 4 209 140 5 210 141 5 211 142 5 212 143 5 213 140 5 214 142 5 215</p>
        </triangles>
      </mesh>
    </geometry>
  </library_geometries>
  <library_visual_scenes>
    <visual_scene id="Scene" name="Scene">
      <node id="Sketchfab_model_004" name="Sketchfab_model.004" type="NODE">
        <matrix sid="transform">0.01902741 0 0 -7 0 -2.5565e-9 0.01874472 5.587993 0 -0.01902741 -2.51852e-9 0.065 0 0 0 1</matrix>
        <node id="Material2_009" name="Material2.009" type="NODE">
          <matrix sid="transform">0.9999999 0 0 0 0 1 0 -3.58021e-7 0 0 0.9999999 0 0 0 0 1</matrix>
          <instance_geometry url="#Material2_009-mesh" name="Material2.009">
            <bind_material>
              <technique_common>
                <instance_material symbol="mat_0_001-material" target="#mat_0_001-material">
                  <bind_vertex_input semantic="UVMap" input_semantic="TEXCOORD" input_set="0"/>
                </instance_material>
              </technique_common>
            </bind_material>
          </instance_geometry>
        </node>
        <node id="Material2_010" name="Material2.010" type="NODE">
          <matrix sid="transform">0.9999999 0 0 0 0 1 0 -3.58021e-7 0 0 0.9999999 0 0 0 0 1</matrix>
          <instance_geometry url="#Material2_010-mesh" name="Material2.010">
            <bind_material>
              <technique_common>
                <instance_material symbol="mat_1_001-material" target="#mat_1_001-material">
                  <bind_vertex_input semantic="UVMap" input_semantic="TEXCOORD" input_set="0"/>
                </instance_material>
              </technique_common>
            </bind_material>
          </instance_geometry>
        </node>
        <node id="Material2_011" name="Material2.011" type="NODE">
          <matrix sid="transform">0.9999999 0 0 0 0 1 0 -3.58021e-7 0 0 0.9999999 0 0 0 0 1</matrix>
          <instance_geometry url="#Material2_011-mesh" name="Material2.011">
            <bind_material>
              <technique_common>
                <instance_material symbol="mat_2_001-material" target="#mat_2_001-material">
                  <bind_vertex_input semantic="UVMap" input_semantic="TEXCOORD" input_set="0"/>
                </instance_material>
              </technique_common>
            </bind_material>
          </instance_geometry>
        </node>
      </node>
      <node id="Sketchfab_model_003" name="Sketchfab_model.003" type="NODE">
        <matrix sid="transform">0.01902741 0 0 -6 0 -2.5565e-9 0.01874472 9.52152 0 -0.01902741 -2.51852e-9 0.09436311 0 0 0 1</matrix>
        <node id="Material2_006" name="Material2.006" type="NODE">
          <matrix sid="transform">0.9999999 0 0 0 0 1 0 -5.60249e-10 0 0 0.9999999 0 0 0 0 1</matrix>
          <instance_geometry url="#Material2_006-mesh" name="Material2.006">
            <bind_material>
              <technique_common>
                <instance_material symbol="mat_0_001-material" target="#mat_0_001-material">
                  <bind_vertex_input semantic="UVMap" input_semantic="TEXCOORD" input_set="0"/>
                </instance_material>
              </technique_common>
            </bind_material>
          </instance_geometry>
        </node>
        <node id="Material2_007" name="Material2.007" type="NODE">
          <matrix sid="transform">0.9999999 0 0 0 0 1 0 -5.60249e-10 0 0 0.9999999 0 0 0 0 1</matrix>
          <instance_geometry url="#Material2_007-mesh" name="Material2.007">
            <bind_material>
              <technique_common>
                <instance_material symbol="mat_1_001-material" target="#mat_1_001-material">
                  <bind_vertex_input semantic="UVMap" input_semantic="TEXCOORD" input_set="0"/>
                </instance_material>
              </technique_common>
            </bind_material>
          </instance_geometry>
        </node>
        <node id="Material2_008" name="Material2.008" type="NODE">
          <matrix sid="transform">0.9999999 0 0 0 0 1 0 -5.60249e-10 0 0 0.9999999 0 0 0 0 1</matrix>
          <instance_geometry url="#Material2_008-mesh" name="Material2.008">
            <bind_material>
              <technique_common>
                <instance_material symbol="mat_2_001-material" target="#mat_2_001-material">
                  <bind_vertex_input semantic="UVMap" input_semantic="TEXCOORD" input_set="0"/>
                </instance_material>
              </technique_common>
            </bind_material>
          </instance_geometry>
        </node>
      </node>
      <node id="Sketchfab_model_002" name="Sketchfab_model.002" type="NODE">
        <matrix sid="transform">0.01902741 0 0 -7 0 -2.5565e-9 0.01874472 7.44591 0 -0.01902741 -2.51852e-9 0.065 0 0 0 1</matrix>
        <node id="Material2_003" name="Material2.003" type="NODE">
          <matrix sid="transform">0.9999999 0 0 0 0 1 0 -6.02788e-7 0 0 0.9999999 0 0 0 0 1</matrix>
          <instance_geometry url="#Material2_003-mesh" name="Material2.003">
            <bind_material>
              <technique_common>
                <instance_material symbol="mat_0_001-material" target="#mat_0_001-material">
                  <bind_vertex_input semantic="UVMap" input_semantic="TEXCOORD" input_set="0"/>
                </instance_material>
              </technique_common>
            </bind_material>
          </instance_geometry>
        </node>
        <node id="Material2_004" name="Material2.004" type="NODE">
          <matrix sid="transform">0.9999999 0 0 0 0 1 0 -6.02788e-7 0 0 0.9999999 0 0 0 0 1</matrix>
          <instance_geometry url="#Material2_004-mesh" name="Material2.004">
            <bind_material>
              <technique_common>
                <instance_material symbol="mat_1_001-material" target="#mat_1_001-material">
                  <bind_vertex_input semantic="UVMap" input_semantic="TEXCOORD" input_set="0"/>
                </instance_material>
              </technique_common>
            </bind_material>
          </instance_geometry>
        </node>
        <node id="Material2_005" name="Material2.005" type="NODE">
          <matrix sid="transform">0.9999999 0 0 0 0 1 0 -6.02788e-7 0 0 0.9999999 0 0 0 0 1</matrix>
          <instance_geometry url="#Material2_005-mesh" name="Material2.005">
            <bind_material>
              <technique_common>
                <instance_material symbol="mat_2_001-material" target="#mat_2_001-material">
                  <bind_vertex_input semantic="UVMap" input_semantic="TEXCOORD" input_set="0"/>
                </instance_material>
              </technique_common>
            </bind_material>
          </instance_geometry>
        </node>
      </node>
      <node id="Sketchfab_model_001" name="Sketchfab_model.001" type="NODE">
        <matrix sid="transform">0.01902741 0 0 -7 0 -2.5565e-9 0.01874472 9.52152 0 -0.01902741 -2.51852e-9 0.065 0 0 0 1</matrix>
        <node id="Material2" name="Material2" type="NODE">
          <matrix sid="transform">0.9999999 0 0 0 0 1 0 -4.77397e-7 0 0 0.9999999 0 0 0 0 1</matrix>
          <instance_geometry url="#Material2-mesh" name="Material2">
            <bind_material>
              <technique_common>
                <instance_material symbol="mat_0_001-material" target="#mat_0_001-material">
                  <bind_vertex_input semantic="UVMap" input_semantic="TEXCOORD" input_set="0"/>
                </instance_material>
              </technique_common>
            </bind_material>
          </instance_geometry>
        </node>
        <node id="Material2_001" name="Material2.001" type="NODE">
          <matrix sid="transform">0.9999999 0 0 0 0 1 0 -4.77397e-7 0 0 0.9999999 0 0 0 0 1</matrix>
          <instance_geometry url="#Material2_001-mesh" name="Material2.001">
            <bind_material>
              <technique_common>
                <instance_material symbol="mat_1_001-material" target="#mat_1_001-material">
                  <bind_vertex_input semantic="UVMap" input_semantic="TEXCOORD" input_set="0"/>
                </instance_material>
              </technique_common>
            </bind_material>
          </instance_geometry>
        </node>
        <node id="Material2_002" name="Material2.002" type="NODE">
          <matrix sid="transform">0.9999999 0 0 0 0 1 0 -4.77397e-7 0 0 0.9999999 0 0 0 0 1</matrix>
          <instance_geometry url="#Material2_002-mesh" name="Material2.002">
            <bind_material>
              <technique_common>
                <instance_material symbol="mat_2_001-material" target="#mat_2_001-material">
                  <bind_vertex_input semantic="UVMap" input_semantic="TEXCOORD" input_set="0"/>
                </instance_material>
              </technique_common>
            </bind_material>
          </instance_geometry>
        </node>
      </node>
      <node id="Sketchfab_model" name="Sketchfab_model" type="NODE">
        <matrix sid="transform">0.005137218 0 0 0 0 0.005137218 0 0 0 0 0.005137218 0 0 0 0 1</matrix>
        <node id="Factory002" name="Factory002" type="NODE">
          <matrix sid="transform">1.000001 0 0 0 0 -1.34359e-7 1.000001 0 0 -1.000001 -1.34359e-7 0 0 0 0 1</matrix>
          <node id="Factory002_WindowsIndustrial-frontSolid_Mat_0" name="Factory002_WindowsIndustrial-frontSolid_Mat_0" type="NODE">
            <matrix sid="transform">1 0 0 0 0 1 1.42109e-14 0 0 -1.42109e-14 1 0 0 0 0 1</matrix>
            <instance_geometry url="#Factory002_WindowsIndustrial-frontSolid_Mat_0-mesh" name="Factory002_WindowsIndustrial-frontSolid_Mat_0">
              <bind_material>
                <technique_common>
                  <instance_material symbol="mat_1-material" target="#mat_1-material">
                    <bind_vertex_input semantic="UVMap" input_semantic="TEXCOORD" input_set="0"/>
                  </instance_material>
                </technique_common>
              </bind_material>
            </instance_geometry>
          </node>
          <node id="Factory002_WindowsIndustrial-frontDoorclosed_Mat_0" name="Factory002_WindowsIndustrial-frontDoorclosed_Mat_0" type="NODE">
            <matrix sid="transform">1 0 0 0 0 1 1.42109e-14 0 0 -1.42109e-14 1 0 0 0 0 1</matrix>
            <instance_geometry url="#Factory002_WindowsIndustrial-frontDoorclosed_Mat_0-mesh" name="Factory002_WindowsIndustrial-frontDoorclosed_Mat_0">
              <bind_material>
                <technique_common>
                  <instance_material symbol="mat_2-material" target="#mat_2-material">
                    <bind_vertex_input semantic="UVMap" input_semantic="TEXCOORD" input_set="0"/>
                  </instance_material>
                </technique_common>
              </bind_material>
            </instance_geometry>
          </node>
          <node id="Factory002_WindowsIndustrial-frontDoorOpen_Mat_0" name="Factory002_WindowsIndustrial-frontDoorOpen_Mat_0" type="NODE">
            <matrix sid="transform">1 0 0 0 0 1 1.42109e-14 0 0 -1.42109e-14 1 0 0 0 0 1</matrix>
            <instance_geometry url="#Factory002_WindowsIndustrial-frontDoorOpen_Mat_0-mesh" name="Factory002_WindowsIndustrial-frontDoorOpen_Mat_0">
              <bind_material>
                <technique_common>
                  <instance_material symbol="mat_3-material" target="#mat_3-material">
                    <bind_vertex_input semantic="UVMap" input_semantic="TEXCOORD" input_set="0"/>
                  </instance_material>
                </technique_common>
              </bind_material>
            </instance_geometry>
          </node>
          <node id="Factory002_WindowsIndustrial-front_Mat_0" name="Factory002_WindowsIndustrial-front_Mat_0" type="NODE">
            <matrix sid="transform">1 0 0 0 0 1 1.42109e-14 0 0 -1.42109e-14 1 0 0 0 0 1</matrix>
            <instance_geometry url="#Factory002_WindowsIndustrial-front_Mat_0-mesh" name="Factory002_WindowsIndustrial-front_Mat_0">
              <bind_material>
                <technique_common>
                  <instance_material symbol="mat_4-material" target="#mat_4-material">
                    <bind_vertex_input semantic="UVMap" input_semantic="TEXCOORD" input_set="0"/>
                  </instance_material>
                </technique_common>
              </bind_material>
            </instance_geometry>
          </node>
        </node>
        <node id="Object001" name="Object001" type="NODE">
          <matrix sid="transform">1.000001 0 0 -26.63854 0 -1.34359e-7 1.000001 0.3460017 0 -1.000001 -1.34359e-7 4.279261 0 0 0 1</matrix>
          <instance_geometry url="#Object001_20_-_Default_0-mesh" name="Object001">
            <bind_material>
              <technique_common>
                <instance_material symbol="mat_6-material" target="#mat_6-material">
                  <bind_vertex_input semantic="UVMap" input_semantic="TEXCOORD" input_set="0"/>
                </instance_material>
              </technique_common>
            </bind_material>
          </instance_geometry>
        </node>
      </node>
      <node id="Camera" name="Camera" type="NODE">
        <matrix sid="transform">1.049934 -0.3693871 0.9690118 1.103042 1.113849 0.3481908 -0.9134077 -6.88724 0 1.020783 0.6622174 3.741849 0 0 0 1</matrix>
        <instance_camera url="#Camera-camera"/>
      </node>
      <node id="Light" name="Light" type="NODE">
        <matrix sid="transform">-0.2908646 -0.7711008 0.5663932 4.076245 0.9551712 -0.1998834 0.2183912 1.005454 -0.05518906 0.6045247 0.7946723 5.903862 0 0 0 1</matrix>
        <instance_light url="#Light-light"/>
      </node>
    </visual_scene>
  </library_visual_scenes>
  <scene>
    <instance_visual_scene url="#Scene"/>
  </scene>
</COLLADA>